# This file uses centimeters as units for non-parametric coordinates.

mtllib Van_geo.mtl
g default
v 56.381126 28.634241 -88.425201
v 58.431866 1.555715 -97.223511
v 56.381126 3.530397 -96.581902
v 58.431866 5.599871 -105.160652
v 56.381126 7.279634 -103.940201
v 58.431866 11.898797 -111.459564
v 56.381126 13.119216 -109.779778
v 58.431866 19.835896 -115.503723
v 56.381126 20.477509 -113.529015
v 58.431866 28.634241 -116.897217
v 56.381126 28.634241 -114.820938
v 58.431866 37.432602 -115.503723
v 56.381126 36.790985 -113.529015
v 58.431866 45.369701 -111.459564
v 56.381126 44.149265 -109.779778
v 58.431866 51.668621 -105.160645
v 56.381126 49.988857 -103.940193
v 58.431866 55.712776 -97.223511
v 56.381126 53.738083 -96.581902
v 58.431866 57.106277 -88.425201
v 56.381126 55.029991 -88.425201
v 58.431866 55.712776 -79.626823
v 56.381126 53.738083 -80.268433
v 58.431866 51.668617 -71.689758
v 56.381126 49.988853 -72.910164
v 58.431866 45.369701 -65.390808
v 56.381126 44.149265 -67.070572
v 58.431866 37.432598 -61.346657
v 56.381126 36.790985 -63.321358
v 58.431866 28.634241 -59.953148
v 56.381126 28.634241 -62.029465
v 58.431866 19.835899 -61.346657
v 56.381126 20.477512 -63.321358
v 58.431866 11.898803 -65.390808
v 56.381126 13.119226 -67.070572
v 58.431866 5.599885 -71.689758
v 56.381126 7.279650 -72.910164
v 58.431866 1.555733 -79.626823
v 56.381126 3.530415 -80.268433
v 58.431866 0.162212 -88.425201
v 56.381126 2.238516 -88.425201
v 74.839821 1.555715 -97.223511
v 76.890564 3.530397 -96.581902
v 74.839821 5.599871 -105.160652
v 76.890564 7.279634 -103.940201
v 74.839821 11.898797 -111.459564
v 76.890564 13.119216 -109.779778
v 74.839821 19.835896 -115.503723
v 76.890564 20.477509 -113.529015
v 74.839821 28.634241 -116.897217
v 76.890564 28.634241 -114.820938
v 74.839821 37.432602 -115.503723
v 76.890564 36.790985 -113.529015
v 74.839821 45.369701 -111.459564
v 76.890564 44.149265 -109.779778
v 74.839821 51.668621 -105.160645
v 76.890564 49.988857 -103.940193
v 74.839821 55.712776 -97.223511
v 76.890564 53.738083 -96.581902
v 74.839821 57.106277 -88.425201
v 76.890564 55.029991 -88.425201
v 74.839821 55.712776 -79.626823
v 76.890564 53.738083 -80.268433
v 74.839821 51.668617 -71.689758
v 76.890564 49.988853 -72.910164
v 74.839821 45.369701 -65.390808
v 76.890564 44.149265 -67.070572
v 74.839821 37.432598 -61.346657
v 76.890564 36.790985 -63.321358
v 74.839821 28.634241 -59.953148
v 76.890564 28.634241 -62.029465
v 74.839821 19.835899 -61.346657
v 76.890564 20.477512 -63.321358
v 74.839821 11.898803 -65.390808
v 76.890564 13.119226 -67.070572
v 74.839821 5.599885 -71.689758
v 76.890564 7.279650 -72.910164
v 74.839821 1.555733 -79.626823
v 76.890564 3.530415 -80.268433
v 74.839821 0.162212 -88.425201
v 76.890564 2.238516 -88.425201
v 76.890564 13.832447 -99.179306
v 76.890564 11.233694 -94.078957
v 76.890564 17.880110 -103.226974
v 76.890564 22.980471 -105.825729
v 76.890564 28.634241 -106.721222
v 76.890564 34.288021 -105.825722
v 76.890564 39.388374 -103.226974
v 76.890564 43.436039 -99.179306
v 76.890564 46.034790 -94.078949
v 76.890564 46.930271 -88.425201
v 76.890564 46.034786 -82.771400
v 76.890564 43.436039 -77.671043
v 76.890564 39.388378 -73.623383
v 76.890564 34.288033 -71.024635
v 76.890564 28.634241 -70.129166
v 76.890564 22.980463 -71.024635
v 76.890564 17.880121 -73.623383
v 76.890564 13.832463 -77.671043
v 76.890564 11.233708 -82.771400
v 76.890564 10.338234 -88.425209
v 80.890564 15.962111 -97.632019
v 80.890564 13.737264 -93.265503
v 80.890587 28.634239 -88.425194
v 80.890564 19.427401 -101.097305
v 80.890564 23.793930 -103.322159
v 80.890564 28.634239 -104.088814
v 80.890564 33.474564 -103.322151
v 80.890564 37.841084 -101.097305
v 80.890564 41.306374 -97.632019
v 80.890564 43.531227 -93.265488
v 80.890564 44.297863 -88.425201
v 80.890564 43.531219 -83.584862
v 80.890564 41.306374 -79.218330
v 80.890564 37.841087 -75.753052
v 80.890564 33.474579 -73.528214
v 80.890564 28.634241 -72.761581
v 80.890564 23.793919 -73.528214
v 80.890564 19.427410 -75.753052
v 80.890564 15.962128 -79.218330
v 80.890564 13.737278 -83.584862
v 80.890564 12.970643 -88.425209
vt 0.147024 0.942607
vt 0.142979 0.939233
vt 0.150566 0.926444
vt 0.155456 0.928404
vt 0.134615 0.953510
vt 0.131811 0.949050
vt 0.153831 0.911937
vt 0.159086 0.912290
vt 0.152452 0.897131
vt 0.157559 0.895843
vt 0.146566 0.883476
vt 0.151025 0.880673
vt 0.136748 0.872309
vt 0.140122 0.868264
vt 0.123959 0.864721
vt 0.125919 0.859832
vt 0.109452 0.861457
vt 0.109805 0.856202
vt 0.094646 0.862836
vt 0.093358 0.857728
vt 0.080991 0.868722
vt 0.078188 0.864263
vt 0.069824 0.878540
vt 0.065779 0.875165
vt 0.062236 0.891328
vt 0.057347 0.889369
vt 0.058972 0.905836
vt 0.053717 0.905483
vt 0.060351 0.920641
vt 0.055243 0.921930
vt 0.066237 0.934296
vt 0.061778 0.937100
vt 0.076055 0.945464
vt 0.072681 0.949509
vt 0.088844 0.953051
vt 0.086884 0.957941
vt 0.103351 0.956315
vt 0.102998 0.961571
vt 0.118156 0.954937
vt 0.119445 0.960044
vt 0.601165 0.865435
vt 0.599567 0.870038
vt 0.585281 0.867540
vt 0.585379 0.862668
vt 0.615325 0.872945
vt 0.612382 0.876829
vt 0.626470 0.884463
vt 0.622471 0.887248
vt 0.633510 0.898862
vt 0.628846 0.900274
vt 0.635757 0.914731
vt 0.630885 0.914633
vt 0.632989 0.930518
vt 0.628386 0.928919
vt 0.625479 0.944676
vt 0.621595 0.941734
vt 0.613961 0.955822
vt 0.611177 0.951823
vt 0.599563 0.962862
vt 0.598151 0.958198
vt 0.583694 0.965108
vt 0.583792 0.960236
vt 0.567908 0.962341
vt 0.569506 0.957738
vt 0.553749 0.954831
vt 0.556692 0.950947
vt 0.542604 0.943313
vt 0.546603 0.940529
vt 0.535563 0.928915
vt 0.540227 0.927503
vt 0.533317 0.913046
vt 0.538189 0.913144
vt 0.536084 0.897260
vt 0.540687 0.898858
vt 0.543594 0.883101
vt 0.547478 0.886043
vt 0.555111 0.871956
vt 0.557896 0.875954
vt 0.569509 0.864915
vt 0.570922 0.869579
vt 0.609446 0.839841
vt 0.631109 0.851163
vt 0.648213 0.868625
vt 0.659084 0.890518
vt 0.662657 0.914698
vt 0.658583 0.938799
vt 0.647261 0.960462
vt 0.629799 0.977565
vt 0.607907 0.988435
vt 0.583727 0.992008
vt 0.559626 0.987935
vt 0.537964 0.976613
vt 0.520861 0.959152
vt 0.509990 0.937260
vt 0.506417 0.913080
vt 0.510490 0.888979
vt 0.521811 0.867317
vt 0.539272 0.850213
vt 0.561165 0.839342
vt 0.585345 0.835768
vt 0.106401 0.908886
vt 0.592804 0.889953
vt 0.599796 0.893679
vt 0.584537 0.913888
vt 0.605294 0.899384
vt 0.608761 0.906508
vt 0.609855 0.914355
vt 0.608472 0.922156
vt 0.604746 0.929148
vt 0.599041 0.934646
vt 0.591917 0.938112
vt 0.584070 0.939207
vt 0.576269 0.937824
vt 0.569277 0.934097
vt 0.563779 0.928393
vt 0.560313 0.921269
vt 0.559218 0.913422
vt 0.560601 0.905621
vt 0.564328 0.898629
vt 0.570032 0.893131
vt 0.577156 0.889665
vt 0.585003 0.888569
vt 0.604361 0.887493
vt 0.595235 0.882659
vt 0.611548 0.894911
vt 0.616090 0.904187
vt 0.617543 0.914412
vt 0.615766 0.924586
vt 0.610931 0.933713
vt 0.603513 0.940899
vt 0.594238 0.945441
vt 0.584013 0.946895
vt 0.573839 0.945117
vt 0.564712 0.940283
vt 0.557526 0.932865
vt 0.552984 0.923590
vt 0.551530 0.913364
vt 0.553308 0.903190
vt 0.558142 0.894064
vt 0.565560 0.886877
vt 0.574835 0.882335
vt 0.585061 0.880882
vn -0.711474 -0.668320 -0.217150
vn -0.711473 -0.668320 -0.217150
vn -0.711475 -0.568506 -0.413043
vn -0.711475 -0.568505 -0.413044
vn -0.711473 -0.702714 0.000001
vn -0.711473 -0.702714 0.000001
vn -0.711477 -0.413042 -0.568504
vn -0.711477 -0.413042 -0.568504
vn -0.711475 -0.217150 -0.668318
vn -0.711475 -0.217149 -0.668318
vn -0.711473 0.000000 -0.702713
vn -0.711473 0.000000 -0.702713
vn -0.711476 0.217149 -0.668317
vn -0.711476 0.217149 -0.668318
vn -0.711477 0.413042 -0.568504
vn -0.711477 0.413042 -0.568504
vn -0.711476 0.568505 -0.413042
vn -0.711476 0.568504 -0.413043
vn -0.711474 0.668319 -0.217150
vn -0.711474 0.668319 -0.217150
vn -0.711473 0.702714 -0.000000
vn -0.711473 0.702714 -0.000000
vn -0.711473 0.668321 0.217150
vn -0.711473 0.668321 0.217150
vn -0.711473 0.568507 0.413045
vn -0.711473 0.568507 0.413045
vn -0.711475 0.413044 0.568506
vn -0.711475 0.413044 0.568505
vn -0.711476 0.217149 0.668318
vn -0.711476 0.217148 0.668318
vn -0.711476 0.000000 0.702711
vn -0.711476 0.000000 0.702711
vn -0.711476 -0.217149 0.668318
vn -0.711476 -0.217149 0.668318
vn -0.711474 -0.413044 0.568506
vn -0.711474 -0.413045 0.568506
vn -0.711473 -0.568507 0.413045
vn -0.711473 -0.568508 0.413045
vn -0.711473 -0.668320 0.217150
vn -0.711473 -0.668321 0.217150
vn 0.711473 -0.668321 -0.217150
vn 0.711473 -0.668321 -0.217150
vn 0.711473 -0.702714 0.000001
vn 0.711473 -0.702714 0.000001
vn 0.711474 -0.568506 -0.413044
vn 0.711474 -0.568507 -0.413043
vn 0.711476 -0.413043 -0.568504
vn 0.711476 -0.413043 -0.568504
vn 0.711475 -0.217150 -0.668319
vn 0.711475 -0.217151 -0.668318
vn 0.711473 0.000000 -0.702714
vn 0.711473 0.000000 -0.702714
vn 0.711475 0.217150 -0.668318
vn 0.711475 0.217150 -0.668318
vn 0.711477 0.413042 -0.568504
vn 0.711477 0.413042 -0.568504
vn 0.711475 0.568506 -0.413044
vn 0.711475 0.568506 -0.413043
vn 0.711472 0.668321 -0.217150
vn 0.711472 0.668321 -0.217150
vn 0.711472 0.702714 0.000000
vn 0.711472 0.702714 0.000000
vn 0.711473 0.668321 0.217150
vn 0.711473 0.668321 0.217151
vn 0.711472 0.568508 0.413045
vn 0.711472 0.568508 0.413046
vn 0.711473 0.413045 0.568506
vn 0.711473 0.413045 0.568507
vn 0.711475 0.217149 0.668319
vn 0.711475 0.217149 0.668319
vn 0.711475 0.000000 0.702711
vn 0.711475 0.000000 0.702711
vn 0.711475 -0.217149 0.668319
vn 0.711475 -0.217149 0.668319
vn 0.711473 -0.413045 0.568506
vn 0.711473 -0.413045 0.568506
vn 0.711472 -0.568509 0.413045
vn 0.711472 -0.568508 0.413045
vn 0.711472 -0.668321 0.217151
vn 0.711472 -0.668321 0.217151
vn 0.000000 -0.951057 -0.309016
vn 0.000000 -0.809017 -0.587785
vn 0.000000 -0.809017 -0.587785
vn 0.000000 -0.951057 -0.309016
vn 0.000000 -0.587785 -0.809017
vn 0.000000 -0.587785 -0.809017
vn 0.000000 -0.309016 -0.951057
vn 0.000000 -0.309016 -0.951057
vn 0.000000 -0.000000 -1.000000
vn 0.000000 -0.000000 -1.000000
vn 0.000000 0.309016 -0.951057
vn 0.000000 0.309016 -0.951057
vn 0.000000 0.587785 -0.809017
vn 0.000000 0.587785 -0.809017
vn 0.000000 0.809018 -0.587784
vn 0.000000 0.809018 -0.587784
vn 0.000000 0.951057 -0.309016
vn 0.000000 0.951057 -0.309016
vn 0.000000 1.000000 0.000000
vn 0.000000 1.000000 0.000000
vn 0.000000 0.951057 0.309016
vn 0.000000 0.951057 0.309016
vn 0.000000 0.809017 0.587785
vn 0.000000 0.809017 0.587785
vn 0.000000 0.587786 0.809016
vn 0.000000 0.587786 0.809016
vn 0.000000 0.309016 0.951057
vn 0.000000 0.309016 0.951057
vn 0.000000 0.000000 1.000000
vn 0.000000 0.000000 1.000000
vn 0.000000 -0.309016 0.951057
vn 0.000000 -0.309016 0.951057
vn 0.000000 -0.587786 0.809016
vn 0.000000 -0.587786 0.809016
vn 0.000000 -0.809017 0.587785
vn 0.000000 -0.809017 0.587785
vn 0.000000 -0.951057 0.309017
vn 0.000000 -0.951057 0.309017
vn 0.000000 -1.000000 0.000001
vn 0.000000 -1.000000 0.000001
vn -1.000000 -0.000000 0.000000
vn -1.000000 -0.000000 0.000000
vn -1.000000 -0.000000 0.000000
vn -1.000000 0.000000 0.000000
vn -1.000000 0.000000 0.000000
vn -1.000000 0.000000 0.000000
vn -1.000000 0.000000 0.000000
vn -1.000000 0.000000 0.000000
vn -1.000000 0.000000 0.000000
vn -1.000000 0.000000 0.000000
vn -1.000000 0.000000 0.000000
vn -1.000000 0.000000 0.000000
vn -1.000000 0.000000 0.000000
vn -1.000000 0.000000 0.000000
vn -1.000000 0.000000 0.000000
vn -1.000000 0.000000 0.000000
vn -1.000000 0.000000 0.000000
vn -1.000000 -0.000000 0.000000
vn -1.000000 -0.000000 0.000000
vn -1.000000 0.000000 0.000000
vn -1.000000 0.000000 0.000000
vn 1.000000 -0.000002 -0.000000
vn 1.000000 -0.000002 -0.000001
vn 1.000000 -0.000000 -0.000000
vn 1.000000 -0.000002 -0.000001
vn 1.000000 -0.000002 -0.000001
vn 1.000000 0.000000 -0.000001
vn 1.000000 0.000002 -0.000001
vn 1.000000 0.000002 -0.000001
vn 1.000000 0.000001 -0.000001
vn 1.000000 0.000002 -0.000000
vn 1.000000 0.000002 0.000000
vn 1.000000 0.000002 0.000000
vn 1.000000 0.000001 0.000001
vn 1.000000 0.000002 0.000001
vn 1.000000 0.000002 0.000001
vn 1.000000 0.000000 0.000001
vn 1.000000 -0.000002 0.000001
vn 1.000000 -0.000002 0.000001
vn 1.000000 -0.000002 0.000001
vn 1.000000 -0.000002 0.000000
vn 1.000000 -0.000002 0.000000
vn 1.000000 -0.000000 0.000000
vn 1.000000 0.000000 0.000000
vn 1.000000 0.000000 0.000000
vn 1.000000 -0.000000 0.000000
vn 1.000000 0.000000 0.000000
vn 1.000000 0.000000 0.000000
vn 1.000000 0.000000 0.000000
vn 1.000000 0.000000 0.000000
vn 1.000000 0.000000 0.000000
vn 1.000000 0.000000 0.000000
vn 1.000000 0.000001 0.000000
vn 1.000000 0.000001 0.000000
vn 1.000000 0.000001 0.000000
vn 1.000000 0.000001 0.000000
vn 1.000000 0.000000 0.000000
vn 1.000000 0.000000 0.000000
vn 1.000000 0.000000 0.000000
vn 1.000000 0.000000 0.000000
vn 1.000000 0.000000 0.000000
vn 1.000000 0.000000 0.000000
vn 1.000000 0.000000 0.000000
vn 1.000000 0.000000 0.000000
vn 1.000000 0.000000 0.000000
vn 1.000000 0.000000 0.000000
vn 1.000000 0.000000 0.000000
vn 1.000000 0.000000 0.000000
vn 1.000000 -0.000001 0.000000
vn 1.000000 -0.000001 0.000000
vn 1.000000 -0.000000 0.000000
vn 1.000000 0.000000 0.000000
vn 1.000000 0.000001 0.000000
vn 1.000000 0.000001 0.000000
vn 1.000000 0.000000 0.000000
vn 1.000000 0.000000 0.000000
vn 1.000000 -0.000000 0.000000
vn 1.000000 -0.000000 0.000000
vn 1.000000 -0.000000 0.000000
vn 1.000000 -0.000000 0.000000
vn 1.000000 0.000000 0.000000
vn 1.000000 0.000000 0.000000
vn 0.549737 -0.794453 -0.258133
vn 0.549737 -0.675803 -0.490999
vn 0.549737 -0.675803 -0.490999
vn 0.549737 -0.794453 -0.258133
vn 0.549738 -0.490998 -0.675803
vn 0.549738 -0.490998 -0.675802
vn 0.549737 -0.258135 -0.794453
vn 0.549737 -0.258135 -0.794453
vn 0.549737 0.000001 -0.835338
vn 0.549737 0.000001 -0.835338
vn 0.549737 0.258135 -0.794453
vn 0.549737 0.258135 -0.794453
vn 0.549739 0.490998 -0.675802
vn 0.549739 0.490998 -0.675802
vn 0.549738 0.675803 -0.490998
vn 0.549738 0.675802 -0.490998
vn 0.549737 0.794453 -0.258134
vn 0.549737 0.794453 -0.258134
vn 0.549737 0.835338 0.000000
vn 0.549737 0.835338 0.000000
vn 0.549737 0.794453 0.258133
vn 0.549737 0.794454 0.258133
vn 0.549737 0.675803 0.490999
vn 0.549737 0.675803 0.490999
vn 0.549738 0.490998 0.675802
vn 0.549738 0.490998 0.675802
vn 0.549739 0.258132 0.794453
vn 0.549739 0.258132 0.794453
vn 0.549738 0.000000 0.835337
vn 0.549738 0.000000 0.835337
vn 0.549738 -0.258132 0.794453
vn 0.549738 -0.258132 0.794453
vn 0.549738 -0.490998 0.675803
vn 0.549738 -0.490998 0.675803
vn 0.549737 -0.675803 0.490999
vn 0.549737 -0.675803 0.490999
vn 0.549738 -0.794453 0.258133
vn 0.549738 -0.794453 0.258133
vn 0.549737 -0.835338 0.000001
vn 0.549737 -0.835338 0.000001
s 1
g Wheel_B_L_geo
usemtl lambert4SG
f 2/1/1 3/2/2 5/3/3 4/4/4
f 3/2/2 2/1/1 40/5/5 41/6/6
f 4/4/4 5/3/3 7/7/7 6/8/8
f 6/8/8 7/7/7 9/9/9 8/10/10
f 8/10/10 9/9/9 11/11/11 10/12/12
f 10/12/12 11/11/11 13/13/13 12/14/14
f 12/14/14 13/13/13 15/15/15 14/16/16
f 14/16/16 15/15/15 17/17/17 16/18/18
f 16/18/18 17/17/17 19/19/19 18/20/20
f 18/20/20 19/19/19 21/21/21 20/22/22
f 20/22/22 21/21/21 23/23/23 22/24/24
f 22/24/24 23/23/23 25/25/25 24/26/26
f 24/26/26 25/25/25 27/27/27 26/28/28
f 26/28/28 27/27/27 29/29/29 28/30/30
f 28/30/30 29/29/29 31/31/31 30/32/32
f 30/32/32 31/31/31 33/33/33 32/34/34
f 32/34/34 33/33/33 35/35/35 34/36/36
f 34/36/36 35/35/35 37/37/37 36/38/38
f 36/38/38 37/37/37 39/39/39 38/40/40
f 38/40/40 39/39/39 41/6/6 40/5/5
s 2
f 42/41/41 43/42/42 81/43/43 80/44/44
f 43/42/42 42/41/41 44/45/45 45/46/46
f 45/46/46 44/45/45 46/47/47 47/48/48
f 47/48/48 46/47/47 48/49/49 49/50/50
f 49/50/50 48/49/49 50/51/51 51/52/52
f 51/52/52 50/51/51 52/53/53 53/54/54
f 53/54/54 52/53/53 54/55/55 55/56/56
f 55/56/56 54/55/55 56/57/57 57/58/58
f 57/58/58 56/57/57 58/59/59 59/60/60
f 59/60/60 58/59/59 60/61/61 61/62/62
f 61/62/62 60/61/61 62/63/63 63/64/64
f 63/64/64 62/63/63 64/65/65 65/66/66
f 65/66/66 64/65/65 66/67/67 67/68/68
f 67/68/68 66/67/67 68/69/69 69/70/70
f 69/70/70 68/69/69 70/71/71 71/72/72
f 71/72/72 70/71/71 72/73/73 73/74/74
f 73/74/74 72/73/73 74/75/75 75/76/76
f 75/76/76 74/75/75 76/77/77 77/78/78
f 77/78/78 76/77/77 78/79/79 79/80/80
f 79/80/80 78/79/79 80/44/44 81/43/43
s 3
f 2/81/81 4/82/82 44/45/83 42/41/84
f 4/82/82 6/83/85 46/47/86 44/45/83
f 6/83/85 8/84/87 48/49/88 46/47/86
f 8/84/87 10/85/89 50/51/90 48/49/88
f 10/85/89 12/86/91 52/53/92 50/51/90
f 12/86/91 14/87/93 54/55/94 52/53/92
f 14/87/93 16/88/95 56/57/96 54/55/94
f 16/88/95 18/89/97 58/59/98 56/57/96
f 18/89/97 20/90/99 60/61/100 58/59/98
f 20/90/99 22/91/101 62/63/102 60/61/100
f 22/91/101 24/92/103 64/65/104 62/63/102
f 24/92/103 26/93/105 66/67/106 64/65/104
f 26/93/105 28/94/107 68/69/108 66/67/106
f 28/94/107 30/95/109 70/71/110 68/69/108
f 30/95/109 32/96/111 72/73/112 70/71/110
f 32/96/111 34/97/113 74/75/114 72/73/112
f 34/97/113 36/98/115 76/77/116 74/75/114
f 36/98/115 38/99/117 78/79/118 76/77/116
f 38/99/117 40/100/119 80/44/120 78/79/118
f 40/100/119 2/81/81 42/41/84 80/44/120
s 4
f 5/3/121 3/2/122 1/101/123
f 7/7/124 5/3/121 1/101/123
f 9/9/125 7/7/124 1/101/123
f 11/11/126 9/9/125 1/101/123
f 13/13/127 11/11/126 1/101/123
f 15/15/128 13/13/127 1/101/123
f 17/17/129 15/15/128 1/101/123
f 19/19/130 17/17/129 1/101/123
f 21/21/131 19/19/130 1/101/123
f 23/23/132 21/21/131 1/101/123
f 25/25/133 23/23/132 1/101/123
f 27/27/134 25/25/133 1/101/123
f 29/29/135 27/27/134 1/101/123
f 31/31/136 29/29/135 1/101/123
f 33/33/137 31/31/136 1/101/123
f 35/35/138 33/33/137 1/101/123
f 37/37/139 35/35/138 1/101/123
f 39/39/140 37/37/139 1/101/123
f 41/6/141 39/39/140 1/101/123
f 3/2/122 41/6/141 1/101/123
s 5
f 103/102/142 102/103/143 104/104/144
f 102/103/143 105/105/145 104/104/144
f 105/105/145 106/106/146 104/104/144
f 106/106/146 107/107/147 104/104/144
f 107/107/147 108/108/148 104/104/144
f 108/108/148 109/109/149 104/104/144
f 109/109/149 110/110/150 104/104/144
f 110/110/150 111/111/151 104/104/144
f 111/111/151 112/112/152 104/104/144
f 112/112/152 113/113/153 104/104/144
f 113/113/153 114/114/154 104/104/144
f 114/114/154 115/115/155 104/104/144
f 115/115/155 116/116/156 104/104/144
f 116/116/156 117/117/157 104/104/144
f 117/117/157 118/118/158 104/104/144
f 118/118/158 119/119/159 104/104/144
f 119/119/159 120/120/160 104/104/144
f 120/120/160 121/121/161 104/104/144
f 121/121/161 122/122/162 104/104/144
f 122/122/162 103/102/142 104/104/144
s 6
f 43/42/163 45/46/164 82/123/165 83/124/166
f 45/46/164 47/48/167 84/125/168 82/123/165
f 47/48/167 49/50/169 85/126/170 84/125/168
f 49/50/169 51/52/171 86/127/172 85/126/170
f 51/52/171 53/54/173 87/128/174 86/127/172
f 53/54/173 55/56/175 88/129/176 87/128/174
f 55/56/175 57/58/177 89/130/178 88/129/176
f 57/58/177 59/60/179 90/131/180 89/130/178
f 59/60/179 61/62/181 91/132/182 90/131/180
f 61/62/181 63/64/183 92/133/184 91/132/182
f 63/64/183 65/66/185 93/134/186 92/133/184
f 65/66/185 67/68/187 94/135/188 93/134/186
f 67/68/187 69/70/189 95/136/190 94/135/188
f 69/70/189 71/72/191 96/137/192 95/136/190
f 71/72/191 73/74/193 97/138/194 96/137/192
f 73/74/193 75/76/195 98/139/196 97/138/194
f 75/76/195 77/78/197 99/140/198 98/139/196
f 77/78/197 79/80/199 100/141/200 99/140/198
f 79/80/199 81/43/201 101/142/202 100/141/200
f 81/43/201 43/42/163 83/124/166 101/142/202
s 7
f 83/124/203 82/123/204 102/103/205 103/102/206
f 82/123/204 84/125/207 105/105/208 102/103/205
f 84/125/207 85/126/209 106/106/210 105/105/208
f 85/126/209 86/127/211 107/107/212 106/106/210
f 86/127/211 87/128/213 108/108/214 107/107/212
f 87/128/213 88/129/215 109/109/216 108/108/214
f 88/129/215 89/130/217 110/110/218 109/109/216
f 89/130/217 90/131/219 111/111/220 110/110/218
f 90/131/219 91/132/221 112/112/222 111/111/220
f 91/132/221 92/133/223 113/113/224 112/112/222
f 92/133/223 93/134/225 114/114/226 113/113/224
f 93/134/225 94/135/227 115/115/228 114/114/226
f 94/135/227 95/136/229 116/116/230 115/115/228
f 95/136/229 96/137/231 117/117/232 116/116/230
f 96/137/231 97/138/233 118/118/234 117/117/232
f 97/138/233 98/139/235 119/119/236 118/118/234
f 98/139/235 99/140/237 120/120/238 119/119/236
f 99/140/237 100/141/239 121/121/240 120/120/238
f 100/141/239 101/142/241 122/122/242 121/121/240
f 101/142/241 83/124/203 103/102/206 122/122/242
g default
v -56.381126 28.634241 89.450760
v -58.431866 1.555715 80.652451
v -56.381126 3.530397 81.294060
v -58.431866 5.599871 72.715309
v -56.381126 7.279634 73.935760
v -58.431866 11.898797 66.416397
v -56.381126 13.119216 68.096184
v -58.431866 19.835896 62.372238
v -56.381126 20.477509 64.346947
v -58.431866 28.634241 60.978741
v -56.381126 28.634241 63.055027
v -58.431866 37.432602 62.372238
v -56.381126 36.790985 64.346947
v -58.431866 45.369701 66.416397
v -56.381126 44.149265 68.096184
v -58.431866 51.668621 72.715317
v -56.381126 49.988857 73.935768
v -58.431866 55.712776 80.652451
v -56.381126 53.738083 81.294060
v -58.431866 57.106277 89.450760
v -56.381126 55.029991 89.450760
v -58.431866 55.712776 98.249138
v -56.381126 53.738083 97.607529
v -58.431866 51.668617 106.186203
v -56.381126 49.988853 104.965797
v -58.431866 45.369701 112.485153
v -56.381126 44.149265 110.805389
v -58.431866 37.432598 116.529305
v -56.381126 36.790985 114.554604
v -58.431866 28.634241 117.922813
v -56.381126 28.634241 115.846497
v -58.431866 19.835899 116.529305
v -56.381126 20.477512 114.554604
v -58.431866 11.898803 112.485153
v -56.381126 13.119226 110.805389
v -58.431866 5.599885 106.186203
v -56.381126 7.279650 104.965797
v -58.431866 1.555733 98.249138
v -56.381126 3.530415 97.607529
v -58.431866 0.162212 89.450760
v -56.381126 2.238516 89.450760
v -74.839821 1.555715 80.652451
v -76.890564 3.530397 81.294060
v -74.839821 5.599871 72.715309
v -76.890564 7.279634 73.935760
v -74.839821 11.898797 66.416397
v -76.890564 13.119216 68.096184
v -74.839821 19.835896 62.372238
v -76.890564 20.477509 64.346947
v -74.839821 28.634241 60.978741
v -76.890564 28.634241 63.055027
v -74.839821 37.432602 62.372238
v -76.890564 36.790985 64.346947
v -74.839821 45.369701 66.416397
v -76.890564 44.149265 68.096184
v -74.839821 51.668621 72.715317
v -76.890564 49.988857 73.935768
v -74.839821 55.712776 80.652451
v -76.890564 53.738083 81.294060
v -74.839821 57.106277 89.450760
v -76.890564 55.029991 89.450760
v -74.839821 55.712776 98.249138
v -76.890564 53.738083 97.607529
v -74.839821 51.668617 106.186203
v -76.890564 49.988853 104.965797
v -74.839821 45.369701 112.485153
v -76.890564 44.149265 110.805389
v -74.839821 37.432598 116.529305
v -76.890564 36.790985 114.554604
v -74.839821 28.634241 117.922813
v -76.890564 28.634241 115.846497
v -74.839821 19.835899 116.529305
v -76.890564 20.477512 114.554604
v -74.839821 11.898803 112.485153
v -76.890564 13.119226 110.805389
v -74.839821 5.599885 106.186203
v -76.890564 7.279650 104.965797
v -74.839821 1.555733 98.249138
v -76.890564 3.530415 97.607529
v -74.839821 0.162212 89.450760
v -76.890564 2.238516 89.450760
v -76.890564 13.832447 78.696655
v -76.890564 11.233694 83.797005
v -76.890564 17.880110 74.648987
v -76.890564 22.980471 72.050232
v -76.890564 28.634241 71.154739
v -76.890564 34.288021 72.050240
v -76.890564 39.388374 74.648987
v -76.890564 43.436039 78.696655
v -76.890564 46.034790 83.797012
v -76.890564 46.930271 89.450760
v -76.890564 46.034786 95.104561
v -76.890564 43.436039 100.204918
v -76.890564 39.388378 104.252579
v -76.890564 34.288033 106.851326
v -76.890564 28.634241 107.746796
v -76.890564 22.980463 106.851326
v -76.890564 17.880121 104.252579
v -76.890564 13.832463 100.204918
v -76.890564 11.233708 95.104561
v -76.890564 10.338234 89.450752
v -80.890564 15.962111 80.243942
v -80.890564 13.737264 84.610458
v -80.890587 28.634239 89.450768
v -80.890564 19.427401 76.778656
v -80.890564 23.793930 74.553802
v -80.890564 28.634239 73.787148
v -80.890564 33.474564 74.553810
v -80.890564 37.841084 76.778656
v -80.890564 41.306374 80.243942
v -80.890564 43.531227 84.610474
v -80.890564 44.297863 89.450760
v -80.890564 43.531219 94.291100
v -80.890564 41.306374 98.657631
v -80.890564 37.841087 102.122910
v -80.890564 33.474579 104.347748
v -80.890564 28.634241 105.114380
v -80.890564 23.793919 104.347748
v -80.890564 19.427410 102.122910
v -80.890564 15.962128 98.657631
v -80.890564 13.737278 94.291100
v -80.890564 12.970643 89.450752
vt 0.065779 0.942607
vt 0.057347 0.928404
vt 0.062236 0.926444
vt 0.069824 0.939233
vt 0.080991 0.949050
vt 0.078188 0.953510
vt 0.053717 0.912290
vt 0.058972 0.911937
vt 0.055244 0.895843
vt 0.060351 0.897131
vt 0.061778 0.880673
vt 0.066237 0.883476
vt 0.072681 0.868264
vt 0.076055 0.872309
vt 0.086884 0.859832
vt 0.088844 0.864721
vt 0.102998 0.856202
vt 0.103351 0.861457
vt 0.119445 0.857728
vt 0.118156 0.862836
vt 0.134615 0.864263
vt 0.131811 0.868722
vt 0.147024 0.875165
vt 0.142979 0.878540
vt 0.155456 0.889369
vt 0.150566 0.891329
vt 0.159086 0.905483
vt 0.153831 0.905836
vt 0.157559 0.921930
vt 0.152452 0.920641
vt 0.151025 0.937100
vt 0.146566 0.934296
vt 0.140122 0.949509
vt 0.136748 0.945464
vt 0.125919 0.957941
vt 0.123959 0.953051
vt 0.109805 0.961571
vt 0.109452 0.956315
vt 0.093358 0.960044
vt 0.094647 0.954937
vt 0.567908 0.865435
vt 0.583695 0.862668
vt 0.583792 0.867540
vt 0.569506 0.870038
vt 0.556692 0.876829
vt 0.553749 0.872945
vt 0.546603 0.887248
vt 0.542604 0.884463
vt 0.540227 0.900274
vt 0.535563 0.898861
vt 0.538189 0.914633
vt 0.533317 0.914731
vt 0.540687 0.928919
vt 0.536084 0.930517
vt 0.547478 0.941734
vt 0.543594 0.944676
vt 0.557897 0.951823
vt 0.555112 0.955821
vt 0.570923 0.958198
vt 0.569510 0.962862
vt 0.585282 0.960236
vt 0.585379 0.965108
vt 0.599567 0.957738
vt 0.601166 0.962341
vt 0.612382 0.950947
vt 0.615324 0.954831
vt 0.622471 0.940529
vt 0.626470 0.943313
vt 0.628846 0.927503
vt 0.633510 0.928915
vt 0.630885 0.913144
vt 0.635757 0.913046
vt 0.628386 0.898858
vt 0.632990 0.897260
vt 0.621596 0.886043
vt 0.625480 0.883101
vt 0.611177 0.875954
vt 0.613962 0.871955
vt 0.598151 0.869578
vt 0.599564 0.864915
vt 0.559627 0.839841
vt 0.537964 0.851163
vt 0.520860 0.868625
vt 0.509990 0.890518
vt 0.506417 0.914698
vt 0.510491 0.938799
vt 0.521813 0.960462
vt 0.539274 0.977565
vt 0.561167 0.988435
vt 0.585347 0.992008
vt 0.609447 0.987935
vt 0.631109 0.976613
vt 0.648213 0.959152
vt 0.659083 0.937260
vt 0.662657 0.913080
vt 0.658584 0.888979
vt 0.647262 0.867317
vt 0.629801 0.850213
vt 0.607909 0.839342
vt 0.583728 0.835768
vt 0.106401 0.908886
vt 0.576269 0.889953
vt 0.584537 0.913888
vt 0.569277 0.893679
vt 0.563779 0.899383
vt 0.560313 0.906508
vt 0.559218 0.914355
vt 0.560601 0.922156
vt 0.564328 0.929148
vt 0.570032 0.934646
vt 0.577156 0.938112
vt 0.585003 0.939207
vt 0.592804 0.937824
vt 0.599796 0.934097
vt 0.605294 0.928393
vt 0.608760 0.921269
vt 0.609855 0.913422
vt 0.608472 0.905621
vt 0.604746 0.898629
vt 0.599041 0.893131
vt 0.591917 0.889664
vt 0.584070 0.888569
vt 0.573839 0.882659
vt 0.564712 0.887493
vt 0.557526 0.894911
vt 0.552984 0.904187
vt 0.551530 0.914412
vt 0.553308 0.924586
vt 0.558142 0.933713
vt 0.565560 0.940899
vt 0.574836 0.945441
vt 0.585061 0.946895
vt 0.595235 0.945117
vt 0.604361 0.940283
vt 0.611547 0.932865
vt 0.616090 0.923590
vt 0.617543 0.913364
vt 0.615766 0.903190
vt 0.610932 0.894064
vt 0.603514 0.886877
vt 0.594238 0.882335
vt 0.584013 0.880882
vn 0.711474 -0.668320 -0.217150
vn 0.711475 -0.568505 -0.413044
vn 0.711475 -0.568506 -0.413042
vn 0.711474 -0.668320 -0.217150
vn 0.711473 -0.702713 0.000001
vn 0.711473 -0.702713 0.000001
vn 0.711477 -0.413042 -0.568504
vn 0.711477 -0.413043 -0.568504
vn 0.711476 -0.217149 -0.668318
vn 0.711476 -0.217150 -0.668318
vn 0.711474 0.000000 -0.702713
vn 0.711474 -0.000000 -0.702713
vn 0.711476 0.217149 -0.668318
vn 0.711476 0.217149 -0.668318
vn 0.711478 0.413042 -0.568504
vn 0.711478 0.413042 -0.568504
vn 0.711476 0.568504 -0.413043
vn 0.711476 0.568505 -0.413042
vn 0.711474 0.668320 -0.217150
vn 0.711474 0.668320 -0.217150
vn 0.711472 0.702714 -0.000000
vn 0.711472 0.702714 -0.000000
vn 0.711473 0.668321 0.217150
vn 0.711473 0.668321 0.217150
vn 0.711473 0.568507 0.413044
vn 0.711473 0.568507 0.413045
vn 0.711475 0.413044 0.568505
vn 0.711475 0.413044 0.568505
vn 0.711476 0.217148 0.668317
vn 0.711476 0.217149 0.668317
vn 0.711476 -0.000000 0.702711
vn 0.711476 -0.000000 0.702710
vn 0.711476 -0.217149 0.668318
vn 0.711476 -0.217149 0.668317
vn 0.711475 -0.413044 0.568505
vn 0.711475 -0.413044 0.568505
vn 0.711473 -0.568507 0.413045
vn 0.711473 -0.568507 0.413045
vn 0.711473 -0.668321 0.217150
vn 0.711473 -0.668321 0.217150
vn -0.711473 -0.668320 -0.217150
vn -0.711473 -0.702714 0.000001
vn -0.711473 -0.702714 0.000001
vn -0.711473 -0.668320 -0.217150
vn -0.711475 -0.568506 -0.413043
vn -0.711475 -0.568505 -0.413044
vn -0.711476 -0.413043 -0.568505
vn -0.711476 -0.413042 -0.568505
vn -0.711475 -0.217150 -0.668318
vn -0.711475 -0.217150 -0.668319
vn -0.711473 -0.000000 -0.702713
vn -0.711473 0.000000 -0.702713
vn -0.711475 0.217150 -0.668318
vn -0.711475 0.217150 -0.668318
vn -0.711477 0.413042 -0.568504
vn -0.711477 0.413042 -0.568504
vn -0.711475 0.568506 -0.413043
vn -0.711475 0.568505 -0.413044
vn -0.711472 0.668321 -0.217150
vn -0.711472 0.668321 -0.217150
vn -0.711472 0.702714 -0.000000
vn -0.711472 0.702714 0.000000
vn -0.711473 0.668320 0.217151
vn -0.711473 0.668320 0.217150
vn -0.711473 0.568507 0.413045
vn -0.711473 0.568508 0.413045
vn -0.711474 0.413044 0.568506
vn -0.711474 0.413045 0.568505
vn -0.711476 0.217149 0.668318
vn -0.711476 0.217149 0.668318
vn -0.711475 -0.000000 0.702711
vn -0.711475 -0.000000 0.702711
vn -0.711475 -0.217149 0.668318
vn -0.711475 -0.217149 0.668318
vn -0.711475 -0.413044 0.568506
vn -0.711475 -0.413044 0.568506
vn -0.711472 -0.568508 0.413045
vn -0.711472 -0.568508 0.413045
vn -0.711472 -0.668321 0.217151
vn -0.711472 -0.668321 0.217151
vn 0.000000 -0.951057 -0.309016
vn 0.000000 -0.951057 -0.309016
vn 0.000000 -0.809017 -0.587785
vn 0.000000 -0.809017 -0.587785
vn 0.000000 -0.587785 -0.809017
vn 0.000000 -0.587785 -0.809017
vn 0.000000 -0.309016 -0.951057
vn 0.000000 -0.309016 -0.951057
vn 0.000000 0.000000 -1.000000
vn 0.000000 0.000000 -1.000000
vn 0.000000 0.309016 -0.951057
vn 0.000000 0.309016 -0.951057
vn 0.000000 0.587785 -0.809017
vn 0.000000 0.587785 -0.809017
vn 0.000000 0.809018 -0.587784
vn 0.000000 0.809018 -0.587784
vn 0.000000 0.951057 -0.309016
vn 0.000000 0.951057 -0.309016
vn 0.000000 1.000000 0.000000
vn 0.000000 1.000000 0.000000
vn 0.000000 0.951057 0.309016
vn 0.000000 0.951057 0.309016
vn 0.000000 0.809017 0.587785
vn 0.000000 0.809017 0.587785
vn 0.000000 0.587786 0.809016
vn 0.000000 0.587786 0.809016
vn 0.000000 0.309016 0.951057
vn 0.000000 0.309016 0.951057
vn 0.000000 0.000000 1.000000
vn 0.000000 0.000000 1.000000
vn 0.000000 -0.309016 0.951057
vn 0.000000 -0.309016 0.951057
vn 0.000000 -0.587786 0.809016
vn 0.000000 -0.587786 0.809016
vn 0.000000 -0.809017 0.587785
vn 0.000000 -0.809017 0.587785
vn 0.000000 -0.951057 0.309017
vn 0.000000 -0.951057 0.309017
vn 0.000000 -1.000000 0.000001
vn 0.000000 -1.000000 0.000001
vn 1.000000 -0.000000 0.000000
vn 1.000000 -0.000000 0.000000
vn 1.000000 -0.000000 0.000000
vn 1.000000 -0.000000 0.000000
vn 1.000000 0.000000 0.000000
vn 1.000000 -0.000000 0.000000
vn 1.000000 -0.000000 0.000000
vn 1.000000 0.000000 0.000000
vn 1.000000 0.000000 0.000000
vn 1.000000 0.000000 0.000000
vn 1.000000 0.000000 0.000000
vn 1.000000 0.000000 0.000000
vn 1.000000 0.000000 0.000000
vn 1.000000 0.000000 0.000000
vn 1.000000 0.000000 0.000000
vn 1.000000 0.000000 0.000000
vn 1.000000 -0.000000 0.000000
vn 1.000000 -0.000000 0.000000
vn 1.000000 -0.000000 0.000000
vn 1.000000 0.000000 0.000000
vn 1.000000 0.000000 0.000000
vn -1.000000 -0.000002 -0.000000
vn -1.000000 -0.000000 -0.000000
vn -1.000000 -0.000002 -0.000001
vn -1.000000 -0.000002 -0.000001
vn -1.000000 -0.000001 -0.000001
vn -1.000000 -0.000000 -0.000001
vn -1.000000 0.000001 -0.000001
vn -1.000000 0.000002 -0.000001
vn -1.000000 0.000002 -0.000001
vn -1.000000 0.000002 -0.000000
vn -1.000000 0.000002 0.000000
vn -1.000000 0.000002 0.000000
vn -1.000000 0.000001 0.000001
vn -1.000000 0.000001 0.000001
vn -1.000000 0.000001 0.000001
vn -1.000000 0.000000 0.000001
vn -1.000000 -0.000001 0.000001
vn -1.000000 -0.000001 0.000001
vn -1.000000 -0.000001 0.000001
vn -1.000000 -0.000002 0.000000
vn -1.000000 -0.000002 0.000000
vn -1.000000 0.000000 0.000000
vn -1.000000 0.000000 0.000000
vn -1.000000 0.000000 0.000000
vn -1.000000 0.000000 0.000000
vn -1.000000 0.000000 0.000000
vn -1.000000 0.000000 0.000000
vn -1.000000 0.000000 0.000000
vn -1.000000 0.000000 0.000000
vn -1.000000 -0.000000 0.000000
vn -1.000000 -0.000000 0.000000
vn -1.000000 0.000000 0.000000
vn -1.000000 0.000000 0.000000
vn -1.000000 0.000000 0.000000
vn -1.000000 0.000000 0.000000
vn -1.000000 0.000000 0.000000
vn -1.000000 0.000000 0.000000
vn -1.000000 0.000000 0.000000
vn -1.000000 0.000000 0.000000
vn -1.000000 0.000000 0.000000
vn -1.000000 0.000000 0.000000
vn -1.000000 0.000000 0.000000
vn -1.000000 0.000000 0.000000
vn -1.000000 0.000000 0.000000
vn -1.000000 0.000000 0.000000
vn -1.000000 0.000000 0.000000
vn -1.000000 0.000000 0.000000
vn -1.000000 -0.000000 0.000000
vn -1.000000 0.000000 0.000000
vn -1.000000 0.000000 0.000000
vn -1.000000 -0.000000 0.000000
vn -1.000000 0.000000 0.000000
vn -1.000000 -0.000000 0.000000
vn -1.000000 -0.000000 0.000000
vn -1.000000 -0.000000 0.000000
vn -1.000000 -0.000001 0.000000
vn -1.000000 -0.000001 0.000000
vn -1.000000 -0.000001 0.000000
vn -1.000000 -0.000001 0.000000
vn -1.000000 0.000000 0.000000
vn -1.000000 0.000000 0.000000
vn -0.549738 -0.794453 -0.258133
vn -0.549738 -0.794453 -0.258133
vn -0.549737 -0.675803 -0.490999
vn -0.549737 -0.675803 -0.490999
vn -0.549738 -0.490998 -0.675802
vn -0.549738 -0.490998 -0.675802
vn -0.549738 -0.258135 -0.794452
vn -0.549738 -0.258135 -0.794452
vn -0.549737 0.000000 -0.835338
vn -0.549737 0.000000 -0.835338
vn -0.549737 0.258135 -0.794453
vn -0.549737 0.258135 -0.794453
vn -0.549738 0.490998 -0.675802
vn -0.549738 0.490998 -0.675802
vn -0.549738 0.675802 -0.490999
vn -0.549738 0.675802 -0.490999
vn -0.549737 0.794453 -0.258135
vn -0.549737 0.794453 -0.258135
vn -0.549738 0.835337 0.000000
vn -0.549738 0.835337 0.000000
vn -0.549738 0.794453 0.258133
vn -0.549738 0.794453 0.258133
vn -0.549738 0.675802 0.490999
vn -0.549738 0.675802 0.490999
vn -0.549738 0.490998 0.675803
vn -0.549738 0.490998 0.675803
vn -0.549738 0.258132 0.794453
vn -0.549738 0.258132 0.794453
vn -0.549739 0.000000 0.835337
vn -0.549739 0.000000 0.835337
vn -0.549739 -0.258132 0.794452
vn -0.549739 -0.258132 0.794452
vn -0.549738 -0.490998 0.675802
vn -0.549738 -0.490998 0.675802
vn -0.549737 -0.675802 0.490999
vn -0.549737 -0.675802 0.490999
vn -0.549738 -0.794453 0.258133
vn -0.549738 -0.794453 0.258133
vn -0.549738 -0.835338 0.000001
vn -0.549738 -0.835337 0.000001
s 1
g Wheel_F_R_geo
usemtl lambert4SG
f 124/143/243 126/144/244 127/145/245 125/146/246
f 125/146/246 163/147/247 162/148/248 124/143/243
f 126/144/244 128/149/249 129/150/250 127/145/245
f 128/149/249 130/151/251 131/152/252 129/150/250
f 130/151/251 132/153/253 133/154/254 131/152/252
f 132/153/253 134/155/255 135/156/256 133/154/254
f 134/155/255 136/157/257 137/158/258 135/156/256
f 136/157/257 138/159/259 139/160/260 137/158/258
f 138/159/259 140/161/261 141/162/262 139/160/260
f 140/161/261 142/163/263 143/164/264 141/162/262
f 142/163/263 144/165/265 145/166/266 143/164/264
f 144/165/265 146/167/267 147/168/268 145/166/266
f 146/167/267 148/169/269 149/170/270 147/168/268
f 148/169/269 150/171/271 151/172/272 149/170/270
f 150/171/271 152/173/273 153/174/274 151/172/272
f 152/173/273 154/175/275 155/176/276 153/174/274
f 154/175/275 156/177/277 157/178/278 155/176/276
f 156/177/277 158/179/279 159/180/280 157/178/278
f 158/179/279 160/181/281 161/182/282 159/180/280
f 160/181/281 162/148/248 163/147/247 161/182/282
s 2
f 164/183/283 202/184/284 203/185/285 165/186/286
f 165/186/286 167/187/287 166/188/288 164/183/283
f 167/187/287 169/189/289 168/190/290 166/188/288
f 169/189/289 171/191/291 170/192/292 168/190/290
f 171/191/291 173/193/293 172/194/294 170/192/292
f 173/193/293 175/195/295 174/196/296 172/194/294
f 175/195/295 177/197/297 176/198/298 174/196/296
f 177/197/297 179/199/299 178/200/300 176/198/298
f 179/199/299 181/201/301 180/202/302 178/200/300
f 181/201/301 183/203/303 182/204/304 180/202/302
f 183/203/303 185/205/305 184/206/306 182/204/304
f 185/205/305 187/207/307 186/208/308 184/206/306
f 187/207/307 189/209/309 188/210/310 186/208/308
f 189/209/309 191/211/311 190/212/312 188/210/310
f 191/211/311 193/213/313 192/214/314 190/212/312
f 193/213/313 195/215/315 194/216/316 192/214/314
f 195/215/315 197/217/317 196/218/318 194/216/316
f 197/217/317 199/219/319 198/220/320 196/218/318
f 199/219/319 201/221/321 200/222/322 198/220/320
f 201/221/321 203/185/285 202/184/284 200/222/322
s 3
f 124/223/323 164/183/324 166/188/325 126/224/326
f 126/224/326 166/188/325 168/190/327 128/225/328
f 128/225/328 168/190/327 170/192/329 130/226/330
f 130/226/330 170/192/329 172/194/331 132/227/332
f 132/227/332 172/194/331 174/196/333 134/228/334
f 134/228/334 174/196/333 176/198/335 136/229/336
f 136/229/336 176/198/335 178/200/337 138/230/338
f 138/230/338 178/200/337 180/202/339 140/231/340
f 140/231/340 180/202/339 182/204/341 142/232/342
f 142/232/342 182/204/341 184/206/343 144/233/344
f 144/233/344 184/206/343 186/208/345 146/234/346
f 146/234/346 186/208/345 188/210/347 148/235/348
f 148/235/348 188/210/347 190/212/349 150/236/350
f 150/236/350 190/212/349 192/214/351 152/237/352
f 152/237/352 192/214/351 194/216/353 154/238/354
f 154/238/354 194/216/353 196/218/355 156/239/356
f 156/239/356 196/218/355 198/220/357 158/240/358
f 158/240/358 198/220/357 200/222/359 160/241/360
f 160/241/360 200/222/359 202/184/361 162/242/362
f 162/242/362 202/184/361 164/183/324 124/223/323
s 4
f 127/145/363 123/243/364 125/146/365
f 129/150/366 123/243/364 127/145/363
f 131/152/367 123/243/364 129/150/366
f 133/154/368 123/243/364 131/152/367
f 135/156/369 123/243/364 133/154/368
f 137/158/370 123/243/364 135/156/369
f 139/160/371 123/243/364 137/158/370
f 141/162/372 123/243/364 139/160/371
f 143/164/373 123/243/364 141/162/372
f 145/166/374 123/243/364 143/164/373
f 147/168/375 123/243/364 145/166/374
f 149/170/376 123/243/364 147/168/375
f 151/172/377 123/243/364 149/170/376
f 153/174/378 123/243/364 151/172/377
f 155/176/379 123/243/364 153/174/378
f 157/178/380 123/243/364 155/176/379
f 159/180/381 123/243/364 157/178/380
f 161/182/382 123/243/364 159/180/381
f 163/147/383 123/243/364 161/182/382
f 125/146/365 123/243/364 163/147/383
s 5
f 225/244/384 226/245/385 224/246/386
f 224/246/386 226/245/385 227/247/387
f 227/247/387 226/245/385 228/248/388
f 228/248/388 226/245/385 229/249/389
f 229/249/389 226/245/385 230/250/390
f 230/250/390 226/245/385 231/251/391
f 231/251/391 226/245/385 232/252/392
f 232/252/392 226/245/385 233/253/393
f 233/253/393 226/245/385 234/254/394
f 234/254/394 226/245/385 235/255/395
f 235/255/395 226/245/385 236/256/396
f 236/256/396 226/245/385 237/257/397
f 237/257/397 226/245/385 238/258/398
f 238/258/398 226/245/385 239/259/399
f 239/259/399 226/245/385 240/260/400
f 240/260/400 226/245/385 241/261/401
f 241/261/401 226/245/385 242/262/402
f 242/262/402 226/245/385 243/263/403
f 243/263/403 226/245/385 244/264/404
f 244/264/404 226/245/385 225/244/384
s 6
f 165/186/405 205/265/406 204/266/407 167/187/408
f 167/187/408 204/266/407 206/267/409 169/189/410
f 169/189/410 206/267/409 207/268/411 171/191/412
f 171/191/412 207/268/411 208/269/413 173/193/414
f 173/193/414 208/269/413 209/270/415 175/195/416
f 175/195/416 209/270/415 210/271/417 177/197/418
f 177/197/418 210/271/417 211/272/419 179/199/420
f 179/199/420 211/272/419 212/273/421 181/201/422
f 181/201/422 212/273/421 213/274/423 183/203/424
f 183/203/424 213/274/423 214/275/425 185/205/426
f 185/205/426 214/275/425 215/276/427 187/207/428
f 187/207/428 215/276/427 216/277/429 189/209/430
f 189/209/430 216/277/429 217/278/431 191/211/432
f 191/211/432 217/278/431 218/279/433 193/213/434
f 193/213/434 218/279/433 219/280/435 195/215/436
f 195/215/436 219/280/435 220/281/437 197/217/438
f 197/217/438 220/281/437 221/282/439 199/219/440
f 199/219/440 221/282/439 222/283/441 201/221/442
f 201/221/442 222/283/441 223/284/443 203/185/444
f 203/185/444 223/284/443 205/265/406 165/186/405
s 7
f 205/265/445 225/244/446 224/246/447 204/266/448
f 204/266/448 224/246/447 227/247/449 206/267/450
f 206/267/450 227/247/449 228/248/451 207/268/452
f 207/268/452 228/248/451 229/249/453 208/269/454
f 208/269/454 229/249/453 230/250/455 209/270/456
f 209/270/456 230/250/455 231/251/457 210/271/458
f 210/271/458 231/251/457 232/252/459 211/272/460
f 211/272/460 232/252/459 233/253/461 212/273/462
f 212/273/462 233/253/461 234/254/463 213/274/464
f 213/274/464 234/254/463 235/255/465 214/275/466
f 214/275/466 235/255/465 236/256/467 215/276/468
f 215/276/468 236/256/467 237/257/469 216/277/470
f 216/277/470 237/257/469 238/258/471 217/278/472
f 217/278/472 238/258/471 239/259/473 218/279/474
f 218/279/474 239/259/473 240/260/475 219/280/476
f 219/280/476 240/260/475 241/261/477 220/281/478
f 220/281/478 241/261/477 242/262/479 221/282/480
f 221/282/480 242/262/479 243/263/481 222/283/482
f 222/283/482 243/263/481 244/264/483 223/284/484
f 223/284/484 244/264/483 225/244/446 205/265/445
g default
v -63.006172 38.162735 -159.330994
v -68.269463 103.980179 -165.267212
v 0.000000 32.176933 165.994370
v 0.000000 38.162735 -159.330994
v 0.000000 103.980186 -165.267212
v 0.000000 169.991821 -141.453979
v -60.975960 133.703354 -160.601501
v 0.000000 62.168495 167.918732
v 0.000000 153.695099 -150.681076
v -53.050419 153.695068 -150.681076
v 0.000000 152.719559 107.681061
v 0.000000 83.882935 161.580856
v 0.000000 87.010170 -165.576492
v 0.000000 169.991821 30.293694
v -53.050419 153.695068 30.293694
v -60.975960 133.703354 30.293793
v -68.269463 103.980179 30.293882
v -69.774734 87.010193 30.293930
v -70.143806 64.923195 30.293951
v -70.143814 43.887421 30.293951
v 0.000000 32.176933 30.293951
v 0.000000 32.176933 -31.834061
v -70.143822 43.887421 -31.834061
v -70.143799 64.923195 -31.834061
v -69.774734 87.010193 -31.834061
v -68.269463 103.980179 -31.834061
v -60.975960 133.703354 -31.834047
v -53.050419 153.695068 -31.834003
v 0.000000 169.991821 -31.834003
v -70.143806 50.852158 30.293951
v -70.143806 50.852180 -31.834061
v -66.241295 32.176910 -118.527855
v -57.663155 103.980186 -165.267212
v -54.713886 87.010170 -165.576492
v -48.179695 32.176933 -31.834061
v -48.179699 32.176933 30.293951
v -50.572670 32.176933 165.994370
v -60.011734 62.168495 167.918732
v -59.202194 83.898323 161.575897
v -56.533237 113.622955 144.356262
v -52.469082 133.703369 128.706055
v -46.569416 152.933762 107.204308
v -36.316822 169.167770 64.530640
v -35.706589 169.991821 30.293694
v -35.706589 169.991821 -31.834003
v -35.706589 169.991821 -141.453979
v -45.234825 153.695084 -150.681076
v -52.733440 133.703354 -160.601501
v -48.179657 32.176952 -57.674492
v 0.000000 32.176945 -57.674480
v -48.179726 32.176926 -118.527855
v 0.000000 32.176933 -118.527847
v -55.837791 62.168495 172.394760
v 0.000000 62.168495 172.394760
v -64.714630 62.168495 172.394760
v -70.143799 62.168507 140.806976
v -50.572689 32.176933 141.112442
v 0.000000 32.176933 141.609406
v -60.975967 133.703354 46.141838
v -60.975964 133.703354 113.387161
v -66.375076 113.697548 46.141846
v -53.050430 153.695053 89.652924
v -53.050426 153.695068 46.141830
v -66.375076 113.697548 129.428162
v -69.774750 83.985855 140.806946
v -68.269485 103.980179 135.899338
v -68.269478 103.980179 46.141846
v -69.774750 87.010223 46.141846
v -70.143806 64.923195 46.141830
v 0.000000 32.176933 42.106323
v -48.179695 32.176933 42.106339
v -70.143814 43.887424 42.769562
v -57.882797 103.980194 150.700989
v 0.000000 103.980194 150.700989
v -69.253296 94.207047 -31.834061
v -69.253288 94.207054 30.293911
v -69.253304 94.207047 46.141846
v -69.253311 94.207047 140.806976
v -58.707203 94.099014 156.574127
v 0.000000 94.077408 156.581818
v 0.000000 94.207054 -165.576492
v -54.713894 94.207054 -165.576492
v -43.514416 166.927643 63.421032
v -41.412594 168.602325 64.413773
v -39.021446 169.164169 64.585434
v -43.514408 166.927658 30.293694
v -40.739189 169.427002 30.293694
v -38.352795 169.984268 30.293694
v -65.158569 113.637131 140.972626
v -64.002754 113.604164 143.343857
v -61.616066 113.633553 144.343170
v -56.995003 133.703354 128.696945
v -59.285969 133.703354 127.536629
v -60.237480 133.703354 124.741638
v -50.381020 152.972412 107.119965
v -52.001537 153.091003 105.362015
v -52.837452 153.202881 100.566292
v -69.506073 62.168495 164.443710
v -68.536102 62.168495 166.900909
v -69.506073 62.168495 167.918732
v -65.178139 83.908081 161.620285
v -67.531418 83.771233 160.607910
v -68.530899 83.788834 158.107391
v -67.975395 94.036514 153.208191
v -66.804268 94.020027 155.631836
v -64.377357 94.107330 156.593384
v -43.514408 166.927658 -31.834003
v -40.739189 169.427002 -31.834007
v -38.352795 169.984268 -31.834003
v -38.352795 169.984268 -141.453979
v -40.739189 169.427002 -141.793015
v -43.514408 166.927658 -143.261810
v -66.971687 103.980194 147.352554
v -65.650620 103.980194 149.734314
v -63.215889 103.980194 150.700989
v -66.383087 62.168495 167.710236
v -50.572670 32.176933 158.451752
v 0.000000 32.176933 158.451782
v 0.000000 166.927658 -143.261810
v -37.415569 166.927658 -143.261810
v 0.000000 169.426987 -141.793030
v -36.681892 169.427002 -141.793015
v -70.143799 73.431641 111.604286
v -70.143799 74.097328 68.662468
v -70.143806 50.852158 47.903847
v -70.143799 43.887421 46.262505
v -48.179695 32.176933 50.484112
v 0.000000 32.176933 50.484112
v -69.774734 87.010170 -67.334763
v -69.253296 94.207047 -67.334770
v -68.269463 103.980179 -67.334763
v -53.050419 153.695068 -67.334724
v -43.514408 166.927658 -67.334702
v -40.739189 169.427002 -67.334694
v -38.352795 169.984268 -67.334702
v -35.706589 169.991821 -67.334702
v 0.000000 169.991821 -67.334702
v -69.774734 87.010162 -103.791153
v -69.253296 94.207054 -100.876305
v -68.269463 103.980179 -99.303413
v -53.050419 153.695068 -123.334549
v -43.514408 166.927658 -122.482941
v -40.739185 169.426987 -122.217178
v -38.352795 169.984268 -122.120987
v -35.706589 169.991821 -122.120987
v 0.000000 169.991821 -122.120987
v -70.143799 51.686291 -49.464481
v -70.682396 43.887421 -48.254189
v -48.179695 32.176933 -50.431740
v 0.000000 32.176933 -50.431732
v 0.000000 32.301296 -127.308327
v -48.179695 32.301296 -127.308327
v -63.006172 32.301296 -127.308319
v -70.143799 74.458237 -106.666809
v -70.143799 64.923225 54.066628
v -66.375053 113.697548 30.294609
v -66.375061 113.697540 -31.834061
v -66.375061 113.697548 -164.340332
v -56.349155 113.575768 -164.345047
v -54.739899 123.690285 -162.985229
v -63.945904 123.826942 -162.974365
v -63.945904 123.826942 -31.834057
v -63.945904 123.826942 30.295431
v -63.945915 123.826942 46.141846
v -63.945915 123.826942 121.881783
v -62.841728 123.769295 133.526581
v -61.847233 123.730278 135.842438
v -59.510025 123.744141 136.922791
v -54.697365 123.731400 136.936417
v 0.000000 81.552513 -165.576492
v -70.143806 73.935059 140.806976
v -70.143791 81.552513 -105.175743
v -54.713879 81.552521 -165.576492
v -43.514408 166.927643 38.250908
v -40.739189 169.427002 38.353485
v -38.352791 169.984268 38.391205
v -35.706593 169.991821 38.390553
v 0.000000 169.991821 38.389118
v -49.930054 143.594940 119.052567
v -54.126415 143.636475 118.956894
v -56.017803 143.666611 117.541557
v -56.885189 143.721954 113.785538
v -57.331879 144.007233 102.323204
v -57.331882 144.007233 46.141846
v -57.331871 144.007233 30.294781
v -57.331871 144.007248 -31.815487
v -57.331875 144.007263 -155.879700
v -49.369190 144.007248 -155.879700
v 0.000000 165.681396 81.618607
v 0.000000 162.803452 -145.485229
v -40.227348 162.803452 -145.485229
v -47.311718 162.803452 -145.485229
v -47.311718 162.803452 -123.141220
v -47.311714 162.803467 -67.334702
v -47.311722 162.803467 -31.833992
v -47.311718 162.803467 30.293688
v -47.311718 162.803467 39.585052
v -46.924515 163.099960 79.869972
v -44.171951 165.231964 81.857697
v -41.785191 165.802216 82.190781
v -38.823071 165.783310 82.081902
v 0.000000 158.128723 -148.232224
v 0.000000 159.534225 95.541534
v -42.876949 159.730774 95.497581
v -46.282448 159.767548 95.502190
v -48.652836 159.203705 94.987289
v -50.130192 158.279297 91.570129
v -50.522594 158.128723 42.813347
v -50.522594 158.128723 30.293686
v -50.522594 158.128723 -31.833984
v -50.522591 158.128723 -67.334709
v -50.522591 158.128738 -123.857941
v -50.522591 158.128738 -148.232224
v -42.971931 158.128723 -148.232224
v -50.522602 158.128708 81.268951
v -47.311726 162.803452 71.056442
v -44.922569 165.319000 71.365395
v -42.586617 167.167999 72.571426
v -40.196384 167.733856 72.814041
v -37.385643 167.724426 72.759590
v 0.000000 167.673477 72.527954
v -70.143799 62.168510 126.041901
v -60.749393 54.699348 -169.733917
v 0.000000 54.699348 -169.733917
v 0.000000 48.895363 -168.422348
v -60.749401 48.895363 -168.422348
v -73.189186 54.699348 -169.733917
v -72.637253 48.895363 -168.422348
v -72.637268 43.888611 -127.331123
v -73.189217 52.474129 -125.698494
v -73.932480 74.458237 -106.666809
v -73.932434 74.458221 -170.944962
v -60.749390 74.458221 -170.944962
v -66.241295 32.235577 -126.949272
v -66.241257 39.136623 -164.651627
v 0.000000 39.136623 -164.651627
v -68.269463 103.980179 -153.911789
v -66.375061 113.697548 -153.068695
v -63.945904 123.826950 -151.817810
v -60.975960 133.703354 -149.640137
v -57.331871 144.007263 -145.314178
v -53.050419 153.695068 -140.488098
v -50.522591 158.128738 -138.260132
v -47.311722 162.803452 -135.769241
v -43.514412 166.927658 -133.725235
v -40.739189 169.427002 -132.435272
v -38.352798 169.984283 -132.125092
v -35.706589 169.991821 -132.125092
v 0.000000 169.991821 -132.125092
v 0.000000 32.176933 -41.019379
v 0.000000 169.991821 -41.019421
v -35.706589 169.991821 -41.019421
v -38.352795 169.984268 -41.019421
v -40.739189 169.427002 -41.019421
v -43.514412 166.927658 -41.019417
v -47.311718 162.803467 -41.019421
v -50.522594 158.128723 -41.019424
v -53.050419 153.695068 -41.019424
v -57.331871 144.007248 -41.019424
v -60.975956 133.703354 -41.019424
v -63.945908 123.826942 -41.019424
v -66.375061 113.697540 -41.019424
v -68.269463 103.980179 -41.019424
v -69.253296 94.207047 -41.019424
v -69.774734 87.010170 -41.019424
v -70.143799 64.923195 -41.019424
v -70.143806 50.852180 -41.019390
v -70.143822 43.887421 -41.019382
v -48.179695 32.176933 -41.019379
v -48.179695 40.979935 61.247978
v -48.179695 43.207996 117.702484
v -48.179840 61.970379 74.216103
v -48.179844 55.318321 65.621857
v -48.179844 47.983456 62.686974
v -48.179840 48.366840 115.985626
v -48.179840 61.328693 103.578094
v -48.179840 54.309174 112.120857
v 0.000000 32.176933 119.170685
v -48.911839 32.176933 119.170685
v -48.718491 43.887421 -59.142670
v -48.179909 51.023388 -61.656708
v -48.817635 63.063404 -100.294235
v -48.817635 62.762440 -75.343742
v -48.229485 50.852158 -114.446190
v -48.179893 43.887421 -116.997658
v -48.179695 32.176933 60.525677
v 0.000000 32.176933 60.525677
v -62.873173 123.537277 -67.334763
v -62.873604 123.537392 -45.019424
v -65.289490 113.461670 -45.019424
v -65.289238 113.461624 -67.334763
v -53.650997 149.587280 -45.019424
v -56.299923 143.597427 -45.019424
v -56.299175 143.597122 -67.334740
v -53.650997 149.587280 -67.334724
v -62.872997 123.537926 -112.820992
v -65.377159 113.461998 -107.829796
v -56.878963 142.145813 -121.664314
v -53.649300 149.587784 -124.849678
v -65.377182 113.063873 -149.089096
v -63.047665 122.909882 -147.867584
v -56.878967 142.145798 -141.631363
v -53.647919 149.588440 -137.914566
v -66.413452 107.693649 -45.019424
v -66.413452 107.693649 -67.334763
v -66.413712 107.693977 -104.580017
v -66.413872 107.694290 -149.556778
v -59.919472 133.359116 -117.810295
v -60.285229 132.262558 -145.796494
v -59.919827 133.358017 -67.334747
v -59.920128 133.358124 -45.019424
v -53.651001 149.587280 50.141838
v -56.299934 143.597412 50.141846
v -63.508797 121.179543 118.715034
v -65.768417 111.248352 126.132927
v -66.414742 107.697456 128.507126
v -66.413467 107.693649 50.141846
v -65.289505 113.461678 50.141846
v -62.873611 123.537392 50.141846
v -59.920139 133.358124 50.141838
v -60.754837 130.795990 110.430756
v -57.392464 140.848557 99.627495
v -53.650642 149.588303 88.198067
v -53.260899 112.699974 143.780640
v -51.437519 122.710236 136.465988
v 0.000000 123.051193 136.235168
v 0.000000 112.995598 143.586685
v 0.000000 142.628525 118.931740
v -46.691849 142.425400 118.877632
v 0.000000 106.188736 148.051910
v -54.174461 106.188927 148.052200
v -49.217983 132.612183 128.347443
v 0.000000 133.038284 128.063202
v -25.286335 32.176933 165.994370
v -25.286335 32.176933 158.451767
v -25.286345 32.176933 141.360931
v -24.455919 32.176933 119.170685
v -24.089848 32.176933 60.525677
v -24.089848 32.176933 50.484112
v -24.089848 32.176933 42.106331
v -24.089849 32.176933 30.293951
v -24.089848 32.176933 -31.834061
v -24.089848 32.176933 -41.019379
v -24.089848 32.176933 -50.431736
v -24.089809 32.176952 -57.674492
v -24.089848 32.176933 -118.527847
v -24.089848 32.300919 -127.306267
v -24.089878 38.162735 -159.330994
v -24.411762 39.136623 -164.651627
v -30.374699 48.895363 -168.422348
v -30.374699 54.699348 -169.733917
v -40.485645 74.458221 -170.944962
v -39.985634 81.552513 -165.576492
v -39.463688 87.010170 -165.576492
v -38.775391 94.207054 -165.576492
v -37.840714 103.980186 -165.267212
v -27.444790 153.695099 -150.681076
v -25.575804 158.128723 -148.232224
v -23.340586 162.803452 -145.485229
v -20.932289 166.927658 -143.261810
v -18.340946 169.427002 -141.793030
v -17.853294 169.991821 -141.453979
v -17.853294 169.991821 -132.125092
v -17.853294 169.991821 -122.120987
v -17.853294 169.991821 -67.334702
v -17.853294 169.991821 -41.019421
v -17.853294 169.991821 -31.834003
v -17.853294 169.991821 30.293694
v -17.853296 169.991821 38.389835
v -18.158411 169.177094 64.400742
v -18.692822 167.698944 72.643768
v -19.411535 165.732361 81.850250
v -21.438475 159.632507 95.519562
v -23.284708 152.826660 107.442688
v -23.345924 142.526962 118.904686
v -24.608992 132.825226 128.205322
v -25.718760 122.880714 136.350586
v -26.630449 112.847786 143.683655
v -27.087231 106.188828 148.052063
v -28.941399 103.980194 150.700989
v -29.353601 94.088211 156.577972
v -29.601097 83.890625 161.578369
v -30.005867 62.168495 167.918732
v -27.918896 62.168495 172.394760
v 0.000000 32.176933 147.493729
v -25.286343 32.176933 147.332062
v -50.572685 32.176933 147.170380
v -69.920990 62.168510 149.065094
v -69.731140 73.775078 148.130722
v -69.340179 83.985847 153.084976
v -68.806839 94.147469 148.520950
v -67.816063 103.980186 142.567368
v -65.950058 113.676437 135.831223
v -63.560139 123.806808 128.159790
v -60.717957 133.703354 119.327705
v -57.175816 143.907562 107.648064
v -52.976021 153.523102 93.465790
v -50.385506 158.181320 84.867935
v -47.176445 162.907043 74.135681
v -44.006390 166.365616 66.196602
v -41.822769 168.101212 67.263863
v -39.431942 168.664459 67.460312
v -36.690243 168.663498 67.405640
v -18.345121 168.660675 67.280655
v -29.601452 82.668480 162.021484
v -29.773659 73.640076 165.294983
v -59.201736 82.675674 162.017639
v 0.000000 73.640076 165.294983
v 0.000000 82.660797 162.024002
v -67.691833 82.492577 160.858688
v -65.231979 82.681236 162.050522
v -68.658920 82.491508 158.122574
v -69.657425 73.524925 149.452820
v -69.317986 82.656860 153.884323
v 0.000000 63.435772 167.628891
v -60.007156 63.436932 167.633957
v -30.005867 63.435772 167.628891
v -66.328766 63.439316 167.437912
v -68.409050 63.456299 166.737457
v -69.404358 63.465515 164.412766
v -69.821716 63.466892 150.262512
v -30.823156 81.540672 162.430450
v -30.973423 73.663170 165.288391
v -59.201309 81.547203 162.425751
v -67.839882 81.547203 161.093140
v -65.283432 81.547203 162.451431
v -68.773445 81.547195 158.135635
v -69.589943 73.294022 150.673218
v -69.296486 81.547203 154.621964
v -60.002934 64.607758 167.370926
v -31.179543 64.605522 167.361145
v -66.277672 64.611740 167.183655
v -68.287872 64.644287 166.582428
v -69.308174 64.662727 164.382965
v -69.730324 64.665428 151.367813
v -31.535913 81.360321 163.985153
v -31.673195 74.073357 166.629929
v -59.551674 74.033432 166.641525
v -59.199680 81.365471 163.980408
v -66.049988 74.050598 166.635803
v -69.094315 73.810150 165.314484
v -69.035912 81.365471 162.339813
v -65.634529 81.365471 163.996231
v -70.344299 73.607910 162.216354
v -70.216629 81.365463 159.210464
v -70.947762 73.204567 151.470230
v -70.678314 81.365463 155.161835
v -60.010536 65.597816 168.583359
v -31.863913 65.600784 168.569382
v -66.507462 65.614342 168.393097
v -69.256256 65.638565 167.555679
v -70.635063 65.486801 164.671631
v -71.075012 65.414986 152.073029
v -70.143799 73.431641 -67.334717
v -69.959259 74.097343 -41.019424
v -69.959259 74.097343 -31.834061
v -69.959259 74.097343 30.293936
v -69.959274 74.097343 46.141846
v -69.959274 79.013351 140.806961
v -69.535660 78.880463 150.607849
v -69.487701 78.090897 151.668579
v -69.443214 77.420609 152.647583
v -70.813034 77.285019 153.316040
v -70.280464 77.486687 160.713409
v -69.065109 77.587814 163.827148
v -65.842255 77.708038 165.316010
v -59.375679 77.699448 165.310974
v -31.604553 77.716843 165.307541
v -30.898289 77.601921 163.859421
v -29.687555 78.154282 163.658234
v 0.000000 78.150436 163.659485
v 0.000000 68.537926 166.461945
v -29.889763 68.537926 166.461945
v -31.076483 69.134346 166.324768
v -31.768555 69.837067 167.599655
v -59.781105 69.815628 167.612442
v -66.278725 69.832474 167.514450
v -69.175285 69.724358 166.435089
v -70.489685 69.547356 163.444000
v -71.011383 69.309776 151.771637
v -69.660133 68.979721 151.020508
v -69.739571 68.495911 149.857666
v -69.826065 67.971794 148.597900
v -70.143799 68.051781 140.806976
v -28.974892 78.812263 163.419647
v 0.000000 78.808510 163.420868
v -28.913895 82.010223 162.260162
v 0.000000 82.002724 162.262619
v 0.000000 77.492363 163.898102
v 0.000000 74.298149 165.056366
v -29.060993 74.298149 165.056366
v -28.999996 77.496117 163.896881
v 0.000000 72.957695 165.451050
v 0.000000 69.220306 166.305878
v -29.174063 69.220306 166.305878
v -29.089014 72.957695 165.451050
v 0.000000 67.855545 166.618011
v 0.000000 64.118149 167.472824
v -29.205118 67.855545 166.618011
v -29.290167 64.118149 167.472824
v 0.000000 76.580109 163.435730
v 0.000000 74.702042 164.116760
v -28.348330 74.702042 164.116760
v -28.312437 76.583771 163.434540
v 0.000000 72.109055 164.880234
v 0.000000 69.736427 165.422897
v -28.458363 69.736427 165.422897
v -28.404369 72.109055 164.880234
v -28.262232 79.216064 162.480072
v 0.000000 79.212402 162.481262
v -28.226341 81.097786 161.797852
v 0.000000 81.090469 161.800247
v 0.000000 67.006905 166.047180
v 0.000000 64.634270 166.589859
v -28.520473 67.006905 166.047180
v -28.574467 64.634270 166.589859
v -59.200474 83.784843 162.147842
v -29.601181 83.778870 162.150665
v -29.601372 83.120842 162.389420
v -59.200222 83.126938 162.386917
v 0.000000 83.771332 162.153183
v 0.000000 83.113274 162.391800
v -67.949768 83.593544 161.008591
v -65.294525 83.781242 162.186279
v -65.330742 83.126328 162.434021
v -68.051918 82.908554 161.162521
v -69.047379 83.548340 158.238983
v -69.107521 82.847610 158.247452
v -70.213089 73.725288 148.464615
v -70.021912 78.755028 150.904190
v -69.999924 78.227943 151.426010
v -70.173706 73.590637 149.176605
v -69.849045 83.706528 153.324066
v -69.804375 82.987251 153.751373
v 0.000000 62.572422 168.339264
v 0.000000 63.254799 168.183182
v -60.018429 62.570286 168.341339
v -30.005846 62.571999 168.339661
v -60.015957 63.253136 168.187302
v -30.005846 63.254246 168.183014
v -66.464790 62.564262 168.139465
v -66.431923 63.246265 167.982559
v -68.884331 62.553413 167.259109
v -68.807480 63.245277 167.158783
v -69.976418 62.512562 164.542358
v -69.924789 63.211590 164.523987
v -70.256943 68.482742 149.589035
v -70.306694 68.006081 148.926254
v -70.385300 62.488804 149.362686
v -70.355881 63.189476 150.008896
v 0.000000 169.991821 -118.264503
v -17.853294 169.991821 -118.264503
v -35.706589 169.991821 -118.264503
v -38.352795 169.984268 -118.264503
v -40.739189 169.427002 -118.348763
v -43.514408 166.927658 -118.581573
v -47.311714 162.803467 -119.158188
v -50.522591 158.128723 -119.786034
v -53.050419 153.695068 -120.966293
v -53.650146 149.587524 -115.625778
v -56.298985 143.597595 -112.448730
v -59.919647 133.358566 -107.085442
v -62.873085 123.537598 -102.131310
v -65.289230 113.461807 -97.276146
v -66.413582 107.693817 -94.464058
v -68.269463 103.980179 -95.359192
v -69.253296 94.207047 -91.387650
v -69.774734 87.010170 -88.841560
v -70.143799 77.996155 -87.679138
v -48.817635 64.248466 -87.679146
v -48.179916 50.852192 -87.538376
v -48.179916 43.887421 -86.780830
v -48.179726 32.176933 -87.249847
v -24.089863 32.176933 -87.249855
v 0.000000 32.176933 -87.249863
v -49.776215 32.176933 132.939743
v -24.888107 32.176933 133.063980
v 0.000000 32.176933 133.188217
v -18.005852 169.584457 59.923553
v -36.011703 169.579803 60.011368
v -38.687119 169.574219 60.047119
v -41.075890 169.014664 59.906754
v -43.514412 166.927643 59.333267
v -47.311722 162.803452 65.155380
v -50.522598 158.128708 75.158577
v -53.050430 153.695068 83.943825
v -53.650421 149.587921 83.215607
v -56.845886 142.222687 92.797035
v -60.336884 132.078384 102.070335
v -63.190765 122.359253 109.003746
v -65.528656 112.355820 115.700592
v -66.414948 107.696609 118.745552
v -68.269485 103.980179 122.441414
v -69.253311 94.207047 125.834961
v -69.774750 84.615211 126.268112
v -69.959274 79.013351 126.154999
v -70.143806 73.935059 126.041893
v -70.143799 67.749878 131.318008
v 0.000000 32.176933 89.166000
v -24.272884 32.176933 89.166000
v -48.545769 32.176933 89.166000
v -48.179695 43.208000 89.166008
v -48.179840 47.983456 89.161942
v -48.179840 55.318336 89.166000
v -48.179840 64.248466 89.166008
v -70.143799 77.996155 89.166016
v -69.774750 89.019386 89.166084
v -69.253311 96.048935 89.166077
v -68.269485 103.980179 89.166061
v -66.414314 107.694702 89.166061
v -65.289078 113.462463 88.814651
v -62.872955 123.538116 86.155273
v -59.919384 133.359406 82.723831
v -56.299244 143.596954 76.978966
v -53.650604 149.587402 70.689255
v -53.050426 153.695068 70.690048
v -50.522598 158.128708 62.535774
v -47.311722 162.803452 54.357330
v -43.514408 166.927658 50.950871
v -40.739189 169.427002 51.097164
v -38.352791 169.984268 51.188347
v -35.706589 169.991821 51.176281
v -17.853294 169.991821 51.143394
v 0.000000 169.991821 51.110504
v -70.143806 50.852158 43.536850
v -69.774750 87.524391 62.951832
v -69.253311 94.631302 62.762085
v -68.269485 103.980179 62.335815
v -66.413467 107.693649 64.335815
v -65.289383 113.461655 63.522911
v -62.873398 123.537338 62.351631
v -59.919987 133.358063 60.939793
v -56.299557 143.597260 59.066601
v -53.651001 149.587280 56.643604
v -53.050426 153.695068 54.643600
v -50.522598 158.128723 49.418350
v -47.311722 162.803467 44.522694
v -43.514408 166.927643 42.453571
v -40.739189 169.427002 42.574039
v -38.352791 169.984268 42.629543
v -35.706589 169.991821 42.625511
v -17.853294 169.991821 42.615128
v 0.000000 169.991821 42.604744
v -70.143799 63.561234 -56.041359
v -73.718399 64.182816 -119.622375
v -73.718361 63.906216 -170.339432
v -60.749390 63.906216 -170.339432
v -30.374695 63.906216 -170.339432
v 0.000000 63.906216 -170.339432
v -48.498772 57.025127 -67.522514
v -48.498775 57.550331 -87.608765
v -48.523556 58.762833 -111.204742
v -17.931589 169.782761 55.649513
v -35.863182 169.780365 55.710590
v -38.524376 169.773834 55.734810
v -40.911991 169.215393 55.618389
v -43.514412 166.927643 55.252853
v -47.311722 162.803452 59.899063
v -50.522598 158.128708 69.014000
v -53.050430 153.695068 77.492096
v -53.650513 149.587677 77.117981
v -56.579788 142.891663 85.097054
v -60.133652 132.701965 92.652771
v -63.036057 122.933105 97.881470
v -65.412033 112.894516 102.612946
v -66.414642 107.695686 104.346733
v -68.269485 103.980179 106.243507
v -69.253311 94.207047 110.096184
v -69.774750 85.354027 111.604218
v -69.866997 81.552505 -87.679146
v -69.866997 81.552505 -67.334755
v -69.866997 81.552505 -41.019424
v -69.866997 81.552505 -31.834061
v -69.866997 81.552505 30.293934
v -69.867012 81.552505 46.141846
v -69.867012 81.552505 62.944866
v -69.867012 83.414070 89.166084
v -69.867012 79.013374 111.604256
v -68.598518 62.168495 167.648529
v -65.548859 62.168495 170.052490
v -57.924763 62.168495 170.156738
v -28.962381 62.168495 170.156738
v 0.000000 62.168495 170.156738
v -56.314224 52.050919 179.584137
v -55.837791 62.168495 179.972122
v -27.918896 62.168495 179.972122
v -28.157112 52.050919 179.584137
v -53.182407 32.176933 189.232361
v -56.790653 43.208000 172.740326
v -28.395327 43.208000 172.740326
v -25.705534 32.176933 189.232361
v -69.476402 32.176880 -31.834061
v -69.476410 32.176880 30.293951
v -77.664917 43.375179 -31.834061
v -77.664917 43.375179 30.293951
v -85.470222 32.176937 136.583694
v -77.793320 43.207993 131.928665
v -77.664925 43.375179 46.262508
v -69.476418 32.176884 50.484127
v -69.476418 32.176880 42.595989
v -77.664917 43.375179 42.769566
v -77.718018 52.050915 129.928543
v -68.917114 43.207993 172.740311
v -67.336555 32.176933 189.232346
v -67.827232 52.050919 179.227295
v -67.292717 62.168495 178.955078
v -74.756706 43.208004 161.464966
v -71.815399 32.176933 189.232346
v -76.777435 52.050919 171.353363
v -75.865021 62.168503 170.690369
v -77.696274 52.050915 149.023499
v -77.493797 62.168495 149.175873
v -77.071701 62.168499 158.098404
v -77.674858 52.050919 157.637573
v -75.914948 43.207996 152.557632
v -80.131905 32.176945 158.631180
v -77.297722 32.176949 169.134872
v -77.721161 64.248466 89.166008
v -77.721161 77.996155 89.166016
v -77.721161 73.431641 111.604286
v -77.721161 61.328693 103.578094
v -77.630585 43.207993 117.702484
v -89.327477 32.176933 119.170654
v -77.712059 48.366844 115.985626
v -77.721161 62.168495 126.041901
v -77.721161 54.309174 112.120857
v -69.476418 32.176880 60.525673
v -77.167603 40.979935 61.247978
v -77.664917 43.375179 -40.932804
v -69.444237 32.176884 -40.932800
v -69.377724 32.176880 -50.345165
v -77.664925 43.375179 -48.184017
v -77.721161 61.970379 74.216103
v -77.721161 55.318325 65.621857
v -77.721161 64.923225 54.066628
v -77.721161 74.097328 68.662468
v 0.000000 62.168495 179.972122
v 0.000000 52.050919 179.216003
v 0.000000 43.208004 172.740326
v 0.000000 32.176933 189.232361
v -77.070984 43.207993 139.970444
v -83.047882 32.176945 146.707733
v -77.717125 52.050915 140.836990
v -77.720520 62.168495 140.862396
v -77.721169 50.852158 47.903847
v -77.721169 47.983456 62.686974
v -77.721161 64.248466 -87.679146
v -77.721161 77.996147 -87.679138
v -77.721161 73.431641 -67.334717
v -77.721161 62.762440 -75.343742
v -77.630577 42.072384 -59.159088
v -69.343338 32.176880 -57.674507
v -77.718018 52.050915 -49.480888
v -77.712059 51.285381 -61.673115
v -77.721161 63.561211 -56.041359
v -77.721161 57.025127 -67.522514
v -69.476418 32.176891 -126.588936
v -69.476418 32.176895 -118.527855
v -75.130745 43.889797 -127.331123
v -77.167603 41.915592 -116.997658
v -77.721161 63.063400 -100.294235
v -77.721161 57.025120 -109.495071
v -77.292992 64.182816 -119.622375
v -77.721161 74.458229 -106.666809
v -76.234627 52.474129 -125.698494
v -77.721169 50.852161 -114.446190
v -71.738701 32.176865 -31.838060
v -71.738708 32.176865 30.293951
v -79.682915 40.979904 -31.838060
v -79.682915 40.979904 30.293951
v -79.682922 40.979912 49.303463
v -71.692581 32.176865 50.444550
v -71.723137 32.176865 42.556412
v -79.682915 40.979904 42.729988
v -84.178123 64.248466 89.166008
v -82.155098 73.012772 89.166016
v -81.640610 69.187111 108.932755
v -83.046822 61.328693 103.578094
v -79.126694 51.919220 126.723579
v -79.431313 48.366844 115.985626
v -80.376549 58.757652 121.392311
v -81.508812 54.309177 112.120857
v -71.677605 32.176861 60.525673
v -82.425247 40.979935 61.247978
v -79.682915 40.979904 -40.889664
v -71.680046 32.176861 -40.889660
v -71.558693 32.176861 -50.299648
v -80.171974 41.254959 -50.504124
v -84.007339 61.970379 74.216103
v -83.418953 55.318325 65.621857
v -80.706429 61.193119 57.009945
v -82.013474 70.010643 70.582481
v -79.882759 50.026192 51.716774
v -82.944725 47.983456 62.686974
v -84.593895 64.248466 -87.679146
v -82.155067 73.012787 -87.679138
v -81.640594 69.749001 -69.644753
v -84.216293 63.063400 -75.343742
v -82.425224 40.979939 -59.163120
v -71.495956 32.176861 -57.677750
v -80.171967 50.876404 -52.608631
v -82.767029 47.896797 -61.675056
v -80.376541 60.324596 -58.841019
v -83.305542 56.189426 -67.071182
v -77.952957 42.933895 -124.948792
v -80.439117 43.207970 -116.997658
v -84.408348 62.762444 -100.294235
v -83.559792 57.025120 -109.495071
v -80.846581 61.334129 -116.383224
v -82.013451 70.010651 -106.666809
v -79.323997 51.430939 -122.465378
v -81.675446 48.422573 -114.446190
v -73.159737 43.207996 169.580688
v -56.765717 43.263615 169.681992
v -56.289288 50.656643 176.294678
v -28.167864 50.656639 176.295090
v -28.406078 43.263611 169.681992
v -66.619202 50.656639 176.160751
v -67.709084 43.263611 169.681992
v 0.000000 50.656639 175.912964
v 0.000000 43.263611 169.445511
v -70.095291 43.263607 167.960831
v -73.712990 50.656643 169.725281
v -70.858490 43.263603 162.088348
v -73.912148 50.656639 158.894745
v -54.713871 74.458176 -165.576492
v 0.000000 74.458176 -165.576492
v -40.830524 74.458176 -165.576492
v 0.000000 32.176933 181.527100
v -25.495926 32.176933 181.527100
v -51.877518 32.176933 181.527100
v -62.861870 32.176933 181.527100
v -67.410782 32.176933 177.613358
v -70.151947 32.176941 163.793304
v -71.569038 32.176941 152.801422
v -73.027023 32.176941 143.757370
v -74.238197 32.176933 134.715118
v -76.166809 32.176933 119.170662
v -74.156494 43.207996 117.702484
v -73.927933 48.366844 115.985626
v -73.932480 54.309174 112.120857
v -73.932480 61.328693 103.578094
v -73.932480 64.248466 89.166008
v -73.932480 61.970379 74.216103
v -73.932480 55.318321 65.621857
v -73.932487 47.983456 62.686974
v -73.655701 40.979935 61.247978
v -66.241295 32.176903 60.525673
v -66.241295 32.176910 50.484123
v -66.241295 32.176907 42.595985
v -66.241287 32.176907 30.293951
v -66.241287 32.176907 -31.834061
v -66.225204 32.176910 -40.976089
v -66.191948 32.176907 -50.388451
v -66.174736 32.176918 -57.674496
v -74.156487 42.979904 -59.150879
v -73.927933 51.154385 -61.664909
v -73.932480 57.025127 -67.522514
v -73.932480 62.762440 -75.343742
v -73.932480 64.248466 -87.679146
v -73.932480 63.063400 -100.294235
v -73.932480 57.025120 -109.495071
v -73.932487 50.852158 -114.446190
v -73.655701 42.901505 -116.997658
v 0.000000 37.046017 -153.230057
v -24.089872 37.045940 -153.229645
v -63.006172 37.046017 -153.230057
v -66.241264 37.821835 -157.468567
v -72.637253 47.941475 -160.593643
v -73.189194 54.392479 -159.059937
v -73.718369 63.937614 -156.868759
v -73.932449 74.492989 -153.551453
v -70.143799 74.458199 -148.201752
v -70.143791 81.552513 -148.201767
v -69.774734 87.010162 -148.201767
v -69.253296 94.207062 -148.201767
v 63.006172 38.162735 -159.330994
v 68.269463 103.980179 -165.267212
v 60.975960 133.703354 -160.601501
v 53.050419 153.695068 -150.681076
v 53.050419 153.695068 30.293694
v 60.975960 133.703354 30.293793
v 68.269463 103.980179 30.293882
v 69.774734 87.010193 30.293930
v 70.143806 64.923195 30.293951
v 70.143814 43.887421 30.293951
v 70.143822 43.887421 -31.834061
v 70.143799 64.923195 -31.834061
v 69.774734 87.010193 -31.834061
v 68.269463 103.980179 -31.834061
v 60.975960 133.703354 -31.834047
v 53.050419 153.695068 -31.834003
v 70.143806 50.852158 30.293951
v 70.143806 50.852180 -31.834061
v 66.241295 32.176910 -118.527855
v 57.663155 103.980186 -165.267212
v 54.713886 87.010170 -165.576492
v 48.179695 32.176933 -31.834061
v 48.179699 32.176933 30.293951
v 50.572670 32.176933 165.994370
v 60.011734 62.168495 167.918732
v 59.202194 83.898323 161.575897
v 56.533237 113.622955 144.356262
v 52.469082 133.703369 128.706055
v 46.569416 152.933762 107.204308
v 36.316822 169.167770 64.530640
v 35.706589 169.991821 30.293694
v 35.706589 169.991821 -31.834003
v 35.706589 169.991821 -141.453979
v 45.234825 153.695084 -150.681076
v 52.733440 133.703354 -160.601501
v 48.179657 32.176952 -57.674492
v 48.179726 32.176926 -118.527855
v 55.837791 62.168495 172.394760
v 64.714630 62.168495 172.394760
v 51.399918 133.703354 30.293793
v 51.399918 103.980186 30.293882
v 51.399918 103.980186 -31.834061
v 51.399918 133.703354 -31.834047
v 51.399918 64.923195 30.293951
v 51.399918 50.852180 30.293951
v 51.399918 50.852180 -31.834061
v 51.399918 64.923195 -31.834061
v 51.399918 151.220612 30.293694
v 51.399918 151.220612 -31.834003
v 51.399918 87.010201 30.293930
v 51.399918 87.010201 -31.834061
v 51.399918 43.887421 30.293951
v 51.399918 43.887421 -31.834061
v 70.143799 62.168507 140.806976
v 50.572689 32.176933 141.112442
v 60.975967 133.703354 46.141838
v 60.975964 133.703354 113.387161
v 66.375076 113.697548 46.141846
v 53.050430 153.695053 89.652924
v 53.050426 153.695068 46.141830
v 66.375076 113.697548 129.428162
v 69.774750 83.985855 140.806946
v 68.269485 103.980179 135.899338
v 68.269478 103.980179 46.141846
v 69.774750 87.010223 46.141846
v 70.143806 64.923195 46.141830
v 48.179695 32.176933 42.106339
v 70.143814 43.887424 42.769562
v 57.882797 103.980194 150.700989
v 69.253296 94.207047 -31.834061
v 51.399918 94.554916 -31.834061
v 51.399918 94.554916 30.293911
v 69.253288 94.207054 30.293911
v 69.253304 94.207047 46.141846
v 69.253311 94.207047 140.806976
v 58.707203 94.099014 156.574127
v 54.713894 94.207054 -165.576492
v 43.514416 166.927643 63.421032
v 41.412594 168.602325 64.413773
v 39.021446 169.164169 64.585434
v 43.514408 166.927658 30.293694
v 40.739189 169.427002 30.293694
v 38.352795 169.984268 30.293694
v 65.158569 113.637131 140.972626
v 64.002754 113.604164 143.343857
v 61.616066 113.633553 144.343170
v 56.995003 133.703354 128.696945
v 59.285969 133.703354 127.536629
v 60.237480 133.703354 124.741638
v 50.381020 152.972412 107.119965
v 52.001537 153.091003 105.362015
v 52.837452 153.202881 100.566292
v 69.506073 62.168495 164.443710
v 68.536102 62.168495 166.900909
v 69.506073 62.168495 167.918732
v 65.178139 83.908081 161.620285
v 67.531418 83.771233 160.607910
v 68.530899 83.788834 158.107391
v 67.975395 94.036514 153.208191
v 66.804268 94.020027 155.631836
v 64.377357 94.107330 156.593384
v 43.514408 166.927658 -31.834003
v 40.739189 169.427002 -31.834007
v 38.352795 169.984268 -31.834003
v 38.352795 169.984268 -141.453979
v 40.739189 169.427002 -141.793015
v 43.514408 166.927658 -143.261810
v 66.971687 103.980194 147.352554
v 65.650620 103.980194 149.734314
v 63.215889 103.980194 150.700989
v 66.383087 62.168495 167.710236
v 50.572670 32.176933 158.451752
v 37.415569 166.927658 -143.261810
v 36.681892 169.427002 -141.793015
v 70.143799 73.431641 111.604286
v 70.143799 74.097328 68.662468
v 70.143806 50.852158 47.903847
v 70.143799 43.887421 46.262505
v 48.179695 32.176933 50.484112
v 69.774734 87.010170 -67.334763
v 69.253296 94.207047 -67.334770
v 68.269463 103.980179 -67.334763
v 53.050419 153.695068 -67.334724
v 43.514408 166.927658 -67.334702
v 40.739189 169.427002 -67.334694
v 38.352795 169.984268 -67.334702
v 35.706589 169.991821 -67.334702
v 69.774734 87.010162 -103.791153
v 69.253296 94.207054 -100.876305
v 68.269463 103.980179 -99.303413
v 53.050419 153.695068 -123.334549
v 43.514408 166.927658 -122.482941
v 40.739185 169.426987 -122.217178
v 38.352795 169.984268 -122.120987
v 35.706589 169.991821 -122.120987
v 70.143799 51.686291 -49.464481
v 70.682396 43.887421 -48.254189
v 48.179695 32.176933 -50.431740
v 48.179695 32.301296 -127.308327
v 63.006172 32.301296 -127.308319
v 70.143799 74.458237 -106.666809
v 70.143799 64.923225 54.066628
v 66.375053 113.697548 30.294609
v 51.399918 113.534096 30.293854
v 51.399918 113.534096 -31.834061
v 66.375061 113.697540 -31.834061
v 66.375061 113.697548 -164.340332
v 56.349155 113.575768 -164.345047
v 54.739899 123.690285 -162.985229
v 63.945904 123.826942 -162.974365
v 63.945904 123.826942 -31.834057
v 51.399918 123.638664 -31.834057
v 51.399918 123.638664 30.293823
v 63.945904 123.826942 30.295431
v 63.945915 123.826942 46.141846
v 63.945915 123.826942 121.881783
v 62.841728 123.769295 133.526581
v 61.847233 123.730278 135.842438
v 59.510025 123.744141 136.922791
v 54.697365 123.731400 136.936417
v 70.143806 73.935059 140.806976
v 70.143791 81.552513 -105.175743
v 54.713879 81.552521 -165.576492
v 43.514408 166.927643 38.250908
v 40.739189 169.427002 38.353485
v 38.352791 169.984268 38.391205
v 35.706593 169.991821 38.390553
v 49.930054 143.594940 119.052567
v 54.126415 143.636475 118.956894
v 56.017803 143.666611 117.541557
v 56.885189 143.721954 113.785538
v 57.331879 144.007233 102.323204
v 57.331882 144.007233 46.141846
v 57.331871 144.007233 30.294781
v 51.399918 144.265366 30.293756
v 51.399918 144.265366 -31.834030
v 57.331871 144.007248 -31.815487
v 57.331875 144.007263 -155.879700
v 49.369190 144.007248 -155.879700
v 40.227348 162.803452 -145.485229
v 47.311718 162.803452 -145.485229
v 47.311718 162.803452 -123.141220
v 47.311714 162.803467 -67.334702
v 47.311722 162.803467 -31.833992
v 47.311718 162.803467 30.293688
v 47.311718 162.803467 39.585052
v 46.924515 163.099960 79.869972
v 44.171951 165.231964 81.857697
v 41.785191 165.802216 82.190781
v 38.823071 165.783310 82.081902
v 42.876949 159.730774 95.497581
v 46.282448 159.767548 95.502190
v 48.652836 159.203705 94.987289
v 50.130192 158.279297 91.570129
v 50.522594 158.128723 42.813347
v 50.522594 158.128723 30.293686
v 50.522594 158.128723 -31.833984
v 50.522591 158.128723 -67.334709
v 50.522591 158.128738 -123.857941
v 50.522591 158.128738 -148.232224
v 42.971931 158.128723 -148.232224
v 50.522602 158.128708 81.268951
v 47.311726 162.803452 71.056442
v 44.922569 165.319000 71.365395
v 42.586617 167.167999 72.571426
v 40.196384 167.733856 72.814041
v 37.385643 167.724426 72.759590
v 70.143799 62.168510 126.041901
v 60.749393 54.699348 -169.733917
v 60.749401 48.895363 -168.422348
v 73.189186 54.699348 -169.733917
v 72.637253 48.895363 -168.422348
v 72.637268 43.888611 -127.331123
v 73.189217 52.474129 -125.698494
v 73.932480 74.458237 -106.666809
v 73.932434 74.458221 -170.944962
v 60.749390 74.458221 -170.944962
v 66.241295 32.235577 -126.949272
v 66.241257 39.136623 -164.651627
v 68.269463 103.980179 -153.911789
v 66.375061 113.697548 -153.068695
v 63.945904 123.826950 -151.817810
v 60.975960 133.703354 -149.640137
v 57.331871 144.007263 -145.314178
v 53.050419 153.695068 -140.488098
v 50.522591 158.128738 -138.260132
v 47.311722 162.803452 -135.769241
v 43.514412 166.927658 -133.725235
v 40.739189 169.427002 -132.435272
v 38.352798 169.984283 -132.125092
v 35.706589 169.991821 -132.125092
v 35.706589 169.991821 -41.019421
v 38.352795 169.984268 -41.019421
v 40.739189 169.427002 -41.019421
v 43.514412 166.927658 -41.019417
v 47.311718 162.803467 -41.019421
v 50.522594 158.128723 -41.019424
v 53.050419 153.695068 -41.019424
v 57.331871 144.007248 -41.019424
v 60.975956 133.703354 -41.019424
v 63.945908 123.826942 -41.019424
v 66.375061 113.697540 -41.019424
v 68.269463 103.980179 -41.019424
v 69.253296 94.207047 -41.019424
v 69.774734 87.010170 -41.019424
v 70.143799 64.923195 -41.019424
v 70.143806 50.852180 -41.019390
v 70.143822 43.887421 -41.019382
v 48.179695 32.176933 -41.019379
v 48.179695 40.979935 61.247978
v 48.179695 43.207996 117.702484
v 48.179840 61.970379 74.216103
v 48.179844 55.318321 65.621857
v 48.179844 47.983456 62.686974
v 48.179840 48.366840 115.985626
v 48.179840 61.328693 103.578094
v 48.179840 54.309174 112.120857
v 48.911839 32.176933 119.170685
v 48.718491 43.887421 -59.142670
v 48.179909 51.023388 -61.656708
v 48.817635 63.063404 -100.294235
v 48.817635 62.762440 -75.343742
v 48.229485 50.852158 -114.446190
v 48.179893 43.887421 -116.997658
v 48.179695 32.176933 60.525677
v 62.873173 123.537277 -67.334763
v 62.873604 123.537392 -45.019424
v 65.289490 113.461670 -45.019424
v 65.289238 113.461624 -67.334763
v 53.650997 149.587280 -45.019424
v 56.299923 143.597427 -45.019424
v 56.299175 143.597122 -67.334740
v 53.650997 149.587280 -67.334724
v 62.872997 123.537926 -112.820992
v 65.377159 113.461998 -107.829796
v 56.878963 142.145813 -121.664314
v 53.649300 149.587784 -124.849678
v 65.377182 113.063873 -149.089096
v 63.047665 122.909882 -147.867584
v 56.878967 142.145798 -141.631363
v 53.647919 149.588440 -137.914566
v 66.413452 107.693649 -45.019424
v 66.413452 107.693649 -67.334763
v 66.413712 107.693977 -104.580017
v 66.413872 107.694290 -149.556778
v 59.919472 133.359116 -117.810295
v 60.285229 132.262558 -145.796494
v 59.919827 133.358017 -67.334747
v 59.920128 133.358124 -45.019424
v 53.651001 149.587280 50.141838
v 56.299934 143.597412 50.141846
v 63.508797 121.179543 118.715034
v 65.768417 111.248352 126.132927
v 66.414742 107.697456 128.507126
v 66.413467 107.693649 50.141846
v 65.289505 113.461678 50.141846
v 62.873611 123.537392 50.141846
v 59.920139 133.358124 50.141838
v 60.754837 130.795990 110.430756
v 57.392464 140.848557 99.627495
v 53.650642 149.588303 88.198067
v 53.260899 112.699974 143.780640
v 51.437519 122.710236 136.465988
v 46.691849 142.425400 118.877632
v 54.174461 106.188927 148.052200
v 49.217983 132.612183 128.347443
v 25.286335 32.176933 165.994370
v 25.286335 32.176933 158.451767
v 25.286345 32.176933 141.360931
v 24.455919 32.176933 119.170685
v 24.089848 32.176933 60.525677
v 24.089848 32.176933 50.484112
v 24.089848 32.176933 42.106331
v 24.089849 32.176933 30.293951
v 24.089848 32.176933 -31.834061
v 24.089848 32.176933 -41.019379
v 24.089848 32.176933 -50.431736
v 24.089809 32.176952 -57.674492
v 24.089848 32.176933 -118.527847
v 24.089848 32.300919 -127.306267
v 24.089878 38.162735 -159.330994
v 24.411762 39.136623 -164.651627
v 30.374699 48.895363 -168.422348
v 30.374699 54.699348 -169.733917
v 40.485649 74.458221 -170.944962
v 39.985630 81.552513 -165.576492
v 39.463680 87.010170 -165.576492
v 38.775387 94.207054 -165.576492
v 37.840714 103.980186 -165.267212
v 27.444790 153.695099 -150.681076
v 25.575804 158.128723 -148.232224
v 23.340586 162.803452 -145.485229
v 20.932289 166.927658 -143.261810
v 18.340946 169.427002 -141.793030
v 17.853294 169.991821 -141.453979
v 17.853294 169.991821 -132.125092
v 17.853294 169.991821 -122.120987
v 17.853294 169.991821 -67.334702
v 17.853294 169.991821 -41.019421
v 17.853294 169.991821 -31.834003
v 17.853294 169.991821 30.293694
v 17.853296 169.991821 38.389835
v 18.158411 169.177094 64.400742
v 18.692822 167.698944 72.643768
v 19.411535 165.732361 81.850250
v 21.438475 159.632507 95.519562
v 23.284708 152.826660 107.442688
v 23.345924 142.526962 118.904686
v 24.608992 132.825226 128.205322
v 25.718760 122.880714 136.350586
v 26.630449 112.847786 143.683655
v 27.087231 106.188828 148.052063
v 28.941399 103.980194 150.700989
v 29.353601 94.088211 156.577972
v 29.601097 83.890625 161.578369
v 30.005867 62.168495 167.918732
v 27.918896 62.168495 172.394760
v 25.286343 32.176933 147.332062
v 50.572685 32.176933 147.170380
v 69.920990 62.168510 149.065094
v 69.731140 73.775078 148.130722
v 69.340179 83.985855 153.084991
v 68.806839 94.147469 148.520950
v 67.816063 103.980186 142.567368
v 65.950058 113.676437 135.831223
v 63.560139 123.806808 128.159790
v 60.717957 133.703354 119.327705
v 57.175816 143.907562 107.648064
v 52.976021 153.523102 93.465790
v 50.385506 158.181320 84.867935
v 47.176445 162.907043 74.135681
v 44.006390 166.365616 66.196602
v 41.822769 168.101212 67.263863
v 39.431942 168.664459 67.460312
v 36.690243 168.663498 67.405640
v 18.345121 168.660675 67.280655
v 29.601452 82.668480 162.021484
v 29.773659 73.640076 165.294983
v 59.201736 82.675674 162.017639
v 67.691833 82.492577 160.858688
v 65.231979 82.681236 162.050522
v 68.658920 82.491508 158.122574
v 69.657425 73.524925 149.452820
v 69.317986 82.656860 153.884323
v 60.007156 63.436932 167.633957
v 30.005867 63.435772 167.628891
v 66.328766 63.439316 167.437912
v 68.409050 63.456299 166.737457
v 69.404358 63.465515 164.412766
v 69.821716 63.466892 150.262512
v 30.823156 81.540672 162.430450
v 30.973423 73.663170 165.288391
v 59.201309 81.547203 162.425751
v 67.839882 81.547203 161.093140
v 65.283432 81.547203 162.451431
v 68.773445 81.547195 158.135635
v 69.589943 73.294022 150.673218
v 69.296486 81.547203 154.621964
v 60.002934 64.607758 167.370926
v 31.179543 64.605522 167.361145
v 66.277672 64.611740 167.183655
v 68.287872 64.644287 166.582428
v 69.308174 64.662727 164.382965
v 69.730324 64.665428 151.367813
v 31.535913 81.360321 163.985153
v 31.673195 74.073357 166.629929
v 59.551674 74.033432 166.641525
v 59.199680 81.365471 163.980408
v 66.049988 74.050598 166.635803
v 69.094315 73.810150 165.314484
v 69.035912 81.365471 162.339813
v 65.634529 81.365471 163.996231
v 70.344299 73.607910 162.216354
v 70.216629 81.365463 159.210464
v 70.947762 73.204567 151.470230
v 70.678314 81.365463 155.161835
v 60.010536 65.597816 168.583359
v 31.863913 65.600784 168.569382
v 66.507462 65.614342 168.393097
v 69.256256 65.638565 167.555679
v 70.635063 65.486801 164.671631
v 71.075012 65.414986 152.073029
v 70.143799 73.431641 -67.334717
v 69.959259 74.097343 -41.019424
v 69.959259 74.097343 -31.834061
v 51.399918 74.097343 -31.834061
v 51.399918 74.097343 30.293936
v 69.959259 74.097343 30.293936
v 69.959274 74.097343 46.141846
v 69.959274 79.013351 140.806961
v 69.535660 78.880463 150.607849
v 69.487701 78.090897 151.668579
v 69.443214 77.420609 152.647583
v 70.813034 77.285019 153.316040
v 70.280464 77.486687 160.713409
v 69.065109 77.587814 163.827148
v 65.842255 77.708038 165.316010
v 59.375679 77.699448 165.310974
v 31.604553 77.716843 165.307541
v 30.898289 77.601921 163.859421
v 29.687555 78.154282 163.658234
v 29.889763 68.537926 166.461945
v 31.076483 69.134346 166.324768
v 31.768555 69.837067 167.599655
v 59.781105 69.815628 167.612442
v 66.278725 69.832474 167.514450
v 69.175285 69.724358 166.435089
v 70.489685 69.547356 163.444000
v 71.011383 69.309776 151.771637
v 69.660133 68.979721 151.020508
v 69.739571 68.495911 149.857666
v 69.826065 67.971794 148.597900
v 70.143799 68.051781 140.806976
v 28.974892 78.812263 163.419647
v 28.913895 82.010223 162.260162
v 29.060993 74.298149 165.056366
v 28.999996 77.496117 163.896881
v 29.174063 69.220306 166.305878
v 29.089014 72.957695 165.451050
v 29.205118 67.855545 166.618011
v 29.290167 64.118149 167.472824
v 28.348330 74.702042 164.116760
v 28.312437 76.583771 163.434540
v 28.458363 69.736427 165.422897
v 28.404369 72.109055 164.880234
v 28.262232 79.216064 162.480072
v 28.226341 81.097786 161.797852
v 28.520473 67.006905 166.047180
v 28.574467 64.634270 166.589859
v 59.200474 83.784843 162.147842
v 29.601181 83.778870 162.150665
v 29.601372 83.120842 162.389420
v 59.200222 83.126938 162.386917
v 67.949768 83.593544 161.008591
v 65.294525 83.781242 162.186279
v 65.330742 83.126328 162.434021
v 68.051918 82.908554 161.162521
v 69.047379 83.548340 158.238983
v 69.107521 82.847610 158.247452
v 70.213089 73.725288 148.464615
v 70.021912 78.755028 150.904190
v 69.999924 78.227943 151.426010
v 70.173706 73.590637 149.176605
v 69.849045 83.706528 153.324066
v 69.804375 82.987251 153.751373
v 60.018429 62.570286 168.341339
v 30.005846 62.571999 168.339661
v 60.015957 63.253136 168.187302
v 30.005846 63.254246 168.183014
v 66.464790 62.564262 168.139465
v 66.431923 63.246265 167.982559
v 68.884331 62.553413 167.259109
v 68.807480 63.245277 167.158783
v 69.976418 62.512562 164.542358
v 69.924789 63.211590 164.523987
v 70.256943 68.482742 149.589035
v 70.306694 68.006081 148.926254
v 70.385300 62.488804 149.362686
v 70.355881 63.189476 150.008896
v 17.853294 169.991821 -118.264503
v 35.706589 169.991821 -118.264503
v 38.352795 169.984268 -118.264503
v 40.739189 169.427002 -118.348763
v 43.514408 166.927658 -118.581573
v 47.311714 162.803467 -119.158188
v 50.522591 158.128723 -119.786034
v 53.050419 153.695068 -120.966293
v 53.650146 149.587524 -115.625778
v 56.298985 143.597595 -112.448730
v 59.919647 133.358566 -107.085442
v 62.873085 123.537598 -102.131310
v 65.289230 113.461807 -97.276146
v 66.413582 107.693817 -94.464058
v 68.269463 103.980179 -95.359192
v 69.253296 94.207047 -91.387650
v 69.774734 87.010170 -88.841560
v 70.143799 77.996155 -87.679138
v 48.817635 64.248466 -87.679146
v 48.179916 50.852192 -87.538376
v 48.179916 43.887421 -86.780830
v 48.179726 32.176933 -87.249847
v 24.089863 32.176933 -87.249855
v 49.776215 32.176933 132.939743
v 24.888107 32.176933 133.063980
v 18.005852 169.584457 59.923553
v 36.011703 169.579803 60.011368
v 38.687119 169.574219 60.047119
v 41.075890 169.014664 59.906754
v 43.514412 166.927643 59.333267
v 47.311722 162.803452 65.155380
v 50.522598 158.128708 75.158577
v 53.050430 153.695068 83.943825
v 53.650421 149.587921 83.215607
v 56.845886 142.222687 92.797035
v 60.336884 132.078384 102.070335
v 63.190765 122.359253 109.003746
v 65.528656 112.355820 115.700592
v 66.414948 107.696609 118.745552
v 68.269485 103.980179 122.441414
v 69.253311 94.207047 125.834961
v 69.774750 84.615211 126.268112
v 69.959274 79.013351 126.154999
v 70.143806 73.935059 126.041893
v 70.143799 67.749878 131.318008
v 24.272884 32.176933 89.166000
v 48.545769 32.176933 89.166000
v 48.179695 43.208000 89.166008
v 48.179840 47.983456 89.161942
v 48.179840 55.318336 89.166000
v 48.179840 64.248466 89.166008
v 70.143799 77.996155 89.166016
v 69.774750 89.019386 89.166084
v 69.253311 96.048935 89.166077
v 68.269485 103.980179 89.166061
v 66.414314 107.694702 89.166061
v 65.289078 113.462463 88.814651
v 62.872955 123.538116 86.155273
v 59.919384 133.359406 82.723831
v 56.299244 143.596954 76.978966
v 53.650604 149.587402 70.689255
v 53.050426 153.695068 70.690048
v 50.522598 158.128708 62.535774
v 47.311722 162.803452 54.357330
v 43.514408 166.927658 50.950871
v 40.739189 169.427002 51.097164
v 38.352791 169.984268 51.188347
v 35.706589 169.991821 51.176281
v 17.853294 169.991821 51.143394
v 70.143806 50.852158 43.536850
v 69.774750 87.524391 62.951832
v 69.253311 94.631302 62.762085
v 68.269485 103.980179 62.335815
v 66.413467 107.693649 64.335815
v 65.289383 113.461655 63.522911
v 62.873398 123.537338 62.351631
v 59.919987 133.358063 60.939793
v 56.299557 143.597260 59.066601
v 53.651001 149.587280 56.643604
v 53.050426 153.695068 54.643600
v 50.522598 158.128723 49.418350
v 47.311722 162.803467 44.522694
v 43.514408 166.927643 42.453571
v 40.739189 169.427002 42.574039
v 38.352791 169.984268 42.629543
v 35.706589 169.991821 42.625511
v 17.853294 169.991821 42.615128
v 70.143799 63.561234 -56.041359
v 73.718399 64.182816 -119.622375
v 73.718361 63.906216 -170.339432
v 60.749390 63.906216 -170.339432
v 30.374695 63.906216 -170.339432
v 48.498772 57.025127 -67.522514
v 48.498775 57.550331 -87.608765
v 48.523556 58.762833 -111.204742
v 17.931589 169.782761 55.649513
v 35.863182 169.780365 55.710590
v 38.524376 169.773834 55.734810
v 40.911991 169.215393 55.618389
v 43.514412 166.927643 55.252853
v 47.311722 162.803452 59.899063
v 50.522598 158.128708 69.014000
v 53.050430 153.695068 77.492096
v 53.650513 149.587677 77.117981
v 56.579788 142.891663 85.097054
v 60.133652 132.701965 92.652771
v 63.036057 122.933105 97.881470
v 65.412033 112.894516 102.612946
v 66.414642 107.695686 104.346733
v 68.269485 103.980179 106.243507
v 69.253311 94.207047 110.096184
v 69.774750 85.354027 111.604218
v 69.866997 81.552505 -87.679146
v 69.866997 81.552505 -67.334755
v 69.866997 81.552505 -41.019424
v 69.866997 81.552505 -31.834061
v 51.399918 81.552521 -31.834061
v 51.399918 81.552521 30.293934
v 69.866997 81.552505 30.293934
v 69.867012 81.552505 46.141846
v 69.867012 81.552505 62.944866
v 69.867012 83.414070 89.166084
v 69.867012 79.013374 111.604256
v 68.598518 62.168495 167.648529
v 65.548859 62.168495 170.052490
v 57.924763 62.168495 170.156738
v 28.962381 62.168495 170.156738
v 56.314224 52.050919 179.584137
v 55.837791 62.168495 179.972122
v 27.918896 62.168495 179.972122
v 28.157112 52.050919 179.584137
v 53.182407 32.176933 189.232361
v 56.790653 43.208000 172.740326
v 28.395327 43.208000 172.740326
v 25.705534 32.176933 189.232361
v 69.476402 32.176880 -31.834061
v 69.476410 32.176880 30.293951
v 77.664917 43.375179 -31.834061
v 77.664917 43.375179 30.293951
v 85.470222 32.176937 136.583694
v 77.793320 43.207993 131.928665
v 77.664925 43.375179 46.262508
v 69.476418 32.176884 50.484127
v 69.476418 32.176880 42.595989
v 77.664917 43.375179 42.769566
v 77.718018 52.050915 129.928543
v 68.917114 43.207993 172.740311
v 67.336555 32.176933 189.232346
v 67.827232 52.050919 179.227295
v 67.292717 62.168495 178.955078
v 74.756706 43.208004 161.464966
v 71.815399 32.176933 189.232346
v 76.777435 52.050919 171.353363
v 75.865021 62.168503 170.690369
v 77.696274 52.050915 149.023499
v 77.493797 62.168495 149.175873
v 77.071701 62.168499 158.098404
v 77.674858 52.050919 157.637573
v 75.914948 43.207996 152.557632
v 80.131905 32.176945 158.631180
v 77.297722 32.176949 169.134872
v 77.721161 64.248466 89.166008
v 77.721161 77.996155 89.166016
v 77.721161 73.431641 111.604286
v 77.721161 61.328693 103.578094
v 77.630585 43.207993 117.702484
v 89.327477 32.176933 119.170654
v 77.712059 48.366844 115.985626
v 77.721161 62.168495 126.041901
v 77.721161 54.309174 112.120857
v 69.476418 32.176880 60.525673
v 77.167603 40.979935 61.247978
v 77.664917 43.375179 -40.932804
v 69.444237 32.176884 -40.932800
v 69.377724 32.176880 -50.345165
v 77.664925 43.375179 -48.184017
v 77.721161 61.970379 74.216103
v 77.721161 55.318325 65.621857
v 77.721161 64.923225 54.066628
v 77.721161 74.097328 68.662468
v 77.070984 43.207993 139.970444
v 83.047882 32.176945 146.707733
v 77.717125 52.050915 140.836990
v 77.720520 62.168495 140.862396
v 77.721169 50.852158 47.903847
v 77.721169 47.983456 62.686974
v 77.721161 64.248466 -87.679146
v 77.721161 77.996147 -87.679138
v 77.721161 73.431641 -67.334717
v 77.721161 62.762440 -75.343742
v 77.630577 42.072384 -59.159088
v 69.343338 32.176880 -57.674507
v 77.718018 52.050915 -49.480888
v 77.712059 51.285381 -61.673115
v 77.721161 63.561211 -56.041359
v 77.721161 57.025127 -67.522514
v 69.476418 32.176891 -126.588936
v 69.476418 32.176895 -118.527855
v 75.130745 43.889797 -127.331123
v 77.167603 41.915592 -116.997658
v 77.721161 63.063400 -100.294235
v 77.721161 57.025120 -109.495071
v 77.292992 64.182816 -119.622375
v 77.721161 74.458229 -106.666809
v 76.234627 52.474129 -125.698494
v 77.721169 50.852161 -114.446190
v 71.738701 32.176865 -31.838060
v 71.738708 32.176865 30.293951
v 79.682915 40.979904 -31.838060
v 79.682915 40.979904 30.293951
v 79.682922 40.979912 49.303463
v 71.692581 32.176865 50.444550
v 71.723137 32.176865 42.556412
v 79.682915 40.979904 42.729988
v 84.178123 64.248466 89.166008
v 82.155098 73.012772 89.166016
v 81.640610 69.187111 108.932755
v 83.046822 61.328693 103.578094
v 79.126694 51.919220 126.723579
v 79.431313 48.366844 115.985626
v 80.376549 58.757652 121.392311
v 81.508812 54.309177 112.120857
v 71.677605 32.176861 60.525673
v 82.425247 40.979935 61.247978
v 79.682915 40.979904 -40.889664
v 71.680046 32.176861 -40.889660
v 71.558693 32.176861 -50.299648
v 80.171974 41.254959 -50.504124
v 84.007339 61.970379 74.216103
v 83.418953 55.318325 65.621857
v 80.706429 61.193119 57.009945
v 82.013474 70.010643 70.582481
v 79.882759 50.026192 51.716774
v 82.944725 47.983456 62.686974
v 84.593895 64.248466 -87.679146
v 82.155067 73.012787 -87.679138
v 81.640594 69.749001 -69.644753
v 84.216293 63.063400 -75.343742
v 82.425224 40.979939 -59.163120
v 71.495956 32.176861 -57.677750
v 80.171967 50.876404 -52.608631
v 82.767029 47.896797 -61.675056
v 80.376541 60.324596 -58.841019
v 83.305542 56.189426 -67.071182
v 77.952957 42.933895 -124.948792
v 80.439117 43.207970 -116.997658
v 84.408348 62.762444 -100.294235
v 83.559792 57.025120 -109.495071
v 80.846581 61.334129 -116.383224
v 82.013451 70.010651 -106.666809
v 79.323997 51.430939 -122.465378
v 81.675446 48.422573 -114.446190
v 73.159737 43.207996 169.580688
v 56.765717 43.263615 169.681992
v 56.289288 50.656643 176.294678
v 28.167864 50.656639 176.295090
v 28.406078 43.263611 169.681992
v 66.619202 50.656639 176.160751
v 67.709084 43.263611 169.681992
v 70.095291 43.263607 167.960831
v 73.712990 50.656643 169.725281
v 70.858490 43.263603 162.088348
v 73.912148 50.656639 158.894745
v 54.713871 74.458176 -165.576492
v 40.830524 74.458176 -165.576492
v 25.495926 32.176933 181.527100
v 51.877518 32.176933 181.527100
v 62.861870 32.176933 181.527100
v 67.410782 32.176933 177.613358
v 70.151947 32.176941 163.793304
v 71.569038 32.176941 152.801422
v 73.027023 32.176941 143.757370
v 74.238197 32.176933 134.715118
v 76.166809 32.176933 119.170662
v 74.156494 43.207996 117.702484
v 73.927933 48.366844 115.985626
v 73.932480 54.309174 112.120857
v 73.932480 61.328693 103.578094
v 73.932480 64.248466 89.166008
v 73.932480 61.970379 74.216103
v 73.932480 55.318321 65.621857
v 73.932487 47.983456 62.686974
v 73.655701 40.979935 61.247978
v 66.241295 32.176903 60.525673
v 66.241295 32.176910 50.484123
v 66.241295 32.176907 42.595985
v 66.241287 32.176907 30.293951
v 66.241287 32.176907 -31.834061
v 66.225204 32.176910 -40.976089
v 66.191948 32.176907 -50.388451
v 66.174736 32.176918 -57.674496
v 74.156487 42.979904 -59.150879
v 73.927933 51.154385 -61.664909
v 73.932480 57.025127 -67.522514
v 73.932480 62.762440 -75.343742
v 73.932480 64.248466 -87.679146
v 73.932480 63.063400 -100.294235
v 73.932480 57.025120 -109.495071
v 73.932487 50.852158 -114.446190
v 73.655701 42.901505 -116.997658
v 24.089872 37.045940 -153.229645
v 63.006172 37.046017 -153.230057
v 66.241264 37.821835 -157.468567
v 72.637253 47.941475 -160.593643
v 73.189194 54.392479 -159.059937
v 73.718369 63.937614 -156.868759
v 73.932449 74.492989 -153.551453
v 70.143799 74.458199 -148.201752
v 70.143791 81.552513 -148.201767
v 69.774734 87.010162 -148.201767
v 69.253296 94.207062 -148.201767
v -70.143814 43.887421 -0.770055
v -70.143806 50.852169 -0.770055
v -70.143799 64.923195 -0.770055
v -69.959259 74.097343 -0.770062
v -69.866997 81.552505 -0.770063
v -69.774734 87.010193 -0.770065
v -69.253296 94.207047 -0.770075
v -68.269463 103.980179 -0.770089
v -53.050419 153.695068 -0.770155
v -50.522594 158.128723 -0.770149
v -47.311722 162.803467 -0.770152
v -43.514408 166.927658 -0.770155
v -40.739189 169.427002 -0.770157
v -38.352795 169.984268 -0.770155
v -35.706589 169.991821 -0.770155
v -17.853294 169.991821 -0.770155
v 0.000000 169.991821 -0.770155
v 17.853294 169.991821 -0.770155
v 35.706589 169.991821 -0.770155
v 38.352795 169.984268 -0.770155
v 40.739189 169.427002 -0.770157
v 43.514408 166.927658 -0.770155
v 47.311722 162.803467 -0.770152
v 50.522594 158.128723 -0.770149
v 53.050419 153.695068 -0.770155
v 51.399918 151.220612 -0.770155
v 51.399918 144.265366 -0.770137
v 51.399918 133.703354 -0.770127
v 51.399918 123.638664 -0.770117
v 51.399918 113.534096 -0.770103
v 51.399918 103.980186 -0.770089
v 51.399918 94.554916 -0.770075
v 51.399918 87.010201 -0.770065
v 51.399918 81.552521 -0.770063
v 51.399918 74.097343 -0.770062
v 51.399918 64.923195 -0.770055
v 51.399918 50.852180 -0.770055
v 51.399918 43.887421 -0.770055
v 70.143814 43.887421 -0.770055
v 77.664917 43.375179 -0.770055
v 79.682915 40.979904 -0.772055
v 71.738708 32.176865 -0.772055
v 69.476410 32.176880 -0.770055
v 66.241287 32.176907 -0.770055
v 48.179695 32.176933 -0.770055
v 24.089848 32.176933 -0.770055
v 0.000000 32.176933 -0.770055
v -24.089848 32.176933 -0.770055
v -48.179695 32.176933 -0.770055
v -66.241287 32.176907 -0.770055
v -69.476410 32.176880 -0.770055
v -71.738708 32.176865 -0.772055
v -79.682915 40.979904 -0.772055
v -77.664917 43.375179 -0.770055
v 51.399918 147.220612 26.293730
v 51.399918 144.265335 26.293756
v 51.399918 144.265366 3.229863
v 51.399918 147.220612 3.229855
v 51.399918 133.703354 3.229873
v 51.399918 133.703339 26.293793
v 51.399918 123.638649 26.293823
v 51.399918 123.638672 3.229883
v 51.399918 113.534103 3.229897
v 51.399918 113.534081 26.293854
v 51.399918 107.979439 3.229905
v 51.399918 107.979439 26.293871
v 51.399918 123.638664 -27.834057
v 51.399918 123.638657 -4.770117
v 51.399918 113.534088 -4.770103
v 51.399918 113.534096 -27.834061
v 51.399918 147.220612 -4.770144
v 51.399918 144.265366 -4.770137
v 51.399918 144.265350 -27.834030
v 51.399918 147.220612 -27.834019
v 51.399918 107.979439 -4.770095
v 51.399918 107.979439 -27.834061
v 51.399918 133.703354 -4.770127
v 51.399918 133.703354 -27.834047
v 48.794647 123.611008 -26.334057
v 48.794647 123.611000 -6.270117
v 48.585419 113.594040 -6.270103
v 48.585419 113.594048 -26.334061
v 48.399788 145.720581 -6.270141
v 48.399803 144.265350 -6.270137
v 48.399803 144.265335 -26.334030
v 48.399788 145.720581 -26.334024
v 48.506889 109.537216 -6.270097
v 48.506889 109.537216 -26.334061
v 48.400967 133.644775 -6.270127
v 48.400967 133.644775 -26.334047
v 48.399788 145.720581 24.793743
v 48.399803 144.265305 24.793756
v 48.399803 144.265350 4.729863
v 48.399788 145.720581 4.729859
v 48.400967 133.644775 4.729873
v 48.400967 133.644760 24.793793
v 48.794647 123.610985 24.793823
v 48.794647 123.611015 4.729883
v 48.585419 113.594055 4.729897
v 48.585419 113.594025 24.793854
v 48.506889 109.537216 4.729902
v 48.506889 109.537216 24.793867
v -55.473083 143.269043 -0.760350
v -52.837994 149.227997 -0.770152
v -52.837982 149.227997 -27.826998
v -55.474152 143.269592 -27.815479
v -59.075001 133.081772 -0.770127
v -59.076675 133.078766 -27.834047
v -62.015060 123.305565 -0.769314
v -62.015835 123.305779 -27.834059
v -64.420662 113.272896 -0.769726
v -64.421112 113.272995 -27.834061
v -65.541031 107.523575 -0.770089
v -65.541031 107.523575 -27.834061
v -64.421043 113.273300 26.294609
v -65.541031 107.523575 26.294176
v -62.015896 123.305618 26.295431
v -59.075577 133.081818 26.293793
v -55.474457 143.269577 26.294781
v -52.838005 149.227997 26.294106
v -17.852821 171.699219 52.286278
v 0.000000 171.687653 52.286278
v -17.931372 172.488083 54.952374
v -0.000000 172.471786 54.897285
v -18.332220 175.897614 66.475716
v -18.676281 177.329025 71.313522
v -0.000000 177.298126 71.209091
v 0.000000 175.864258 66.362991
v 0.000000 174.992661 63.417229
v -18.153088 175.027496 63.534920
v -0.000000 173.656387 58.900970
v -18.005178 173.679947 58.980579
v 17.931372 172.488083 54.952377
v 17.852821 171.699219 52.286278
v 18.332220 175.897614 66.475716
v 18.676281 177.329025 71.313522
v 18.153088 175.027496 63.534920
v 18.005178 173.679947 58.980583
v -50.800610 122.650116 -161.145844
v -52.391319 112.772728 -162.425415
v -35.022713 122.650124 -161.145844
v -36.999786 112.772957 -162.424576
v -28.295139 149.226028 -150.808609
v -42.464306 149.226791 -150.807938
v -30.421278 141.982285 -154.655685
v -45.573715 141.982269 -154.655701
v -53.080917 107.773026 -162.896606
v -37.477921 107.773399 -162.897339
v -48.842758 132.164459 -159.024811
v -33.087242 132.164474 -159.024796
v 0.000000 107.774231 -162.899384
v 0.000010 112.773491 -162.422562
v -0.000000 122.650124 -161.145844
v 0.000000 132.164474 -159.024811
v 0.000000 141.982285 -154.655701
v 0.000000 149.224838 -150.810120
v 52.391319 112.772728 -162.425415
v 36.999737 112.773399 -162.422882
v 35.022713 122.650124 -161.145844
v 50.800610 122.650116 -161.145828
v 42.464306 149.226791 -150.807938
v 45.573715 141.982269 -154.655685
v 30.421278 141.982285 -154.655685
v 28.295139 149.226028 -150.808594
v 37.477924 107.773399 -162.897324
v 53.080917 107.773026 -162.896591
v 33.087242 132.164474 -159.024811
v 48.842758 132.164459 -159.024796
v -30.434813 169.991821 -124.839645
v -30.434813 169.991821 -132.114792
v -23.125071 169.991821 -124.839645
v -23.125071 169.991821 -132.114792
v -23.125071 169.991821 -138.735321
v -30.434813 169.991821 -138.735321
v 30.434813 169.991821 -132.114792
v 23.125071 169.991821 -132.114792
v 23.125071 169.991821 -124.839645
v 30.434813 169.991821 -124.839645
v 23.125071 169.991821 -138.735321
v 30.434813 169.991821 -138.735321
v -30.434813 177.774841 -135.109314
v -30.434813 177.774841 -142.384460
v -23.125071 177.774841 -135.109314
v -23.125071 177.774841 -142.384460
v -23.125071 177.774841 -149.004990
v -30.434813 177.774841 -149.004990
v 30.434813 177.774841 -142.384460
v 23.125071 177.774841 -142.384460
v 23.125071 177.774841 -135.109314
v 30.434813 177.774841 -135.109314
v 23.125071 177.774841 -149.004990
v 30.434813 177.774841 -149.004990
v -30.434813 181.878143 -135.109314
v -30.434813 181.878143 -142.384460
v -23.125071 181.878143 -135.109314
v -23.125071 181.878143 -142.384460
v -23.125071 181.878143 -149.004990
v -30.434813 181.878143 -149.004990
v 30.434813 181.878143 -142.384460
v 23.125071 181.878143 -142.384460
v 23.125071 181.878143 -135.109314
v 30.434813 181.878143 -135.109314
v 23.125071 181.878143 -149.004990
v 30.434813 181.878143 -149.004990
v 0.000000 177.774841 -142.384460
v 0.000000 177.774841 -135.109314
v 0.000000 177.774841 -149.004990
v 0.000000 181.878143 -135.109314
v 0.000000 181.878143 -142.384460
v 0.000000 181.878143 -149.004990
v -51.419502 177.774841 -146.470322
v -51.419502 177.774841 -153.745483
v -51.419502 181.878143 -146.470322
v -51.419502 181.878143 -153.745483
v -51.419502 177.774841 -160.366013
v -51.419502 181.878143 -160.366013
v 51.419502 177.774841 -146.470322
v 51.419502 177.774841 -153.745483
v 51.419502 181.878143 -153.745483
v 51.419502 181.878143 -146.470322
v 51.419502 177.774841 -160.366013
v 51.419502 181.878143 -160.366013
v -55.344978 177.774841 -146.470322
v -55.344978 177.774841 -153.745483
v -55.344978 181.878143 -146.470322
v -55.344978 181.878143 -153.745483
v -55.344978 177.774841 -160.366013
v -55.344978 181.878143 -160.366013
v 55.344978 177.774841 -146.470322
v 55.344978 177.774841 -153.745483
v 55.344978 181.878143 -153.745483
v 55.344978 181.878143 -146.470322
v 55.344978 177.774841 -160.366013
v 55.344978 181.878143 -160.366013
v -51.419502 175.330994 -139.920914
v -51.419502 175.330963 -153.745483
v -55.344978 175.330994 -139.920914
v -55.344978 175.330963 -153.745483
v -51.419502 182.816116 -139.920914
v -55.344978 182.816116 -139.920914
v -51.419502 186.765839 -153.745483
v -55.344978 186.765839 -153.745483
v -51.419502 175.330994 -162.809860
v -55.344978 175.330994 -162.809860
v -51.419502 190.337616 -167.711029
v -55.344978 190.337616 -167.711029
v 51.419502 175.330994 -139.920914
v 51.419502 175.330963 -153.745483
v 55.344978 175.330963 -153.745483
v 55.344978 175.330994 -139.920914
v 51.419502 182.816116 -139.920914
v 51.419502 186.765839 -153.745483
v 55.344978 182.816116 -139.920914
v 55.344978 186.765839 -153.745483
v 51.419502 175.330994 -162.809860
v 55.344978 175.330994 -162.809860
v 51.419502 190.337616 -167.711029
v 55.344978 190.337616 -167.711029
v -66.608635 110.717239 136.571152
v -67.026283 109.868797 133.356079
v -67.783035 106.039642 135.798584
v -67.443275 106.215652 138.406876
v 67.443275 106.215652 138.406876
v 66.608635 110.717239 136.571152
v 67.783035 106.039642 135.798584
v 67.026283 109.868797 133.356079
v -69.712799 112.409264 134.832550
v -70.025337 111.648193 131.594620
v -70.459259 106.568352 134.388489
v -71.202995 106.997337 136.384872
v 71.202995 106.997337 136.384872
v 69.712799 112.409264 134.832550
v 70.459259 106.568352 134.388489
v 70.025337 111.648193 131.594620
v -56.336613 114.160751 145.176025
v -54.353485 113.946747 145.325363
v -52.526554 124.060600 137.923508
v -54.501835 124.308205 137.729385
v -49.735958 144.295013 119.737411
v -47.747467 144.135010 119.914612
v -44.650604 152.211578 109.719246
v -46.409897 153.578537 107.969254
v -22.326944 152.107697 109.948761
v -23.289532 153.473801 108.205269
v -55.411629 106.356964 150.311493
v -27.592920 106.356949 150.311935
v -57.659088 104.685944 151.410461
v -28.941395 104.685471 151.410172
v -50.307144 134.072205 129.694641
v -52.276344 134.331421 129.459167
v 0.000000 152.003983 110.178078
v 0.000000 153.366623 108.443703
v 0.000000 104.685501 151.410156
v 0.000000 106.356895 150.311783
v 56.336609 114.160751 145.176025
v 54.501831 124.308205 137.729385
v 52.526550 124.060600 137.923508
v 54.353481 113.946747 145.325363
v 49.735958 144.295013 119.737411
v 46.409897 153.578537 107.969261
v 44.650600 152.211578 109.719246
v 47.747467 144.135010 119.914612
v 23.289532 153.473801 108.205276
v 22.326944 152.107697 109.948761
v 27.592920 106.356949 150.311935
v 28.941395 104.685471 151.410172
v 57.659088 104.685944 151.410461
v 55.411629 106.356964 150.311493
v 52.276344 134.331421 129.459167
v 50.307144 134.072205 129.694641
v -23.347237 144.173172 119.869080
v 0.000000 144.172028 119.871277
v 23.347237 144.173172 119.869080
v -54.671452 152.006210 70.690048
v -54.671452 152.006210 55.993603
v -53.984264 153.561111 70.690048
v -53.984264 153.561111 54.643600
v -53.984272 153.561111 46.641830
v -58.075935 144.302719 46.641846
v -58.075935 144.302719 48.341846
v -54.671448 152.006210 48.341835
v -64.799767 123.739349 121.488594
v -65.070381 122.735222 120.142403
v -67.420906 112.648010 127.618988
v -67.219292 113.590904 129.019867
v -68.628647 106.292023 131.835022
v -68.963959 104.625389 134.977158
v -68.959030 104.624016 89.166061
v -68.633736 106.292603 89.166061
v -68.959030 104.624016 106.243507
v -68.633743 106.292610 104.962929
v -68.959023 104.624016 46.641846
v -68.633728 106.292603 48.341846
v -67.157013 113.867447 48.341846
v -67.157013 113.867447 46.641846
v -64.718567 124.035583 48.341846
v -64.718567 124.035583 46.641846
v -61.736572 133.952057 48.341839
v -61.736572 133.952057 46.641838
v -61.843731 133.631729 113.021416
v -62.198566 132.539825 111.764412
v -53.982731 153.555359 89.468788
v -54.676750 152.003448 88.851822
v -58.682190 142.786240 100.841156
v -58.212883 143.954620 101.986893
v -54.671448 152.006210 77.240654
v -53.984268 153.561111 77.492096
v -53.984268 153.561111 83.943825
v -54.671452 152.006210 83.453880
v -68.633728 106.292603 119.946205
v -68.959030 104.624016 122.441414
v -68.959030 104.624023 62.335815
v -68.633728 106.292610 63.685814
v 54.671452 152.006210 55.993603
v 53.984268 153.561111 54.643600
v 53.984264 153.561111 70.690048
v 54.671448 152.006210 70.690048
v 53.984272 153.561111 46.641830
v 54.671444 152.006210 48.341835
v 58.075935 144.302719 48.341846
v 58.075935 144.302719 46.641846
v 64.799774 123.739349 121.488594
v 67.219292 113.590904 129.019867
v 67.420921 112.648010 127.618988
v 65.070381 122.735222 120.142403
v 68.963966 104.625389 134.977158
v 68.628654 106.292023 131.835022
v 68.633743 106.292610 104.962929
v 68.633736 106.292603 89.166061
v 68.959030 104.624016 106.243507
v 68.959030 104.624016 89.166061
v 67.157013 113.867447 46.641846
v 68.959015 104.624016 46.641846
v 67.157013 113.867447 48.341846
v 68.633728 106.292603 48.341846
v 64.718567 124.035583 46.641846
v 64.718567 124.035583 48.341846
v 61.736568 133.952057 46.641838
v 61.736568 133.952057 48.341839
v 61.843731 133.631729 113.021416
v 62.198566 132.539825 111.764412
v 58.212883 143.954620 101.986893
v 53.982727 153.555359 89.468788
v 58.682182 142.786240 100.841156
v 54.676754 152.003448 88.851822
v 53.984268 153.561111 77.492096
v 54.671452 152.006210 77.240654
v 53.984268 153.561111 83.943825
v 54.671452 152.006210 83.453880
v 68.959030 104.624016 122.441414
v 68.633736 106.292603 119.946205
v 68.633728 106.292610 63.685814
v 68.959030 104.624016 62.335815
v 57.331863 144.007263 -115.990234
v 60.975945 133.703354 -110.651726
v 63.945892 123.826950 -105.805290
v 66.375053 113.697548 -100.566826
v -57.331863 144.007263 -115.990234
v -60.975945 133.703354 -110.651726
v -63.945892 123.826950 -105.805290
v -66.375053 113.697548 -100.566826
v 57.331863 144.007263 -118.971191
v 60.975945 133.703354 -114.105980
v 63.945892 123.826950 -109.193855
v 66.375053 113.697548 -104.327316
v -57.331863 144.007263 -118.971191
v -60.975945 133.703354 -114.105980
v -63.945892 123.826950 -109.193855
v -66.375053 113.697548 -104.327316
v -64.718552 124.035583 -41.519424
v -64.718552 124.035583 -43.219425
v -67.156998 113.867439 -43.219425
v -67.156998 113.867439 -41.519424
v -53.984257 153.561111 -41.519424
v -54.671444 152.006210 -43.219425
v -58.075924 144.302734 -43.219425
v -58.075924 144.302734 -41.519424
v -53.984257 153.561111 -67.334724
v -54.671444 152.006210 -67.334724
v -68.633713 106.292603 -43.219425
v -68.959007 104.624016 -41.519424
v -68.633713 106.292603 -67.334763
v -68.959007 104.624016 -67.334763
v -61.736557 133.952057 -41.519424
v -61.736557 133.952057 -43.219425
v -54.671448 152.006210 -117.923828
v -53.984257 153.561111 -120.195450
v -68.633713 106.292610 -94.762779
v -68.959007 104.624016 -95.060913
v -58.143620 144.170502 -115.358574
v -58.153099 144.107758 -114.088531
v -67.218018 113.632683 -99.879501
v -67.205223 113.644539 -98.784012
v -64.772560 123.877052 -105.169128
v -64.775429 123.824837 -103.865730
v -61.802422 133.779480 -110.001534
v -61.803886 133.746048 -108.852676
v 64.718552 124.035583 -41.519424
v 67.156998 113.867439 -41.519424
v 67.156998 113.867439 -43.219425
v 64.718552 124.035583 -43.219425
v 53.984261 153.561111 -41.519424
v 58.075928 144.302734 -41.519424
v 58.075924 144.302734 -43.219425
v 54.671444 152.006210 -43.219425
v 53.984264 153.561111 -67.334724
v 54.671444 152.006210 -67.334724
v 68.959007 104.624016 -41.519424
v 68.633713 106.292603 -43.219425
v 68.959007 104.624016 -67.334763
v 68.633713 106.292603 -67.334763
v 61.736557 133.952057 -41.519424
v 61.736557 133.952057 -43.219425
v 53.984264 153.561111 -120.195450
v 54.671444 152.006210 -117.923828
v 68.959015 104.624016 -95.060913
v 68.633713 106.292610 -94.762779
v 58.143620 144.170502 -115.358574
v 58.153099 144.107758 -114.088531
v 61.802422 133.779480 -110.001534
v 61.803886 133.746048 -108.852676
v 64.772560 123.877052 -105.169128
v 64.775429 123.824837 -103.865730
v 67.218025 113.632683 -99.879501
v 67.205231 113.644539 -98.784012
v -67.168861 113.817375 -152.572525
v -67.204781 113.647644 -150.881149
v -64.813774 123.688744 -149.647171
v -64.741760 123.956635 -151.326080
v -58.148964 144.119156 -144.854172
v -58.396416 143.501678 -143.288864
v -54.674221 152.005554 -139.070847
v -53.982861 153.558624 -140.164413
v -54.671444 152.006210 -124.178871
v -53.984261 153.561111 -123.687088
v -68.959595 104.624008 -153.367844
v -68.633171 106.292366 -151.516922
v -68.959007 104.624016 -100.126060
v -68.633713 106.292603 -101.966522
v -61.936642 133.347321 -147.529495
v -61.784531 133.815033 -149.163193
v -58.116165 144.168900 -120.757858
v -58.145123 144.126282 -119.434502
v -61.772560 133.866821 -115.834152
v -61.752262 133.892090 -114.625298
v -64.770363 123.883888 -110.814354
v -64.775520 123.825188 -109.643921
v -67.209328 113.668434 -105.847565
v -67.203835 113.650986 -104.775726
v 67.168861 113.817375 -152.572525
v 64.741753 123.956627 -151.326080
v 64.813782 123.688744 -149.647171
v 67.204781 113.647644 -150.881149
v 58.148972 144.119156 -144.854172
v 53.982864 153.558624 -140.164413
v 54.674225 152.005554 -139.070847
v 58.396408 143.501678 -143.288864
v 53.984261 153.561111 -123.687088
v 54.671444 152.006210 -124.178871
v 68.959595 104.624008 -153.367844
v 68.633171 106.292366 -151.516922
v 68.959000 104.624016 -100.126060
v 68.633713 106.292603 -101.966522
v 61.784534 133.815033 -149.163193
v 61.936649 133.347321 -147.529495
v 58.145123 144.126282 -119.434502
v 58.116165 144.168900 -120.757858
v 67.203835 113.650986 -104.775726
v 67.209328 113.668434 -105.847565
v 64.775520 123.825188 -109.643921
v 64.770363 123.883888 -110.814354
v 61.752262 133.892090 -114.625298
v 61.772560 133.866821 -115.834152
v -54.253517 123.750504 -163.792786
v -55.856781 113.594757 -165.149780
v -52.283428 123.408699 -163.852295
v -53.877918 113.305679 -165.181549
v -27.456718 153.632385 -151.622208
v -44.887321 153.631149 -151.621597
v -27.791969 151.870453 -152.568542
v -43.502666 151.870270 -152.569916
v -48.892540 144.217514 -156.667435
v -46.995281 143.649628 -156.956268
v -57.091072 104.554138 -166.017166
v -37.785851 104.553825 -166.016602
v -54.799953 106.544884 -165.824966
v -37.595444 106.544754 -165.826202
v -52.250717 133.850922 -161.404999
v -50.304741 133.404556 -161.565689
v 0.000000 104.553513 -166.016418
v 0.000000 106.544632 -165.828262
v 0.000000 153.632782 -151.622406
v 0.000000 151.870514 -152.568115
v 54.253517 123.750504 -163.792786
v 55.856781 113.594757 -165.149780
v 53.877918 113.305679 -165.181549
v 52.283428 123.408699 -163.852310
v 44.887321 153.631165 -151.621597
v 48.892540 144.217514 -156.667435
v 46.995281 143.649628 -156.956253
v 43.502666 151.870270 -152.569916
v 27.456718 153.632385 -151.622208
v 27.791967 151.870453 -152.568542
v 57.091072 104.554138 -166.017166
v 54.799953 106.544891 -165.824982
v 37.785851 104.553825 -166.016602
v 37.595436 106.544754 -165.826218
v 52.250717 133.850922 -161.404999
v 50.304741 133.404556 -161.565720
v -30.374695 63.906216 -165.576523
v 0.000000 63.906216 -165.576523
v 30.374695 63.906216 -165.576523
v -68.269463 103.980179 -126.607605
v -68.959305 104.624008 -126.746948
v -68.633438 106.292480 -126.741722
v -66.413788 107.694138 -127.068398
v -65.377167 113.262939 -128.459442
v -62.960331 123.223907 -130.344284
v -60.102348 132.810837 -131.803391
v -56.878967 142.145813 -131.647842
v -53.648609 149.588104 -131.382126
v -54.672832 152.005890 -131.624863
v -53.983559 153.559875 -131.925751
v -53.050419 153.695068 -131.911316
v -50.522591 158.128738 -131.059036
v -47.311722 162.803452 -129.455231
v -43.514412 166.927658 -128.104095
v -40.739189 169.427002 -127.326225
v -38.352798 169.984283 -127.123039
v -35.706589 169.991821 -127.123039
v -30.434813 169.991821 -128.477219
v -30.434813 177.774841 -138.746887
v -51.419502 177.774841 -150.107895
v -51.419502 175.330978 -146.833206
v -55.344978 175.330978 -146.833206
v -55.344978 177.774841 -150.107895
v -55.344978 181.878143 -150.107895
v -55.344978 184.790985 -146.833206
v -51.419502 184.790985 -146.833206
v -51.419502 181.878143 -150.107895
v -30.434813 181.878143 -138.746887
v -23.125071 181.878143 -138.746887
v 0.000000 181.878143 -138.746887
v 23.125071 181.878143 -138.746887
v 30.434813 181.878143 -138.746887
v 51.419502 181.878143 -150.107895
v 51.419502 184.790985 -146.833206
v 55.344978 184.790985 -146.833206
v 55.344978 181.878143 -150.107895
v 55.344978 177.774841 -150.107895
v 55.344978 175.330978 -146.833206
v 51.419502 175.330978 -146.833206
v 51.419502 177.774841 -150.107895
v 30.434813 177.774841 -138.746887
v 30.434813 169.991821 -128.477219
v 35.706589 169.991821 -127.123039
v 38.352798 169.984283 -127.123039
v 40.739189 169.427002 -127.326225
v 43.514412 166.927658 -128.104095
v 47.311722 162.803452 -129.455231
v 50.522591 158.128738 -131.059036
v 53.050419 153.695068 -131.911316
v 53.983562 153.559875 -131.925751
v 54.672836 152.005890 -131.624863
v 53.648609 149.588104 -131.382126
v 56.878967 142.145813 -131.647842
v 60.102348 132.810837 -131.803391
v 62.960331 123.223907 -130.344284
v 65.377167 113.262939 -128.459442
v 66.413788 107.694138 -127.068398
v 68.633438 106.292480 -126.741722
v 68.959297 104.624008 -126.746948
v 68.269463 103.980179 -126.607605
v 69.253296 94.207054 -129.155182
v 69.774734 87.010162 -130.293106
v 70.143791 81.552513 -130.293121
v 70.143799 74.458214 -130.293121
v 73.932465 74.458229 -132.682739
v 73.718384 64.044518 -140.095764
v 73.189209 53.374763 -143.521393
v 72.637260 45.915043 -143.962387
v 66.241280 35.028706 -142.208923
v 63.006172 34.673656 -140.269196
v 24.089859 34.673431 -140.267960
v 0.000000 34.673656 -140.269196
v -24.089859 34.673431 -140.267960
v -63.006172 34.673656 -140.269196
v -66.241280 35.028706 -142.208923
v -72.637260 45.915043 -143.962387
v -73.189209 53.374763 -143.521393
v -73.718384 64.044518 -140.095764
v -73.932465 74.458229 -132.682739
v -70.143799 74.458214 -130.293121
v -70.143791 81.552513 -130.293121
v -69.774734 87.010162 -130.293106
v -69.253296 94.207054 -129.155182
v 56.882011 34.673656 -140.269211
v 56.804752 37.046017 -153.230057
v 56.723450 38.162735 -159.330994
v 56.652534 39.136623 -164.651627
v 54.333164 43.721802 -166.817749
v 40.425243 39.133358 -164.633789
v 40.218410 38.160183 -159.317047
v 39.981239 37.044254 -153.220428
v 39.477421 34.673656 -140.269211
v 42.026230 43.376625 -166.868317
v -56.882011 34.673656 -140.269211
v -56.804752 37.046017 -153.230057
v -56.723450 38.162735 -159.330994
v -56.652534 39.136623 -164.651627
v -54.333164 43.721802 -166.817749
v -40.425243 39.133358 -164.633789
v -40.218410 38.160183 -159.317047
v -39.981239 37.044254 -153.220428
v -39.477421 34.673656 -140.269226
v -42.026230 43.376625 -166.868317
v 54.333168 28.545792 -140.829773
v 48.179718 26.007549 -141.061966
v 42.026264 28.545792 -140.829773
v 54.333164 31.466078 -172.753052
v 48.179714 28.927837 -172.985245
v 42.026260 31.466080 -172.753052
v 39.477417 37.593941 -172.192490
v 42.026260 43.721806 -171.631943
v 48.179714 46.260044 -171.399734
v 54.333164 43.721806 -171.631943
v 56.882008 37.593941 -172.192490
v 54.333153 43.083218 -199.389755
v 48.179661 40.325706 -199.118958
v 42.026222 43.083229 -199.389786
v 39.477428 49.740162 -200.042206
v 42.026272 56.397217 -200.694885
v 48.179714 59.154633 -200.965500
v 54.333153 56.397217 -200.694885
v 56.881996 49.740162 -200.042236
v 55.471180 30.823547 -174.701569
v 48.179714 27.945309 -174.964859
v 48.179657 38.591393 -197.583160
v 55.838139 41.998974 -197.917343
v 40.888237 30.823551 -174.701569
v 40.521240 41.998993 -197.917328
v 37.622612 38.069103 -174.038757
v 37.622627 50.019150 -198.703873
v 40.610775 45.583675 -173.351334
v 40.977745 57.615383 -199.448837
v 48.179714 48.730946 -173.063431
v 48.179714 60.595264 -199.741058
v 55.748650 45.583683 -173.351334
v 55.381683 57.615379 -199.448837
v 58.736813 38.069096 -174.038757
v 58.736801 50.019146 -198.703873
v 54.333168 29.732723 -153.804779
v 48.179718 27.194481 -154.036972
v 42.026268 29.732723 -153.804779
v 54.333168 30.311884 -160.135864
v 48.179718 27.773640 -160.368073
v 42.026268 30.311884 -160.135864
v 54.333168 30.817480 -165.662827
v 48.179718 28.279238 -165.895035
v 42.026264 30.817480 -165.662827
v -54.333168 28.545792 -140.829773
v -48.179718 26.007549 -141.061966
v -42.026264 28.545792 -140.829773
v -54.333164 31.466080 -172.753052
v -48.179714 28.927835 -172.985245
v -42.026260 31.466080 -172.753052
v -39.477417 37.593941 -172.192490
v -42.026260 43.721806 -171.631943
v -48.179714 46.260044 -171.399734
v -54.333164 43.721806 -171.631943
v -56.882008 37.593941 -172.192490
v -54.333153 43.083218 -199.389755
v -48.179661 40.325706 -199.118958
v -42.026222 43.083229 -199.389786
v -39.477428 49.740162 -200.042206
v -42.026272 56.397217 -200.694885
v -48.179714 59.154633 -200.965500
v -54.333153 56.397217 -200.694885
v -56.881996 49.740162 -200.042236
v -55.471180 30.823547 -174.701569
v -48.179714 27.945309 -174.964859
v -48.179657 38.591393 -197.583160
v -55.838139 41.998974 -197.917343
v -40.888237 30.823551 -174.701569
v -40.521240 41.998993 -197.917328
v -37.622612 38.069103 -174.038757
v -37.622627 50.019150 -198.703873
v -40.610775 45.583675 -173.351334
v -40.977745 57.615383 -199.448837
v -48.179714 48.730946 -173.063431
v -48.179714 60.595264 -199.741058
v -55.748650 45.583683 -173.351334
v -55.381683 57.615379 -199.448837
v -58.736813 38.069096 -174.038757
v -58.736801 50.019146 -198.703873
v -54.333168 29.732723 -153.804779
v -48.179718 27.194481 -154.036972
v -42.026268 29.732723 -153.804779
v -54.333168 30.311884 -160.135864
v -48.179718 27.773640 -160.368073
v -42.026268 30.311884 -160.135864
v -54.333168 30.817480 -165.662827
v -48.179718 28.279238 -165.895035
v -42.026264 30.817480 -165.662827
v 48.183033 46.574379 -167.603516
v -48.183033 46.574379 -167.603516
v 45.749458 63.906219 -170.339447
v 47.678478 54.699348 -169.733917
v 48.183022 48.895363 -168.422348
v -45.749458 63.906219 -170.339447
v -47.678478 54.699348 -169.733917
v -48.183022 48.895363 -168.422348
v 53.230934 44.244164 -198.197327
v 48.179661 41.980640 -197.974976
v 48.179703 49.867008 -198.748428
v 43.128448 44.244167 -198.197372
v 40.975628 49.866985 -198.748398
v 43.128555 55.489975 -199.299713
v 48.179714 57.753475 -199.521866
v 53.230873 55.489971 -199.299698
v 55.383801 49.866993 -198.748428
v -53.230934 44.244164 -198.197357
v -48.179703 49.867008 -198.748428
v -48.179661 41.980640 -197.974976
v -43.128448 44.244167 -198.197372
v -40.975628 49.866989 -198.748398
v -43.128555 55.489975 -199.299713
v -48.179714 57.753475 -199.521866
v -53.230873 55.489971 -199.299698
v -55.383801 49.866993 -198.748428
v 56.882004 33.570930 -134.486755
v -56.882004 33.570930 -134.486755
v 39.477421 33.659546 -134.486755
v -39.477421 33.659546 -134.486755
v 54.431385 28.374905 -135.124451
v 48.179710 26.424023 -134.970306
v 42.026291 28.937672 -135.089447
v -54.431385 28.374905 -135.124451
v -48.179710 26.424023 -134.970306
v -42.026291 28.937672 -135.089447
v 68.722504 99.777100 -153.915283
v 68.688385 99.818695 -165.398895
v 58.132370 99.837181 -165.429459
v -68.722504 99.777100 -153.915283
v -68.688385 99.818695 -165.398895
v -58.132370 99.837181 -165.429459
v -56.139664 93.021133 -167.588593
v -56.139656 86.218994 -167.589584
v -56.139648 81.105347 -167.589584
v -70.665329 99.088638 -167.384842
v -59.262539 98.978928 -167.440567
v -70.947998 99.004372 -154.724762
v -71.483589 93.335655 -149.287888
v -56.139641 74.458176 -167.589584
v -72.130730 74.458176 -167.563431
v -72.384743 81.249802 -149.287888
v -72.389282 74.458221 -149.287872
v -72.010490 86.512589 -149.287888
v 56.139656 86.218994 -167.589584
v 56.139664 93.021133 -167.588593
v 56.139648 81.105347 -167.589584
v 72.130730 74.458176 -167.563431
v 56.139641 74.458176 -167.589584
v 72.389282 74.458221 -149.287872
v 72.384743 81.249802 -149.287888
v 72.010490 86.512589 -149.287888
v 71.483589 93.335655 -149.287888
v 70.947998 99.004372 -154.724762
v 70.665329 99.088638 -167.384842
v 59.262539 98.978928 -167.440567
v -57.636776 92.654076 -167.684387
v -57.637901 86.218994 -167.662140
v -57.638817 81.105347 -167.642868
v -70.796577 97.590714 -167.468903
v -60.171658 97.498161 -167.616119
v -71.196831 97.531769 -155.371399
v -71.604767 92.743919 -150.786636
v -57.637192 75.953339 -167.713028
v -72.151970 75.958153 -167.608292
v -72.390549 81.250397 -150.787918
v -72.426430 75.957169 -150.788010
v -72.034546 86.514397 -150.787704
v 57.637901 86.218994 -167.662140
v 57.636776 92.654076 -167.684387
v 57.638817 81.105347 -167.642868
v 72.151970 75.958153 -167.608292
v 57.637192 75.953339 -167.713028
v 72.426430 75.957169 -150.788010
v 72.390549 81.250397 -150.787918
v 72.034546 86.514397 -150.787704
v 71.604767 92.743919 -150.786636
v 71.196831 97.531769 -155.371399
v 70.796577 97.590714 -167.468903
v 60.171658 97.498161 -167.616119
v -70.989212 92.311768 -167.340042
v -71.292473 86.221825 -167.320862
v -58.471760 92.404747 -166.736145
v -58.485218 86.221825 -166.701935
v -71.510925 81.139511 -167.334854
v -58.473145 81.139511 -166.671249
v -69.903763 96.504250 -166.518738
v -60.681278 96.599525 -166.721680
v -70.353325 96.572365 -155.719543
v -70.676430 92.311760 -151.597473
v -58.456787 76.815865 -166.784378
v -71.171524 76.856270 -166.618011
v -71.392456 81.239555 -151.591415
v -71.448448 76.787781 -151.583771
v -71.048508 86.459969 -151.603073
v 58.485218 86.221825 -166.701920
v 71.292480 86.221825 -167.320847
v 58.471760 92.404747 -166.736160
v 70.989212 92.311768 -167.340042
v 71.510925 81.139511 -167.334854
v 58.473145 81.139511 -166.671249
v 71.171524 76.856270 -166.618011
v 58.456787 76.815872 -166.784363
v 71.448448 76.787781 -151.583771
v 71.392464 81.239555 -151.591415
v 71.048523 86.459969 -151.603073
v 70.676437 92.311760 -151.597473
v 70.353333 96.572365 -155.719543
v 69.903755 96.504242 -166.518723
v 60.681278 96.599525 -166.721664
v -53.984253 153.561111 -31.333117
v -53.984261 153.561111 -0.770155
v -54.792721 151.731812 -29.329617
v -54.792706 151.731812 -0.770155
v -58.075871 144.302734 -31.315462
v -58.075760 144.302734 -29.315462
v -61.736702 133.951660 -31.334042
v -61.737270 133.950058 -29.334044
v -64.718559 124.035576 -31.334064
v -64.718544 124.035576 -29.334064
v -67.157005 113.867439 -31.334061
v -67.157013 113.867439 -29.334061
v -68.959000 104.624016 -31.334061
v -68.576309 106.587059 -29.334061
v -68.959000 104.624016 -0.770089
v -68.576309 106.587059 -0.770089
v -68.959000 104.624016 29.793919
v -68.576309 106.587059 27.794065
v -67.156990 113.867485 29.794611
v -67.156960 113.867630 27.794611
v -64.718559 124.035561 29.795433
v -64.718590 124.035477 27.795433
v -61.736568 133.952042 29.793793
v -61.736580 133.951965 27.793793
v -58.075932 144.302719 29.794781
v -58.075932 144.302704 27.794781
v -53.984257 153.561111 29.793745
v -54.792706 151.731812 27.793951
v -86.601631 113.523186 128.057190
v -86.036568 112.656372 124.942078
v -86.416153 108.269829 126.254967
v -87.103249 109.136559 128.924530
v 87.103249 109.136559 128.924530
v 86.601631 113.523186 128.057190
v 86.416153 108.269829 126.254967
v 86.036568 112.656372 124.942078
v -72.167778 119.253952 131.539536
v -72.276764 118.064339 128.202286
v -83.930405 119.026817 123.521790
v -84.546021 119.833496 126.715736
v 72.167778 119.253952 131.539536
v 72.276764 118.064339 128.202286
v 84.546021 119.833496 126.715736
v 83.930405 119.026817 123.521790
v 79.153122 108.066948 132.654694
v 78.437706 107.419090 130.321732
v 78.128708 119.090973 125.905479
v 78.382027 120.089127 129.171082
v 78.157211 112.966225 131.444870
v -79.153122 108.066948 132.654694
v -78.437706 107.419090 130.321732
v -78.128708 119.090973 125.905479
v -78.382027 120.089127 129.171082
v -78.157211 112.966225 131.444870
v -71.063606 111.357597 131.303818
v -71.404472 107.697655 133.395508
v -78.152847 108.424194 129.973129
v -78.332123 118.047188 126.200287
v -73.086609 117.124802 128.250992
v -85.301605 109.194557 126.356644
v -85.028000 112.565186 125.391548
v -83.226898 117.985565 124.164223
v 78.152847 108.424194 129.973129
v 85.028000 112.565186 125.391548
v 85.301605 109.194557 126.356644
v 78.332123 118.047188 126.200287
v 83.226898 117.985565 124.164223
v 71.063606 111.357597 131.303818
v 71.404472 107.697655 133.395508
v 73.086609 117.124802 128.250992
v -71.702988 111.420166 131.603851
v -72.003349 108.433563 133.356461
v -78.200363 109.079353 130.237808
v -78.205093 112.330681 128.702850
v -78.594643 117.730240 126.777275
v -73.616806 116.860451 128.717239
v -84.979225 109.787979 126.835594
v -84.750397 112.686165 126.032494
v -83.085106 117.664505 124.897949
v 78.200356 109.079353 130.237808
v 78.205093 112.330688 128.702850
v 84.750381 112.686150 126.032478
v 84.979225 109.787979 126.835594
v 78.594643 117.730240 126.777275
v 83.085098 117.664505 124.897942
v 71.702995 111.420174 131.603851
v 72.003349 108.433563 133.356461
v 73.616806 116.860451 128.717239
vt 0.222119 0.247833
vt 0.217488 0.226027
vt 0.265643 0.220987
vt 0.269153 0.243235
vt 0.271215 0.583978
vt 0.270376 0.527748
vt 0.303017 0.526963
vt 0.304190 0.583312
vt 0.238056 0.893023
vt 0.240679 0.875545
vt 0.268912 0.876321
vt 0.264995 0.893949
vt 0.827421 0.768626
vt 0.825178 0.735575
vt 0.851086 0.734113
vt 0.852789 0.767749
vt 0.247543 0.080589
vt 0.245386 0.068340
vt 0.279100 0.067459
vt 0.279898 0.080161
vt 0.726986 0.747729
vt 0.714027 0.749115
vt 0.712552 0.726336
vt 0.725871 0.729883
vt 0.240199 0.049619
vt 0.244699 0.024902
vt 0.280206 0.022551
vt 0.277504 0.047122
vt 0.691668 0.990383
vt 0.678070 0.984581
vt 0.693275 0.948716
vt 0.706553 0.954813
vt 0.251361 0.839345
vt 0.257881 0.825669
vt 0.282370 0.825536
vt 0.278279 0.840166
vt 0.544497 0.103675
vt 0.544387 0.097475
vt 0.587459 0.097395
vt 0.587596 0.103490
vt 0.242421 0.805797
vt 0.248465 0.796250
vt 0.261295 0.796313
vt 0.256025 0.806114
vt 0.255319 0.375904
vt 0.246288 0.349530
vt 0.284970 0.346653
vt 0.290563 0.373318
vt 0.203068 0.183937
vt 0.199759 0.163492
vt 0.253216 0.156560
vt 0.256044 0.176980
vt 0.264679 0.433500
vt 0.263666 0.425070
vt 0.294967 0.424459
vt 0.297817 0.432920
vt 0.161775 0.472949
vt 0.142694 0.474028
vt 0.141236 0.446531
vt 0.160371 0.445654
vt 0.105903 0.476673
vt 0.092758 0.477132
vt 0.091643 0.448445
vt 0.104884 0.447781
vt 0.069287 0.478131
vt 0.052656 0.478864
vt 0.051451 0.450375
vt 0.068122 0.449592
vt 0.827736 0.920401
vt 0.825885 0.904533
vt 0.854095 0.901648
vt 0.854440 0.916700
vt 0.097712 0.653838
vt 0.097224 0.606147
vt 0.110387 0.605751
vt 0.110614 0.653522
vt 0.167168 0.651892
vt 0.148331 0.652570
vt 0.147840 0.613455
vt 0.166436 0.613014
vt 0.216096 0.611056
vt 0.217390 0.649910
vt 0.205514 0.650376
vt 0.204536 0.611484
vt 0.272075 0.648227
vt 0.271404 0.600549
vt 0.304294 0.599935
vt 0.304307 0.647624
vt 0.079924 0.158208
vt 0.073363 0.163916
vt 0.063437 0.152854
vt 0.069357 0.146623
vt 0.244377 0.064209
vt 0.240695 0.053119
vt 0.277719 0.050834
vt 0.278819 0.063044
vt 0.745395 0.749346
vt 0.738134 0.748158
vt 0.737481 0.731733
vt 0.744970 0.732504
vt 0.825365 0.823385
vt 0.826451 0.814116
vt 0.853103 0.814862
vt 0.852728 0.824046
vt 0.826663 0.039895
vt 0.825938 0.054678
vt 0.797119 0.058753
vt 0.795217 0.043329
vt 0.827229 0.027344
vt 0.794343 0.030679
vt 0.727318 0.762605
vt 0.716036 0.762771
vt 0.743196 0.763391
vt 0.736990 0.762748
vt 0.802833 0.931379
vt 0.795432 0.918947
vt 0.223445 0.051680
vt 0.227077 0.025949
vt 0.232101 0.066418
vt 0.224578 0.056072
vt 0.236297 0.080985
vt 0.233351 0.070070
vt 0.227111 0.833868
vt 0.237247 0.814448
vt 0.251610 0.815360
vt 0.241430 0.834855
vt 0.209651 0.893339
vt 0.213281 0.873861
vt 0.229862 0.873745
vt 0.227362 0.892471
vt 0.848972 0.638137
vt 0.850983 0.672854
vt 0.827899 0.672896
vt 0.822751 0.635751
vt 0.244312 0.092417
vt 0.246981 0.089742
vt 0.280071 0.089692
vt 0.278810 0.092505
vt 0.831810 0.956242
vt 0.856842 0.952357
vt 0.857890 0.969029
vt 0.832440 0.973040
vt 0.207765 0.062846
vt 0.205081 0.045719
vt 0.221743 0.025758
vt 0.216978 0.054633
vt 0.225132 0.084272
vt 0.222535 0.073082
vt 0.198621 0.082976
vt 0.207687 0.077329
vt 0.213945 0.089656
vt 0.204868 0.094311
vt 0.197365 0.070301
vt 0.194728 0.053885
vt 0.830921 0.948173
vt 0.829287 0.936119
vt 0.855321 0.932212
vt 0.856342 0.944220
vt 0.197507 0.419333
vt 0.195981 0.387377
vt 0.208387 0.398254
vt 0.209501 0.423411
vt 0.154869 0.351580
vt 0.156978 0.372505
vt 0.137991 0.368628
vt 0.135819 0.344018
vt 0.127327 0.368523
vt 0.126102 0.341361
vt 0.220628 0.472949
vt 0.200582 0.471948
vt 0.199215 0.444355
vt 0.218986 0.443189
vt 0.827419 0.801375
vt 0.853343 0.801832
vt 0.060034 0.172852
vt 0.051415 0.160970
vt 0.215630 0.212614
vt 0.263527 0.206654
vt 0.098526 0.332081
vt 0.103369 0.369724
vt 0.090649 0.370351
vt 0.082474 0.329922
vt 0.128484 0.605546
vt 0.128105 0.653115
vt 0.122897 0.446568
vt 0.123946 0.476377
vt 0.117800 0.369002
vt 0.116443 0.338360
vt 0.206596 0.204874
vt 0.258960 0.197524
vt 0.825386 0.065572
vt 0.803812 0.068116
vt 0.229206 0.091087
vt 0.236803 0.088628
vt 0.234931 0.090878
vt 0.230079 0.091876
vt 0.198959 0.227064
vt 0.203887 0.250793
vt 0.199442 0.252380
vt 0.194360 0.228123
vt 0.133896 0.268755
vt 0.154284 0.280790
vt 0.154076 0.285365
vt 0.133697 0.273522
vt 0.534777 0.097359
vt 0.534751 0.103354
vt 0.529442 0.103535
vt 0.529874 0.097457
vt 0.524536 0.104644
vt 0.524997 0.098424
vt 0.266533 0.600668
vt 0.267310 0.648327
vt 0.262901 0.648427
vt 0.262019 0.600784
vt 0.256193 0.648601
vt 0.255137 0.600967
vt 0.244599 0.584606
vt 0.234132 0.584800
vt 0.234073 0.528643
vt 0.244244 0.528400
vt 0.237264 0.380504
vt 0.243456 0.396162
vt 0.246345 0.405781
vt 0.237271 0.391157
vt 0.246148 0.648921
vt 0.236016 0.649260
vt 0.234323 0.601699
vt 0.244795 0.601266
vt 0.192819 0.184839
vt 0.189045 0.164560
vt 0.208036 0.227075
vt 0.212690 0.250132
vt 0.231193 0.326121
vt 0.220640 0.299679
vt 0.228162 0.298255
vt 0.238013 0.325098
vt 0.249954 0.376075
vt 0.240192 0.349982
vt 0.259886 0.433521
vt 0.258937 0.425130
vt 0.266337 0.584094
vt 0.265567 0.527862
vt 0.154605 0.295170
vt 0.134327 0.282857
vt 0.114826 0.263748
vt 0.115108 0.272560
vt 0.513543 0.107622
vt 0.509150 0.102328
vt 0.194359 0.319507
vt 0.214226 0.343073
vt 0.215232 0.356084
vt 0.195018 0.330694
vt 0.196685 0.205314
vt 0.255466 0.433738
vt 0.254571 0.425410
vt 0.248724 0.434067
vt 0.248389 0.426125
vt 0.115171 0.258834
vt 0.192006 0.206369
vt 0.228255 0.329396
vt 0.217257 0.302398
vt 0.194627 0.312480
vt 0.214399 0.334158
vt 0.225531 0.359256
vt 0.228160 0.352749
vt 0.243321 0.376500
vt 0.245508 0.376629
vt 0.235749 0.350732
vt 0.188223 0.185947
vt 0.184529 0.165650
vt 0.077628 0.240910
vt 0.096527 0.249190
vt 0.096339 0.254048
vt 0.077550 0.245776
vt 0.261118 0.527971
vt 0.261821 0.584205
vt 0.254356 0.528139
vt 0.254938 0.584370
vt 0.226188 0.093920
vt 0.229611 0.092635
vt 0.260847 0.782753
vt 0.265390 0.781646
vt 0.269993 0.781572
vt 0.268228 0.782761
vt 0.291605 0.796020
vt 0.287416 0.805650
vt 0.266679 0.787916
vt 0.300799 0.782506
vt 0.296078 0.787680
vt 0.301689 0.781329
vt 0.255554 0.787902
vt 0.138046 0.134008
vt 0.152125 0.120891
vt 0.162598 0.126236
vt 0.144558 0.142773
vt 0.159382 0.093487
vt 0.150783 0.075836
vt 0.170631 0.067411
vt 0.174804 0.084830
vt 0.174508 0.097968
vt 0.160542 0.100131
vt 0.159130 0.108616
vt 0.172531 0.108713
vt 0.076057 0.137159
vt 0.089410 0.145198
vt 0.098746 0.719746
vt 0.098594 0.692780
vt 0.111719 0.697168
vt 0.111829 0.714339
vt 0.129752 0.703997
vt 0.129737 0.711504
vt 0.244675 0.749474
vt 0.234495 0.751050
vt 0.234542 0.743543
vt 0.244736 0.742231
vt 0.261482 0.740454
vt 0.261388 0.747409
vt 0.254710 0.748036
vt 0.254795 0.740999
vt 0.265866 0.740222
vt 0.265768 0.747145
vt 0.270597 0.740140
vt 0.270493 0.747051
vt 0.302536 0.739756
vt 0.302391 0.746688
vt 0.850601 0.069740
vt 0.861976 0.061069
vt 0.149139 0.800828
vt 0.148309 0.764175
vt 0.166764 0.767208
vt 0.167153 0.798597
vt 0.202205 0.767976
vt 0.216674 0.766388
vt 0.216858 0.777702
vt 0.203067 0.785776
vt 0.235030 0.777822
vt 0.234838 0.764425
vt 0.244765 0.760996
vt 0.244941 0.772551
vt 0.254679 0.758181
vt 0.261316 0.756589
vt 0.261283 0.765756
vt 0.254727 0.768328
vt 0.265676 0.756118
vt 0.265607 0.765076
vt 0.270386 0.756024
vt 0.270284 0.764966
vt 0.676387 0.163413
vt 0.679691 0.159089
vt 0.689037 0.161115
vt 0.687272 0.166759
vt 0.019662 0.621953
vt 0.019237 0.608906
vt 0.031799 0.608446
vt 0.033794 0.623573
vt 0.697773 0.937777
vt 0.703197 0.926338
vt 0.716298 0.935768
vt 0.711026 0.945177
vt 0.824075 0.725520
vt 0.822617 0.715050
vt 0.850208 0.713973
vt 0.850643 0.724147
vt 0.763802 0.793194
vt 0.748568 0.793157
vt 0.745721 0.772241
vt 0.760130 0.772209
vt 0.739172 0.794367
vt 0.738251 0.775534
vt 0.725235 0.797832
vt 0.711153 0.804196
vt 0.713691 0.779768
vt 0.726902 0.778388
vt 0.121164 0.144571
vt 0.125295 0.154863
vt 0.106823 0.161354
vt 0.107190 0.148273
vt 0.137640 0.652919
vt 0.137556 0.613756
vt 0.139639 0.801351
vt 0.138050 0.761810
vt 0.226862 0.910758
vt 0.207454 0.911260
vt 0.237121 0.901377
vt 0.263848 0.902887
vt 0.244534 0.858189
vt 0.272857 0.859111
vt 0.219049 0.854708
vt 0.233965 0.855126
vt 0.184672 0.769205
vt 0.184597 0.794325
vt 0.184974 0.612341
vt 0.185793 0.651233
vt 0.179184 0.444944
vt 0.180479 0.472268
vt 0.173714 0.360135
vt 0.175828 0.377856
vt 0.174022 0.300319
vt 0.174321 0.310223
vt 0.174378 0.294951
vt 0.211059 0.274661
vt 0.206882 0.276819
vt 0.219213 0.273451
vt 0.228309 0.270274
vt 0.273209 0.266145
vt 0.544007 0.090592
vt 0.587308 0.090543
vt 0.534363 0.090782
vt 0.529798 0.091104
vt 0.525089 0.091989
vt 0.507936 0.096492
vt 0.240535 0.472050
vt 0.230063 0.472449
vt 0.228694 0.449310
vt 0.239479 0.455062
vt 0.256823 0.456956
vt 0.257741 0.471608
vt 0.250865 0.471771
vt 0.249954 0.457282
vt 0.261332 0.456795
vt 0.262254 0.471511
vt 0.266201 0.456696
vt 0.267129 0.471409
vt 0.299020 0.456217
vt 0.300047 0.470811
vt 0.193845 0.372910
vt 0.207801 0.386691
vt 0.236096 0.293244
vt 0.277487 0.290327
vt 0.177733 0.416642
vt 0.248735 0.393706
vt 0.249357 0.393949
vt 0.253812 0.393398
vt 0.258922 0.393168
vt 0.293222 0.390443
vt 0.279854 0.322376
vt 0.225858 0.371655
vt 0.224706 0.584846
vt 0.224969 0.528863
vt 0.226915 0.649597
vt 0.224902 0.602247
vt 0.225227 0.750281
vt 0.225323 0.745767
vt 0.225950 0.782706
vt 0.226025 0.766600
vt 0.283937 0.814631
vt 0.227710 0.412805
vt 0.217904 0.398033
vt 0.217270 0.385625
vt 0.227213 0.400893
vt 0.238042 0.417584
vt 0.238362 0.427871
vt 0.251331 0.403735
vt 0.255766 0.403260
vt 0.260701 0.403034
vt 0.292056 0.401882
vt 0.815733 0.605500
vt 0.813088 0.602560
vt 0.818876 0.586605
vt 0.820424 0.592213
vt 0.148760 0.830278
vt 0.130405 0.830919
vt 0.130909 0.810193
vt 0.149617 0.810199
vt 0.168679 0.828191
vt 0.168827 0.807963
vt 0.187730 0.803313
vt 0.188290 0.823296
vt 0.208600 0.813229
vt 0.207428 0.794099
vt 0.227426 0.801428
vt 0.236135 0.795973
vt 0.245782 0.790154
vt 0.255211 0.785477
vt 0.261382 0.782475
vt 0.669080 0.171220
vt 0.683788 0.177047
vt 0.204900 0.602406
vt 0.204314 0.586784
vt 0.184824 0.603292
vt 0.184387 0.587676
vt 0.166134 0.603939
vt 0.165829 0.588302
vt 0.147031 0.604384
vt 0.146815 0.588731
vt 0.127788 0.588040
vt 0.109865 0.589065
vt 0.096719 0.589580
vt 0.057196 0.607508
vt 0.056665 0.590995
vt 0.073274 0.590404
vt 0.073812 0.606923
vt 0.031248 0.591935
vt 0.018684 0.592420
vt 0.812620 0.894781
vt 0.816736 0.898028
vt 0.791772 0.909580
vt 0.788616 0.905174
vt 0.805561 0.849914
vt 0.801108 0.858252
vt 0.777773 0.856105
vt 0.781211 0.844580
vt 0.823719 0.834653
vt 0.816210 0.840038
vt 0.789230 0.830637
vt 0.802014 0.826250
vt 0.808129 0.890055
vt 0.784426 0.899077
vt 0.810734 0.844606
vt 0.785002 0.836885
vt 0.803265 0.881914
vt 0.779052 0.888469
vt 0.831318 0.868898
vt 0.821123 0.869165
vt 0.816696 0.869400
vt 0.809711 0.869820
vt 0.800881 0.870457
vt 0.805995 0.694173
vt 0.811076 0.699715
vt 0.784838 0.708465
vt 0.780723 0.700566
vt 0.813221 0.641665
vt 0.807806 0.645940
vt 0.784169 0.634726
vt 0.789635 0.627609
vt 0.797696 0.680228
vt 0.801555 0.687776
vt 0.776904 0.692215
vt 0.773969 0.681673
vt 0.821183 0.706790
vt 0.799546 0.714991
vt 0.801945 0.650763
vt 0.797999 0.659617
vt 0.775631 0.653914
vt 0.779748 0.642334
vt 0.803846 0.623204
vt 0.852530 0.835053
vt 0.854919 0.867096
vt 0.803819 0.670629
vt 0.797144 0.669977
vt 0.810386 0.671237
vt 0.816972 0.672445
vt 0.166185 0.605557
vt 0.166281 0.608476
vt 0.147429 0.608908
vt 0.147163 0.606009
vt 0.223376 0.603708
vt 0.220407 0.606889
vt 0.204726 0.606930
vt 0.204847 0.604035
vt 0.225212 0.649643
vt 0.222164 0.649742
vt 0.149531 0.808513
vt 0.149393 0.805520
vt 0.167995 0.803264
vt 0.168531 0.806286
vt 0.206639 0.792607
vt 0.205235 0.789934
vt 0.221281 0.780142
vt 0.224372 0.781808
vt 0.221381 0.766418
vt 0.224360 0.766745
vt 0.133116 0.609887
vt 0.130062 0.606899
vt 0.132859 0.653034
vt 0.129807 0.653090
vt 0.132428 0.808752
vt 0.135359 0.805526
vt 0.130281 0.761239
vt 0.133298 0.761237
vt 0.186156 0.798795
vt 0.187167 0.801703
vt 0.184855 0.604906
vt 0.184904 0.607824
vt 0.214283 0.424655
vt 0.213137 0.398135
vt 0.216207 0.398066
vt 0.217381 0.427200
vt 0.217456 0.441718
vt 0.199059 0.442699
vt 0.198771 0.439748
vt 0.214243 0.438730
vt 0.154287 0.307969
vt 0.152556 0.310495
vt 0.133306 0.298274
vt 0.134718 0.295655
vt 0.120398 0.292274
vt 0.117203 0.287065
vt 0.122577 0.368759
vt 0.119503 0.368914
vt 0.118141 0.338295
vt 0.121307 0.340463
vt 0.124333 0.445069
vt 0.127172 0.441876
vt 0.141348 0.441934
vt 0.141270 0.444878
vt 0.160216 0.441049
vt 0.160315 0.444012
vt 0.178935 0.440332
vt 0.179096 0.443302
vt 0.173646 0.322339
vt 0.171675 0.324699
vt 0.214175 0.363818
vt 0.211141 0.365022
vt 0.192102 0.343679
vt 0.194298 0.341548
vt 0.212531 0.386274
vt 0.215571 0.385693
vt 0.198343 0.435121
vt 0.209888 0.434674
vt 0.131250 0.437636
vt 0.141435 0.437310
vt 0.160059 0.436449
vt 0.178683 0.435733
vt 0.206655 0.366917
vt 0.188698 0.346971
vt 0.168622 0.328332
vt 0.209848 0.226874
vt 0.213386 0.226491
vt 0.218043 0.248826
vt 0.214466 0.249697
vt 0.229885 0.297581
vt 0.233432 0.296561
vt 0.241671 0.319295
vt 0.238954 0.323470
vt 0.281336 0.316439
vt 0.279785 0.320560
vt 0.212092 0.209358
vt 0.207981 0.206245
vt 0.259226 0.199333
vt 0.262113 0.202642
vt 0.224364 0.271659
vt 0.220928 0.272853
vt 0.881810 0.942708
vt 0.881901 0.950824
vt 0.881655 0.930746
vt 0.881152 0.900115
vt 0.881405 0.915287
vt 0.880552 0.866207
vt 0.879838 0.823646
vt 0.879952 0.834623
vt 0.879727 0.814447
vt 0.879545 0.801513
vt 0.877551 0.733384
vt 0.878399 0.767460
vt 0.877289 0.723425
vt 0.876950 0.713232
vt 0.874501 0.637971
vt 0.875673 0.672347
vt 0.873727 0.614351
vt 0.848893 0.614529
vt 0.848568 0.600433
vt 0.873089 0.600332
vt 0.848375 0.588060
vt 0.872780 0.587957
vt 0.872924 0.593704
vt 0.848643 0.593829
vt 0.754716 0.672160
vt 0.754868 0.702036
vt 0.741921 0.709733
vt 0.741598 0.672053
vt 0.734235 0.709910
vt 0.734156 0.671981
vt 0.256843 0.953608
vt 0.258218 0.943867
vt 0.329331 0.946382
vt 0.329085 0.956187
vt 0.329654 0.933453
vt 0.260054 0.931060
vt 0.262584 0.913775
vt 0.330093 0.915877
vt 0.330369 0.904874
vt 0.330594 0.895841
vt 0.331041 0.877939
vt 0.331477 0.860420
vt 0.331957 0.841072
vt 0.332322 0.826307
vt 0.332818 0.806203
vt 0.332594 0.815302
vt 0.333056 0.796460
vt 0.333262 0.788037
vt 0.333389 0.782827
vt 0.333418 0.781642
vt 0.302027 0.764646
vt 0.333831 0.764855
vt 0.334275 0.746830
vt 0.334440 0.739888
vt 0.337270 0.599376
vt 0.336659 0.647381
vt 0.337264 0.582692
vt 0.336009 0.526207
vt 0.332399 0.456284
vt 0.333363 0.470353
vt 0.330624 0.431675
vt 0.299170 0.429606
vt 0.299478 0.425060
vt 0.330307 0.427199
vt 0.301810 0.406530
vt 0.302654 0.399855
vt 0.328407 0.399374
vt 0.328941 0.407838
vt 0.326026 0.368672
vt 0.327333 0.383563
vt 0.323948 0.342672
vt 0.322017 0.318177
vt 0.321559 0.312467
vt 0.321873 0.316400
vt 0.317599 0.262897
vt 0.319518 0.286839
vt 0.315717 0.239525
vt 0.313891 0.216917
vt 0.312692 0.202099
vt 0.312357 0.197975
vt 0.312062 0.194338
vt 0.310219 0.171600
vt 0.311915 0.192524
vt 0.308538 0.150875
vt 0.637957 0.099768
vt 0.637971 0.102918
vt 0.594190 0.102884
vt 0.594119 0.099871
vt 0.637913 0.090511
vt 0.637931 0.094351
vt 0.594064 0.094696
vt 0.593860 0.091027
vt 0.313832 0.089171
vt 0.313856 0.091963
vt 0.313636 0.066990
vt 0.313749 0.079697
vt 0.313486 0.050319
vt 0.313595 0.062524
vt 0.313233 0.021767
vt 0.313451 0.046246
vt 0.882112 0.967366
vt 0.854675 0.925757
vt 0.881556 0.924351
vt 0.828294 0.929571
vt 0.181840 0.061669
vt 0.183543 0.079429
vt 0.189906 0.088540
vt 0.196275 0.099486
vt 0.060493 0.277703
vt 0.049854 0.278000
vt 0.049331 0.263916
vt 0.059847 0.264462
vt 0.155250 0.306565
vt 0.135530 0.294179
vt 0.174740 0.321032
vt 0.195522 0.340365
vt 0.215782 0.363100
vt 0.226047 0.378315
vt 0.237243 0.396885
vt 0.247861 0.410937
vt 0.252570 0.409063
vt 0.256901 0.408630
vt 0.261662 0.408489
vt 0.292470 0.407697
vt 0.329237 0.412880
vt 0.301112 0.410934
vt 0.544269 0.116207
vt 0.544291 0.115113
vt 0.591413 0.114546
vt 0.591410 0.115639
vt 0.529282 0.115919
vt 0.529210 0.114823
vt 0.534061 0.114684
vt 0.534035 0.115782
vt 0.524326 0.116969
vt 0.524125 0.115896
vt 0.503322 0.104952
vt 0.504351 0.104481
vt 0.509945 0.111121
vt 0.509423 0.112151
vt 0.516105 0.118372
vt 0.516469 0.117156
vt 0.543159 0.078450
vt 0.543117 0.077357
vt 0.590571 0.077625
vt 0.590584 0.078719
vt 0.532604 0.079043
vt 0.532457 0.077955
vt 0.528699 0.079529
vt 0.528487 0.078473
vt 0.524259 0.080396
vt 0.523971 0.079345
vt 0.502687 0.096042
vt 0.501520 0.095463
vt 0.502130 0.087170
vt 0.500907 0.086376
vt 0.638027 0.115088
vt 0.638032 0.116180
vt 0.637848 0.076561
vt 0.637853 0.077653
vt 0.591660 0.097293
vt 0.591675 0.105451
vt 0.589957 0.104303
vt 0.589848 0.097337
vt 0.589395 0.111745
vt 0.591416 0.113635
vt 0.544313 0.114204
vt 0.544371 0.112333
vt 0.534123 0.113776
vt 0.529131 0.113884
vt 0.529056 0.112310
vt 0.534259 0.111871
vt 0.523938 0.115022
vt 0.523654 0.113634
vt 0.510615 0.110510
vt 0.505181 0.104101
vt 0.506925 0.103299
vt 0.511731 0.109080
vt 0.516748 0.116250
vt 0.517427 0.114355
vt 0.591298 0.088478
vt 0.589626 0.089654
vt 0.543198 0.079360
vt 0.590596 0.079630
vt 0.588694 0.081535
vt 0.543282 0.081234
vt 0.532741 0.079939
vt 0.533025 0.081783
vt 0.528878 0.080418
vt 0.529231 0.082317
vt 0.524462 0.081275
vt 0.524868 0.083078
vt 0.503591 0.095939
vt 0.505484 0.096383
vt 0.502983 0.087810
vt 0.505073 0.089125
vt 0.587587 0.109487
vt 0.544476 0.109862
vt 0.528862 0.109639
vt 0.534465 0.109440
vt 0.524180 0.110962
vt 0.518404 0.112369
vt 0.586967 0.083812
vt 0.543415 0.083705
vt 0.533439 0.084166
vt 0.529623 0.084851
vt 0.525315 0.085427
vt 0.507170 0.090734
vt 0.087931 0.654090
vt 0.073349 0.654486
vt 0.087307 0.606472
vt 0.086800 0.589931
vt 0.082823 0.477546
vt 0.081685 0.448927
vt 0.070742 0.371334
vt 0.080530 0.370845
vt 0.079829 0.418573
vt 0.065775 0.409010
vt 0.060951 0.330654
vt 0.071037 0.330324
vt 0.594072 0.108064
vt 0.637996 0.108331
vt 0.638010 0.111475
vt 0.594058 0.111090
vt 0.637888 0.085098
vt 0.593620 0.085841
vt 0.593294 0.082160
vt 0.637870 0.081263
vt 0.637983 0.105627
vt 0.637989 0.106722
vt 0.592770 0.106542
vt 0.592587 0.112567
vt 0.638018 0.113085
vt 0.638023 0.114178
vt 0.637944 0.097060
vt 0.637949 0.098156
vt 0.592782 0.098369
vt 0.592788 0.104375
vt 0.637979 0.104531
vt 0.637901 0.087803
vt 0.637906 0.088899
vt 0.592463 0.089542
vt 0.592723 0.096206
vt 0.637939 0.095964
vt 0.592326 0.087374
vt 0.591822 0.080687
vt 0.637895 0.086709
vt 0.637857 0.078562
vt 0.637862 0.079655
vt 0.544252 0.117116
vt 0.591408 0.116550
vt 0.529373 0.116816
vt 0.534035 0.116684
vt 0.524495 0.117861
vt 0.543090 0.076448
vt 0.590560 0.076715
vt 0.532360 0.077056
vt 0.528276 0.077569
vt 0.523672 0.078486
vt 0.502484 0.105331
vt 0.500607 0.095566
vt 0.638036 0.117090
vt 0.637843 0.075651
vt 0.500069 0.085744
vt 0.220869 0.739938
vt 0.223818 0.743835
vt 0.216584 0.734965
vt 0.205296 0.730045
vt 0.186258 0.721268
vt 0.168067 0.713091
vt 0.149506 0.705184
vt 0.139014 0.700708
vt 0.134438 0.702305
vt 0.131370 0.703008
vt 0.088712 0.690866
vt 0.082281 0.691001
vt 0.849509 0.706178
vt 0.876606 0.705410
vt 0.204848 0.736576
vt 0.204549 0.734412
vt 0.148363 0.711167
vt 0.148354 0.709284
vt 0.167276 0.719820
vt 0.167125 0.717538
vt 0.185422 0.727833
vt 0.185320 0.725803
vt 0.178350 0.096020
vt 0.329800 0.420454
vt 0.300120 0.418267
vt 0.262765 0.417008
vt 0.293494 0.416376
vt 0.258075 0.417102
vt 0.253762 0.417456
vt 0.248104 0.418550
vt 0.237691 0.407837
vt 0.226672 0.389584
vt 0.216588 0.373796
vt 0.214889 0.373901
vt 0.211896 0.374998
vt 0.207178 0.375750
vt 0.191878 0.359179
vt 0.171769 0.343266
vt 0.152895 0.331701
vt 0.149863 0.314390
vt 0.133827 0.320733
vt 0.131022 0.302362
vt 0.125067 0.315707
vt 0.124618 0.298812
vt 0.120266 0.313697
vt 0.117175 0.309266
vt 0.097843 0.303569
vt 0.097328 0.276577
vt 0.115779 0.284807
vt 0.115474 0.309271
vt 0.078707 0.277164
vt 0.080466 0.303384
vt 0.070346 0.303919
vt 0.069689 0.277433
vt 0.061172 0.304407
vt 0.049755 0.295172
vt 0.039925 0.304990
vt 0.039222 0.278292
vt 0.180783 0.110305
vt 0.103418 0.417502
vt 0.090586 0.417940
vt 0.120294 0.417171
vt 0.124880 0.414367
vt 0.121990 0.417026
vt 0.140271 0.413655
vt 0.129553 0.412863
vt 0.159081 0.414861
vt 0.228373 0.437090
vt 0.219082 0.427249
vt 0.239033 0.446018
vt 0.249520 0.449621
vt 0.256362 0.449277
vt 0.260853 0.449084
vt 0.265717 0.448975
vt 0.298467 0.448581
vt 0.331891 0.449092
vt 0.330864 0.435062
vt 0.097283 0.147396
vt 0.091514 0.160957
vt 0.014629 0.480487
vt 0.013698 0.458094
vt 0.026208 0.456164
vt 0.027201 0.479959
vt 0.025850 0.448309
vt 0.050738 0.436160
vt 0.013415 0.451808
vt 0.055368 0.634618
vt 0.714254 0.867208
vt 0.707973 0.882318
vt 0.696828 0.883348
vt 0.704202 0.862434
vt 0.711326 0.917817
vt 0.721743 0.929404
vt 0.697927 0.914892
vt 0.708944 0.909498
vt 0.707440 0.896806
vt 0.696074 0.900819
vt 0.769755 0.825186
vt 0.750875 0.832899
vt 0.751047 0.822442
vt 0.766785 0.815380
vt 0.721942 0.852554
vt 0.715272 0.842121
vt 0.727485 0.832380
vt 0.731802 0.842266
vt 0.802334 0.721014
vt 0.824735 0.626309
vt 0.811308 0.618090
vt 0.849065 0.628666
vt 0.874202 0.628524
vt 0.743702 0.836358
vt 0.740500 0.825692
vt 0.721977 0.710647
vt 0.722829 0.671842
vt 0.232980 0.093165
vt 0.241522 0.095067
vt 0.277528 0.095308
vt 0.313880 0.094750
vt 0.832175 0.981416
vt 0.858399 0.977256
vt 0.808360 0.768965
vt 0.804920 0.769052
vt 0.802402 0.738549
vt 0.805834 0.738189
vt 0.792176 0.937447
vt 0.782372 0.924217
vt 0.805226 0.817835
vt 0.801858 0.816889
vt 0.803654 0.810284
vt 0.807046 0.810940
vt 0.818083 0.983966
vt 0.821552 0.975107
vt 0.813440 0.984691
vt 0.816461 0.971984
vt 0.811952 0.958472
vt 0.805256 0.965282
vt 0.801178 0.955741
vt 0.809044 0.947897
vt 0.805071 0.799346
vt 0.808513 0.799591
vt 0.775326 0.889372
vt 0.772432 0.872922
vt 0.776267 0.872694
vt 0.788451 0.910955
vt 0.784911 0.906954
vt 0.780670 0.900568
vt 0.798321 0.824956
vt 0.785380 0.829276
vt 0.804585 0.729527
vt 0.801200 0.730200
vt 0.798972 0.722007
vt 0.773916 0.855692
vt 0.777389 0.843773
vt 0.882240 0.975549
vt 0.796519 0.945510
vt 0.806007 0.939551
vt 0.781081 0.835775
vt 0.770124 0.681848
vt 0.769378 0.667427
vt 0.773205 0.667862
vt 0.795884 0.716179
vt 0.781444 0.710504
vt 0.776799 0.701377
vt 0.773031 0.692844
vt 0.800999 0.621469
vt 0.804886 0.615356
vt 0.807970 0.617008
vt 0.768054 0.811579
vt 0.750335 0.817759
vt 0.750830 0.814677
vt 0.786761 0.624877
vt 0.800657 0.621277
vt 0.771895 0.652894
vt 0.776154 0.640930
vt 0.721544 0.822520
vt 0.723774 0.826374
vt 0.708292 0.838857
vt 0.704655 0.835688
vt 0.696663 0.859005
vt 0.739330 0.820090
vt 0.738624 0.816435
vt 0.780547 0.633007
vt 0.802513 0.769113
vt 0.799999 0.738765
vt 0.689719 0.947246
vt 0.674491 0.983074
vt 0.799592 0.816209
vt 0.801302 0.809842
vt 0.075617 0.167133
vt 0.080055 0.164665
vt 0.802665 0.799211
vt 0.062147 0.176023
vt 0.149521 0.149341
vt 0.169166 0.130186
vt 0.769900 0.890726
vt 0.765799 0.873405
vt 0.783254 0.907886
vt 0.776880 0.902138
vt 0.795869 0.824047
vt 0.779582 0.827066
vt 0.798861 0.730654
vt 0.796736 0.722692
vt 0.697420 0.927039
vt 0.694249 0.936379
vt 0.767322 0.855150
vt 0.771459 0.842548
vt 0.108717 0.167794
vt 0.128105 0.162016
vt 0.090259 0.166168
vt 0.775642 0.834169
vt 0.689638 0.882817
vt 0.763208 0.682206
vt 0.762351 0.666726
vt 0.793431 0.717030
vt 0.776576 0.713293
vt 0.693336 0.916207
vt 0.772833 0.705916
vt 0.689917 0.900522
vt 0.767620 0.695069
vt 0.782790 0.624016
vt 0.765097 0.651183
vt 0.770305 0.638743
vt 0.777924 0.628929
vt 0.221899 0.069008
vt 0.219798 0.058340
vt 0.210350 0.072160
vt 0.212989 0.062578
vt 0.711418 0.783965
vt 0.709238 0.744586
vt 0.706219 0.725820
vt 0.328766 0.968938
vt 0.254764 0.966286
vt 0.793429 0.020433
vt 0.828025 0.016275
vt 0.088867 0.722353
vt 0.076064 0.725142
vt 0.700170 0.833968
vt 0.687913 0.855463
vt 0.680402 0.881551
vt 0.680678 0.901272
vt 0.684400 0.918060
vt 0.688174 0.926580
vt 0.685083 0.933874
vt 0.681029 0.943890
vt 0.665855 0.979454
vt 0.079194 0.175936
vt 0.067022 0.183802
vt 0.082397 0.174739
vt 0.090558 0.175679
vt 0.110298 0.176896
vt 0.131995 0.170529
vt 0.155255 0.156753
vt 0.176154 0.136014
vt 0.187937 0.117120
vt 0.201584 0.107067
vt 0.210067 0.102308
vt 0.822290 0.579390
vt 0.822922 0.586083
vt 0.756704 0.761401
vt 0.866609 0.033653
vt 0.868169 0.023139
vt 0.864784 0.046591
vt 0.202092 0.529515
vt 0.213883 0.529186
vt 0.214297 0.575939
vt 0.203084 0.576454
vt 0.182621 0.530088
vt 0.183946 0.577191
vt 0.164288 0.530729
vt 0.165765 0.577797
vt 0.145725 0.531423
vt 0.147567 0.578336
vt 0.135087 0.531830
vt 0.137597 0.578469
vt 0.106741 0.532918
vt 0.124087 0.532252
vt 0.093918 0.533409
vt 0.084180 0.533785
vt 0.070842 0.534305
vt 0.054379 0.534953
vt 0.029057 0.535965
vt 0.016500 0.536470
vt 0.362283 0.235932
vt 0.362171 0.213363
vt 0.410508 0.210677
vt 0.409446 0.233015
vt 0.370454 0.582303
vt 0.369227 0.525175
vt 0.402197 0.523986
vt 0.404037 0.582228
vt 0.396199 0.897025
vt 0.393166 0.879189
vt 0.421398 0.879788
vt 0.423147 0.897416
vt 0.904076 0.766701
vt 0.903903 0.732721
vt 0.930061 0.732496
vt 0.929586 0.765626
vt 0.916686 0.511082
vt 0.880386 0.512014
vt 0.879791 0.494310
vt 0.915026 0.493255
vt 0.347606 0.079571
vt 0.348175 0.066861
vt 0.381897 0.067108
vt 0.379962 0.079401
vt 0.864992 0.404692
vt 0.864268 0.379240
vt 0.920452 0.377455
vt 0.921267 0.402870
vt 0.722789 0.633060
vt 0.713676 0.617206
vt 0.727045 0.613912
vt 0.349407 0.046477
vt 0.346272 0.021958
vt 0.381807 0.023692
vt 0.386742 0.048328
vt 0.683609 0.358375
vt 0.697251 0.352925
vt 0.711402 0.388787
vt 0.697945 0.394644
vt 0.751890 0.619925
vt 0.757451 0.622454
vt 0.755481 0.642283
vt 0.742694 0.634369
vt 0.385606 0.842500
vt 0.382242 0.827620
vt 0.406685 0.828894
vt 0.412524 0.842959
vt 0.881755 0.550457
vt 0.881630 0.548045
vt 0.916141 0.548294
vt 0.915942 0.550735
vt 0.921863 0.419412
vt 0.865462 0.421310
vt 0.688349 0.103022
vt 0.688429 0.096925
vt 0.731500 0.096602
vt 0.731449 0.102804
vt 0.401362 0.957096
vt 0.400476 0.947290
vt 0.428035 0.946876
vt 0.428012 0.956769
vt 0.423101 0.809680
vt 0.409486 0.809259
vt 0.404689 0.799064
vt 0.417522 0.799724
vt 0.361667 0.368485
vt 0.363105 0.341100
vt 0.401724 0.338309
vt 0.396794 0.366560
vt 0.923522 0.456240
vt 0.866487 0.458408
vt 0.866116 0.444715
vt 0.922826 0.442676
vt 0.364558 0.168343
vt 0.364057 0.147728
vt 0.417926 0.146034
vt 0.417957 0.166753
vt 0.399282 0.934395
vt 0.428078 0.933767
vt 0.363491 0.429857
vt 0.365068 0.421043
vt 0.395975 0.418292
vt 0.396375 0.427005
vt 0.505487 0.449354
vt 0.500524 0.421833
vt 0.519027 0.418522
vt 0.523761 0.445976
vt 0.558126 0.440470
vt 0.554490 0.412368
vt 0.567459 0.410836
vt 0.570764 0.438888
vt 0.593607 0.436682
vt 0.590601 0.408284
vt 0.607005 0.406580
vt 0.609926 0.435000
vt 0.908388 0.915727
vt 0.908247 0.900644
vt 0.936519 0.902567
vt 0.935154 0.918556
vt 0.574844 0.810650
vt 0.564955 0.809960
vt 0.567675 0.777617
vt 0.577443 0.778280
vt 0.575124 0.663556
vt 0.562210 0.662460
vt 0.565299 0.615158
vt 0.578321 0.616198
vt 0.505768 0.656646
vt 0.509280 0.617071
vt 0.527712 0.619468
vt 0.524507 0.658793
vt 0.459494 0.611021
vt 0.471148 0.612247
vt 0.467612 0.652512
vt 0.455793 0.651390
vt 0.369020 0.647517
vt 0.370354 0.599138
vt 0.403724 0.599258
vt 0.401278 0.648142
vt 0.549818 0.152187
vt 0.559867 0.140174
vt 0.565995 0.146148
vt 0.556581 0.157634
vt 0.348366 0.062420
vt 0.349251 0.050198
vt 0.386321 0.051828
vt 0.382844 0.062992
vt 0.863905 0.366647
vt 0.920057 0.364872
vt 0.735020 0.634046
vt 0.738672 0.612269
vt 0.746166 0.611625
vt 0.906998 0.822965
vt 0.906430 0.813760
vt 0.932827 0.811708
vt 0.934207 0.821075
vt 0.945337 0.043600
vt 0.976467 0.049191
vt 0.973517 0.064452
vt 0.945044 0.058398
vt 0.945634 0.031039
vt 0.978210 0.036628
vt 0.729018 0.581224
vt 0.728451 0.596091
vt 0.715520 0.594489
vt 0.717742 0.580879
vt 0.744902 0.580694
vt 0.746875 0.594778
vt 0.739599 0.595848
vt 0.738688 0.581237
vt 0.758374 0.582897
vt 0.759962 0.597371
vt 0.948659 0.765284
vt 0.949294 0.734103
vt 0.952209 0.807840
vt 0.954243 0.814796
vt 0.403534 0.050076
vt 0.399438 0.024419
vt 0.395151 0.064965
vt 0.402483 0.054486
vt 0.391215 0.079600
vt 0.393966 0.068637
vt 0.437019 0.838702
vt 0.422665 0.838951
vt 0.413449 0.818815
vt 0.427848 0.818663
vt 0.451499 0.899151
vt 0.433854 0.897394
vt 0.432291 0.878524
vt 0.448846 0.879478
vt 0.925728 0.632473
vt 0.923248 0.669150
vt 0.900311 0.671993
vt 0.899947 0.636506
vt 0.348914 0.091894
vt 0.347603 0.089104
vt 0.380691 0.088547
vt 0.383408 0.091173
vt 0.932044 0.954573
vt 0.947805 0.969921
vt 0.942803 0.973177
vt 0.419414 0.060954
vt 0.410054 0.052910
vt 0.404767 0.024131
vt 0.421783 0.043781
vt 0.402441 0.082682
vt 0.404836 0.071451
vt 0.504400 0.471646
vt 0.523349 0.472710
vt 0.530095 0.567464
vt 0.531609 0.594315
vt 0.512883 0.591642
vt 0.510686 0.569297
vt 0.635040 0.432669
vt 0.637957 0.466432
vt 0.612590 0.468685
vt 0.646059 0.569934
vt 0.644341 0.603839
vt 0.619021 0.602374
vt 0.620519 0.568475
vt 0.447908 0.462429
vt 0.467373 0.456471
vt 0.465997 0.466806
vt 0.453275 0.464189
vt 0.471299 0.576561
vt 0.473788 0.586796
vt 0.452547 0.582286
vt 0.457856 0.580081
vt 0.448153 0.522395
vt 0.453585 0.522197
vt 0.595989 0.470064
vt 0.602560 0.601253
vt 0.603753 0.567685
vt 0.558608 0.472501
vt 0.572464 0.471782
vt 0.579461 0.599875
vt 0.566627 0.598799
vt 0.565945 0.566560
vt 0.579963 0.566804
vt 0.647523 0.431520
vt 0.650464 0.465301
vt 0.428932 0.080912
vt 0.422893 0.092345
vt 0.413729 0.087857
vt 0.419761 0.075427
vt 0.429949 0.068219
vt 0.432278 0.051756
vt 0.932810 0.946518
vt 0.934070 0.934373
vt 0.954610 0.945591
vt 0.951970 0.956291
vt 0.907324 0.943351
vt 0.907985 0.931295
vt 0.459359 0.403046
vt 0.448489 0.409300
vt 0.444922 0.383921
vt 0.454919 0.370964
vt 0.488284 0.328176
vt 0.505475 0.317209
vt 0.507845 0.341704
vt 0.490044 0.349095
vt 0.514474 0.312791
vt 0.518239 0.339584
vt 0.442983 0.431059
vt 0.462609 0.428458
vt 0.905773 0.800730
vt 0.931364 0.798734
vt 0.950410 0.796282
vt 0.578292 0.153627
vt 0.570274 0.165950
vt 0.361952 0.198855
vt 0.410182 0.197112
vt 0.539717 0.298557
vt 0.555021 0.293447
vt 0.554461 0.334484
vt 0.541889 0.336248
vt 0.547441 0.613721
vt 0.544691 0.660877
vt 0.549253 0.597118
vt 0.548270 0.566696
vt 0.866971 0.475508
vt 0.924565 0.473193
vt 0.540997 0.442720
vt 0.541169 0.472919
vt 0.536741 0.414590
vt 0.527637 0.338255
vt 0.523357 0.308049
vt 0.364990 0.189103
vt 0.417852 0.188011
vt 0.434123 0.923264
vt 0.397619 0.916982
vt 0.433441 0.915712
vt 0.452957 0.924726
vt 0.452797 0.917179
vt 0.398493 0.089568
vt 0.397634 0.090373
vt 0.392763 0.089465
vt 0.390849 0.087250
vt 0.428958 0.208719
vt 0.433668 0.209021
vt 0.432569 0.233851
vt 0.427925 0.233002
vt 0.493475 0.243172
vt 0.494556 0.247801
vt 0.476875 0.263156
vt 0.475823 0.258716
vt 0.741108 0.096396
vt 0.746012 0.096447
vt 0.746502 0.102521
vt 0.741191 0.102390
vt 0.750898 0.097367
vt 0.751419 0.103582
vt 0.408686 0.599303
vt 0.413285 0.599362
vt 0.410441 0.648472
vt 0.406038 0.648306
vt 0.420307 0.599479
vt 0.417137 0.648768
vt 0.431524 0.582227
vt 0.428725 0.523091
vt 0.439017 0.522725
vt 0.442525 0.582306
vt 0.413889 0.371000
vt 0.415766 0.381409
vt 0.409559 0.396918
vt 0.410661 0.387133
vt 0.427151 0.649321
vt 0.430875 0.599746
vt 0.441557 0.600341
vt 0.437249 0.649951
vt 0.428218 0.165991
vt 0.428671 0.145361
vt 0.419130 0.233774
vt 0.419999 0.210197
vt 0.412975 0.312345
vt 0.406074 0.312435
vt 0.411555 0.284048
vt 0.419212 0.284242
vt 0.402120 0.365899
vt 0.407823 0.337773
vt 0.400620 0.417856
vt 0.401104 0.426519
vt 0.409041 0.582200
vt 0.407079 0.523818
vt 0.495675 0.257053
vt 0.478176 0.272855
vt 0.511163 0.234737
vt 0.512527 0.243413
vt 0.766782 0.101117
vt 0.762440 0.106453
vt 0.443959 0.303934
vt 0.445394 0.315023
vt 0.430503 0.343505
vt 0.429044 0.330561
vt 0.427703 0.186845
vt 0.404944 0.417671
vt 0.405498 0.426267
vt 0.411123 0.417712
vt 0.412196 0.425850
vt 0.509911 0.229993
vt 0.432491 0.187131
vt 0.422988 0.286395
vt 0.416397 0.315136
vt 0.442395 0.297093
vt 0.427208 0.321850
vt 0.407397 0.368046
vt 0.417329 0.342467
vt 0.421132 0.348373
vt 0.406606 0.365741
vt 0.412336 0.337791
vt 0.433304 0.145708
vt 0.432933 0.166343
vt 0.543278 0.205477
vt 0.544258 0.210223
vt 0.527423 0.221810
vt 0.526335 0.217091
vt 0.411595 0.523663
vt 0.413687 0.582187
vt 0.418463 0.523428
vt 0.420793 0.582191
vt 0.401564 0.092344
vt 0.398117 0.091123
vt 0.906930 0.951541
vt 0.405763 0.785280
vt 0.398384 0.784887
vt 0.396681 0.783619
vt 0.401247 0.783811
vt 0.378178 0.807387
vt 0.374465 0.797512
vt 0.370406 0.788939
vt 0.365947 0.783563
vt 0.399700 0.790244
vt 0.365117 0.782347
vt 0.410831 0.790868
vt 0.490769 0.130223
vt 0.484509 0.139190
vt 0.465889 0.123338
vt 0.476220 0.117654
vt 0.468335 0.090660
vt 0.452760 0.082339
vt 0.456594 0.064832
vt 0.476583 0.072844
vt 0.453305 0.095485
vt 0.467300 0.097309
vt 0.455484 0.106184
vt 0.468884 0.105696
vt 0.552839 0.131008
vt 0.539872 0.139500
vt 0.570147 0.729412
vt 0.557395 0.723195
vt 0.558510 0.706018
vt 0.571888 0.702447
vt 0.540089 0.711717
vt 0.539682 0.719250
vt 0.423324 0.751702
vt 0.423642 0.744386
vt 0.433686 0.746068
vt 0.433334 0.753639
vt 0.407114 0.742076
vt 0.413725 0.742821
vt 0.413445 0.749944
vt 0.406852 0.749123
vt 0.402772 0.741723
vt 0.402521 0.748740
vt 0.397837 0.748526
vt 0.398076 0.741518
vt 0.366118 0.747434
vt 0.366321 0.740445
vt 0.555007 0.774668
vt 0.551850 0.809059
vt 0.532979 0.818013
vt 0.540649 0.818509
vt 0.539900 0.839159
vt 0.532307 0.838750
vt 0.515354 0.807624
vt 0.497561 0.804412
vt 0.499698 0.773004
vt 0.518226 0.770979
vt 0.450180 0.769750
vt 0.464448 0.771986
vt 0.462606 0.789768
vt 0.449379 0.781075
vt 0.431377 0.780477
vt 0.421856 0.774895
vt 0.422633 0.763306
vt 0.432285 0.767071
vt 0.406455 0.758416
vt 0.412954 0.760193
vt 0.412392 0.770418
vt 0.406028 0.767686
vt 0.402154 0.757833
vt 0.401778 0.766908
vt 0.397146 0.766690
vt 0.397484 0.757622
vt 0.760662 0.168152
vt 0.759106 0.162327
vt 0.768528 0.159670
vt 0.771306 0.164783
vt 0.655118 0.634369
vt 0.640879 0.635693
vt 0.643358 0.620488
vt 0.655919 0.621239
vt 0.702220 0.405666
vt 0.715646 0.398548
vt 0.720707 0.408080
vt 0.707397 0.417218
vt 0.930666 0.722399
vt 0.931670 0.711904
vt 0.952183 0.716585
vt 0.950291 0.725328
vt 0.903916 0.722604
vt 0.903944 0.712232
vt 0.914113 0.597247
vt 0.914127 0.611025
vt 0.898396 0.613004
vt 0.897594 0.598929
vt 0.930329 0.601562
vt 0.924403 0.604164
vt 0.918624 0.591672
vt 0.924541 0.588718
vt 0.750737 0.551012
vt 0.765969 0.551213
vt 0.761970 0.572141
vt 0.747566 0.571883
vt 0.741362 0.549656
vt 0.740148 0.568472
vt 0.713501 0.539393
vt 0.727481 0.545974
vt 0.728847 0.565439
vt 0.715660 0.563854
vt 0.508031 0.140043
vt 0.522153 0.143161
vt 0.522950 0.156175
vt 0.504233 0.150464
vt 0.879666 0.487364
vt 0.914085 0.486404
vt 0.537888 0.620877
vt 0.535166 0.659969
vt 0.524782 0.808678
vt 0.528571 0.769190
vt 0.396899 0.906027
vt 0.423664 0.905823
vt 0.390082 0.861756
vt 0.418410 0.862205
vt 0.429118 0.859664
vt 0.444039 0.860007
vt 0.481789 0.774072
vt 0.480465 0.799225
vt 0.490839 0.614685
vt 0.487216 0.654619
vt 0.494143 0.589170
vt 0.491362 0.572322
vt 0.881162 0.529763
vt 0.916962 0.529175
vt 0.487161 0.452746
vt 0.485543 0.469645
vt 0.482245 0.425064
vt 0.471516 0.340065
vt 0.472704 0.357890
vt 0.461746 0.291212
vt 0.460206 0.281453
vt 0.458865 0.276258
vt 0.429148 0.259289
vt 0.424677 0.257828
vt 0.416431 0.257951
vt 0.361953 0.259259
vt 0.406940 0.256264
vt 0.688516 0.090072
vt 0.731815 0.089716
vt 0.741460 0.089815
vt 0.746028 0.090093
vt 0.750745 0.090933
vt 0.767940 0.095270
vt 0.427101 0.463954
vt 0.425133 0.446275
vt 0.434750 0.438888
vt 0.438002 0.463133
vt 0.408059 0.450145
vt 0.415019 0.449768
vt 0.416431 0.464738
vt 0.409382 0.465234
vt 0.403503 0.450427
vt 0.404773 0.465544
vt 0.398591 0.450788
vt 0.399808 0.465871
vt 0.366607 0.468117
vt 0.365691 0.453348
vt 0.443362 0.372354
vt 0.454332 0.356295
vt 0.361592 0.283908
vt 0.402923 0.280334
vt 0.478012 0.396598
vt 0.405100 0.385471
vt 0.405114 0.384604
vt 0.400697 0.384581
vt 0.395681 0.384959
vt 0.361527 0.385889
vt 0.364349 0.316138
vt 0.423179 0.360549
vt 0.451126 0.601250
vt 0.446309 0.650624
vt 0.442710 0.748675
vt 0.442565 0.753218
vt 0.440093 0.785691
vt 0.440898 0.769578
vt 0.381212 0.816580
vt 0.428874 0.401551
vt 0.427207 0.389565
vt 0.434027 0.372881
vt 0.435679 0.385278
vt 0.419707 0.407791
vt 0.421240 0.418259
vt 0.404355 0.395294
vt 0.400090 0.395147
vt 0.395310 0.395381
vt 0.364389 0.397668
vt 0.932709 0.598397
vt 0.925623 0.583004
vt 0.921556 0.582811
vt 0.915604 0.586023
vt 0.912767 0.581120
vt 0.921667 0.576089
vt 0.913625 0.584946
vt 0.913908 0.590695
vt 0.897145 0.592354
vt 0.897096 0.586577
vt 0.514058 0.837072
vt 0.514350 0.816967
vt 0.494357 0.833891
vt 0.495367 0.813684
vt 0.476844 0.808047
vt 0.475138 0.827958
vt 0.455546 0.816885
vt 0.457810 0.797874
vt 0.437566 0.804267
vt 0.429267 0.798496
vt 0.420077 0.792400
vt 0.411050 0.787563
vt 0.405141 0.784566
vt 0.763304 0.178908
vt 0.777704 0.174484
vt 0.471518 0.602809
vt 0.491883 0.605333
vt 0.510558 0.607779
vt 0.529343 0.610357
vt 0.618038 0.618950
vt 0.601563 0.617846
vt 0.656904 0.604564
vt 0.945430 0.895719
vt 0.970727 0.906591
vt 0.967364 0.916118
vt 0.929940 0.867005
vt 0.940145 0.866908
vt 0.958379 0.879132
vt 0.960418 0.867572
vt 0.985066 0.869111
vt 0.982760 0.885023
vt 0.944579 0.866992
vt 0.949432 0.892324
vt 0.951575 0.867191
vt 0.953768 0.887442
vt 0.649517 0.371796
vt 0.671273 0.363225
vt 0.685611 0.399214
vt 0.663814 0.407827
vt 0.658646 0.570631
vt 0.953801 0.664780
vt 0.952234 0.654470
vt 0.974101 0.647241
vt 0.977522 0.661050
vt 0.936278 0.832464
vt 0.957744 0.823222
vt 0.907345 0.833924
vt 0.906235 0.866088
vt 0.947186 0.665831
vt 0.947677 0.645892
vt 0.940669 0.666808
vt 0.934167 0.668339
vt 0.935762 0.637603
vt 0.941484 0.641480
vt 0.510324 0.609439
vt 0.529054 0.611992
vt 0.528522 0.614903
vt 0.509910 0.612430
vt 0.452581 0.602872
vt 0.471439 0.604503
vt 0.471324 0.607514
vt 0.455397 0.606398
vt 0.448006 0.650748
vt 0.451041 0.650989
vt 0.514530 0.815286
vt 0.495757 0.812024
vt 0.496461 0.809033
vt 0.514837 0.812301
vt 0.458678 0.796422
vt 0.441707 0.784860
vt 0.444860 0.783324
vt 0.460222 0.793820
vt 0.442540 0.769789
vt 0.445511 0.769582
vt 0.545783 0.614885
vt 0.542561 0.617508
vt 0.542989 0.660726
vt 0.539939 0.660443
vt 0.531547 0.816487
vt 0.528809 0.813095
vt 0.533337 0.768889
vt 0.536341 0.769064
vt 0.477494 0.806468
vt 0.478663 0.803613
vt 0.491683 0.606998
vt 0.491339 0.610015
vt 0.444079 0.411378
vt 0.441543 0.414465
vt 0.437326 0.385036
vt 0.440306 0.384600
vt 0.444202 0.429278
vt 0.446781 0.425642
vt 0.462110 0.423745
vt 0.462424 0.426766
vt 0.480849 0.285330
vt 0.497662 0.269658
vt 0.499523 0.271960
vt 0.483002 0.287487
vt 0.513172 0.257994
vt 0.511016 0.263688
vt 0.522923 0.338918
vt 0.518991 0.311016
vt 0.521687 0.308303
vt 0.525955 0.338490
vt 0.535071 0.413447
vt 0.518674 0.416913
vt 0.518032 0.414047
vt 0.531736 0.410964
vt 0.500237 0.420196
vt 0.499726 0.417239
vt 0.481982 0.423407
vt 0.481519 0.420413
vt 0.464644 0.302964
vt 0.466996 0.304920
vt 0.432972 0.350915
vt 0.448103 0.325543
vt 0.450630 0.327241
vt 0.436134 0.351569
vt 0.435678 0.372669
vt 0.438718 0.372740
vt 0.502506 0.275537
vt 0.486344 0.290805
vt 0.508102 0.270870
vt 0.470635 0.307924
vt 0.418185 0.210286
vt 0.417300 0.233630
vt 0.413629 0.233344
vt 0.414631 0.210477
vt 0.409747 0.283656
vt 0.404891 0.310956
vt 0.401551 0.307202
vt 0.406081 0.283213
vt 0.364131 0.314320
vt 0.361943 0.310451
vt 0.362701 0.194665
vt 0.365017 0.190936
vt 0.416705 0.189589
vt 0.413149 0.193325
vt 0.414642 0.257634
vt 0.411058 0.257003
vt 0.365585 0.765529
vt 0.360708 0.422266
vt 0.361702 0.426774
vt 0.355576 0.404519
vt 0.353493 0.398466
vt 0.681793 0.099463
vt 0.681750 0.102477
vt 0.681969 0.090618
vt 0.681800 0.094288
vt 0.908432 0.924808
vt 0.934867 0.927774
vt 0.957406 0.937124
vt 0.445295 0.059303
vt 0.443931 0.077098
vt 0.437747 0.086324
vt 0.431584 0.097371
vt 0.566857 0.238277
vt 0.565027 0.225204
vt 0.575206 0.222708
vt 0.577315 0.236583
vt 0.496595 0.268360
vt 0.479653 0.284134
vt 0.463335 0.301882
vt 0.446698 0.324602
vt 0.431282 0.350489
vt 0.424228 0.367103
vt 0.416812 0.387028
vt 0.408992 0.402248
vt 0.404097 0.400818
vt 0.399850 0.400781
vt 0.395224 0.401098
vt 0.364938 0.403711
vt 0.356978 0.408616
vt 0.684647 0.115206
vt 0.684635 0.114113
vt 0.731761 0.114239
vt 0.731795 0.115333
vt 0.746781 0.114902
vt 0.742026 0.114811
vt 0.741989 0.113713
vt 0.746842 0.113806
vt 0.751748 0.115904
vt 0.751938 0.114829
vt 0.772635 0.103684
vt 0.766604 0.110942
vt 0.766072 0.109917
vt 0.771602 0.103223
vt 0.759983 0.117227
vt 0.759606 0.116015
vt 0.685129 0.078279
vt 0.685132 0.077185
vt 0.732579 0.076473
vt 0.732548 0.077567
vt 0.743244 0.076970
vt 0.743107 0.078059
vt 0.747217 0.077450
vt 0.747015 0.078508
vt 0.751741 0.078278
vt 0.751463 0.079332
vt 0.773184 0.094769
vt 0.774346 0.094179
vt 0.774871 0.085086
vt 0.773655 0.085892
vt 0.686040 0.096890
vt 0.685996 0.103857
vt 0.684289 0.105020
vt 0.684228 0.096862
vt 0.684624 0.113202
vt 0.686627 0.111293
vt 0.731656 0.111460
vt 0.731732 0.113331
vt 0.741765 0.110902
vt 0.746972 0.111291
vt 0.746913 0.112866
vt 0.741918 0.112806
vt 0.752387 0.112563
vt 0.752117 0.113953
vt 0.764266 0.107893
vt 0.769016 0.102067
vt 0.770768 0.102852
vt 0.765396 0.109313
vt 0.758621 0.113223
vt 0.759319 0.115112
vt 0.686190 0.089205
vt 0.684507 0.088044
vt 0.732451 0.080352
vt 0.687046 0.081077
vt 0.685126 0.079190
vt 0.732518 0.078477
vt 0.742712 0.080803
vt 0.742979 0.078956
vt 0.746510 0.081301
vt 0.746845 0.079399
vt 0.750880 0.082020
vt 0.751269 0.080213
vt 0.770390 0.095137
vt 0.772279 0.094674
vt 0.770732 0.087875
vt 0.772808 0.086540
vt 0.688414 0.109018
vt 0.731528 0.108990
vt 0.741535 0.108473
vt 0.747141 0.108618
vt 0.751835 0.109896
vt 0.757625 0.111247
vt 0.732342 0.082824
vt 0.688794 0.083338
vt 0.742321 0.083190
vt 0.746143 0.083839
vt 0.750456 0.084373
vt 0.768650 0.089505
vt 0.584909 0.664358
vt 0.588146 0.616915
vt 0.599488 0.665534
vt 0.589210 0.600448
vt 0.590053 0.567127
vt 0.922399 0.432844
vt 0.865840 0.434822
vt 0.582436 0.471105
vt 0.580385 0.437970
vt 0.577249 0.409720
vt 0.574133 0.331732
vt 0.585943 0.367786
vt 0.573848 0.379651
vt 0.564464 0.333083
vt 0.566286 0.291703
vt 0.576221 0.290140
vt 0.681916 0.107656
vt 0.681957 0.110681
vt 0.682161 0.085429
vt 0.682452 0.081746
vt 0.683204 0.106122
vt 0.683443 0.112145
vt 0.683116 0.097949
vt 0.683166 0.103955
vt 0.683352 0.089119
vt 0.683155 0.095785
vt 0.683469 0.086950
vt 0.683910 0.080259
vt 0.684657 0.116116
vt 0.731821 0.116242
vt 0.746699 0.115800
vt 0.742035 0.115713
vt 0.751588 0.116798
vt 0.685134 0.076275
vt 0.732598 0.075564
vt 0.743332 0.076070
vt 0.747419 0.076544
vt 0.752032 0.077417
vt 0.775260 0.094272
vt 0.773477 0.104056
vt 0.447447 0.742957
vt 0.444310 0.746786
vt 0.451972 0.738117
vt 0.463438 0.733651
vt 0.482823 0.725745
vt 0.501366 0.718516
vt 0.520300 0.711678
vt 0.531026 0.707839
vt 0.535504 0.709729
vt 0.538529 0.710626
vt 0.581875 0.701142
vt 0.588289 0.701675
vt 0.953948 0.675111
vt 0.977727 0.674954
vt 0.950614 0.682962
vt 0.946624 0.689708
vt 0.941949 0.695651
vt 0.932430 0.703529
vt 0.903717 0.704351
vt 0.447067 0.755766
vt 0.444035 0.754525
vt 0.463280 0.748756
vt 0.463003 0.751030
vt 0.520347 0.729483
vt 0.520645 0.727638
vt 0.538116 0.721256
vt 0.534944 0.724244
vt 0.501511 0.736837
vt 0.501773 0.734767
vt 0.482812 0.744236
vt 0.482937 0.742091
vt 0.530499 0.729632
vt 0.520128 0.734307
vt 0.501488 0.741802
vt 0.482854 0.749125
vt 0.465941 0.754445
vt 0.451301 0.758521
vt 0.449433 0.093614
vt 0.960336 0.928824
vt 0.359062 0.415620
vt 0.365295 0.412695
vt 0.395527 0.409952
vt 0.400113 0.409564
vt 0.404372 0.409482
vt 0.410077 0.409979
vt 0.418320 0.397953
vt 0.425686 0.378281
vt 0.432505 0.361117
vt 0.437257 0.361509
vt 0.434166 0.360936
vt 0.454544 0.329861
vt 0.453714 0.342423
vt 0.441952 0.361442
vt 0.440830 0.352648
vt 0.470316 0.323147
vt 0.486570 0.308326
vt 0.503152 0.294042
vt 0.510778 0.287492
vt 0.515096 0.284631
vt 0.517298 0.279719
vt 0.535133 0.270542
vt 0.518960 0.279408
vt 0.514144 0.255522
vt 0.530641 0.244037
vt 0.548950 0.241144
vt 0.557815 0.239726
vt 0.562080 0.265756
vt 0.552084 0.267120
vt 0.571145 0.264520
vt 0.580602 0.253360
vt 0.592044 0.261130
vt 0.587769 0.234886
vt 0.447266 0.108005
vt 0.944035 0.837550
vt 0.949694 0.841939
vt 0.955063 0.847095
vt 0.959800 0.855324
vt 0.983042 0.852498
vt 0.563182 0.380938
vt 0.550521 0.382844
vt 0.533935 0.385691
vt 0.528943 0.383854
vt 0.532250 0.385878
vt 0.524107 0.383301
vt 0.513804 0.386192
vt 0.495754 0.391148
vt 0.432682 0.426265
vt 0.439901 0.414797
vt 0.423894 0.436905
vt 0.414128 0.441854
vt 0.407252 0.442240
vt 0.402744 0.442507
vt 0.397877 0.442883
vt 0.365160 0.445622
vt 0.538329 0.155241
vt 0.532072 0.141935
vt 0.632737 0.408819
vt 0.645367 0.409012
vt 0.605459 0.392313
vt 0.631949 0.400972
vt 0.644750 0.402733
vt 0.526991 0.407712
vt 0.517066 0.409541
vt 0.498948 0.412653
vt 0.480825 0.415776
vt 0.461605 0.419020
vt 0.450259 0.420731
vt 0.618664 0.646299
vt 0.717502 0.476469
vt 0.707364 0.481045
vt 0.700276 0.459994
vt 0.711416 0.461263
vt 0.715349 0.425913
vt 0.726010 0.414567
vt 0.701881 0.428542
vt 0.712812 0.434165
vt 0.699804 0.442557
vt 0.711104 0.446802
vt 0.772417 0.519316
vt 0.769296 0.529075
vt 0.753668 0.521769
vt 0.753658 0.511311
vt 0.725001 0.491215
vt 0.734724 0.501651
vt 0.730260 0.511465
vt 0.718192 0.501531
vt 0.922925 0.622980
vt 0.935797 0.613767
vt 0.943595 0.618510
vt 0.899333 0.627210
vt 0.743172 0.518355
vt 0.746538 0.507742
vt 0.394758 0.091715
vt 0.386247 0.093771
vt 0.350245 0.094672
vt 0.906118 0.976461
vt 0.906382 0.968226
vt 0.931885 0.971406
vt 0.932370 0.979770
vt 0.952105 0.765178
vt 0.952734 0.734308
vt 0.680002 0.359800
vt 0.694357 0.396041
vt 0.971145 0.934604
vt 0.980563 0.921081
vt 0.955587 0.807059
vt 0.957586 0.813736
vt 0.549957 0.158657
vt 0.554448 0.160944
vt 0.551122 0.169750
vt 0.547784 0.168461
vt 0.946485 0.981946
vt 0.951140 0.982561
vt 0.417835 0.100426
vt 0.962665 0.953257
vt 0.958833 0.962938
vt 0.953825 0.795855
vt 0.568310 0.169226
vt 0.563780 0.177404
vt 0.459443 0.127513
vt 0.479802 0.145965
vt 0.474489 0.153701
vt 0.452594 0.133895
vt 0.988903 0.869228
vt 0.986508 0.885819
vt 0.974097 0.907881
vt 0.973726 0.902065
vt 0.977479 0.903737
vt 0.440163 0.114808
vt 0.977717 0.895820
vt 0.981511 0.897203
vt 0.961407 0.821811
vt 0.970715 0.827252
vt 0.974533 0.825782
vt 0.955593 0.717383
vt 0.953698 0.725852
vt 0.698664 0.406994
vt 0.701628 0.416396
vt 0.692363 0.416662
vt 0.689441 0.409298
vt 0.979230 0.841021
vt 0.983025 0.840100
vt 0.986884 0.851972
vt 0.501748 0.157738
vt 0.521316 0.162670
vt 0.520430 0.171684
vt 0.498380 0.166498
vt 0.967046 0.942839
vt 0.426396 0.105011
vt 0.539786 0.160355
vt 0.539671 0.169638
vt 0.975173 0.833402
vt 0.979061 0.832177
vt 0.693082 0.460439
vt 0.699789 0.484379
vt 0.691239 0.487819
vt 0.683827 0.461792
vt 0.981306 0.660345
vt 0.981576 0.674858
vt 0.954566 0.710242
vt 0.958297 0.711179
vt 0.968756 0.702606
vt 0.972282 0.704400
vt 0.697295 0.427145
vt 0.688379 0.425113
vt 0.972302 0.694383
vt 0.976278 0.694917
vt 0.693641 0.442763
vt 0.684132 0.441916
vt 0.975534 0.685735
vt 0.979444 0.686093
vt 0.939091 0.612445
vt 0.942112 0.610552
vt 0.946687 0.616418
vt 0.770505 0.532896
vt 0.753331 0.529529
vt 0.752884 0.526440
vt 0.958145 0.621922
vt 0.960826 0.618997
vt 0.969149 0.635936
vt 0.972626 0.634278
vt 0.977751 0.645959
vt 0.724174 0.521232
vt 0.707508 0.507806
vt 0.711178 0.504687
vt 0.726460 0.517411
vt 0.741155 0.527581
vt 0.741916 0.523938
vt 0.964163 0.628639
vt 0.967643 0.626667
vt 0.954515 0.765104
vt 0.955140 0.734411
vt 0.957922 0.806523
vt 0.959828 0.812973
vt 0.956219 0.795592
vt 0.995545 0.869534
vt 0.991966 0.887022
vt 0.979161 0.904615
vt 0.985341 0.898664
vt 0.963833 0.820826
vt 0.980282 0.823414
vt 0.957862 0.717947
vt 0.956052 0.726210
vt 0.988920 0.838714
vt 0.993460 0.851254
vt 0.984456 0.830421
vt 0.988262 0.659135
vt 0.988500 0.674718
vt 0.960801 0.711850
vt 0.977324 0.706837
vt 0.980553 0.699187
vt 0.984999 0.687933
vt 0.964728 0.617850
vt 0.978294 0.631675
vt 0.984403 0.643756
vt 0.969958 0.622407
vt 0.407302 0.056667
vt 0.405397 0.067368
vt 0.414188 0.060779
vt 0.417003 0.070309
vt 0.708453 0.537663
vt 0.713452 0.559623
vt 0.710669 0.559017
vt 0.707336 0.617609
vt 0.710660 0.598930
vt 0.402803 0.969868
vt 0.428049 0.969563
vt 0.945601 0.019940
vt 0.979822 0.026467
vt 0.590172 0.779142
vt 0.587622 0.811577
vt 0.579860 0.732625
vt 0.592479 0.736201
vt 0.702999 0.509459
vt 0.905918 0.034614
vt 0.905082 0.024020
vt 0.906842 0.047647
vt 0.908648 0.062282
vt 0.538042 0.768898
vt 0.144309 0.484381
vt 0.134387 0.485077
vt 0.162489 0.483509
vt 0.180692 0.482879
vt 0.199834 0.482416
vt 0.210967 0.482365
vt 0.822509 0.553503
vt 0.822143 0.551089
vt 0.856616 0.549071
vt 0.856659 0.551505
vt 0.855803 0.530646
vt 0.820094 0.532117
vt 0.819237 0.513828
vt 0.855618 0.512946
vt 0.855201 0.495220
vt 0.819947 0.495848
vt 0.854933 0.488333
vt 0.820500 0.488876
vt 0.809352 0.476500
vt 0.809497 0.459513
vt 0.809418 0.445915
vt 0.809292 0.436076
vt 0.809062 0.422633
vt 0.808713 0.406084
vt 0.808067 0.380671
vt 0.807738 0.368087
vt 0.596909 0.197197
vt 0.585022 0.217237
vt 0.551849 0.197469
vt 0.601663 0.189188
vt 0.603651 0.185871
vt 0.611212 0.173322
vt 0.027798 0.194496
vt 0.019591 0.182361
vt 0.029954 0.197710
vt 0.035163 0.205491
vt 0.811728 0.567097
vt 0.809982 0.554307
vt 0.816785 0.552984
vt 0.818720 0.559291
vt 0.869209 0.550261
vt 0.869608 0.563088
vt 0.861354 0.556420
vt 0.862195 0.550078
vt 0.868493 0.530526
vt 0.861657 0.530698
vt 0.806913 0.533586
vt 0.814063 0.532871
vt 0.806532 0.513967
vt 0.813777 0.513931
vt 0.867996 0.512331
vt 0.860957 0.512674
vt 0.867435 0.493531
vt 0.860668 0.494173
vt 0.807434 0.494360
vt 0.814402 0.494998
vt 0.859193 0.482890
vt 0.816512 0.483690
vt 0.874278 0.493700
vt 0.875030 0.512141
vt 0.927362 0.491031
vt 0.929392 0.510507
vt 0.922153 0.510856
vt 0.920527 0.492040
vt 0.876137 0.549590
vt 0.877419 0.555898
vt 0.928559 0.550574
vt 0.927521 0.563302
vt 0.920104 0.556014
vt 0.921598 0.549698
vt 0.875110 0.482415
vt 0.917764 0.480784
vt 0.875337 0.530190
vt 0.930181 0.529852
vt 0.923008 0.529563
vt 0.223269 0.528914
vt 0.223101 0.583516
vt 0.219459 0.580005
vt 0.219700 0.529017
vt 0.204172 0.585176
vt 0.203795 0.581861
vt 0.184326 0.586069
vt 0.184182 0.582647
vt 0.165814 0.586687
vt 0.165789 0.583267
vt 0.146878 0.587117
vt 0.147104 0.583772
vt 0.129306 0.586612
vt 0.132709 0.582861
vt 0.125774 0.532188
vt 0.129314 0.532052
vt 0.125560 0.477667
vt 0.129202 0.481112
vt 0.142901 0.475641
vt 0.143409 0.478963
vt 0.161882 0.474569
vt 0.162115 0.478014
vt 0.180516 0.473895
vt 0.180586 0.477352
vt 0.200499 0.473574
vt 0.200266 0.476944
vt 0.219135 0.474356
vt 0.215793 0.478038
vt 0.229024 0.892592
vt 0.231526 0.874027
vt 0.235060 0.874612
vt 0.232468 0.892768
vt 0.254838 0.820547
vt 0.252556 0.816954
vt 0.283909 0.816310
vt 0.283299 0.819854
vt 0.242965 0.835536
vt 0.246190 0.836987
vt 0.228391 0.909305
vt 0.232426 0.905954
vt 0.263347 0.908575
vt 0.262793 0.912098
vt 0.235598 0.855602
vt 0.239039 0.856588
vt 0.330136 0.914182
vt 0.330226 0.910588
vt 0.332552 0.816998
vt 0.332463 0.820593
vt 0.430615 0.878723
vt 0.432188 0.897433
vt 0.428740 0.897438
vt 0.427056 0.879133
vt 0.412427 0.820375
vt 0.421098 0.839556
vt 0.417805 0.840851
vt 0.409973 0.823887
vt 0.381593 0.821864
vt 0.381158 0.818272
vt 0.431986 0.914183
vt 0.428123 0.910632
vt 0.397493 0.915294
vt 0.397116 0.911743
vt 0.427463 0.860059
vt 0.423978 0.860874
vt 0.279736 0.758315
vt 0.279632 0.764822
vt 0.279843 0.751801
vt 0.292886 0.751658
vt 0.292638 0.764696
vt 0.279432 0.776640
vt 0.292422 0.776533
vt 0.375332 0.752668
vt 0.374933 0.765842
vt 0.388294 0.753122
vt 0.388078 0.759721
vt 0.387868 0.766319
vt 0.374575 0.777799
vt 0.387512 0.778313
vt 0.920801 0.150668
vt 0.916385 0.147139
vt 0.936402 0.147655
vt 0.940817 0.151184
vt 0.931986 0.144126
vt 0.911970 0.143610
vt 0.912262 0.132255
vt 0.932279 0.132771
vt 0.911005 0.181040
vt 0.920188 0.174446
vt 0.940204 0.174962
vt 0.931022 0.181556
vt 0.928837 0.157091
vt 0.948853 0.157607
vt 0.948561 0.168961
vt 0.928544 0.168446
vt 0.955205 0.152663
vt 0.946429 0.145537
vt 0.966441 0.146207
vt 0.975217 0.153333
vt 0.964808 0.194981
vt 0.944796 0.194311
vt 0.945176 0.182959
vt 0.965188 0.183629
vt 0.969805 0.180367
vt 0.949793 0.179698
vt 0.954409 0.176436
vt 0.974421 0.177106
vt 0.963192 0.159148
vt 0.983204 0.159818
vt 0.962812 0.170500
vt 0.982824 0.171170
vt 0.938603 0.241256
vt 0.944246 0.241697
vt 0.943755 0.248045
vt 0.938124 0.247597
vt 0.682558 0.154827
vt 0.684375 0.148357
vt 0.690602 0.148562
vt 0.690084 0.155230
vt 0.663751 0.176871
vt 0.682577 0.183898
vt 0.928328 0.240505
vt 0.927867 0.246860
vt 0.758058 0.156401
vt 0.757768 0.149663
vt 0.765356 0.147996
vt 0.766132 0.154723
vt 0.829822 0.112011
vt 0.830559 0.118334
vt 0.824937 0.118993
vt 0.824212 0.112678
vt 0.814696 0.120143
vt 0.813991 0.113807
vt 0.763873 0.185741
vt 0.782546 0.181165
vt 0.686476 0.207547
vt 0.684462 0.195429
vt 0.722816 0.193933
vt 0.723090 0.205619
vt 0.723238 0.183765
vt 0.761649 0.196603
vt 0.759470 0.208043
vt 0.724209 0.148944
vt 0.724043 0.155614
vt 0.724080 0.161469
vt 0.724137 0.167333
vt 0.723660 0.177572
vt 0.654556 0.184063
vt 0.649915 0.187164
vt 0.634132 0.154614
vt 0.637303 0.151185
vt 0.658593 0.135634
vt 0.661445 0.129941
vt 0.655357 0.138580
vt 0.652109 0.141005
vt 0.641084 0.144973
vt 0.645109 0.142744
vt 0.814021 0.163597
vt 0.795671 0.192630
vt 0.791220 0.189371
vt 0.811129 0.160403
vt 0.797407 0.145603
vt 0.799566 0.148717
vt 0.794781 0.135553
vt 0.795370 0.141956
vt 0.807729 0.155632
vt 0.805823 0.151622
vt 0.939349 0.231398
vt 0.950084 0.232234
vt 0.949615 0.238316
vt 0.938889 0.237475
vt 0.966414 0.239675
vt 0.965484 0.251277
vt 0.959406 0.250793
vt 0.960331 0.239179
vt 0.948458 0.252976
vt 0.949632 0.258973
vt 0.938690 0.261087
vt 0.937548 0.255123
vt 0.925270 0.230358
vt 0.924806 0.236443
vt 0.916707 0.265245
vt 0.915577 0.259227
vt 0.909926 0.256935
vt 0.919148 0.234160
vt 0.836056 0.121503
vt 0.836761 0.127563
vt 0.826066 0.128814
vt 0.825369 0.122761
vt 0.824253 0.099175
vt 0.835270 0.100862
vt 0.834330 0.106900
vt 0.823348 0.105180
vt 0.851408 0.107935
vt 0.852790 0.119492
vt 0.846730 0.120224
vt 0.845355 0.108655
vt 0.812034 0.130403
vt 0.811334 0.124338
vt 0.805768 0.126836
vt 0.795673 0.104429
vt 0.801232 0.101922
vt 0.802138 0.095868
vt 0.939635 0.227613
vt 0.945288 0.228050
vt 0.976255 0.244282
vt 0.975744 0.250638
vt 0.949383 0.248507
vt 0.949884 0.242148
vt 0.947113 0.265330
vt 0.942014 0.267871
vt 0.929351 0.226850
vt 0.932680 0.272325
vt 0.909681 0.239505
vt 0.913794 0.234622
vt 0.832132 0.131929
vt 0.826499 0.132585
vt 0.827313 0.092267
vt 0.832506 0.094608
vt 0.861686 0.108174
vt 0.862444 0.114506
vt 0.836176 0.117664
vt 0.835428 0.111330
vt 0.816250 0.133748
vt 0.800399 0.126579
vt 0.796102 0.121857
vt 0.817818 0.088177
vt 0.127591 0.288076
vt 0.128644 0.282115
vt 0.119817 0.284527
vt 0.119876 0.279691
vt 0.509196 0.251275
vt 0.501085 0.255273
vt 0.510150 0.255997
vt 0.503218 0.260912
vt 0.851036 0.199302
vt 0.852412 0.194281
vt 0.858405 0.193320
vt 0.857081 0.198339
vt 0.928038 0.312949
vt 0.927417 0.305780
vt 0.932120 0.306543
vt 0.933580 0.315571
vt 0.939357 0.194175
vt 0.941013 0.197921
vt 0.934377 0.196721
vt 0.934656 0.193356
vt 0.867510 0.153437
vt 0.866957 0.161079
vt 0.861246 0.163281
vt 0.860816 0.154245
vt 0.876289 0.161135
vt 0.875129 0.153561
vt 0.881865 0.153833
vt 0.882157 0.162875
vt 0.942110 0.201014
vt 0.940541 0.204797
vt 0.935861 0.205724
vt 0.935504 0.202367
vt 0.961744 0.278624
vt 0.961121 0.285792
vt 0.955579 0.288413
vt 0.957041 0.279385
vt 0.853617 0.206703
vt 0.852125 0.201714
vt 0.858191 0.202538
vt 0.859631 0.207524
vt 0.277678 0.293780
vt 0.319780 0.290087
vt 0.361955 0.287367
vt 0.463526 0.740265
vt 0.463940 0.738095
vt 0.483299 0.732417
vt 0.483510 0.730375
vt 0.501788 0.725345
vt 0.502062 0.723055
vt 0.521109 0.717765
vt 0.521222 0.715872
vt 0.205229 0.743452
vt 0.204891 0.738388
vt 0.185640 0.735783
vt 0.185458 0.729693
vt 0.167446 0.727630
vt 0.167278 0.721654
vt 0.148914 0.719476
vt 0.148484 0.713045
vt 0.462774 0.747185
vt 0.463384 0.742092
vt 0.482651 0.740423
vt 0.483162 0.734292
vt 0.501192 0.733201
vt 0.501686 0.727193
vt 0.520102 0.726084
vt 0.520885 0.719646
vt 0.220561 0.752623
vt 0.204792 0.747247
vt 0.204637 0.744983
vt 0.223679 0.751516
vt 0.185272 0.739549
vt 0.185262 0.737419
vt 0.166930 0.731213
vt 0.166780 0.729148
vt 0.148483 0.722833
vt 0.148287 0.720986
vt 0.134191 0.716754
vt 0.131187 0.713594
vt 0.128588 0.760975
vt 0.201657 0.750491
vt 0.216155 0.755179
vt 0.184965 0.744390
vt 0.166682 0.736134
vt 0.148439 0.727632
vt 0.138330 0.722377
vt 0.715933 0.709394
vt 0.716931 0.671776
vt 0.716786 0.634140
vt 0.328292 0.987883
vt 0.273095 0.985966
vt 0.383513 0.988646
vt 0.645478 0.189434
vt 0.630709 0.158656
vt 0.950939 0.228491
vt 0.960803 0.233089
vt 0.960586 0.256796
vt 0.952179 0.262753
vt 0.837668 0.096986
vt 0.846300 0.102611
vt 0.847439 0.126290
vt 0.837761 0.131269
vt 0.799998 0.194638
vt 0.816921 0.167939
vt 0.926745 0.610143
vt 0.914142 0.617022
vt 0.706077 0.805848
vt 0.088667 0.768003
vt 0.075910 0.768094
vt 0.098463 0.767930
vt 0.111296 0.765735
vt 0.820013 0.613751
vt 0.826560 0.594681
vt 0.821849 0.607591
vt 0.829112 0.588822
vt 0.831561 0.583719
vt 0.758525 0.746961
vt 0.831809 0.593253
vt 0.831754 0.587489
vt 0.831998 0.599842
vt 0.832903 0.613718
vt 0.833235 0.619701
vt 0.756465 0.721876
vt 0.750855 0.724310
vt 0.696384 0.291561
vt 0.686625 0.295178
vt 0.682503 0.285063
vt 0.692520 0.281264
vt 0.765186 0.292865
vt 0.755202 0.289663
vt 0.758723 0.279213
vt 0.768853 0.282442
vt 0.742190 0.286283
vt 0.748147 0.275827
vt 0.709394 0.287571
vt 0.702993 0.277383
vt 0.732244 0.029637
vt 0.737704 0.023061
vt 0.743192 0.034832
vt 0.743451 0.021847
vt 0.751103 0.025654
vt 0.754738 0.033986
vt 0.752550 0.042676
vt 0.745818 0.047268
vt 0.737805 0.045791
vt 0.732289 0.038727
vt 0.691452 0.278092
vt 0.680344 0.282178
vt 0.675751 0.242852
vt 0.688566 0.238665
vt 0.770899 0.279441
vt 0.759631 0.275972
vt 0.760232 0.236441
vt 0.773272 0.239895
vt 0.748754 0.272009
vt 0.748088 0.229932
vt 0.737409 0.268925
vt 0.736124 0.224136
vt 0.725321 0.268016
vt 0.723905 0.222174
vt 0.713313 0.269785
vt 0.711832 0.224913
vt 0.702151 0.273582
vt 0.700272 0.231446
vt 0.735919 0.020432
vt 0.729302 0.028642
vt 0.725715 0.027693
vt 0.733963 0.017388
vt 0.753392 0.023554
vt 0.744020 0.018721
vt 0.744578 0.015146
vt 0.756289 0.021235
vt 0.757867 0.033785
vt 0.761483 0.033808
vt 0.737061 0.273376
vt 0.755070 0.044525
vt 0.757560 0.046486
vt 0.725502 0.272864
vt 0.746460 0.050306
vt 0.747080 0.053243
vt 0.713975 0.274222
vt 0.736247 0.048501
vt 0.734763 0.051301
vt 0.729346 0.039809
vt 0.726049 0.041292
vt 0.718980 0.325152
vt 0.709041 0.328133
vt 0.702485 0.309121
vt 0.713844 0.305111
vt 0.699395 0.331922
vt 0.692713 0.312586
vt 0.753712 0.330155
vt 0.744034 0.326690
vt 0.749783 0.307448
vt 0.759761 0.310542
vt 0.733893 0.324114
vt 0.738444 0.303947
vt 0.699244 0.299760
vt 0.711430 0.295744
vt 0.689490 0.303247
vt 0.752668 0.297967
vt 0.762616 0.301070
vt 0.740509 0.294515
vt 0.869740 0.286262
vt 0.873041 0.275771
vt 0.883248 0.279022
vt 0.879679 0.289345
vt 0.801112 0.291295
vt 0.796885 0.281086
vt 0.806825 0.277312
vt 0.810908 0.287556
vt 0.817202 0.273357
vt 0.823717 0.283474
vt 0.856533 0.282981
vt 0.862373 0.272462
vt 0.706268 0.022487
vt 0.697718 0.031074
vt 0.698909 0.018140
vt 0.693089 0.018938
vt 0.687172 0.025105
vt 0.686563 0.034175
vt 0.691558 0.041617
vt 0.699444 0.043665
vt 0.706489 0.039569
vt 0.709295 0.031058
vt 0.873935 0.272545
vt 0.874680 0.233019
vt 0.887703 0.236506
vt 0.885248 0.276024
vt 0.794679 0.278201
vt 0.790164 0.238841
vt 0.802998 0.234684
vt 0.805742 0.274125
vt 0.814771 0.227526
vt 0.816388 0.269578
vt 0.826403 0.221090
vt 0.827549 0.265883
vt 0.838499 0.218468
vt 0.839570 0.264319
vt 0.850703 0.220548
vt 0.851657 0.265435
vt 0.862600 0.226445
vt 0.863008 0.268621
vt 0.699701 0.015063
vt 0.700514 0.011537
vt 0.711757 0.018452
vt 0.708701 0.020556
vt 0.684309 0.023901
vt 0.680799 0.022697
vt 0.689766 0.013011
vt 0.691498 0.016188
vt 0.683550 0.035042
vt 0.680155 0.036285
vt 0.828138 0.270309
vt 0.689810 0.044208
vt 0.688128 0.046894
vt 0.839653 0.269169
vt 0.699866 0.046742
vt 0.700274 0.049716
vt 0.851236 0.269901
vt 0.708870 0.041594
vt 0.711212 0.043729
vt 0.712431 0.031082
vt 0.716035 0.031365
vt 0.848991 0.321023
vt 0.853037 0.300735
vt 0.864596 0.304125
vt 0.859076 0.323464
vt 0.874541 0.307058
vt 0.868912 0.326727
vt 0.814594 0.327907
vt 0.807490 0.308652
vt 0.817285 0.305020
vt 0.824070 0.323921
vt 0.828417 0.300909
vt 0.834056 0.320798
vt 0.854942 0.291252
vt 0.867327 0.294603
vt 0.877255 0.297558
vt 0.804125 0.299348
vt 0.813890 0.295710
vt 0.825843 0.291603
vt 0.715771 0.281600
vt 0.849842 0.277365
vt 0.736239 0.280881
vt 0.829367 0.277757
vt 0.725739 0.278667
vt 0.839730 0.274977
vt 0.749180 0.611561
vt 0.753652 0.602212
vt 0.747984 0.732617
vt 0.752295 0.742025
vt 0.749753 0.339183
vt 0.740658 0.334561
vt 0.827868 0.331598
vt 0.835996 0.330225
vt 0.830301 0.347516
vt 0.720938 0.334556
vt 0.712183 0.335974
vt 0.854481 0.347697
vt 0.856362 0.331463
vt 0.865200 0.335972
vt 0.732469 0.333631
vt 0.819038 0.336706
vt 0.703601 0.340953
vt 0.847543 0.330520
vt 0.714937 0.352082
vt 0.739094 0.350588
vt 0.944842 0.069304
vt 0.919396 0.071718
vt 0.966193 0.073332
vt 0.089401 0.800472
vt 0.076567 0.800655
vt 0.099338 0.800341
vt 0.112511 0.800199
vt 0.123206 0.810251
vt 0.122797 0.830891
vt 0.225804 0.918257
vt 0.206917 0.918787
vt 0.230710 0.942093
vt 0.231321 0.929021
vt 0.230239 0.951964
vt 0.229561 0.964735
vt 0.785838 0.066890
vt 0.782384 0.047694
vt 0.788295 0.044536
vt 0.790850 0.061917
vt 0.781187 0.033391
vt 0.787300 0.031458
vt 0.824978 0.077960
vt 0.798117 0.080605
vt 0.801210 0.075312
vt 0.825026 0.072440
vt 0.853974 0.082815
vt 0.851977 0.076971
vt 0.872122 0.070485
vt 0.867754 0.065362
vt 0.779773 0.015334
vt 0.786023 0.014630
vt 0.882185 0.018805
vt 0.879567 0.036995
vt 0.873552 0.034852
vt 0.875889 0.017693
vt 0.877358 0.051457
vt 0.871653 0.048237
vt 0.988981 0.054415
vt 0.984217 0.073340
vt 0.979557 0.068037
vt 0.983299 0.050866
vt 0.991140 0.040227
vt 0.985173 0.037884
vt 0.993792 0.022316
vt 0.987606 0.021185
vt 0.892753 0.037062
vt 0.891395 0.018732
vt 0.897753 0.018055
vt 0.898898 0.035335
vt 0.893973 0.051633
vt 0.899886 0.048813
vt 0.897875 0.070972
vt 0.902589 0.066164
vt 0.944387 0.081691
vt 0.915123 0.084527
vt 0.917522 0.078836
vt 0.944724 0.076181
vt 0.971011 0.086185
vt 0.968291 0.080691
vt 0.706709 0.743064
vt 0.708107 0.600407
vt 0.708626 0.784528
vt 0.714994 0.579187
vt 0.713262 0.764420
vt 0.792021 0.043883
vt 0.794279 0.060227
vt 0.791061 0.031005
vt 0.802645 0.071248
vt 0.825162 0.068821
vt 0.851227 0.072941
vt 0.864550 0.063041
vt 0.790431 0.017855
vt 0.828158 0.009037
vt 0.828015 0.012779
vt 0.871306 0.020692
vt 0.869861 0.034191
vt 0.867954 0.047334
vt 0.976250 0.066116
vt 0.979616 0.049962
vt 0.981463 0.037178
vt 0.945967 0.012711
vt 0.982988 0.024100
vt 0.945853 0.016454
vt 0.902119 0.021362
vt 0.902639 0.034925
vt 0.903628 0.048169
vt 0.905944 0.064071
vt 0.918550 0.074867
vt 0.944840 0.072562
vt 0.967140 0.076538
vt 0.869479 0.198619
vt 0.870210 0.193161
vt 0.879933 0.191318
vt 0.879701 0.196632
vt 0.936237 0.314572
vt 0.935368 0.309353
vt 0.946067 0.309554
vt 0.947405 0.314997
vt 0.920765 0.194821
vt 0.920898 0.190901
vt 0.847090 0.162806
vt 0.847087 0.154814
vt 0.896230 0.161273
vt 0.895596 0.153306
vt 0.909326 0.152760
vt 0.910304 0.159680
vt 0.921939 0.204581
vt 0.922163 0.208497
vt 0.908467 0.211276
vt 0.908373 0.206788
vt 0.943093 0.282393
vt 0.941753 0.287836
vt 0.930769 0.287523
vt 0.931304 0.282939
vt 0.881199 0.209028
vt 0.880844 0.203720
vt 0.890882 0.206101
vt 0.890675 0.211304
vt 0.949819 0.323626
vt 0.941499 0.323067
vt 0.900003 0.188475
vt 0.900191 0.193572
vt 0.889681 0.194020
vt 0.889354 0.188823
vt 0.844401 0.174114
vt 0.854808 0.173876
vt 0.870579 0.201970
vt 0.871436 0.207410
vt 0.899813 0.172331
vt 0.909901 0.170189
vt 0.901399 0.206306
vt 0.901330 0.211405
vt 0.939337 0.296464
vt 0.931852 0.295720
vt 0.907141 0.188439
vt 0.907152 0.192929
vt 0.953792 0.282195
vt 0.952921 0.287413
vt 0.947657 0.295907
vt 0.889420 0.172922
vt 0.957856 0.310104
vt 0.958390 0.314687
vt 0.957304 0.322884
vt 0.832934 0.162341
vt 0.834174 0.172784
vt 0.833358 0.155365
vt 0.934209 0.308316
vt 0.935202 0.314978
vt 0.946187 0.306738
vt 0.946128 0.308444
vt 0.949878 0.326448
vt 0.939891 0.325741
vt 0.940882 0.324083
vt 0.949838 0.324737
vt 0.960278 0.307459
vt 0.958726 0.309105
vt 0.961215 0.314682
vt 0.959502 0.314676
vt 0.959746 0.325391
vt 0.958214 0.323814
vt 0.927943 0.287517
vt 0.928883 0.280294
vt 0.930434 0.281940
vt 0.929656 0.287512
vt 0.942974 0.279577
vt 0.943032 0.281283
vt 0.939277 0.299286
vt 0.929409 0.298226
vt 0.930942 0.296649
vt 0.939317 0.297575
vt 0.953956 0.287820
vt 0.954951 0.281158
vt 0.949264 0.298581
vt 0.948274 0.296923
vt 0.585384 0.220209
vt 0.038820 0.263364
vt 0.767290 0.111551
vt 0.508742 0.112767
vt 0.555244 0.222263
vt 0.068955 0.259720
vt 0.545473 0.219311
vt 0.078052 0.254970
vt 0.528662 0.230284
vt 0.096706 0.262640
vt 0.775702 0.084446
vt 0.760295 0.118172
vt 0.515801 0.119319
vn -0.000562 0.609807 0.792550
vn -0.000174 0.572067 0.820207
vn -0.000187 0.573773 0.819014
vn -0.000591 0.612080 0.790795
vn -0.000368 1.000000 0.000000
vn -0.000368 1.000000 0.000000
vn 0.000000 1.000000 0.000000
vn 0.000000 1.000000 0.000000
vn 0.000016 0.115446 -0.993314
vn 0.000014 0.167835 -0.985815
vn 0.000014 0.169756 -0.985486
vn 0.000016 0.116231 -0.993222
vn 0.000001 -1.000000 0.000000
vn 0.000001 -1.000000 -0.000000
vn 0.000000 -1.000000 0.000000
vn 0.000000 -1.000000 -0.000000
vn -0.016618 -0.028433 0.999458
vn -0.018128 -0.027533 0.999457
vn 0.003230 -0.047294 0.998876
vn 0.003328 -0.047565 0.998863
vn -0.000000 -0.060891 -0.998144
vn -0.000000 -0.057291 -0.998358
vn 0.000000 -0.057290 -0.998358
vn -0.000000 -0.061348 -0.998116
vn -0.000000 0.831203 0.555969
vn -0.000000 0.831203 0.555969
vn -0.000000 0.831203 0.555969
vn -0.000000 0.831203 0.555969
vn -0.742393 -0.669965 -0.000000
vn -0.883860 -0.467752 -0.000000
vn -0.883660 -0.468130 -0.000508
vn -0.742115 -0.670273 -0.000544
vn -0.000002 0.426747 -0.904371
vn -0.000008 0.469060 -0.883167
vn -0.000012 0.469020 -0.883188
vn -0.000005 0.431175 -0.902268
vn 0.000148 0.340996 0.940065
vn -0.000594 0.277528 0.960718
vn 0.000047 0.280437 0.959872
vn -0.000098 0.341172 0.940001
vn -0.619507 0.637756 -0.457688
vn -0.596004 0.691385 -0.408370
vn 0.000000 0.494372 -0.869251
vn -0.000000 0.493994 -0.869465
vn 0.005936 0.938354 0.345625
vn 0.003883 0.886981 0.461789
vn 0.003264 0.891673 0.452668
vn 0.004877 0.941786 0.336177
vn 0.000644 0.475064 0.879951
vn 0.000995 0.476361 0.879249
vn 0.000052 0.475643 0.879638
vn 0.000040 0.475933 0.879481
vn -0.000325 0.999867 0.016302
vn -0.000244 0.998921 0.046451
vn 0.000027 0.998920 0.046469
vn 0.000011 0.999953 0.009667
vn -0.965459 0.260556 -0.000001
vn -0.977084 0.212853 -0.000001
vn -0.977084 0.212854 -0.000001
vn -0.965459 0.260555 -0.000001
vn -0.996089 0.088355 -0.000000
vn -0.998826 0.048440 -0.000000
vn -0.998861 0.047701 -0.000635
vn -0.996046 0.088835 -0.000831
vn -0.999861 0.016643 -0.000000
vn -0.999967 0.008075 -0.000000
vn -0.999959 0.008894 -0.001505
vn -0.999836 0.017875 -0.002790
vn -0.000000 -1.000000 0.000000
vn 0.000000 -1.000000 0.000000
vn 0.000000 -1.000000 0.000000
vn 0.000000 -1.000000 -0.000000
vn -0.998801 0.048961 0.000000
vn -0.998826 0.048439 -0.000000
vn -0.996089 0.088355 -0.000000
vn -0.996050 0.088791 0.000000
vn -0.965143 0.261725 -0.000006
vn -0.975777 0.218765 -0.000004
vn -0.975935 0.218060 -0.000012
vn -0.965461 0.260546 -0.000016
vn -0.914585 0.404395 -0.000018
vn -0.914588 0.404388 -0.000011
vn -0.932406 0.361413 -0.000010
vn -0.932825 0.360329 -0.000023
vn -0.000368 1.000000 0.000000
vn -0.000368 1.000000 0.000000
vn 0.000000 1.000000 0.000000
vn 0.000000 1.000000 0.000000
vn -0.796126 -0.605128 0.001542
vn -0.872085 -0.489353 0.000830
vn -0.741727 -0.670701 0.000869
vn -0.741141 -0.671347 0.001566
vn -0.001228 -0.665632 0.746279
vn -0.001347 -0.665529 0.746370
vn 0.004030 -0.664703 0.747097
vn 0.004136 -0.664650 0.747143
vn -0.001592 -0.292077 -0.956393
vn -0.000000 -0.124183 -0.992259
vn -0.000000 -0.127367 -0.991856
vn -0.000716 -0.245152 -0.969485
vn 0.000001 -1.000000 0.000000
vn 0.000001 -1.000000 0.000000
vn 0.000000 -1.000000 0.000000
vn 0.000000 -1.000000 0.000000
vn -0.767386 0.041734 -0.639826
vn -0.760386 0.092381 -0.642868
vn 0.039297 0.025749 -0.998896
vn 0.048851 -0.004241 -0.998797
vn -0.763504 -0.007755 -0.645757
vn 0.035635 -0.033186 -0.998814
vn -0.737682 -0.066470 -0.671868
vn -0.754513 -0.052849 -0.654153
vn -0.577822 -0.404425 -0.708916
vn -0.659864 -0.133891 -0.739360
vn -0.000000 -1.000000 0.000000
vn -0.000000 -1.000000 0.000000
vn -0.064397 0.834671 0.546971
vn -0.045951 0.834038 0.549790
vn -0.141751 -0.639565 0.755555
vn -0.252212 -0.611397 0.750055
vn -0.389449 0.042067 0.920087
vn -0.404309 0.044117 0.913558
vn -0.686102 0.513946 -0.514901
vn -0.662034 0.571250 -0.485164
vn -0.000000 0.479571 -0.877503
vn 0.000000 0.449830 -0.893114
vn -0.729079 0.230087 -0.644596
vn -0.727553 0.301896 -0.616057
vn 0.001108 0.185603 -0.982624
vn 0.000687 0.115717 -0.993282
vn 0.000000 -0.999995 -0.003100
vn 0.000000 -1.000000 0.000000
vn 0.000000 -1.000000 0.000000
vn -0.000001 -0.999990 -0.004540
vn 0.000000 1.000000 -0.000000
vn 0.000000 1.000000 -0.000000
vn 0.000000 1.000000 -0.000000
vn 0.000000 1.000000 -0.000001
vn -0.000000 -1.000000 -0.000000
vn 0.000000 -1.000000 0.000000
vn 0.000000 -1.000000 -0.000000
vn 0.000000 -1.000000 -0.000000
vn -0.907222 0.368134 0.203531
vn -0.911406 0.348993 0.218044
vn -0.522043 0.718230 0.460018
vn -0.845611 0.443875 0.296508
vn -0.906309 0.084227 0.414138
vn -0.902560 0.084327 0.422226
vn -0.996697 -0.070569 0.040180
vn -0.997720 -0.030446 0.060228
vn -0.996387 0.061367 0.058715
vn -0.999481 0.024958 0.020345
vn -0.980128 -0.188546 0.061638
vn -0.970814 -0.230757 0.065362
vn -0.885849 0.432925 0.166877
vn -0.876322 0.455645 0.156357
vn -0.000000 -1.000000 -0.000000
vn -0.000000 -1.000000 -0.000000
vn 0.000000 -1.000000 0.000000
vn 0.000000 -1.000000 0.000000
vn -0.933541 0.358470 0.000021
vn -0.935781 0.352581 0.000208
vn -0.914585 0.404393 0.000286
vn -0.914577 0.404412 0.000024
vn -0.966992 0.254808 -0.000228
vn -0.966380 0.257117 -0.000032
vn -0.976238 0.216699 -0.000125
vn -0.976705 0.214586 -0.000393
vn -0.981587 0.191014 -0.000179
vn -0.981972 0.189026 -0.000479
vn -0.889186 0.457546 -0.000000
vn -0.929613 0.368537 -0.000001
vn -0.929613 0.368537 -0.000001
vn -0.898763 0.438435 -0.000000
vn 0.000001 -1.000000 0.000000
vn 0.000000 -1.000000 -0.000000
vn -0.884051 -0.467390 0.000125
vn -0.742299 -0.670068 0.000133
vn 0.000003 0.548530 0.836131
vn 0.000003 0.548522 0.836136
vn -0.996526 0.083190 0.003904
vn -0.995628 0.093402 0.001132
vn -0.998862 0.047668 0.001515
vn -0.999106 0.042178 0.002938
vn -0.992882 0.119106 0.000000
vn -0.994971 0.100161 0.000000
vn -0.991325 0.131430 -0.000445
vn -0.992354 0.123421 -0.000000
vn -0.993656 0.112459 0.000523
vn -0.994206 0.107432 0.003431
vn 0.000201 0.516315 0.856399
vn 0.000038 0.510768 0.859719
vn -0.742856 0.189084 -0.642193
vn 0.017466 0.101459 -0.994686
vn 0.000001 1.000000 -0.000001
vn 0.000000 1.000000 -0.000000
vn 0.000000 1.000000 0.000000
vn 0.000000 1.000000 -0.000000
vn -0.111903 0.580966 0.806199
vn -0.118588 0.625433 0.771213
vn -0.583449 0.580684 0.567796
vn -0.577583 0.538936 0.613145
vn -0.900378 0.384386 0.203880
vn -0.903711 0.354559 0.239991
vn -0.135219 0.281077 0.950111
vn -0.147366 0.345011 0.926958
vn -0.704322 0.264184 0.658891
vn -0.696254 0.231574 0.679414
vn -0.985991 0.060547 0.155420
vn -0.989058 0.060267 0.134653
vn -0.111532 0.993761 0.000000
vn -0.111563 0.993757 0.000000
vn -0.509757 0.860319 0.000000
vn -0.509540 0.860447 0.000000
vn -0.709917 0.704285 0.000000
vn -0.709835 0.704368 0.000000
vn -0.782210 0.623015 0.000000
vn -0.846075 0.533065 0.000000
vn -0.846074 0.533065 0.000000
vn -0.782210 0.623015 0.000000
vn -0.727186 0.684161 0.055894
vn -0.671608 0.740139 0.033718
vn -0.683528 0.729453 0.026242
vn -0.775288 0.631421 0.015344
vn -0.782381 0.622800 -0.000000
vn -0.846201 0.532863 -0.000000
vn -0.846074 0.533066 -0.000000
vn -0.782210 0.623015 -0.000000
vn -0.108038 0.479375 0.870935
vn -0.108232 0.486541 0.866928
vn -0.000649 0.573048 0.819522
vn -0.000904 0.616441 0.787401
vn -0.145951 0.828554 0.540553
vn -0.145723 0.753565 0.641019
vn -0.005688 0.749447 0.662040
vn 0.000409 0.855460 0.517869
vn -0.100198 0.943983 0.314415
vn -0.117554 0.897001 0.426110
vn -0.110190 0.993800 0.014823
vn -0.111827 0.992843 0.041922
vn -0.111532 0.993761 0.000000
vn -0.111532 0.993761 0.000000
vn -0.945877 0.313100 0.085351
vn -0.949891 0.291327 0.113300
vn -0.917514 0.295004 0.266721
vn -0.973306 0.200377 0.111917
vn -0.997440 0.021950 0.068061
vn -0.998083 0.030722 0.053734
vn -0.872277 0.474831 0.116917
vn -0.842554 0.531324 0.088302
vn -0.877710 0.477830 0.036114
vn -0.910106 0.411967 0.044608
vn -0.107426 0.537206 0.836582
vn -0.502075 0.864801 0.006330
vn -0.493551 0.869512 0.018876
vn -0.712323 0.701852 0.000560
vn -0.710031 0.704168 0.001799
vn -0.594876 0.482773 0.642692
vn -0.634101 0.717486 0.288322
vn -0.646139 0.663500 0.377190
vn -0.764515 0.639461 0.081287
vn -0.544902 0.802232 0.243939
vn -0.493257 0.852106 0.174965
vn -0.635873 0.406199 0.656253
vn -0.602468 0.432634 0.670716
vn -0.939482 0.214724 0.266958
vn -0.928492 0.243606 0.280283
vn -0.509540 0.860447 0.000000
vn -0.509540 0.860447 0.000000
vn -0.709835 0.704368 0.000000
vn -0.709835 0.704368 0.000000
vn 0.000000 1.000000 -0.000000
vn 0.000000 1.000000 0.000000
vn -0.453001 0.854089 -0.255581
vn -0.111468 0.991526 -0.066719
vn -0.000924 0.974281 -0.225334
vn -0.000027 0.507651 -0.861563
vn 0.000000 0.493069 -0.869990
vn -0.000000 0.494643 -0.869096
vn -0.000000 0.484962 -0.874536
vn -0.000000 0.508081 -0.861309
vn -0.000000 0.486024 -0.873945
vn 0.000000 0.995651 -0.093161
vn -0.554157 0.743140 -0.375037
vn -0.979689 0.199482 0.020413
vn -0.987299 0.113669 0.110993
vn -0.919011 0.349172 0.183024
vn -0.892151 0.451426 0.016743
vn -0.906074 0.416230 0.076047
vn -0.736660 0.670770 0.086020
vn -0.767078 0.632403 0.107972
vn -0.828268 0.551662 0.098189
vn -0.980508 -0.089795 0.174758
vn -0.979785 -0.181018 0.085166
vn -0.988651 -0.033393 0.146475
vn -0.959056 0.121465 0.255849
vn -0.681310 -0.727117 -0.084363
vn -0.894993 -0.410202 -0.175279
vn -0.874713 -0.442840 -0.196899
vn -0.681310 -0.727117 -0.084363
vn -0.997858 0.065396 0.001638
vn -0.998534 0.054102 0.001828
vn -0.996008 0.089270 0.000000
vn -0.996077 0.088493 0.000000
vn -0.994132 0.108172 0.000000
vn -0.993651 0.112507 0.000000
vn -0.783298 0.621647 -0.000000
vn -0.846481 0.532419 0.000000
vn -0.848122 0.529801 0.000000
vn -0.785045 0.619439 -0.000000
vn -0.515379 0.856962 -0.000000
vn -0.512272 0.858823 0.000001
vn -0.710564 0.703632 -0.000001
vn -0.711358 0.702830 -0.000000
vn -0.112633 0.993637 -0.000000
vn -0.111722 0.993740 0.000002
vn -0.000368 1.000000 0.000000
vn -0.000564 1.000000 -0.000000
vn 0.000000 1.000000 0.000000
vn 0.000000 1.000000 -0.000000
vn -0.986731 0.162273 -0.005501
vn -0.996593 0.081621 0.011865
vn -0.976931 0.213552 -0.000886
vn -0.976434 0.215813 -0.000908
vn -0.966138 0.258026 -0.000343
vn -0.967477 0.252957 -0.000389
vn -0.935780 0.352585 -0.000173
vn -0.917314 0.398164 -0.000030
vn -0.917299 0.398200 -0.000030
vn -0.938986 0.343954 -0.000195
vn -0.846062 0.533084 -0.000000
vn -0.847796 0.530323 0.000000
vn -0.784957 0.619550 0.000000
vn -0.781354 0.624089 -0.000000
vn -0.711497 0.702689 0.000000
vn -0.515764 0.856731 0.000002
vn -0.503643 0.863912 -0.000000
vn -0.708898 0.705312 0.000000
vn -0.112134 0.993693 0.000002
vn -0.110436 0.993883 -0.000001
vn -0.001048 0.999999 0.000001
vn -0.001052 0.999999 -0.000001
vn 0.000000 1.000000 0.000000
vn 0.000000 1.000000 0.000000
vn 0.000000 1.000000 0.000000
vn 0.000000 1.000000 0.000000
vn -0.998560 0.039414 0.036395
vn -0.999676 0.018700 0.017266
vn -0.999966 0.006074 0.005608
vn -0.999950 0.007335 0.006773
vn -0.872855 -0.487957 0.004692
vn -0.821791 -0.569720 0.008813
vn -0.732561 -0.680687 0.004317
vn -0.736698 -0.676221 0.001101
vn 0.000001 -1.000000 0.000000
vn 0.000001 -1.000000 -0.000001
vn -0.000000 -1.000000 -0.000001
vn 0.000000 -1.000000 0.000000
vn -0.856035 -0.511114 -0.077243
vn -0.934592 -0.351988 -0.051398
vn -0.926834 -0.371583 -0.053900
vn -0.839123 -0.537834 -0.081282
vn -0.998264 -0.058810 -0.003360
vn -0.997906 -0.064586 -0.003394
vn -0.999420 -0.034053 -0.000512
vn -0.999786 -0.020667 0.000055
vn -0.999792 -0.020381 0.000040
vn -0.999382 -0.035145 -0.000508
vn -0.974545 0.194082 -0.112222
vn -0.893524 0.413613 -0.174758
vn -0.912249 0.240434 -0.331652
vn -0.968132 0.109764 -0.225103
vn -0.981531 0.191304 -0.000001
vn -0.981535 0.191285 -0.000006
vn -0.982519 0.186159 -0.000857
vn -0.983243 0.182297 -0.000839
vn -0.000121 0.069933 -0.997552
vn -0.738558 0.171226 -0.652084
vn 0.000002 0.093984 -0.995574
vn -0.000001 0.094365 -0.995538
vn 0.000000 0.301824 -0.953364
vn -0.000000 0.310975 -0.950418
vn -0.703857 0.414351 -0.576974
vn 0.000511 0.340943 -0.940084
vn -0.952936 0.303171 0.000120
vn -0.954474 0.298293 0.000210
vn -0.950274 0.311414 -0.000021
vn -0.949964 0.312360 -0.000008
vn -0.950264 0.311446 -0.000001
vn -0.950264 0.311447 -0.000001
vn -0.952431 0.304753 -0.000561
vn -0.951734 0.306925 -0.000169
vn -0.892421 0.422198 0.159166
vn -0.932212 0.356484 0.062457
vn -0.610913 0.621821 0.490024
vn -0.129341 0.680504 0.721239
vn -0.003368 0.672587 0.740011
vn -0.001735 0.660748 0.750606
vn -0.001840 0.663459 0.748210
vn -0.002395 0.222064 0.975029
vn 0.000272 0.223722 0.974653
vn -0.122597 0.223104 0.967054
vn -0.684768 0.199781 0.700842
vn -0.990740 0.058428 0.122562
vn -0.998424 0.034708 0.044097
vn -0.783448 0.621457 0.000000
vn -0.846911 0.531734 -0.000000
vn -0.851321 0.524646 -0.000000
vn -0.790416 0.612571 0.000000
vn -0.507881 0.861427 0.000001
vn -0.509351 0.860559 0.000000
vn -0.710081 0.704120 0.000000
vn -0.711643 0.702541 0.000001
vn -0.111244 0.993793 0.000000
vn -0.111505 0.993764 0.000000
vn -0.000369 1.000000 -0.000000
vn -0.000368 1.000000 0.000000
vn 0.000000 1.000000 0.000000
vn 0.000000 1.000000 0.000000
vn -0.934759 0.355281 -0.000002
vn -0.914944 0.403576 0.001920
vn -0.002821 0.693507 0.720444
vn -0.002809 0.692136 0.721762
vn -0.950565 0.310527 0.000015
vn -0.478553 0.872947 0.094607
vn -0.105724 0.978888 0.174933
vn 0.003871 0.980588 0.196044
vn 0.003421 0.979482 0.201504
vn 0.001099 0.868257 0.496113
vn -0.823468 0.566834 0.024488
vn -0.884513 0.466515 0.000000
vn -0.868723 0.495298 0.000000
vn -0.868723 0.495299 0.000000
vn -0.885831 0.464009 0.000000
vn -0.882437 0.470430 0.000000
vn -0.875036 0.484058 0.000000
vn -0.890917 0.454166 0.000000
vn -0.868724 0.495297 0.000000
vn -0.000000 0.483489 -0.875351
vn -0.852825 0.522197 0.000000
vn -0.868722 0.495301 0.000000
vn -0.868722 0.495300 0.000000
vn -0.847565 0.530692 0.000000
vn -0.787229 0.616661 0.000000
vn -0.792995 0.609228 0.000001
vn -0.468428 0.879244 0.086634
vn -0.108159 0.981817 0.156006
vn 0.001967 0.984652 0.174517
vn 0.001579 0.984605 0.174785
vn -0.001236 -0.983553 -0.180614
vn 0.000000 -0.983658 -0.180049
vn 0.000000 -0.983658 -0.180049
vn 0.000000 -0.983658 -0.180049
vn -0.988538 0.150975 -0.000278
vn -0.976810 0.214107 -0.000000
vn -0.964757 0.263144 -0.000000
vn -0.949045 0.315140 0.000000
vn -0.926264 0.376875 0.000000
vn 0.000000 1.000000 0.000000
vn 0.000000 1.000000 0.000000
vn -0.929613 0.368537 0.000000
vn -0.929613 0.368536 0.000000
vn -0.950260 0.311458 0.000000
vn -0.950256 0.311470 0.000000
vn -0.965459 0.260555 0.000000
vn -0.965459 0.260555 0.000000
vn -0.977084 0.212855 0.000000
vn -0.977084 0.212855 0.000000
vn -0.993098 0.117289 0.000000
vn -0.996089 0.088355 -0.000000
vn -0.998826 0.048439 -0.000000
vn -0.999971 0.007452 0.001451
vn -0.999969 0.007939 0.000000
vn -0.999862 0.016644 0.000000
vn -0.999842 0.017606 0.002570
vn -1.000000 0.000001 0.000000
vn -1.000000 0.000001 0.000000
vn 0.000000 -0.448965 -0.893549
vn 0.000000 -0.193605 -0.981080
vn 0.000000 -0.183345 -0.983049
vn 0.000000 -0.448188 -0.893939
vn 0.000000 -0.636052 0.771646
vn 0.000000 -0.935003 0.354641
vn -0.000000 -0.935003 0.354641
vn -0.000000 -0.636052 0.771646
vn -0.000000 -0.081777 0.996651
vn -0.000000 -0.140321 0.990106
vn -0.000000 -0.152203 0.988349
vn -0.000000 -0.081777 0.996651
vn 0.000000 -0.691496 -0.722380
vn 0.000000 -0.691516 -0.722361
vn 0.000000 -0.292002 0.956418
vn 0.000000 -0.292967 0.956123
vn 0.000000 -0.917670 -0.397345
vn 0.000000 -0.917670 -0.397345
vn -0.999361 0.035111 -0.006693
vn -0.998764 0.049302 -0.006245
vn -0.999283 0.037566 -0.004760
vn -0.999717 0.023383 -0.004402
vn -1.000000 -0.000018 0.000000
vn -1.000000 -0.000012 0.000000
vn -1.000000 -0.000000 0.000000
vn -1.000000 -0.000000 0.000000
vn -1.000000 -0.000000 0.000000
vn -1.000000 -0.000000 0.000000
vn 0.001636 -0.526403 -0.850233
vn 0.003906 -0.215463 -0.976504
vn 0.008147 -0.225523 -0.974204
vn 0.002939 -0.520948 -0.853583
vn 0.004527 -0.222178 0.974996
vn 0.026285 -0.414933 0.909472
vn 0.025964 -0.422364 0.906055
vn 0.009245 -0.233741 0.972255
vn 0.000000 -0.940194 -0.340639
vn -0.000806 -0.759287 -0.650756
vn -0.001370 -0.760938 -0.648823
vn 0.000000 -0.941139 -0.338021
vn 0.002875 -0.128616 -0.991690
vn 0.003847 -0.128532 -0.991698
vn 0.047875 -0.751079 0.658475
vn 0.022371 -0.962012 0.272089
vn 0.019348 -0.960889 0.276256
vn 0.041711 -0.755467 0.653858
vn 0.004111 -0.134147 0.990953
vn 0.003039 -0.134173 0.990953
vn 0.000000 -1.000000 0.000000
vn 0.000000 -1.000000 0.000000
vn 0.000000 -1.000000 0.000000
vn 0.000000 -1.000000 0.000000
vn -0.998802 -0.048940 -0.000439
vn -0.998495 -0.054835 -0.001273
vn -0.998415 -0.056271 0.000641
vn -0.999051 -0.043552 0.000481
vn -0.999910 -0.013271 -0.002202
vn -0.999844 -0.017656 0.000720
vn -0.999999 -0.001053 0.000246
vn -0.999988 -0.001385 -0.004741
vn -1.000000 -0.000015 -0.000000
vn -0.999930 -0.010995 -0.004417
vn -0.965458 0.260558 0.000000
vn -0.965458 0.260558 0.000000
vn -0.976746 0.214401 -0.000000
vn -0.976746 0.214401 -0.000000
vn -0.914657 0.404231 0.000002
vn -0.914657 0.404231 0.000002
vn -0.930573 0.366105 0.000004
vn -0.930573 0.366105 0.000004
vn -0.914656 0.404233 0.000000
vn -0.914656 0.404233 0.000000
vn -0.976860 0.213880 -0.000673
vn -0.976862 0.213871 -0.000673
vn -0.965733 0.259534 -0.001073
vn -0.965728 0.259555 -0.001073
vn -0.930717 0.365738 -0.000725
vn -0.930726 0.365717 -0.000727
vn -0.915169 0.403065 0.002187
vn -0.915168 0.403067 0.002185
vn -0.914144 0.405390 -0.000001
vn -0.914083 0.405526 -0.000001
vn -0.981522 0.191349 -0.000000
vn -0.981522 0.191349 -0.000000
vn -0.981522 0.191350 0.000000
vn -0.981522 0.191350 0.000000
vn -0.981466 0.191636 -0.000072
vn -0.981466 0.191637 -0.000072
vn -0.981456 0.191687 -0.000000
vn -0.981456 0.191687 -0.000000
vn -0.950371 0.311104 -0.003130
vn -0.950362 0.311132 -0.003133
vn -0.950262 0.311451 0.000000
vn -0.950262 0.311451 0.000000
vn -0.914657 0.404231 0.000000
vn -0.914657 0.404231 0.000000
vn -0.914657 0.404231 0.000000
vn -0.914658 0.404229 0.000000
vn -0.914659 0.404226 0.000000
vn -0.930574 0.366105 0.000000
vn -0.930574 0.366105 0.000000
vn -0.914659 0.404226 0.000000
vn -0.965954 0.258705 0.002099
vn -0.965968 0.258654 0.002101
vn -0.976796 0.214160 0.002369
vn -0.976789 0.214192 0.002370
vn -0.981300 0.192484 0.000603
vn -0.981301 0.192481 0.000604
vn -0.981522 0.191352 -0.000000
vn -0.981522 0.191352 -0.000000
vn -0.981522 0.191348 0.000000
vn -0.981523 0.191347 -0.000000
vn -0.981521 0.191354 -0.000000
vn -0.981521 0.191354 -0.000000
vn -0.976746 0.214400 0.000000
vn -0.976746 0.214400 0.000000
vn -0.965458 0.260558 0.000000
vn -0.965458 0.260558 0.000000
vn -0.950262 0.311452 0.000000
vn -0.950262 0.311452 0.000000
vn -0.950040 0.312094 0.004615
vn -0.950059 0.312036 0.004608
vn -0.917184 0.398450 -0.003506
vn -0.917186 0.398444 -0.003509
vn -0.930500 0.366289 0.001337
vn -0.930489 0.366317 0.001331
vn -0.914658 0.404227 -0.000000
vn -0.914658 0.404227 -0.000000
vn -0.921347 -0.388741 0.000010
vn -0.921325 -0.388793 0.000014
vn -0.921325 -0.388793 0.000014
vn -0.921351 -0.388731 0.000008
vn -0.638920 0.248505 0.728029
vn -0.898189 -0.054115 0.436266
vn -0.898182 -0.054100 0.436283
vn -0.638920 0.248504 0.728029
vn -0.657668 0.706567 0.261219
vn -0.669347 0.148570 0.727943
vn -0.669347 0.148571 0.727943
vn -0.657670 0.706563 0.261225
vn -0.661931 0.178638 0.727967
vn -0.661931 0.178638 0.727967
vn -0.651597 0.213546 0.727887
vn -0.651596 0.213546 0.727888
vn -0.886388 -0.291286 -0.359817
vn -0.834812 -0.255097 -0.487867
vn -0.834857 -0.255073 -0.487803
vn -0.886455 -0.291369 -0.359585
vn -0.921281 -0.388897 0.000014
vn -0.921281 -0.388899 0.000014
vn -0.807878 -0.256889 -0.530415
vn -0.807956 -0.256913 -0.530286
vn -0.001353 0.572775 0.819712
vn -0.001353 0.572765 0.819719
vn -0.001695 0.614267 0.789096
vn -0.001696 0.614288 0.789080
vn -0.000069 0.741721 0.670709
vn -0.001094 0.775885 0.630873
vn -0.001374 0.783358 0.621570
vn -0.001441 0.785775 0.618511
vn -0.001564 0.781765 0.623572
vn -0.002709 0.786506 0.617577
vn -0.000464 0.549373 0.835577
vn -0.000464 0.549373 0.835577
vn 0.000003 0.549254 0.835656
vn 0.000003 0.549199 0.835692
vn -0.001529 0.668615 0.743608
vn -0.001528 0.668646 0.743579
vn 0.000002 0.997244 -0.074188
vn 0.000002 0.997244 -0.074189
vn 0.246094 0.967174 0.063337
vn 0.246287 0.967118 0.063447
vn 0.000000 -1.000000 0.000000
vn 0.000000 -1.000000 0.000000
vn 0.000000 -1.000000 0.000000
vn 0.000000 -1.000000 0.000000
vn 0.000000 -1.000000 0.000000
vn 0.000000 -1.000000 0.000000
vn 0.000000 -1.000000 0.000000
vn 0.000000 -1.000000 0.000000
vn 0.000000 -1.000000 0.000000
vn 0.000000 -1.000000 0.000000
vn 0.000000 -1.000000 0.000000
vn 0.000000 -1.000000 -0.000000
vn 0.000000 -1.000000 0.000000
vn 0.000000 -1.000000 -0.000001
vn -0.000000 -0.999995 -0.003100
vn -0.000000 -1.000000 0.000000
vn -0.000000 -0.983658 -0.180049
vn -0.000291 -0.983719 -0.179715
vn 0.000000 -0.983658 -0.180049
vn -0.000000 -0.983658 -0.180049
vn 0.000000 -0.983658 -0.180049
vn 0.000000 -0.983658 -0.180048
vn -0.000000 -0.983658 -0.180049
vn 0.000000 -0.983658 -0.180049
vn 0.000000 -0.360424 -0.932789
vn 0.004073 -0.364299 -0.931273
vn 0.004510 -0.298610 -0.954365
vn 0.000000 -0.307058 -0.951691
vn 0.000000 -0.127640 -0.991821
vn 0.000000 -0.126684 -0.991943
vn -0.000000 0.000000 -1.000000
vn -0.000000 0.000000 -1.000000
vn 0.000000 0.000000 -1.000000
vn 0.000000 0.000000 -1.000000
vn 0.000000 0.018060 -0.999837
vn 0.000178 0.017230 -0.999852
vn 0.000238 0.031296 -0.999510
vn 0.000000 0.031630 -0.999500
vn 0.000011 0.094626 -0.995513
vn 0.000011 0.116744 -0.993162
vn 0.000006 0.171372 -0.985206
vn -0.000000 0.314947 -0.949109
vn 0.000000 0.432656 -0.901559
vn 0.000000 0.469006 -0.883195
vn 0.000000 0.495031 -0.868875
vn 0.000000 0.483489 -0.875351
vn 0.000000 0.492632 -0.870238
vn 0.000000 0.486000 -0.873959
vn 0.000000 0.508047 -0.861330
vn 0.000000 0.998253 -0.059089
vn 0.000000 1.000000 0.000000
vn 0.000000 1.000000 0.000000
vn 0.000000 1.000000 0.000000
vn 0.000000 1.000000 0.000000
vn 0.000000 1.000000 0.000000
vn 0.000000 1.000000 0.000000
vn 0.000000 1.000000 0.000000
vn 0.000000 1.000000 0.000000
vn 0.000000 1.000000 0.000000
vn 0.000000 1.000000 0.000000
vn -0.000000 0.958333 -0.285654
vn 0.000306 0.958333 -0.285654
vn 0.000119 0.958685 -0.284471
vn 0.000000 0.958680 -0.284488
vn 0.000000 0.958907 -0.283722
vn 0.000000 0.958907 -0.283722
vn -0.000000 0.958907 -0.283721
vn -0.000000 0.958907 -0.283722
vn -0.000000 0.941926 0.335819
vn 0.000000 0.977355 0.211608
vn -0.000000 0.893012 0.450033
vn -0.000000 0.870217 0.492669
vn -0.000000 0.780464 0.625201
vn -0.000000 0.786380 0.617743
vn 0.000000 0.662686 0.748897
vn 0.000000 0.690906 0.722945
vn 0.000000 0.612103 0.790778
vn 0.000000 0.573788 0.819004
vn -0.000000 0.548513 0.836142
vn 0.000000 0.997244 -0.074193
vn 0.000000 0.997244 -0.074193
vn 0.000000 0.549153 0.835722
vn 0.000000 0.549153 0.835722
vn 0.000000 0.475896 0.879502
vn -0.000000 0.510688 0.859766
vn 0.000000 0.475687 0.879615
vn -0.000000 0.340870 0.940111
vn -0.000000 0.340870 0.940111
vn 0.000002 0.340869 0.940111
vn 0.000002 0.340870 0.940111
vn 0.000000 0.222961 0.974827
vn 0.000000 0.222961 0.974827
vn 0.000000 0.222961 0.974827
vn 0.000000 0.222961 0.974827
vn 0.000000 1.000000 -0.000000
vn 0.000000 1.000000 -0.000001
vn -0.000000 -0.056527 0.998401
vn 0.000000 -0.056527 0.998401
vn -0.000000 -0.662664 0.748917
vn -0.000000 -0.662664 0.748917
vn 0.000000 0.831203 0.555969
vn 0.000000 0.831203 0.555969
vn 0.000000 -1.000000 -0.000000
vn 0.000000 -1.000000 -0.000000
vn 0.000000 -1.000000 0.000000
vn -0.000000 -1.000000 0.000000
vn -0.846639 0.512731 0.142512
vn -0.832248 0.536022 0.141580
vn -0.999030 -0.036211 0.025072
vn -0.995812 -0.078362 0.047103
vn -0.999976 0.003610 0.005910
vn -0.999671 0.018099 0.018180
vn -0.999866 0.003797 0.015930
vn -0.999135 0.009732 0.040427
vn -0.998638 0.018327 0.048843
vn -0.949988 0.307579 0.054027
vn -0.917313 0.349553 0.190655
vn -0.934170 0.354456 0.041085
vn -0.906141 0.421417 0.036272
vn -0.865371 0.500335 0.028243
vn -0.842313 0.538919 0.008631
vn -0.793882 0.608061 0.003453
vn -0.704511 0.709649 0.007884
vn -0.455037 0.888303 0.062119
vn -0.110571 0.987550 0.111892
vn 0.000592 0.992058 0.125782
vn 0.000496 0.992460 0.122571
vn -0.000000 0.958907 -0.283722
vn 0.000000 0.958907 -0.283722
vn 0.001089 0.342366 0.939566
vn 0.001091 0.342368 0.939565
vn -0.000003 0.341141 0.940012
vn -0.000003 0.341141 0.940012
vn -0.726585 0.240169 0.643734
vn -0.721652 0.241642 0.648712
vn -0.135076 0.338970 0.931050
vn -0.132741 0.339168 0.931314
vn -0.967663 0.094930 0.233704
vn -0.967777 0.094741 0.233306
vn -0.998220 0.015976 0.057467
vn -0.998220 0.015977 0.057467
vn -0.998026 0.007398 0.062360
vn -0.997798 0.005558 0.066098
vn -0.993100 0.029240 0.113571
vn -0.993133 0.029075 0.113323
vn -0.005404 0.222085 0.975012
vn -0.005410 0.222085 0.975012
vn 0.000043 0.222647 0.974899
vn 0.000043 0.222647 0.974899
vn -0.116062 0.218139 0.968992
vn -0.117023 0.218077 0.968890
vn -0.703986 0.169572 0.689673
vn -0.699993 0.170169 0.693579
vn -0.994656 0.057410 0.085809
vn -0.994620 0.057487 0.086172
vn -0.998329 0.020671 0.053966
vn -0.998636 0.020214 0.048140
vn -0.998749 0.038401 0.032041
vn -0.998749 0.038401 0.032041
vn -0.000000 0.340981 0.940070
vn -0.000000 0.340981 0.940070
vn 0.000000 0.223377 0.974732
vn 0.000000 0.223377 0.974732
vn 0.000067 0.279737 0.960077
vn 0.000565 0.340939 0.940085
vn 0.000785 0.340936 0.940086
vn 0.000067 0.279731 0.960079
vn -0.000009 0.340582 0.940215
vn -0.000009 0.340583 0.940215
vn 0.000767 0.339849 0.940480
vn 0.000767 0.339849 0.940480
vn -0.130449 0.333308 0.933750
vn -0.737477 0.254327 0.625656
vn -0.716480 0.259589 0.647511
vn -0.125791 0.333525 0.934311
vn -0.966892 0.130050 0.219560
vn -0.967048 0.129810 0.219017
vn -0.998554 0.010979 0.052635
vn -0.998251 0.015417 0.057068
vn -0.998251 0.015425 0.057071
vn -0.998535 0.010788 0.053031
vn -0.994738 0.046939 0.091066
vn -0.994371 0.049304 0.093784
vn -0.000514 0.223025 0.974813
vn -0.000652 0.223029 0.974812
vn -0.005007 0.220387 0.975400
vn 0.000172 0.221530 0.975154
vn 0.000172 0.221530 0.975154
vn -0.005008 0.220387 0.975400
vn -0.098040 0.209461 0.972890
vn -0.097996 0.209466 0.972893
vn -0.678174 0.160873 0.717077
vn -0.685749 0.159927 0.710050
vn -0.993290 0.072727 0.089926
vn -0.993405 0.072564 0.088775
vn -0.998010 0.021057 0.059442
vn -0.998013 0.021052 0.059392
vn -0.997853 0.053193 0.038206
vn -0.997853 0.053194 0.038206
vn 0.894602 0.107517 0.433736
vn 0.894508 0.137407 0.425411
vn 0.894555 0.137374 0.425323
vn 0.894602 0.107524 0.433735
vn 0.124403 0.977428 0.170760
vn 0.124405 0.977427 0.170761
vn 0.000224 0.993266 0.115858
vn 0.000224 0.993266 0.115858
vn -0.018114 0.993657 0.110988
vn -0.079370 0.994578 0.067194
vn -0.076345 0.994562 0.070833
vn -0.017841 0.993652 0.111070
vn -0.113918 0.993226 0.022896
vn -0.110225 0.993501 0.028399
vn -0.435841 0.392052 -0.810147
vn -0.492350 0.175143 -0.852594
vn -0.492016 0.178836 -0.852020
vn -0.433228 0.392511 -0.811325
vn -0.337182 0.759908 -0.555741
vn -0.311838 0.820122 -0.479747
vn 0.893984 0.080646 0.440782
vn 0.893936 0.080668 0.440876
vn -0.003472 -0.773167 0.634194
vn 0.135199 -0.727216 0.672962
vn 0.135252 -0.727195 0.672975
vn -0.003426 -0.773167 0.634194
vn -0.067225 -0.775710 0.627499
vn -0.069418 -0.775792 0.627159
vn -0.365046 -0.821406 0.438216
vn -0.376121 -0.822847 0.425977
vn -0.505371 -0.860495 0.064404
vn -0.505299 -0.860626 0.063211
vn -0.495885 -0.060373 -0.866287
vn -0.496506 -0.060335 -0.865934
vn -0.582269 -0.780530 -0.227457
vn -0.582632 -0.779825 -0.228938
vn -0.999672 0.025520 0.002216
vn -0.999630 0.026935 0.003905
vn -0.999814 0.019216 0.001406
vn -0.999898 0.014289 -0.000000
vn -0.999898 0.014289 -0.000000
vn -0.999845 0.017524 -0.001591
vn -0.998989 0.044923 0.001598
vn -0.999580 0.028950 0.001024
vn -0.999728 0.023142 -0.003003
vn -0.999459 0.032497 -0.005091
vn -0.999310 0.037002 0.003343
vn -0.999430 0.033648 0.002831
vn -0.985815 0.055598 0.158358
vn -0.996058 0.021139 0.086150
vn -0.743882 0.249705 0.619909
vn -0.154546 0.344999 0.925792
vn 0.000235 0.341001 0.940063
vn -0.000098 0.341173 0.940001
vn 0.000007 0.340867 0.940112
vn 0.000000 0.340867 0.940112
vn 0.000000 0.340867 0.940112
vn 0.000007 0.340867 0.940112
vn 0.000000 0.222966 0.974826
vn 0.000000 0.222966 0.974826
vn 0.031172 0.493322 0.869288
vn 0.000000 0.444661 0.895699
vn -0.003862 0.222052 0.975027
vn 0.000367 0.223719 0.974654
vn -0.115326 0.223084 0.967953
vn -0.644551 0.206744 0.736078
vn -0.987590 0.064809 0.143062
vn -0.998663 0.033761 0.039138
vn 0.000000 0.340883 0.940106
vn 0.000000 0.340883 0.940106
vn 0.000004 0.340881 0.940107
vn 0.000004 0.340881 0.940107
vn 0.000008 0.340878 0.940108
vn 0.000008 0.340878 0.940108
vn 0.000000 0.340880 0.940107
vn 0.000000 0.340880 0.940107
vn 0.000000 0.282436 0.959286
vn 0.000000 0.340880 0.940107
vn 0.000000 0.340877 0.940108
vn 0.000000 0.281305 0.959619
vn 0.000004 0.340881 0.940107
vn -0.000000 0.340883 0.940106
vn 0.000000 0.222953 0.974829
vn 0.000000 0.222952 0.974829
vn 0.000000 0.222953 0.974829
vn 0.000000 0.222954 0.974829
vn 0.000000 0.222953 0.974829
vn 0.000000 0.222952 0.974829
vn 0.000000 0.222955 0.974829
vn 0.000000 0.222955 0.974829
vn 0.000000 0.222955 0.974829
vn 0.000000 0.222954 0.974829
vn 0.000000 0.222954 0.974829
vn 0.000000 0.222954 0.974829
vn 0.000000 0.918719 0.394911
vn 0.000000 0.918719 0.394911
vn 0.065567 0.897737 0.435625
vn 0.065569 0.897736 0.435626
vn 0.065475 -0.411364 0.909117
vn 0.065472 -0.411365 0.909116
vn 0.000000 -0.452090 0.891972
vn 0.000000 -0.452090 0.891972
vn 0.000000 0.863332 0.504637
vn 0.000000 0.863332 0.504637
vn 0.075219 0.833123 0.547949
vn 0.075219 0.833123 0.547949
vn 0.075218 -0.514049 0.854457
vn 0.075217 -0.514049 0.854457
vn 0.000000 -0.558119 0.829761
vn 0.000000 -0.558119 0.829761
vn -0.000000 0.918718 0.394914
vn -0.000000 0.918718 0.394914
vn 0.065851 0.897662 0.435737
vn 0.065854 0.897661 0.435738
vn 0.065571 -0.411249 0.909161
vn 0.065569 -0.411251 0.909161
vn -0.000000 -0.452094 0.891971
vn -0.000000 -0.452094 0.891971
vn 0.074932 -0.514231 0.854372
vn 0.074931 -0.514232 0.854372
vn 0.074935 0.833247 0.547800
vn 0.000000 -0.558126 0.829756
vn 0.000000 -0.558126 0.829756
vn 0.000000 0.863328 0.504644
vn 0.000498 0.980716 0.195438
vn 0.000223 0.981332 0.192319
vn -0.000226 -0.631519 0.775361
vn -0.000226 -0.631519 0.775361
vn 0.000630 -0.633982 0.773347
vn 0.000631 -0.633984 0.773346
vn -0.253641 0.951624 0.173433
vn -0.047414 0.976460 0.210423
vn -0.084673 -0.662395 0.744354
vn -0.460109 -0.754958 0.467267
vn -0.460907 -0.755135 0.466193
vn -0.085359 -0.662524 0.744162
vn -0.393662 0.912507 0.111182
vn -0.599926 -0.789128 0.131778
vn -0.599809 -0.789395 0.130711
vn -0.474693 -0.370014 0.798597
vn -0.481371 -0.150143 0.863562
vn -0.481366 -0.150004 0.863589
vn -0.474692 -0.370014 0.798597
vn -0.584706 -0.632322 0.508220
vn -0.584318 -0.631024 0.510277
vn -0.003757 -0.724686 0.689069
vn -0.003760 -0.724687 0.689068
vn 0.000025 -0.722429 0.691445
vn 0.000025 -0.722429 0.691445
vn -0.001798 0.949061 0.315086
vn 0.000020 0.950065 0.312052
vn 0.000020 0.950065 0.312052
vn -0.001797 0.949062 0.315085
vn -0.078866 -0.739881 0.668099
vn -0.079344 -0.739945 0.667972
vn -0.037521 0.944365 0.326753
vn -0.037230 0.944387 0.326721
vn -0.424234 -0.797269 0.429403
vn -0.425205 -0.797353 0.428286
vn -0.255166 0.936490 0.240578
vn -0.253719 0.936626 0.241576
vn -0.575942 -0.815917 0.050703
vn -0.575932 -0.815949 0.050302
vn -0.440034 0.897313 0.034625
vn -0.439878 0.897378 0.034925
vn -0.573030 0.163244 -0.803111
vn -0.565677 -0.057026 -0.822653
vn -0.565677 -0.057026 -0.822653
vn -0.573030 0.163254 -0.803110
vn -0.461257 0.078738 0.883766
vn -0.461257 0.078738 0.883766
vn -0.534096 0.794657 0.288550
vn -0.533662 0.795656 0.286596
vn -0.000000 0.981490 0.191514
vn -0.000000 -0.630881 0.775879
vn -0.000000 -0.630881 0.775879
vn -0.000000 -0.721545 0.692368
vn -0.000000 -0.721545 0.692368
vn 0.000000 0.950463 0.310839
vn 0.000000 0.950463 0.310839
vn -0.662061 -0.709067 -0.242691
vn -0.662441 -0.708158 -0.244304
vn -0.914503 0.404578 0.000819
vn -0.914542 0.404492 0.000614
vn -0.914589 0.404385 -0.000007
vn -0.928038 0.372485 -0.000004
vn -0.947688 0.319199 -0.000000
vn -0.962856 0.270017 0.000000
vn -0.974574 0.224065 0.000001
vn -0.981528 0.191319 0.000003
vn -0.981450 0.191716 0.001203
vn -0.981494 0.191493 0.000469
vn -0.999479 0.031997 0.004224
vn -0.999279 0.037609 0.005234
vn -0.998710 -0.050765 -0.000813
vn -0.998573 -0.053309 -0.003307
vn -0.999862 0.014650 -0.007772
vn -0.999934 -0.006198 -0.009634
vn -0.999682 -0.023409 -0.009409
vn -0.000000 -1.000000 -0.000000
vn 0.000000 -1.000000 -0.000000
vn -0.000000 -1.000000 -0.000000
vn -0.923806 0.382794 0.007151
vn -0.932546 0.360962 0.008079
vn -0.974706 0.223375 0.007215
vn -0.977460 0.211022 0.006455
vn -0.962200 0.272218 0.008309
vn -0.966906 0.255002 0.008159
vn -0.947042 0.320987 0.008895
vn -0.951560 0.307339 0.008702
vn -0.473974 0.536745 0.698035
vn -0.951309 -0.286712 0.113170
vn -0.947742 -0.304972 0.093684
vn -0.464692 0.539444 0.702184
vn -0.520283 0.514353 0.681723
vn -0.514837 0.518146 0.682985
vn -0.536739 0.485212 0.690276
vn -0.536848 0.489436 0.687203
vn -0.506402 0.474953 0.719707
vn -0.514346 0.474146 0.714587
vn -0.553496 0.811342 0.188059
vn -0.547615 0.829570 0.109228
vn -0.999885 -0.009443 0.011847
vn -0.998829 -0.029796 0.038120
vn 0.000000 0.958907 -0.283721
vn 0.000000 0.958907 -0.283721
vn -0.000050 0.997563 0.069777
vn 0.000080 0.997630 0.068809
vn -0.110228 0.991912 0.062929
vn -0.470903 0.881664 0.030304
vn -0.707756 0.706452 0.002700
vn -0.785676 0.618639 0.000000
vn -0.846581 0.532261 0.000000
vn -0.868722 0.495300 0.000001
vn -0.914166 0.405340 0.000001
vn -0.914324 0.404983 0.000000
vn -0.921089 -0.389352 -0.000240
vn -0.921066 -0.389408 -0.000274
vn -0.945263 0.326289 -0.003798
vn -0.916450 0.400128 0.004111
vn -0.916078 0.400993 0.002255
vn -0.935555 0.353182 0.000175
vn -0.954328 0.298756 -0.001908
vn -0.958684 0.284468 -0.001904
vn -0.968076 0.250656 -0.000796
vn -0.971885 0.235451 -0.001532
vn -0.977360 0.211581 -0.001014
vn -0.979481 0.201531 -0.001633
vn -0.982763 0.184866 -0.001153
vn -0.983216 0.182441 -0.001666
vn -0.981433 0.191808 0.000000
vn -0.981077 0.193616 -0.000000
vn -0.996979 0.077664 0.000618
vn -0.996305 0.082540 0.023748
vn -0.993702 0.107333 0.032181
vn -0.994971 0.100160 0.000000
vn -0.998697 0.047680 0.018179
vn -0.998988 0.044977 0.000405
vn -0.999421 0.033982 -0.001483
vn -0.999331 0.032134 0.017446
vn -0.999854 0.017074 -0.000876
vn -1.000000 -0.000001 -0.000000
vn -1.000000 -0.000001 -0.000000
vn -0.999900 0.003826 0.013630
vn -1.000000 -0.000311 0.000060
vn -0.999799 0.018716 -0.007208
vn -0.999901 0.013143 -0.005065
vn -1.000000 -0.000014 0.000001
vn -1.000000 -0.000000 0.000000
vn -1.000000 -0.000000 0.000000
vn -0.995669 0.092931 -0.002755
vn -0.998879 0.047286 -0.002117
vn -0.994087 0.108566 -0.002304
vn -0.981521 0.191356 -0.000000
vn -0.981520 0.191357 -0.000000
vn -0.975912 0.218164 0.000003
vn -0.981523 0.191347 -0.000011
vn -0.965586 0.260084 0.000010
vn -0.845342 0.534226 0.000000
vn -0.868722 0.495299 -0.000000
vn -0.782044 0.623223 0.000000
vn -0.709919 0.704283 -0.000001
vn -0.510383 0.859947 -0.000001
vn -0.111695 0.993743 0.000000
vn -0.000369 1.000000 -0.000001
vn 0.000000 1.000000 -0.000001
vn 0.000000 1.000000 0.000000
vn 0.000000 1.000000 0.000000
vn -0.966175 0.034918 -0.255512
vn -0.934453 0.083317 -0.346201
vn -1.000000 0.000001 0.000000
vn -1.000000 0.000000 0.000000
vn -1.000000 0.000000 0.000000
vn -1.000000 0.000001 -0.000000
vn -1.000000 -0.000000 0.000001
vn -0.999921 0.011641 -0.004742
vn -1.000000 -0.000001 0.000002
vn -0.976099 0.217325 0.000010
vn -0.981537 0.191274 0.000005
vn -0.965853 0.259089 0.000015
vn -0.950846 0.309666 0.000023
vn -0.934349 0.356359 0.000028
vn -0.914570 0.404427 0.000026
vn -0.999958 0.008722 0.002820
vn -0.960560 0.277956 0.008104
vn -0.960746 0.239813 0.139487
vn -0.878691 0.423816 0.219731
vn -0.867727 0.496932 0.010447
vn -0.913333 -0.353395 0.202323
vn -0.676249 -0.729170 0.104874
vn -0.676249 -0.729170 0.104874
vn -0.877505 -0.411527 0.246234
vn -0.916318 0.144864 0.373332
vn -0.962197 0.096741 0.254593
vn -0.956287 0.149525 0.251313
vn -0.906334 0.245392 0.344008
vn -0.749597 -0.653480 -0.105202
vn -0.892439 -0.400214 -0.208282
vn -0.839531 -0.439791 -0.319016
vn -0.671416 -0.588340 -0.450618
vn -0.965577 0.236575 -0.108134
vn -0.868171 0.437368 -0.234496
vn -0.877871 0.244622 -0.411707
vn -0.959019 0.103781 -0.263652
vn 0.000003 -1.000000 -0.000001
vn 0.000003 -1.000000 -0.000002
vn -0.000003 -0.999223 -0.039425
vn 0.002093 -0.999926 -0.012013
vn 0.000206 -0.997275 -0.073773
vn -0.000238 -0.995022 -0.099659
vn -0.000000 -0.993470 -0.114090
vn -0.950402 -0.015349 -0.310644
vn -0.880220 0.074485 -0.468684
vn 0.000000 -0.064890 -0.997892
vn 0.000000 -0.065626 -0.997844
vn 0.000000 1.000000 0.000000
vn 0.000000 1.000000 0.000000
vn 0.000000 1.000000 0.000000
vn 0.000000 1.000000 0.000000
vn 0.000000 -1.000000 -0.000000
vn 0.000000 -1.000000 -0.000000
vn 0.000003 -1.000000 0.000000
vn 0.000008 -1.000000 0.000000
vn 0.000008 -1.000000 0.000000
vn 0.000002 -1.000000 -0.000000
vn -0.000000 -1.000000 0.000000
vn -0.000000 -1.000000 0.000000
vn 0.000002 -1.000000 -0.000000
vn 0.000008 -1.000000 -0.000000
vn 0.000008 -1.000000 -0.000000
vn 0.000002 -1.000000 0.000000
vn 0.000000 -1.000000 -0.000000
vn 0.000000 -1.000000 -0.000000
vn -0.000001 -1.000000 -0.000000
vn -0.000001 -1.000000 -0.000000
vn -0.000001 -1.000000 -0.000000
vn -0.000001 -1.000000 0.000000
vn -0.000000 -1.000000 0.000000
vn -0.000000 -1.000000 0.000000
vn 0.000008 -1.000000 0.000000
vn 0.000003 -1.000000 0.000000
vn 0.000000 -0.924612 -0.380912
vn 0.000000 -0.999846 -0.017559
vn 0.000000 -0.999761 -0.021849
vn 0.000000 -0.131932 -0.991259
vn 0.000000 -0.131931 -0.991259
vn 0.000000 -0.156006 -0.987756
vn -0.000001 -0.469842 -0.882751
vn -0.000000 -0.703917 -0.710282
vn 0.000002 -1.000000 -0.000000
vn 0.000008 -1.000000 -0.000000
vn 0.000000 -0.141231 0.989977
vn 0.000000 -0.081777 0.996651
vn 0.000002 -1.000000 0.000000
vn 0.000009 -1.000000 0.000000
vn 0.000009 -1.000000 -0.000000
vn -0.000000 -0.936687 0.350167
vn -0.000000 -0.641715 0.766943
vn 0.000000 -1.000000 -0.000000
vn -0.000000 -1.000000 0.000000
vn -0.000000 -1.000000 0.000000
vn 0.000000 -0.293081 0.956088
vn -0.005011 -0.940590 -0.339507
vn 0.000160 -0.999993 -0.003694
vn 0.000000 -0.999927 -0.012061
vn 0.000010 -1.000000 -0.000000
vn 0.019606 -0.129269 -0.991416
vn 0.058435 -0.209587 -0.976042
vn 0.115498 -0.516516 -0.848453
vn 0.054290 -0.740126 -0.670274
vn 0.008874 -0.999954 -0.003559
vn 0.008874 -0.999954 -0.003559
vn 0.006147 -0.995288 -0.096770
vn -0.061777 -0.079722 -0.994901
vn -0.400003 -0.023227 -0.916220
vn -0.040966 0.011618 -0.999093
vn 0.011337 -0.238969 0.970961
vn 0.017946 -0.135089 0.990671
vn 0.013803 -0.951376 0.307722
vn 0.040771 -0.746539 0.664092
vn 0.000000 0.660288 -0.751012
vn -0.442958 0.571366 -0.690890
vn -0.527143 0.779378 -0.338660
vn -0.000001 0.949168 -0.314769
vn -0.371234 0.927555 0.042740
vn -0.460409 0.287397 -0.839897
vn 0.000013 0.362415 -0.932017
vn 0.072570 -0.478149 0.875275
vn 0.000007 -1.000000 0.000000
vn 0.000007 -1.000000 -0.000000
vn -0.291363 0.956613 0.000000
vn -0.291563 0.956552 0.000000
vn 0.000008 -1.000000 -0.000000
vn 0.000007 -1.000000 -0.000000
vn -0.306112 0.951996 -0.000000
vn -0.430651 0.902519 -0.000001
vn 0.000007 -1.000000 0.000000
vn -0.291487 0.956575 0.000000
vn -0.344257 0.938747 0.015502
vn -0.371759 0.850281 0.372583
vn 0.000000 -0.935079 -0.354439
vn 0.000000 -0.999938 -0.011120
vn -0.907082 0.133796 0.399125
vn -0.000003 -0.515328 -0.856993
vn -0.486485 0.654882 0.578327
vn -0.000001 -0.727245 -0.686377
vn 0.000009 -1.000000 0.000000
vn 0.000000 -0.169362 0.985554
vn 0.000000 -0.081777 0.996651
vn 0.000009 -1.000000 0.000000
vn 0.000009 -1.000000 0.000000
vn -0.359398 0.933050 0.015819
vn -0.296991 0.954861 0.006069
vn 0.000000 -0.939508 0.342527
vn 0.000000 -0.652555 0.757742
vn -0.337331 0.635121 -0.694860
vn -0.347966 0.877526 -0.329952
vn -0.463940 0.193937 -0.864378
vn -0.346257 0.316958 -0.882974
vn 0.000000 -0.297102 0.954846
vn -0.333447 0.856977 0.392942
vn -0.008925 -0.945578 -0.325272
vn 0.000365 -0.999999 0.001563
vn 0.000009 -1.000000 0.000000
vn 0.022193 -0.134540 -0.990660
vn 0.092993 -0.235158 -0.967498
vn -0.296747 0.357641 0.885457
vn -0.375170 0.148524 0.914980
vn 0.165254 -0.421202 -0.891784
vn -0.326834 0.605775 0.725408
vn 0.106011 -0.709929 -0.696249
vn 0.041874 -0.324876 0.944829
vn 0.021844 -0.953264 0.301348
vn 0.061940 -0.750998 0.657393
vn 0.096168 -0.445556 0.890074
vn -0.815262 -0.464354 0.346010
vn -0.813233 -0.464863 0.350076
vn -0.912149 -0.406475 0.052554
vn -0.912149 -0.406475 0.052554
vn -0.002454 -0.919531 0.393010
vn -0.002469 -0.919524 0.393026
vn 0.002602 -0.920842 0.389927
vn 0.002592 -0.920842 0.389928
vn -0.000000 0.999835 0.018180
vn -0.000000 0.999835 0.018180
vn 0.000037 0.999841 0.017834
vn 0.000037 0.999841 0.017835
vn -0.138261 -0.924890 0.354206
vn -0.138329 -0.924890 0.354180
vn -0.002676 0.999849 0.017168
vn -0.003002 0.999850 0.017045
vn 0.000000 -0.920990 0.389585
vn 0.000000 -0.920990 0.389585
vn 0.000000 0.999847 0.017503
vn 0.000000 0.999847 0.017503
vn -0.013779 0.999882 0.006731
vn -0.013983 0.999883 0.006270
vn -0.330406 -0.931895 0.149677
vn -0.333261 -0.932054 0.142170
vn -0.015594 0.999875 0.002631
vn -0.015594 0.999875 0.002631
vn -0.168111 0.338524 0.925819
vn -0.168111 0.338524 0.925819
vn -0.168111 0.338524 0.925819
vn -0.168111 0.338524 0.925819
vn -0.377286 -0.925943 0.016855
vn -0.377286 -0.925943 0.016855
vn 0.000135 1.000000 0.000012
vn 0.007687 0.999970 0.000526
vn 0.012772 0.999918 -0.000728
vn -0.000000 1.000000 0.000012
vn -0.000001 1.000000 0.000010
vn -0.000001 1.000000 0.000010
vn -0.000001 1.000000 0.000010
vn 0.000000 0.000002 -1.000000
vn 0.000000 0.000001 -1.000000
vn 0.019150 -0.069171 -0.997421
vn -0.779369 -0.068916 -0.622764
vn -0.999417 0.034053 0.002402
vn -0.999976 0.006794 0.001381
vn 0.000000 -0.131933 -0.991259
vn 0.000000 -0.999761 -0.021849
vn 0.000000 -0.999927 -0.012061
vn -0.000001 0.983080 -0.183175
vn -0.000001 0.998477 0.055173
vn -0.000001 0.909779 0.415092
vn 0.005192 0.637929 0.770078
vn 0.007671 0.367359 0.930048
vn 0.002127 0.150390 0.988625
vn -0.069005 0.997616 0.001113
vn -0.070432 0.997513 0.002619
vn -0.067950 0.997689 0.000000
vn -0.067950 0.997689 0.000000
vn -0.067950 0.997689 0.000000
vn -0.067950 0.997689 0.000000
vn -0.067950 0.997689 0.000000
vn -0.002449 0.344272 -0.938867
vn -0.007519 0.221618 -0.975105
vn 0.000000 0.666087 -0.745874
vn 0.000000 0.937111 -0.349031
vn 0.000000 0.999880 0.015500
vn -0.000000 0.918931 0.394418
vn -0.000001 0.788455 0.615093
vn -0.000002 1.000000 -0.000000
vn -0.000002 1.000000 -0.000000
vn -0.000002 1.000000 -0.000000
vn -0.000002 1.000000 -0.000000
vn -0.000001 1.000000 0.000000
vn -0.000001 1.000000 0.000000
vn -0.000001 1.000000 0.000000
vn 0.000001 1.000000 -0.000001
vn 0.000000 1.000000 -0.000000
vn 0.000000 1.000000 0.000000
vn 0.000000 1.000000 0.000000
vn 0.000000 1.000000 0.000000
vn 0.000000 -0.983658 -0.180049
vn 0.000000 -0.983658 -0.180049
vn -0.432511 -0.552027 -0.712882
vn -0.999880 0.015060 0.003680
vn -0.999447 -0.032852 -0.005112
vn -0.998352 0.055570 0.014342
vn -0.932819 0.360346 -0.000003
vn -0.914528 0.404523 -0.000003
vn -0.914532 0.404513 0.000022
vn -0.932819 0.360345 0.000029
vn -0.950282 0.311391 -0.000001
vn -0.950286 0.311379 0.000031
vn -0.965464 0.260536 0.000001
vn -0.965465 0.260532 0.000026
vn -0.975945 0.218017 -0.000000
vn -0.975945 0.218017 0.000018
vn -0.981544 0.191234 0.000000
vn -0.981544 0.191234 0.000008
vn -0.996089 0.088355 0.000000
vn -0.994971 0.100161 0.000000
vn -0.998826 0.048439 0.000000
vn -0.999898 0.014289 0.000000
vn -0.999862 0.016643 -0.000000
vn -0.999969 0.007939 -0.000000
vn -1.000000 0.000001 -0.000000
vn -1.000000 0.000001 0.000000
vn 0.000591 0.612080 0.790795
vn 0.000187 0.573773 0.819014
vn 0.000174 0.572067 0.820207
vn 0.000562 0.609807 0.792550
vn 0.000000 1.000000 0.000000
vn 0.000000 1.000000 0.000000
vn 0.000368 1.000000 0.000000
vn 0.000368 1.000000 0.000000
vn -0.000018 0.116235 -0.993222
vn -0.000012 0.169713 -0.985493
vn -0.000042 0.167786 -0.985823
vn -0.000069 0.115447 -0.993314
vn 0.000000 -1.000000 0.000000
vn 0.000000 -1.000000 0.000000
vn -0.000001 -1.000000 -0.000000
vn -0.000001 -1.000000 0.000000
vn 0.999958 0.009199 0.000000
vn 0.999958 0.009199 0.000000
vn 0.999791 -0.020442 0.000000
vn 0.999791 -0.020442 0.000000
vn -0.003328 -0.047565 0.998863
vn -0.003230 -0.047294 0.998876
vn 0.018128 -0.027533 0.999457
vn 0.016618 -0.028433 0.999458
vn 1.000000 0.000000 0.000000
vn 1.000000 0.000000 0.000000
vn 1.000000 0.000000 0.000000
vn 1.000000 0.000000 0.000000
vn -0.000000 -0.064890 -0.997892
vn -0.000000 -0.057290 -0.998358
vn 0.000000 -0.061348 -0.998116
vn 0.000000 0.831203 0.555969
vn 0.000000 0.831203 0.555969
vn 0.000000 0.831203 0.555969
vn 0.000000 0.831203 0.555969
vn 0.883860 -0.467752 -0.000000
vn 0.742393 -0.669965 -0.000000
vn 0.742115 -0.670273 -0.000544
vn 0.883660 -0.468130 -0.000508
vn -0.011465 -0.342540 -0.939433
vn -0.023996 -0.383072 -0.923407
vn -0.004073 -0.364299 -0.931273
vn -0.004510 -0.298610 -0.954365
vn 0.000005 0.431176 -0.902268
vn 0.000012 0.469020 -0.883187
vn 0.000008 0.469060 -0.883166
vn 0.000003 0.426748 -0.904371
vn 1.000000 0.000006 -0.000000
vn 1.000000 0.000097 -0.000000
vn 1.000000 0.000097 -0.000000
vn 1.000000 0.000006 -0.000000
vn 1.000000 0.000000 0.000000
vn 1.000000 0.000000 0.000000
vn 0.000098 0.341172 0.940001
vn -0.000047 0.280437 0.959872
vn 0.000594 0.277528 0.960718
vn -0.000148 0.340996 0.940065
vn 0.000000 0.000000 -1.000000
vn 0.000000 0.000000 -1.000000
vn 0.000000 0.000000 -1.000000
vn 0.000000 0.000000 -1.000000
vn 0.619507 0.637756 -0.457688
vn 0.000000 0.493995 -0.869465
vn 0.000000 0.494372 -0.869251
vn 0.596003 0.691386 -0.408370
vn -0.004877 0.941786 0.336177
vn -0.003264 0.891673 0.452669
vn -0.003883 0.886981 0.461789
vn -0.005936 0.938354 0.345625
vn 1.000000 -0.000000 0.000000
vn 1.000000 -0.000000 0.000000
vn 1.000000 0.000000 0.000000
vn 1.000000 0.000000 0.000000
vn -0.000040 0.475933 0.879481
vn -0.000052 0.475644 0.879638
vn -0.000995 0.476361 0.879249
vn -0.000644 0.475064 0.879951
vn -0.000178 0.017230 -0.999852
vn -0.000675 0.018781 -0.999823
vn -0.000011 0.999953 0.009667
vn -0.000027 0.998920 0.046469
vn 0.000244 0.998921 0.046451
vn 0.000325 0.999867 0.016302
vn 0.965459 0.260556 -0.000001
vn 0.965459 0.260555 -0.000001
vn 0.977084 0.212854 -0.000001
vn 0.977084 0.212853 -0.000001
vn 0.996089 0.088355 -0.000001
vn 0.996046 0.088835 -0.000831
vn 0.998861 0.047701 -0.000635
vn 0.998826 0.048440 -0.000001
vn 0.999862 0.016643 -0.000001
vn 0.999836 0.017875 -0.002790
vn 0.999959 0.008894 -0.001505
vn 0.999965 0.008354 -0.000000
vn 0.000000 -1.000000 -0.000000
vn 0.000000 -1.000000 0.000000
vn 0.000000 -1.000000 0.000000
vn 0.000000 -1.000000 0.000000
vn 0.999568 0.029391 -0.000000
vn 0.997531 0.070233 0.000000
vn 0.997531 0.070229 0.000000
vn 0.999552 0.029946 -0.000000
vn 0.998801 0.048961 0.000000
vn 0.996050 0.088790 0.000000
vn 0.996089 0.088355 -0.000000
vn 0.998826 0.048439 -0.000000
vn 0.965143 0.261725 -0.000006
vn 0.965461 0.260546 -0.000016
vn 0.975935 0.218060 -0.000012
vn 0.975778 0.218765 -0.000004
vn 0.914585 0.404395 -0.000018
vn 0.932825 0.360329 -0.000023
vn 0.932406 0.361413 -0.000009
vn 0.914588 0.404388 -0.000011
vn 0.000000 1.000000 0.000000
vn 0.000000 1.000000 0.000000
vn 0.000368 1.000000 0.000000
vn 0.000368 1.000000 0.000000
vn 0.796127 -0.605128 0.001542
vn 0.741141 -0.671347 0.001566
vn 0.741727 -0.670701 0.000869
vn 0.872085 -0.489353 0.000830
vn -0.004136 -0.664650 0.747143
vn -0.004030 -0.664703 0.747097
vn 0.001347 -0.665529 0.746370
vn 0.001228 -0.665632 0.746279
vn 1.000000 0.000000 0.000000
vn 1.000000 0.000000 0.000000
vn -0.000000 -0.127640 -0.991821
vn 0.000000 -0.127367 -0.991856
vn 0.000716 -0.245152 -0.969485
vn 0.000000 -1.000000 0.000000
vn 0.000000 -1.000000 0.000000
vn -0.000001 -1.000000 0.000000
vn -0.000001 -1.000000 0.000000
vn 0.767387 0.041734 -0.639825
vn -0.048851 -0.004242 -0.998797
vn -0.039296 0.025748 -0.998896
vn 0.760385 0.092381 -0.642868
vn 0.763503 -0.007756 -0.645757
vn -0.035635 -0.033186 -0.998814
vn 0.737682 -0.066470 -0.671868
vn 0.000000 -0.060891 -0.998144
vn 0.000000 -0.057291 -0.998358
vn 0.754513 -0.052849 -0.654153
vn 0.577823 -0.404425 -0.708916
vn 0.001592 -0.292077 -0.956394
vn 0.000000 -0.124183 -0.992259
vn 0.659864 -0.133891 -0.739360
vn 0.432511 -0.552027 -0.712882
vn 0.010153 -0.364111 -0.931300
vn -0.000003 -1.000000 0.000000
vn -0.000002 -1.000000 -0.000000
vn -0.000002 -1.000000 0.000000
vn -0.000002 -1.000000 -0.000000
vn 0.064397 0.834671 0.546971
vn 0.045951 0.834038 0.549790
vn 0.141750 -0.639565 0.755555
vn 0.252212 -0.611397 0.750056
vn 0.389449 0.042066 0.920087
vn 0.404309 0.044117 0.913558
vn 0.686102 0.513947 -0.514901
vn 0.000000 0.449830 -0.893114
vn 0.000001 0.479571 -0.877503
vn 0.662034 0.571251 -0.485163
vn 0.729079 0.230087 -0.644596
vn -0.000687 0.115717 -0.993282
vn -0.001108 0.185603 -0.982624
vn 0.727553 0.301896 -0.616057
vn 0.000001 -0.999990 -0.004540
vn -0.000000 -1.000000 0.000000
vn -0.000000 -1.000000 0.000000
vn -0.000000 -0.999995 -0.003100
vn 0.000000 1.000000 -0.000001
vn 0.000000 1.000000 -0.000000
vn 0.000000 1.000000 -0.000001
vn 0.000000 1.000000 0.000000
vn 0.000000 -1.000000 0.000000
vn 0.000001 -1.000000 -0.000000
vn 0.000000 -1.000000 -0.000000
vn 0.907222 0.368135 0.203531
vn 0.845611 0.443875 0.296508
vn 0.522043 0.718230 0.460018
vn 0.911406 0.348993 0.218044
vn 0.906309 0.084227 0.414138
vn 0.902560 0.084327 0.422226
vn 0.000080 -0.000004 -1.000000
vn 0.000081 0.000005 -1.000000
vn 0.000049 0.000043 -1.000000
vn 0.000053 0.000044 -1.000000
vn 0.000000 -0.000000 1.000000
vn 0.000000 -0.000000 1.000000
vn 0.000000 -0.000001 1.000000
vn 0.000000 -0.000001 1.000000
vn -0.000000 0.000000 -1.000000
vn -0.000000 0.000000 -1.000000
vn -0.000000 -0.000001 -1.000000
vn -0.000000 -0.000001 -1.000000
vn 0.000000 0.000000 1.000000
vn 0.000000 0.000000 1.000000
vn 0.000000 0.000000 1.000000
vn 0.000000 0.000000 1.000000
vn 0.809909 -0.540208 -0.228523
vn 0.000082 0.000040 -1.000000
vn 0.000091 0.000030 -1.000000
vn 0.714410 -0.476490 -0.512422
vn -0.001633 -0.000625 0.999999
vn -0.001477 -0.000803 0.999999
vn 0.809743 -0.540402 0.228652
vn 0.713810 -0.476775 0.512993
vn 0.831916 -0.554902 0.000000
vn 0.831916 -0.554902 0.000000
vn 0.000000 -0.000001 -1.000000
vn 0.000000 -0.000001 -1.000000
vn 0.000000 0.000000 1.000000
vn 0.000000 0.000000 1.000000
vn -0.000000 -0.000003 -1.000000
vn -0.000000 -0.000003 -1.000000
vn 0.000000 -0.000002 -1.000000
vn 0.000000 -0.000002 -1.000000
vn 0.000000 0.000000 1.000000
vn 0.000000 0.000000 1.000000
vn 0.000000 0.000000 1.000000
vn 0.000000 0.000000 1.000000
vn -0.000000 0.000000 -1.000000
vn -0.000000 0.000000 -1.000000
vn 0.996697 -0.070569 0.040180
vn 0.999481 0.024958 0.020345
vn 0.996387 0.061367 0.058715
vn 0.997720 -0.030446 0.060228
vn 0.970814 -0.230757 0.065362
vn 0.980128 -0.188546 0.061638
vn 0.885849 0.432925 0.166877
vn 0.876322 0.455645 0.156358
vn 0.000000 -1.000000 0.000000
vn 0.000000 -1.000000 0.000000
vn 0.000000 -1.000000 0.000000
vn 0.000001 -1.000000 0.000000
vn 0.000000 -1.000000 0.000000
vn 0.000000 -1.000000 0.000000
vn 0.933541 0.358470 0.000021
vn 0.914577 0.404412 0.000024
vn 0.914586 0.404393 0.000286
vn 0.935781 0.352581 0.000208
vn 0.966992 0.254808 -0.000228
vn 0.976705 0.214586 -0.000393
vn 0.976238 0.216699 -0.000125
vn 0.966380 0.257117 -0.000032
vn 0.981972 0.189026 -0.000479
vn 0.981587 0.191014 -0.000179
vn 0.889186 0.457547 -0.000000
vn 0.898763 0.438435 -0.000000
vn 0.929613 0.368537 -0.000001
vn 0.929613 0.368537 -0.000001
vn 0.000000 -1.000000 0.000000
vn -0.000001 -1.000000 0.000000
vn -0.000003 -1.000000 0.000000
vn 0.742299 -0.670068 0.000133
vn 0.884051 -0.467390 0.000125
vn -0.000003 0.548522 0.836136
vn -0.000003 0.548530 0.836131
vn 0.996526 0.083190 0.003904
vn 0.999106 0.042178 0.002938
vn 0.998862 0.047668 0.001515
vn 0.995628 0.093402 0.001132
vn 0.992882 0.119106 0.000000
vn 0.994971 0.100161 0.000000
vn 0.000000 0.000000 1.000000
vn 0.000000 0.000000 1.000000
vn 1.000000 -0.000000 0.000000
vn 1.000000 -0.000000 0.000000
vn 0.000010 0.000015 -1.000000
vn 0.000011 0.000017 -1.000000
vn 0.991325 0.131430 -0.000445
vn 0.989272 0.146088 -0.000001
vn 0.993656 0.112458 0.000523
vn 0.994207 0.107432 0.003431
vn -0.000038 0.510768 0.859719
vn -0.000201 0.516315 0.856398
vn -0.000258 0.032811 -0.999462
vn -0.000238 0.031296 -0.999510
vn 0.000122 0.069933 -0.997552
vn 0.748465 0.101205 -0.655406
vn 0.738558 0.171225 -0.652084
vn -0.000001 1.000000 -0.000000
vn 0.000000 1.000000 0.000000
vn 0.000000 1.000000 0.000001
vn -0.000000 1.000000 -0.000000
vn 0.111903 0.580965 0.806199
vn 0.577583 0.538936 0.613145
vn 0.583449 0.580684 0.567797
vn 0.118588 0.625433 0.771214
vn 0.903711 0.354559 0.239991
vn 0.900378 0.384386 0.203880
vn 0.135219 0.281078 0.950111
vn 0.696254 0.231574 0.679414
vn 0.704322 0.264183 0.658891
vn 0.147366 0.345011 0.926958
vn 0.989058 0.060267 0.134653
vn 0.985991 0.060547 0.155420
vn 0.111532 0.993761 0.000000
vn 0.509540 0.860447 0.000000
vn 0.509757 0.860319 0.000000
vn 0.111563 0.993757 0.000000
vn 0.709835 0.704368 0.000000
vn 0.709917 0.704285 -0.000000
vn 0.782210 0.623015 0.000000
vn 0.782210 0.623015 0.000000
vn 0.846075 0.533065 0.000000
vn 0.846074 0.533065 0.000000
vn 0.727186 0.684161 0.055895
vn 0.775289 0.631421 0.015343
vn 0.683528 0.729452 0.026244
vn 0.671608 0.740139 0.033718
vn 0.782381 0.622800 -0.000000
vn 0.782210 0.623015 -0.000000
vn 0.846074 0.533065 0.000000
vn 0.846202 0.532863 0.000000
vn 0.108038 0.479374 0.870935
vn 0.108232 0.486541 0.866928
vn 0.000904 0.616441 0.787401
vn 0.000649 0.573047 0.819522
vn 0.145951 0.828554 0.540553
vn -0.000409 0.855460 0.517869
vn 0.005688 0.749447 0.662040
vn 0.145723 0.753565 0.641019
vn 0.100198 0.943983 0.314415
vn 0.117554 0.897001 0.426110
vn 0.111827 0.992843 0.041922
vn 0.110190 0.993800 0.014823
vn 0.111532 0.993761 0.000000
vn 0.111532 0.993761 0.000000
vn 0.949891 0.291327 0.113300
vn 0.945877 0.313100 0.085351
vn 0.917514 0.295004 0.266721
vn 0.973306 0.200377 0.111917
vn 0.998083 0.030722 0.053734
vn 0.997440 0.021950 0.068061
vn 0.872277 0.474830 0.116917
vn 0.910106 0.411967 0.044608
vn 0.877710 0.477829 0.036114
vn 0.842555 0.531323 0.088302
vn 0.107427 0.537205 0.836582
vn 0.493550 0.869512 0.018876
vn 0.502075 0.864801 0.006330
vn 0.710031 0.704168 0.001799
vn 0.712323 0.701852 0.000560
vn 0.594876 0.482773 0.642691
vn 0.646139 0.663500 0.377190
vn 0.634101 0.717486 0.288323
vn 0.493257 0.852106 0.174965
vn 0.544902 0.802231 0.243940
vn 0.764515 0.639461 0.081287
vn 0.602468 0.432634 0.670716
vn 0.635873 0.406199 0.656253
vn 0.928492 0.243605 0.280283
vn 0.939482 0.214724 0.266958
vn 0.509540 0.860447 0.000000
vn 0.509540 0.860447 0.000000
vn 0.709835 0.704368 0.000000
vn 0.709835 0.704368 0.000000
vn -0.000000 1.000000 -0.000000
vn 0.000000 1.000000 0.000000
vn 0.000000 -1.000000 0.000000
vn 0.453001 0.854089 -0.255581
vn 0.000027 0.507651 -0.861563
vn 0.000924 0.974281 -0.225333
vn 0.111468 0.991526 -0.066719
vn 0.000000 0.494643 -0.869096
vn 0.000000 0.493069 -0.869991
vn 0.000000 0.486024 -0.873945
vn 0.000000 0.508081 -0.861309
vn 0.000000 0.484962 -0.874536
vn 0.000000 0.995651 -0.093161
vn 0.554157 0.743140 -0.375037
vn 0.979689 0.199482 0.020413
vn 0.892151 0.451426 0.016743
vn 0.919011 0.349172 0.183024
vn 0.987299 0.113669 0.110992
vn 0.906074 0.416230 0.076047
vn 0.828268 0.551662 0.098189
vn 0.767078 0.632403 0.107972
vn 0.736660 0.670770 0.086020
vn 0.980508 -0.089795 0.174758
vn 0.979785 -0.181018 0.085166
vn 0.959056 0.121465 0.255849
vn 0.988651 -0.033393 0.146475
vn 0.681310 -0.727117 -0.084363
vn 0.681310 -0.727117 -0.084363
vn 0.874714 -0.442840 -0.196899
vn 0.894993 -0.410202 -0.175279
vn 0.997858 0.065396 0.001638
vn 0.996077 0.088493 0.000000
vn 0.996008 0.089270 0.000000
vn 0.998534 0.054103 0.001828
vn 0.994132 0.108172 0.000000
vn 0.993651 0.112507 0.000000
vn 0.783298 0.621647 -0.000000
vn 0.785045 0.619439 -0.000000
vn 0.848122 0.529801 0.000000
vn 0.846481 0.532420 0.000000
vn 0.515379 0.856962 -0.000000
vn 0.711358 0.702830 -0.000000
vn 0.710564 0.703632 -0.000000
vn 0.512272 0.858823 0.000001
vn 0.112633 0.993637 -0.000000
vn 0.111722 0.993740 0.000002
vn 0.000564 1.000000 -0.000000
vn 0.000368 1.000000 0.000000
vn 0.000000 1.000000 -0.000000
vn 0.000000 1.000000 0.000000
vn 0.996157 0.087588 0.000218
vn 0.995954 0.089858 0.000541
vn 0.988538 0.150975 -0.000278
vn 0.994802 0.101826 0.000117
vn 0.976931 0.213552 -0.000886
vn 0.967477 0.252957 -0.000389
vn 0.966138 0.258026 -0.000343
vn 0.976434 0.215813 -0.000908
vn 0.917314 0.398164 -0.000030
vn 0.935780 0.352585 -0.000173
vn 0.938986 0.343954 -0.000195
vn 0.917299 0.398200 -0.000030
vn 0.846062 0.533084 0.000000
vn 0.781354 0.624088 -0.000000
vn 0.784957 0.619550 0.000000
vn 0.847796 0.530323 0.000000
vn 0.515764 0.856731 0.000002
vn 0.711497 0.702689 0.000001
vn 0.708898 0.705311 -0.000000
vn 0.503643 0.863912 -0.000000
vn 0.112133 0.993693 0.000002
vn 0.110436 0.993883 -0.000001
vn 0.001052 1.000000 -0.000001
vn 0.001048 0.999999 0.000001
vn 0.000000 1.000000 0.000000
vn 0.000000 1.000000 0.000000
vn 0.000000 1.000000 0.000000
vn 0.000000 1.000000 0.000000
vn 0.998560 0.039414 0.036395
vn 0.999950 0.007335 0.006773
vn 0.999966 0.006074 0.005608
vn 0.999676 0.018700 0.017266
vn 0.872855 -0.487957 0.004692
vn 0.736698 -0.676221 0.001101
vn 0.732561 -0.680688 0.004317
vn 0.821791 -0.569720 0.008813
vn -0.000001 -1.000000 0.000000
vn -0.000001 -1.000000 -0.000001
vn -0.000003 -1.000000 -0.000001
vn -0.000002 -1.000000 -0.000000
vn 0.000000 -1.000000 0.000000
vn 0.000000 -1.000000 -0.000001
vn 0.000000 -0.983658 -0.180049
vn 0.000803 -0.983826 -0.179127
vn 0.000291 -0.983719 -0.179715
vn 0.000000 -0.983658 -0.180049
vn 0.001236 -0.983553 -0.180614
vn 0.002053 -0.983483 -0.180987
vn 0.000000 -0.983658 -0.180049
vn 0.000000 -0.983658 -0.180049
vn 0.934592 -0.351988 -0.051398
vn 0.856035 -0.511114 -0.077243
vn 0.839124 -0.537834 -0.081282
vn 0.926834 -0.371583 -0.053900
vn 0.998264 -0.058809 -0.003360
vn 0.997906 -0.064586 -0.003394
vn 0.999786 -0.020668 0.000055
vn 0.999420 -0.034053 -0.000512
vn 0.999382 -0.035145 -0.000508
vn 0.999792 -0.020381 0.000040
vn 0.974545 0.194082 -0.112222
vn 0.968132 0.109765 -0.225103
vn 0.912249 0.240434 -0.331652
vn 0.893524 0.413613 -0.174758
vn 0.999813 -0.019354 0.000000
vn 0.999813 -0.019354 0.000000
vn 0.981535 0.191285 -0.000006
vn 0.981531 0.191304 -0.000001
vn 0.982519 0.186159 -0.000857
vn 0.983243 0.182297 -0.000839
vn -0.000001 0.094525 -0.995523
vn -0.000056 0.094138 -0.995559
vn 0.000001 0.310975 -0.950418
vn 0.000001 0.301825 -0.953363
vn -0.000511 0.340943 -0.940084
vn 0.703857 0.414351 -0.576974
vn 0.952936 0.303171 0.000120
vn 0.954474 0.298293 0.000210
vn 0.950274 0.311414 -0.000021
vn 0.949964 0.312360 -0.000008
vn -0.000395 -0.000359 1.000000
vn -0.000512 -0.000466 1.000000
vn 0.999817 0.019113 0.000000
vn 0.999817 0.019113 0.000000
vn 0.000071 -0.000030 -1.000000
vn 0.000071 -0.000018 -1.000000
vn 0.950264 0.311446 -0.000001
vn 0.950264 0.311447 -0.000001
vn 0.952431 0.304753 -0.000561
vn 0.951734 0.306925 -0.000169
vn 0.932211 0.356484 0.062457
vn 0.892420 0.422199 0.159166
vn 0.610913 0.621822 0.490024
vn 0.129341 0.680504 0.721239
vn 0.003368 0.672586 0.740011
vn 0.001840 0.663459 0.748210
vn 0.001735 0.660748 0.750606
vn -0.000272 0.223722 0.974653
vn 0.002395 0.222064 0.975029
vn 0.122598 0.223104 0.967055
vn 0.684768 0.199781 0.700842
vn 0.990740 0.058428 0.122562
vn 0.998424 0.034708 0.044097
vn 0.783448 0.621457 0.000000
vn 0.790416 0.612571 0.000000
vn 0.851320 0.524646 -0.000000
vn 0.846911 0.531734 -0.000000
vn 0.507881 0.861427 0.000001
vn 0.711643 0.702541 0.000001
vn 0.710081 0.704120 0.000000
vn 0.509351 0.860559 0.000000
vn 0.111244 0.993793 0.000000
vn 0.111505 0.993764 -0.000000
vn 0.000369 1.000000 -0.000000
vn 0.000368 1.000000 0.000000
vn 0.000000 1.000000 0.000000
vn 0.000000 1.000000 0.000000
vn 0.914944 0.403576 0.001921
vn 0.934759 0.355281 -0.000002
vn 0.002809 0.692136 0.721762
vn 0.002821 0.693507 0.720444
vn 0.950565 0.310527 0.000015
vn 0.478553 0.872947 0.094607
vn 0.105724 0.978888 0.174933
vn -0.003871 0.980588 0.196044
vn -0.003421 0.979482 0.201504
vn -0.001099 0.868257 0.496113
vn 0.823468 0.566834 0.024488
vn 0.868723 0.495298 0.000000
vn 0.884513 0.466515 0.000000
vn 0.885831 0.464009 0.000000
vn 0.868723 0.495298 0.000000
vn 0.875036 0.484057 0.000000
vn 0.882437 0.470430 0.000000
vn 0.890917 0.454166 0.000000
vn 0.868724 0.495297 0.000000
vn 0.000000 0.483489 -0.875351
vn 0.852825 0.522196 0.000000
vn 0.847565 0.530692 0.000000
vn 0.868722 0.495300 0.000000
vn 0.868722 0.495301 0.000000
vn 0.787229 0.616661 0.000000
vn 0.792996 0.609228 0.000001
vn 0.468428 0.879244 0.086634
vn 0.108159 0.981817 0.156007
vn -0.001967 0.984652 0.174517
vn -0.001579 0.984605 0.174785
vn 0.000000 -0.983658 -0.180049
vn -0.000000 -0.983658 -0.180050
vn -0.000000 -0.983658 -0.180049
vn 0.000000 -0.983658 -0.180049
vn 0.000000 -0.983658 -0.180048
vn -0.000000 -0.983658 -0.180049
vn -0.000000 -0.983658 -0.180049
vn -0.000000 -0.983658 -0.180049
vn -0.000000 -0.983658 -0.180049
vn -0.000000 -0.983658 -0.180049
vn 0.976810 0.214107 -0.000000
vn 0.964756 0.263145 -0.000000
vn 0.949045 0.315140 0.000000
vn 0.926264 0.376875 0.000000
vn 0.000000 1.000000 0.000000
vn 0.000000 1.000000 0.000000
vn 0.929613 0.368536 -0.000000
vn 0.929613 0.368537 -0.000000
vn 0.950260 0.311458 -0.000000
vn 0.950256 0.311470 -0.000000
vn 0.965459 0.260555 0.000000
vn 0.965459 0.260555 0.000000
vn 0.977084 0.212855 0.000000
vn 0.977084 0.212855 0.000000
vn 0.989271 0.146089 0.000000
vn 0.996089 0.088355 -0.000000
vn 0.998826 0.048440 -0.000000
vn 0.999971 0.007453 0.001451
vn 0.999842 0.017607 0.002570
vn 0.999862 0.016643 0.000000
vn 0.999969 0.007939 0.000000
vn 1.000000 0.000001 0.000000
vn 1.000000 0.000003 0.000000
vn -0.000000 -0.131933 -0.991259
vn -0.000000 -0.193605 -0.981080
vn -0.000000 -0.183345 -0.983049
vn -0.000000 -0.131932 -0.991259
vn 0.999361 0.035111 -0.006693
vn 0.999717 0.023383 -0.004402
vn 0.999283 0.037566 -0.004760
vn 0.998764 0.049302 -0.006245
vn 0.000000 -0.917670 -0.397345
vn 0.000000 -0.999761 -0.021849
vn 0.000000 -0.999761 -0.021849
vn 0.000000 -0.917670 -0.397345
vn 1.000000 -0.000012 0.000000
vn 1.000000 -0.000018 0.000000
vn 1.000000 -0.000000 0.000000
vn 1.000000 0.000000 0.000000
vn 1.000000 -0.000000 0.000000
vn 1.000000 0.000000 0.000000
vn 0.000000 1.000000 0.000000
vn 0.019499 0.999810 -0.000000
vn 0.023274 0.999729 -0.000000
vn 0.000000 1.000000 0.000000
vn 0.000000 0.000000 1.000000
vn 0.000000 0.000000 1.000000
vn -0.000000 -0.999927 -0.012061
vn -0.022371 -0.962012 0.272089
vn -0.019348 -0.960889 0.276256
vn -0.000000 -0.999927 -0.012061
vn -0.000000 -1.000000 0.000000
vn -0.000002 -1.000000 -0.000000
vn 0.000000 -1.000000 0.000000
vn 0.000000 -1.000000 0.000000
vn 0.000000 -1.000000 0.000000
vn 0.998802 -0.048940 -0.000439
vn 0.999051 -0.043552 0.000481
vn 0.998415 -0.056271 0.000641
vn 0.998495 -0.054835 -0.001273
vn 0.999910 -0.013271 -0.002202
vn 0.999988 -0.001385 -0.004741
vn 0.999999 -0.001053 0.000246
vn 0.999844 -0.017657 0.000720
vn 1.000000 -0.000015 -0.000000
vn 0.999930 -0.010995 -0.004417
vn 0.965458 0.260558 0.000000
vn 0.976746 0.214401 -0.000000
vn 0.976746 0.214401 -0.000000
vn 0.965458 0.260558 0.000000
vn 0.914658 0.404229 0.000001
vn 0.930573 0.366105 0.000001
vn 0.930573 0.366105 0.000001
vn 0.914658 0.404229 0.000001
vn 0.914658 0.404228 0.000000
vn 0.914658 0.404228 0.000000
vn 0.976860 0.213880 -0.000675
vn 0.965728 0.259556 -0.001078
vn 0.965733 0.259534 -0.001078
vn 0.976862 0.213871 -0.000675
vn 0.930718 0.365738 -0.000721
vn 0.915168 0.403066 0.002188
vn 0.915169 0.403064 0.002189
vn 0.930726 0.365717 -0.000724
vn 0.914083 0.405526 -0.000001
vn 0.914144 0.405390 -0.000001
vn 0.981522 0.191349 -0.000000
vn 0.981522 0.191349 -0.000000
vn 0.981521 0.191353 0.000000
vn 0.981521 0.191353 0.000000
vn 0.981467 0.191632 -0.000072
vn 0.981467 0.191632 -0.000072
vn 0.981457 0.191684 0.000000
vn 0.981457 0.191685 0.000000
vn 0.950362 0.311132 -0.003134
vn 0.950371 0.311103 -0.003132
vn 0.950262 0.311451 -0.000001
vn 0.950262 0.311451 -0.000001
vn 0.914659 0.404227 0.000000
vn 0.914659 0.404227 0.000000
vn 0.914658 0.404227 0.000000
vn 0.914659 0.404228 0.000000
vn 0.914659 0.404226 0.000000
vn 0.914659 0.404226 0.000000
vn 0.930574 0.366105 0.000000
vn 0.930573 0.366105 0.000000
vn 0.965955 0.258701 0.002099
vn 0.976789 0.214192 0.002374
vn 0.976796 0.214161 0.002372
vn 0.965969 0.258651 0.002100
vn 0.981301 0.192481 0.000605
vn 0.981300 0.192484 0.000604
vn 0.981522 0.191351 -0.000000
vn 0.981523 0.191345 -0.000000
vn 0.981523 0.191345 0.000000
vn 0.981522 0.191351 -0.000000
vn 0.981522 0.191351 -0.000001
vn 0.976746 0.214400 -0.000001
vn 0.976746 0.214400 -0.000001
vn 0.981522 0.191351 -0.000001
vn 0.965458 0.260558 0.000000
vn 0.965458 0.260558 0.000000
vn 0.950262 0.311452 0.000000
vn 0.950262 0.311452 0.000000
vn 0.950041 0.312090 0.004613
vn 0.950060 0.312032 0.004606
vn 0.917184 0.398448 -0.003506
vn 0.930490 0.366315 0.001331
vn 0.930501 0.366287 0.001336
vn 0.917187 0.398442 -0.003509
vn 0.914658 0.404228 -0.000000
vn 0.914658 0.404228 -0.000000
vn 0.669349 0.148570 -0.727942
vn 0.661932 0.178638 -0.727966
vn 0.661932 0.178638 -0.727966
vn 0.669349 0.148571 -0.727942
vn 0.638921 0.248505 -0.728028
vn 0.947209 -0.252330 -0.197800
vn 0.947209 -0.252321 -0.197813
vn 0.638922 0.248504 -0.728028
vn 0.921324 -0.388795 -0.000006
vn 0.921324 -0.388795 -0.000006
vn 0.695294 0.063163 0.715945
vn 0.687543 0.072711 0.722494
vn 0.687545 0.072713 0.722492
vn 0.695304 0.063145 0.715936
vn 0.889960 -0.182899 0.417755
vn 0.742475 -0.016854 0.669661
vn 0.742482 -0.016832 0.669654
vn 0.890159 -0.183252 0.417177
vn 0.920779 -0.390085 0.000046
vn 0.920797 -0.390041 0.000046
vn 0.626338 0.757847 -0.182669
vn 0.626340 0.757845 -0.182673
vn 0.533678 0.845688 0.000002
vn 0.533678 0.845688 0.000002
vn 0.631466 0.755593 0.174154
vn 0.631542 0.755493 0.174310
vn 0.533937 0.845524 -0.000001
vn 0.533926 0.845531 -0.000001
vn 0.722614 0.010732 0.691168
vn 0.722665 0.010627 0.691117
vn 0.651598 0.213546 -0.727886
vn 0.651598 0.213546 -0.727886
vn 0.763285 -0.259515 -0.591649
vn 0.779388 -0.254895 -0.572349
vn 0.779429 -0.254881 -0.572299
vn 0.763312 -0.259510 -0.591616
vn 0.775724 0.568756 -0.273440
vn 0.776492 0.567136 -0.274623
vn 0.534018 0.845473 -0.000029
vn 0.534386 0.845241 -0.000032
vn 0.534433 0.845211 -0.000032
vn 0.534018 0.845473 -0.000029
vn 0.807879 -0.256889 -0.530415
vn 0.807956 -0.256913 -0.530286
vn 0.001353 0.572775 0.819712
vn 0.001697 0.614287 0.789081
vn 0.001697 0.614267 0.789097
vn 0.001353 0.572765 0.819719
vn 0.000071 0.741721 0.670709
vn 0.001442 0.785776 0.618510
vn 0.001374 0.783358 0.621570
vn 0.001094 0.775885 0.630873
vn 0.002709 0.786506 0.617576
vn 0.001564 0.781764 0.623572
vn -0.000003 0.549199 0.835692
vn -0.000003 0.549254 0.835656
vn 0.000464 0.549373 0.835577
vn 0.000463 0.549373 0.835577
vn 0.001530 0.668646 0.743579
vn 0.001531 0.668614 0.743608
vn -0.861981 0.190535 0.469772
vn -0.865443 0.184284 0.465884
vn -0.865443 0.184284 0.465885
vn -0.861980 0.190538 0.469773
vn -0.246094 0.967174 0.063337
vn -0.246286 0.967118 0.063447
vn -0.857746 0.213496 0.467645
vn -0.857747 0.213485 0.467648
vn -0.379079 -0.298313 0.875962
vn -0.506205 -0.200753 0.838722
vn 0.000000 1.000000 0.000000
vn -0.000119 0.958685 -0.284470
vn -0.000306 0.958333 -0.285654
vn -0.000000 0.958907 -0.283721
vn -0.000000 0.958907 -0.283721
vn -0.000002 0.340869 0.940111
vn -0.000002 0.340869 0.940111
vn 0.000000 0.222961 0.974827
vn 0.000000 0.222961 0.974827
vn 0.000000 -1.000000 -0.000000
vn 0.000000 -1.000000 0.000000
vn 0.000000 -1.000000 0.000000
vn 0.846639 0.512731 0.142512
vn 0.832247 0.536022 0.141580
vn 0.995812 -0.078362 0.047103
vn 0.999030 -0.036211 0.025072
vn 0.999976 0.003610 0.005910
vn 0.999671 0.018099 0.018180
vn 0.999637 0.026820 0.002772
vn 0.999811 0.005365 -0.018673
vn 0.999866 0.003797 0.015930
vn 0.960617 0.270748 0.062537
vn 0.949988 0.307579 0.054027
vn 0.934170 0.354456 0.041084
vn 0.906142 0.421416 0.036272
vn 0.865371 0.500335 0.028242
vn 0.842314 0.538919 0.008631
vn 0.793883 0.608061 0.003453
vn 0.704511 0.709649 0.007884
vn 0.455037 0.888303 0.062119
vn 0.110571 0.987550 0.111892
vn -0.000592 0.992058 0.125783
vn -0.000496 0.992460 0.122571
vn -0.000000 0.958907 -0.283722
vn 0.000003 0.341140 0.940012
vn 0.000003 0.341140 0.940012
vn -0.001091 0.342368 0.939565
vn -0.001089 0.342366 0.939566
vn 0.726586 0.240168 0.643733
vn 0.132741 0.339168 0.931313
vn 0.135076 0.338970 0.931050
vn 0.721653 0.241641 0.648711
vn 0.967663 0.094928 0.233704
vn 0.967777 0.094739 0.233306
vn 0.998220 0.015977 0.057467
vn 0.997798 0.005558 0.066099
vn 0.998026 0.007398 0.062360
vn 0.998220 0.015977 0.057467
vn 0.993100 0.029238 0.113571
vn 0.993133 0.029073 0.113323
vn -0.000043 0.222647 0.974899
vn -0.000043 0.222647 0.974899
vn 0.005411 0.222085 0.975012
vn 0.005404 0.222085 0.975012
vn 0.117023 0.218077 0.968890
vn 0.116062 0.218139 0.968992
vn 0.699992 0.170171 0.693580
vn 0.703985 0.169573 0.689674
vn 0.994621 0.057482 0.086172
vn 0.994657 0.057405 0.085809
vn 0.998329 0.020672 0.053967
vn 0.998636 0.020215 0.048140
vn 0.998749 0.038397 0.032041
vn 0.998749 0.038397 0.032041
vn -0.000067 0.279731 0.960079
vn -0.000785 0.340937 0.940086
vn -0.000565 0.340940 0.940085
vn -0.000067 0.279736 0.960077
vn 0.000009 0.340583 0.940215
vn 0.000009 0.340583 0.940215
vn -0.000767 0.339849 0.940480
vn -0.000766 0.339849 0.940480
vn 0.125791 0.333525 0.934311
vn 0.716480 0.259589 0.647511
vn 0.737477 0.254327 0.625656
vn 0.130449 0.333308 0.933750
vn 0.967048 0.129810 0.219017
vn 0.966892 0.130050 0.219560
vn 0.998535 0.010788 0.053032
vn 0.998251 0.015426 0.057071
vn 0.998251 0.015418 0.057068
vn 0.998553 0.010979 0.052635
vn 0.994371 0.049303 0.093785
vn 0.994738 0.046939 0.091066
vn 0.000652 0.223029 0.974812
vn 0.000514 0.223025 0.974813
vn 0.005008 0.220387 0.975400
vn -0.000172 0.221530 0.975154
vn -0.000172 0.221530 0.975154
vn 0.005007 0.220387 0.975400
vn 0.097996 0.209466 0.972893
vn 0.098040 0.209462 0.972890
vn 0.685750 0.159927 0.710050
vn 0.678175 0.160874 0.717076
vn 0.993405 0.072564 0.088775
vn 0.993290 0.072727 0.089926
vn 0.998013 0.021052 0.059392
vn 0.998010 0.021057 0.059442
vn 0.997853 0.053194 0.038206
vn 0.997853 0.053193 0.038206
vn -0.894602 0.107524 0.433734
vn -0.894555 0.137374 0.425323
vn -0.894508 0.137406 0.425411
vn -0.894602 0.107517 0.433736
vn -0.124405 0.977427 0.170761
vn -0.124404 0.977428 0.170760
vn -0.000224 0.993266 0.115859
vn -0.000224 0.993266 0.115859
vn 0.017841 0.993652 0.111072
vn 0.076345 0.994562 0.070833
vn 0.079370 0.994578 0.067194
vn 0.018114 0.993657 0.110990
vn 0.110225 0.993501 0.028400
vn 0.113918 0.993226 0.022897
vn 0.433228 0.392511 -0.811325
vn 0.492016 0.178837 -0.852020
vn 0.492350 0.175143 -0.852594
vn 0.435841 0.392052 -0.810147
vn 0.311839 0.820122 -0.479746
vn 0.337182 0.759909 -0.555740
vn -0.893936 0.080669 0.440877
vn -0.893984 0.080646 0.440782
vn 0.003426 -0.773167 0.634194
vn -0.135252 -0.727194 0.672975
vn -0.135199 -0.727216 0.672962
vn 0.003472 -0.773167 0.634194
vn 0.069418 -0.775792 0.627159
vn 0.067225 -0.775710 0.627499
vn 0.376121 -0.822847 0.425977
vn 0.365046 -0.821406 0.438216
vn 0.505299 -0.860626 0.063211
vn 0.505371 -0.860495 0.064404
vn 0.496506 -0.060334 -0.865934
vn 0.495885 -0.060372 -0.866287
vn 0.582632 -0.779825 -0.228938
vn 0.582269 -0.780529 -0.227457
vn 0.999672 0.025520 0.002216
vn 0.999814 0.019216 0.001406
vn 0.999630 0.026935 0.003905
vn 0.999898 0.014289 -0.000000
vn 0.000000 0.000000 1.000000
vn 0.000000 0.000000 1.000000
vn 1.000000 0.000000 0.000000
vn 1.000000 0.000000 0.000000
vn 0.000000 -0.000000 -1.000000
vn 0.000000 -0.000000 -1.000000
vn 0.999898 0.014289 -0.000001
vn 0.999845 0.017524 -0.001591
vn 0.998989 0.044923 0.001598
vn 0.999459 0.032497 -0.005091
vn 0.999728 0.023142 -0.003003
vn 0.999580 0.028950 0.001024
vn 0.999430 0.033648 0.002831
vn 0.999310 0.037002 0.003343
vn 0.996058 0.021140 0.086150
vn 0.985815 0.055599 0.158358
vn 0.743882 0.249704 0.619909
vn 0.154546 0.344999 0.925792
vn -0.000235 0.341001 0.940063
vn 0.000098 0.341173 0.940001
vn -0.000007 0.340867 0.940112
vn -0.000007 0.340867 0.940112
vn 0.000000 0.222966 0.974826
vn -0.031172 0.493322 0.869288
vn -0.000367 0.223719 0.974654
vn 0.003862 0.222052 0.975027
vn 0.115326 0.223084 0.967953
vn 0.644551 0.206744 0.736078
vn 0.987590 0.064810 0.143062
vn 0.998663 0.033762 0.039138
vn -0.000003 0.340880 0.940107
vn -0.000004 0.340881 0.940107
vn -0.000008 0.340878 0.940108
vn -0.000008 0.340878 0.940108
vn 0.000000 0.281305 0.959618
vn 0.000001 0.340878 0.940108
vn -0.000003 0.340879 0.940107
vn -0.000000 0.222954 0.974829
vn -0.000000 0.222954 0.974829
vn -0.000000 0.222954 0.974829
vn 0.000000 0.222955 0.974829
vn 0.000000 0.222955 0.974829
vn 0.000000 0.222955 0.974829
vn -0.065570 0.897737 0.435626
vn -0.065567 0.897737 0.435624
vn -0.065473 -0.411366 0.909116
vn -0.065475 -0.411365 0.909116
vn -0.075218 0.833123 0.547949
vn -0.075218 0.833123 0.547949
vn -0.075217 -0.514048 0.854457
vn -0.075217 -0.514047 0.854458
vn -0.065854 0.897661 0.435738
vn -0.065851 0.897662 0.435737
vn -0.065569 -0.411251 0.909161
vn -0.065572 -0.411249 0.909162
vn -0.074931 -0.514232 0.854371
vn -0.074932 -0.514232 0.854371
vn -0.074935 0.833247 0.547800
vn -0.000223 0.981333 0.192318
vn -0.000498 0.980716 0.195437
vn -0.000630 -0.633981 0.773348
vn 0.000226 -0.631517 0.775362
vn 0.000226 -0.631517 0.775362
vn -0.000630 -0.633982 0.773347
vn 0.047414 0.976460 0.210421
vn 0.253641 0.951624 0.173432
vn 0.460109 -0.754956 0.467269
vn 0.084675 -0.662396 0.744353
vn 0.085361 -0.662524 0.744161
vn 0.460908 -0.755133 0.466195
vn 0.393666 0.912506 0.111180
vn 0.599926 -0.789128 0.131780
vn 0.599808 -0.789395 0.130713
vn 0.481374 -0.150142 0.863560
vn 0.474700 -0.370013 0.798593
vn 0.474699 -0.370013 0.798593
vn 0.481369 -0.150004 0.863587
vn 0.584709 -0.632321 0.508219
vn 0.584320 -0.631022 0.510276
vn -0.000025 -0.722429 0.691445
vn -0.000025 -0.722429 0.691445
vn 0.003760 -0.724686 0.689068
vn 0.003757 -0.724686 0.689069
vn -0.000020 0.950065 0.312052
vn 0.001798 0.949062 0.315086
vn 0.001797 0.949062 0.315085
vn -0.000020 0.950065 0.312052
vn 0.079345 -0.739945 0.667971
vn 0.078867 -0.739882 0.668098
vn 0.037521 0.944366 0.326750
vn 0.037230 0.944388 0.326718
vn 0.425206 -0.797354 0.428283
vn 0.424235 -0.797271 0.429400
vn 0.255166 0.936490 0.240578
vn 0.253719 0.936626 0.241575
vn 0.575934 -0.815947 0.050302
vn 0.575944 -0.815915 0.050703
vn 0.440033 0.897314 0.034625
vn 0.439877 0.897379 0.034926
vn 0.573030 0.163253 -0.803110
vn 0.565677 -0.057026 -0.822653
vn 0.461253 0.078738 0.883768
vn 0.461254 0.078738 0.883768
vn 0.534094 0.794658 0.288551
vn 0.533660 0.795656 0.286597
vn 0.914506 0.404572 0.000819
vn 0.914544 0.404486 0.000614
vn 0.951309 -0.286711 0.113170
vn 0.947743 -0.304970 0.093684
vn 0.928039 0.372484 -0.000004
vn 0.914589 0.404385 -0.000007
vn 0.947688 0.319199 -0.000000
vn 0.962856 0.270017 0.000000
vn 0.974574 0.224065 0.000001
vn 0.981528 0.191318 0.000003
vn 0.553496 0.811342 0.188059
vn 0.547615 0.829571 0.109228
vn 0.981493 0.191497 0.000470
vn 0.981449 0.191719 0.001204
vn 0.999479 0.031998 0.004224
vn 0.999279 0.037609 0.005234
vn 0.000000 -0.940194 -0.340639
vn 0.000000 -0.941139 -0.338021
vn 0.998573 -0.053309 -0.003307
vn 0.998710 -0.050765 -0.000813
vn 0.999862 0.014650 -0.007772
vn 0.999934 -0.006198 -0.009634
vn 0.999682 -0.023409 -0.009409
vn -0.000000 -1.000000 -0.000000
vn 0.000000 -1.000000 -0.000000
vn 0.915077 0.403277 -0.001530
vn 0.914788 0.403934 -0.000890
vn 0.934623 0.355636 -0.001558
vn 0.927042 0.374953 -0.002086
vn 0.974657 0.223600 0.006819
vn 0.977524 0.210753 0.005422
vn 0.981481 0.191560 0.000289
vn 0.981471 0.191608 0.000627
vn 0.961712 0.273897 0.009528
vn 0.966563 0.256274 0.008893
vn 0.947723 0.319082 0.002888
vn 0.951200 0.308523 0.005772
vn 0.683891 0.704078 -0.191226
vn 0.723732 -0.171828 -0.668346
vn 0.715376 -0.193467 -0.671422
vn 0.669694 0.722815 -0.170433
vn 0.734413 -0.128266 -0.666472
vn 0.733736 -0.135716 -0.665742
vn 0.721620 -0.090547 -0.686343
vn 0.726769 -0.100024 -0.679560
vn 0.689258 -0.065973 -0.721506
vn 0.671614 -0.061206 -0.738369
vn 0.845087 -0.219159 -0.487645
vn 0.879451 -0.258707 -0.399545
vn 0.998829 -0.029797 0.038120
vn 0.999885 -0.009443 0.011847
vn 0.000000 -1.000000 0.000000
vn -0.000000 0.958907 -0.283721
vn -0.000080 0.997630 0.068809
vn 0.000050 0.997563 0.069777
vn 0.110228 0.991912 0.062928
vn 0.470903 0.881664 0.030304
vn 0.707756 0.706452 0.002700
vn 0.785676 0.618639 -0.000000
vn 0.846581 0.532261 -0.000000
vn 0.868722 0.495300 0.000001
vn 0.914324 0.404984 0.000001
vn 0.914166 0.405341 0.000002
vn 0.945263 0.326289 -0.003798
vn 0.935555 0.353182 0.000175
vn 0.916078 0.400993 0.002255
vn 0.916450 0.400128 0.004111
vn 0.954328 0.298756 -0.001908
vn 0.958684 0.284468 -0.001904
vn 0.971885 0.235450 -0.001532
vn 0.968076 0.250656 -0.000796
vn 0.977360 0.211581 -0.001014
vn 0.979481 0.201531 -0.001633
vn 0.983216 0.182440 -0.001666
vn 0.982763 0.184866 -0.001153
vn 0.534772 0.844996 0.000014
vn 0.534951 0.844883 0.000054
vn 0.981078 0.193613 -0.000000
vn 0.981433 0.191804 0.000000
vn 0.996979 0.077664 0.000618
vn 0.994971 0.100160 0.000000
vn 0.993053 0.116418 0.017112
vn 0.996305 0.082539 0.023748
vn 0.998697 0.047680 0.018179
vn 0.999331 0.032134 0.017446
vn 0.999421 0.033982 -0.001483
vn 0.998988 0.044976 0.000405
vn 0.999854 0.017074 -0.000876
vn 1.000000 -0.000001 -0.000000
vn 1.000000 0.000000 -0.000000
vn 0.999900 0.003827 0.013630
vn 1.000000 -0.000311 0.000060
vn 0.999799 0.018715 -0.007208
vn 0.999901 0.013143 -0.005065
vn 1.000000 -0.000014 0.000001
vn 1.000000 -0.000000 0.000000
vn 1.000000 -0.000001 0.000000
vn 0.000000 -0.935003 0.354641
vn 0.000000 -0.935003 0.354641
vn 0.998879 0.047286 -0.002117
vn 0.995669 0.092931 -0.002755
vn 0.994087 0.108566 -0.002304
vn 0.981521 0.191355 -0.000000
vn 0.981521 0.191354 -0.000000
vn 0.533809 0.845605 -0.000019
vn 0.533778 0.845625 -0.000015
vn 0.975912 0.218164 0.000003
vn 0.981523 0.191347 -0.000011
vn 0.965586 0.260084 0.000010
vn 0.845342 0.534226 0.000000
vn 0.868723 0.495299 -0.000000
vn 0.782044 0.623223 0.000000
vn 0.709919 0.704283 -0.000001
vn 0.510383 0.859947 -0.000001
vn 0.111695 0.993743 0.000000
vn 0.000369 1.000000 -0.000001
vn 0.000000 1.000000 -0.000001
vn 0.934453 0.083317 -0.346201
vn 0.966175 0.034918 -0.255512
vn 1.000000 0.000001 0.000000
vn 1.000000 0.000000 0.000000
vn 1.000000 0.000000 0.000000
vn 1.000000 0.000000 0.000000
vn 0.999921 0.011641 -0.004742
vn 1.000000 -0.000000 0.000001
vn 1.000000 -0.000001 0.000002
vn 0.657668 0.706567 0.261219
vn 0.657670 0.706563 0.261224
vn 0.981537 0.191274 0.000005
vn 0.976099 0.217325 0.000010
vn 0.965853 0.259089 0.000015
vn 0.950845 0.309666 0.000022
vn 0.934349 0.356359 0.000028
vn 0.914571 0.404426 0.000026
vn 0.999958 0.008722 0.002820
vn 0.960560 0.277956 0.008104
vn 0.867727 0.496932 0.010447
vn 0.878691 0.423816 0.219731
vn 0.960746 0.239813 0.139487
vn 0.913333 -0.353395 0.202323
vn 0.877505 -0.411527 0.246234
vn 0.676249 -0.729170 0.104874
vn 0.676249 -0.729170 0.104874
vn 0.916318 0.144864 0.373332
vn 0.962197 0.096741 0.254593
vn 0.906334 0.245392 0.344008
vn 0.956287 0.149525 0.251313
vn 0.749597 -0.653480 -0.105202
vn 0.671416 -0.588340 -0.450617
vn 0.839531 -0.439791 -0.319017
vn 0.892439 -0.400214 -0.208282
vn 0.965577 0.236575 -0.108133
vn 0.959019 0.103781 -0.263652
vn 0.877871 0.244622 -0.411707
vn 0.868171 0.437368 -0.234496
vn 0.000003 -0.999223 -0.039425
vn -0.000206 -0.997275 -0.073773
vn -0.002093 -0.999926 -0.012013
vn 0.000238 -0.995022 -0.099659
vn 0.880220 0.074485 -0.468684
vn 0.950402 -0.015349 -0.310644
vn 0.000000 1.000000 0.000000
vn 0.000000 1.000000 0.000000
vn 0.000000 1.000000 0.000000
vn 0.000000 1.000000 0.000000
vn 0.000000 1.000000 -0.000000
vn 0.000000 -1.000000 -0.000000
vn 0.000000 -1.000000 -0.000000
vn 0.000000 -1.000000 -0.000000
vn 0.000000 -1.000000 -0.000000
vn -0.000008 -1.000000 0.000000
vn -0.000008 -1.000000 0.000000
vn 0.291563 0.956552 -0.000000
vn 0.291363 0.956613 -0.000000
vn 0.000000 -1.000000 0.000000
vn 0.000000 -1.000000 -0.000000
vn 0.000000 -1.000000 -0.000000
vn -0.000008 -1.000000 -0.000000
vn -0.000008 -1.000000 -0.000000
vn 0.430651 0.902519 -0.000000
vn 0.306112 0.951996 -0.000000
vn 0.067950 0.997689 0.000000
vn 0.067950 0.997689 0.000000
vn 0.000000 -1.000000 -0.000000
vn -0.000000 1.000000 -0.000000
vn 0.000001 -1.000000 -0.000000
vn -0.000001 1.000000 -0.000000
vn 0.000001 1.000000 0.000000
vn 0.000001 1.000000 0.000000
vn 0.000001 1.000000 0.000000
vn 0.000000 -1.000000 0.000000
vn 0.000001 -1.000000 -0.000000
vn -0.000008 -1.000000 0.000000
vn 0.291487 0.956575 0.000000
vn 0.024509 0.999700 0.000000
vn 0.371759 0.850281 0.372583
vn 0.344257 0.938747 0.015502
vn 0.000000 0.999880 0.015500
vn 0.000000 0.918931 0.394418
vn 0.000000 -0.999846 -0.017559
vn 0.000000 -0.924612 -0.380912
vn -0.000000 -0.156006 -0.987756
vn 0.000000 -0.131931 -0.991259
vn -0.000000 -0.448188 -0.893939
vn 0.000001 -0.469842 -0.882751
vn 0.486485 0.654882 0.578327
vn 0.000001 0.788455 0.615093
vn -0.000000 -0.691516 -0.722361
vn 0.000000 -0.703917 -0.710282
vn -0.000008 -1.000000 -0.000000
vn 0.000000 -0.152203 0.988349
vn 0.000000 -0.081777 0.996651
vn 0.000000 -0.081777 0.996651
vn 0.000000 -0.141231 0.989977
vn -0.000009 -1.000000 -0.000000
vn -0.000009 -1.000000 0.000000
vn 0.296991 0.954861 0.006069
vn 0.359398 0.933051 0.015819
vn 0.070432 0.997513 0.002619
vn 0.069005 0.997616 0.001113
vn 0.000000 -0.636052 0.771646
vn 0.000000 -0.641715 0.766943
vn 0.000000 -0.936687 0.350167
vn 0.347966 0.877526 -0.329952
vn 0.337331 0.635120 -0.694860
vn 0.000000 0.666087 -0.745874
vn 0.000000 0.937111 -0.349031
vn 0.000000 -1.000000 0.000001
vn 0.000002 1.000000 -0.000000
vn 0.000002 1.000000 -0.000000
vn 0.000002 1.000000 -0.000000
vn 0.000002 1.000000 -0.000000
vn 0.346257 0.316958 -0.882974
vn 0.463939 0.193937 -0.864378
vn 0.007519 0.221618 -0.975105
vn 0.002449 0.344272 -0.938867
vn 0.000000 -0.292967 0.956123
vn 0.000000 -0.293082 0.956087
vn 0.333447 0.856977 0.392942
vn 0.371234 0.927555 0.042739
vn 0.000001 0.998477 0.055173
vn 0.000001 0.909779 0.415092
vn -0.000160 -0.999993 -0.003694
vn 0.005011 -0.940590 -0.339507
vn -0.000003 -1.000000 -0.000002
vn -0.000010 -1.000000 -0.000000
vn -0.003848 -0.128532 -0.991698
vn -0.008147 -0.225523 -0.974204
vn -0.058436 -0.209587 -0.976042
vn -0.019606 -0.129269 -0.991416
vn 0.375170 0.148524 0.914980
vn 0.296747 0.357641 0.885457
vn -0.007671 0.367359 0.930047
vn -0.002127 0.150390 0.988625
vn -0.002939 -0.520948 -0.853583
vn -0.115498 -0.516516 -0.848452
vn 0.326834 0.605775 0.725408
vn -0.005192 0.637929 0.770078
vn 0.001370 -0.760938 -0.648823
vn -0.054290 -0.740126 -0.670274
vn -0.006147 -0.995288 -0.096770
vn -0.008874 -0.999954 -0.003559
vn -0.008874 -0.999954 -0.003559
vn 0.061778 -0.079722 -0.994901
vn 0.040966 0.011618 -0.999093
vn 0.400002 -0.023227 -0.916220
vn -0.009245 -0.233741 0.972255
vn -0.004111 -0.134147 0.990953
vn -0.017948 -0.135089 0.990671
vn -0.011336 -0.238969 0.970961
vn -0.041711 -0.755467 0.653858
vn -0.040770 -0.746539 0.664092
vn -0.013803 -0.951376 0.307722
vn 0.000000 0.660288 -0.751013
vn 0.000001 0.949168 -0.314769
vn 0.527143 0.779378 -0.338660
vn 0.442959 0.571365 -0.690890
vn -0.000014 0.362415 -0.932017
vn 0.460408 0.287397 -0.839897
vn -0.025964 -0.422364 0.906055
vn -0.072569 -0.478149 0.875275
vn -0.000007 -1.000000 -0.000000
vn -0.000007 -1.000000 -0.000000
vn -0.000007 -1.000000 -0.000000
vn -0.000008 -1.000000 -0.000000
vn -0.000007 -1.000000 0.000000
vn 0.000000 -0.999938 -0.011120
vn 0.000000 -0.935079 -0.354439
vn 0.907082 0.133796 0.399124
vn 0.000003 -0.515328 -0.856993
vn 0.000001 -0.727245 -0.686377
vn -0.000009 -1.000000 0.000000
vn 0.000000 -0.081777 0.996651
vn 0.000000 -0.169362 0.985554
vn -0.000009 -1.000000 0.000000
vn -0.000009 -1.000000 0.000000
vn 0.000000 -0.652555 0.757742
vn 0.000000 -0.939508 0.342527
vn 0.000000 -0.297102 0.954846
vn -0.000365 -0.999999 0.001563
vn 0.008925 -0.945578 -0.325272
vn -0.000009 -1.000000 0.000000
vn -0.092993 -0.235158 -0.967498
vn -0.022193 -0.134541 -0.990660
vn -0.165255 -0.421203 -0.891784
vn -0.106011 -0.709929 -0.696249
vn -0.041876 -0.324876 0.944829
vn -0.061940 -0.750998 0.657393
vn -0.021843 -0.953264 0.301348
vn -0.096169 -0.445556 0.890074
vn 0.813233 -0.464863 0.350077
vn 0.815262 -0.464354 0.346011
vn 0.912149 -0.406475 0.052554
vn 0.912149 -0.406475 0.052554
vn -0.002592 -0.920842 0.389928
vn -0.002602 -0.920842 0.389927
vn 0.002469 -0.919524 0.393026
vn 0.002454 -0.919531 0.393010
vn -0.000037 0.999841 0.017835
vn -0.000037 0.999841 0.017834
vn 0.000000 0.999835 0.018180
vn 0.000000 0.999835 0.018180
vn 0.138261 -0.924890 0.354206
vn 0.138329 -0.924890 0.354180
vn 0.003002 0.999850 0.017044
vn 0.002676 0.999849 0.017168
vn 0.013983 0.999883 0.006270
vn 0.013779 0.999882 0.006730
vn 0.330406 -0.931895 0.149677
vn 0.333261 -0.932054 0.142170
vn 0.015594 0.999875 0.002631
vn 0.015594 0.999875 0.002631
vn 0.168111 0.338525 0.925818
vn 0.168111 0.338525 0.925818
vn 0.168111 0.338525 0.925818
vn 0.168111 0.338525 0.925818
vn 0.377286 -0.925944 0.016855
vn 0.377286 -0.925944 0.016855
vn -0.000003 1.000000 -0.000001
vn -0.000135 1.000000 0.000012
vn -0.007686 0.999970 0.000526
vn -0.000007 1.000000 -0.000001
vn 0.000001 1.000000 0.000011
vn 0.000001 1.000000 0.000011
vn 0.000001 1.000000 0.000011
vn 0.000000 1.000000 0.000011
vn 0.000000 0.000001 -1.000000
vn 0.000000 0.000000 -1.000000
vn 0.779369 -0.068918 -0.622763
vn -0.019150 -0.069173 -0.997421
vn 1.000000 0.000001 -0.000000
vn 1.000000 0.000001 -0.000000
vn 0.999417 0.034053 0.002402
vn 0.999976 0.006794 0.001381
vn -0.000000 -0.448965 -0.893549
vn -0.000000 -0.691496 -0.722380
vn 0.000000 -0.636052 0.771646
vn 0.000000 -0.292002 0.956418
vn 0.000000 -0.140321 0.990106
vn 0.000000 -0.081777 0.996651
vn -0.003906 -0.215463 -0.976504
vn -0.002875 -0.128616 -0.991690
vn -0.001636 -0.526403 -0.850233
vn 0.000806 -0.759287 -0.650756
vn -0.047875 -0.751079 0.658475
vn -0.026285 -0.414933 0.909472
vn -0.004527 -0.222178 0.974996
vn -0.003039 -0.134173 0.990953
vn 0.000001 0.983080 -0.183175
vn 0.999880 0.015058 0.003680
vn 0.999447 -0.032853 -0.005112
vn 0.998352 0.055570 0.014341
vn 0.996593 0.081623 0.011864
vn 0.995015 0.099729 0.000237
vn -0.975945 0.218018 -0.000018
vn -0.981545 0.191234 -0.000008
vn -0.965464 0.260539 -0.000025
vn -0.950284 0.311386 -0.000032
vn -0.932818 0.360348 -0.000034
vn -0.914524 0.404532 -0.000027
vn 1.000000 0.000006 0.000000
vn 1.000000 0.000097 0.000000
vn 1.000000 0.000097 0.000000
vn 1.000000 0.000006 0.000000
vn 0.999817 0.019113 0.000000
vn 0.999817 0.019113 0.000000
vn 0.999958 0.009199 0.000000
vn 0.999958 0.009199 0.000000
vn 0.999791 -0.020442 -0.000000
vn 0.999791 -0.020442 -0.000000
vn 0.999813 -0.019353 -0.000000
vn 0.999813 -0.019353 -0.000000
vn 1.000000 -0.000000 0.000000
vn 1.000000 -0.000000 0.000000
vn 1.000000 0.000000 0.000000
vn 1.000000 0.000000 0.000000
vn 1.000000 0.000000 0.000000
vn 1.000000 0.000000 0.000000
vn 1.000000 0.000000 0.000000
vn 1.000000 0.000000 0.000000
vn 0.000000 1.000000 0.000000
vn 1.000000 0.000001 0.000000
vn 1.000000 0.000000 0.000000
vn 1.000000 0.000000 0.000000
vn 1.000000 0.000001 0.000000
vn 1.000000 0.000000 0.000000
vn 1.000000 0.000000 0.000000
vn 1.000000 0.000001 0.000000
vn 1.000000 0.000000 0.000000
vn 1.000000 0.000000 0.000000
vn 1.000000 0.000000 0.000000
vn 1.000000 0.000000 0.000000
vn 1.000000 0.000000 0.000000
vn 1.000000 0.000000 0.000000
vn 1.000000 0.000000 0.000000
vn 1.000000 0.000000 0.000000
vn 1.000000 0.000000 0.000000
vn 1.000000 0.000000 0.000000
vn 1.000000 0.000000 0.000000
vn 1.000000 0.000000 0.000000
vn 1.000000 0.000000 0.000000
vn 1.000000 0.000001 0.000000
vn 1.000000 0.000001 0.000000
vn 1.000000 0.000000 0.000000
vn 1.000000 0.000000 0.000000
vn 1.000000 0.000000 0.000000
vn 1.000000 0.000000 0.000000
vn 1.000000 0.000000 0.000000
vn 1.000000 0.000000 0.000000
vn 1.000000 0.000000 0.000000
vn 1.000000 0.000000 0.000000
vn 1.000000 0.000000 0.000000
vn 1.000000 0.000000 0.000000
vn 1.000000 0.000000 0.000000
vn 1.000000 0.000000 0.000000
vn 1.000000 0.000001 0.000000
vn 1.000000 0.000001 0.000000
vn 1.000000 0.000000 0.000000
vn 1.000000 0.000000 0.000000
vn 1.000000 0.000000 0.000000
vn 0.477947 0.002233 -0.878386
vn 0.477584 -0.004618 -0.878574
vn 0.477695 -0.004625 -0.878514
vn 0.477988 0.002185 -0.878364
vn 0.477584 -0.004617 0.878574
vn 0.477946 0.002233 0.878386
vn 0.477988 0.002186 0.878364
vn 0.477695 -0.004624 0.878513
vn 0.480747 -0.872310 -0.089207
vn 0.447257 0.000020 -0.894405
vn 0.447257 0.000020 -0.894405
vn 0.480747 -0.872310 -0.089207
vn 0.447257 0.000019 0.894406
vn 0.480747 -0.872310 0.089207
vn 0.480747 -0.872310 0.089207
vn 0.447257 0.000019 0.894406
vn 0.537835 0.823851 -0.178892
vn 0.538625 0.822763 -0.181504
vn 0.537835 0.823851 0.178892
vn 0.538625 0.822763 0.181504
vn 0.458805 0.004338 -0.888526
vn 0.458940 0.004388 -0.888456
vn 0.458804 0.004337 0.888527
vn 0.458940 0.004388 0.888457
vn 0.480747 -0.872310 -0.089208
vn 0.447257 0.000017 -0.894406
vn 0.447257 0.000017 -0.894406
vn 0.480747 -0.872310 -0.089208
vn 0.447257 0.000022 0.894405
vn 0.480747 -0.872310 0.089207
vn 0.480747 -0.872310 0.089207
vn 0.447257 0.000022 0.894405
vn 0.458805 0.004339 0.888526
vn 0.458940 0.004390 0.888456
vn 0.458805 0.004336 -0.888527
vn 0.458940 0.004386 -0.888457
vn 0.477947 0.002231 -0.878386
vn 0.477988 0.002184 -0.878364
vn 0.477947 0.002235 0.878386
vn 0.477988 0.002187 0.878364
vn 0.477584 -0.004615 0.878574
vn 0.477695 -0.004622 0.878513
vn 0.477584 -0.004619 -0.878574
vn 0.477695 -0.004626 -0.878514
vn 0.537835 0.823851 0.178892
vn 0.538625 0.822763 0.181504
vn 0.537835 0.823852 -0.178891
vn 0.538625 0.822764 -0.181503
vn -0.914658 0.404228 0.000000
vn -0.914659 0.404226 0.000003
vn -0.914659 0.404226 0.000003
vn -0.914658 0.404228 0.000000
vn -0.930687 0.365816 0.000018
vn -0.930687 0.365816 0.000018
vn -0.950261 0.311456 0.000005
vn -0.950261 0.311456 0.000005
vn -0.965459 0.260554 -0.000008
vn -0.965459 0.260554 -0.000008
vn -0.976706 0.214583 -0.000001
vn -0.976706 0.214583 -0.000001
vn -0.981523 0.191345 -0.000001
vn -0.981523 0.191345 -0.000001
vn -0.981523 0.191345 0.000000
vn -0.981523 0.191345 0.000000
vn -0.981523 0.191345 0.000000
vn -0.981523 0.191345 0.000000
vn -0.976706 0.214583 0.000002
vn -0.976706 0.214583 0.000002
vn -0.965458 0.260558 -0.000000
vn -0.965458 0.260558 -0.000000
vn -0.950262 0.311452 -0.000005
vn -0.950262 0.311452 -0.000005
vn -0.930686 0.365818 -0.000004
vn -0.930686 0.365818 -0.000004
vn -0.914659 0.404227 -0.000000
vn -0.914659 0.404227 -0.000000
vn -0.000000 0.563052 -0.826421
vn -0.000579 0.563052 -0.826421
vn -0.000579 0.563052 -0.826421
vn -0.000000 0.563052 -0.826421
vn -0.999754 0.002384 -0.022056
vn -0.999824 -0.002322 -0.018613
vn -0.999819 -0.001861 -0.018951
vn -0.999754 0.002384 -0.022056
vn -0.997786 -0.006733 -0.066170
vn -0.997707 -0.006784 -0.067346
vn -0.997707 -0.006784 -0.067346
vn -0.997795 -0.006727 -0.066035
vn 0.006044 0.136291 0.990650
vn 0.000000 0.136293 0.990669
vn 0.000000 0.136293 0.990669
vn 0.006044 0.136291 0.990650
vn -0.998789 -0.006010 -0.048825
vn -0.998851 -0.005957 -0.047554
vn -0.999595 -0.004952 -0.028033
vn -0.999623 -0.004866 -0.027020
vn 0.999824 -0.002322 -0.018613
vn 0.999754 0.002384 -0.022056
vn 0.999754 0.002384 -0.022056
vn 0.999819 -0.001861 -0.018951
vn 0.000579 0.563052 -0.826421
vn 0.000579 0.563052 -0.826421
vn -0.006044 0.136291 0.990650
vn -0.006044 0.136291 0.990650
vn 0.997707 -0.006784 -0.067346
vn 0.997786 -0.006733 -0.066170
vn 0.997795 -0.006727 -0.066035
vn 0.997707 -0.006784 -0.067346
vn 0.998789 -0.006010 -0.048825
vn 0.998851 -0.005957 -0.047554
vn 0.999595 -0.004952 -0.028033
vn 0.999623 -0.004866 -0.027020
vn -0.001297 0.115839 -0.993267
vn -0.005374 0.180604 -0.983541
vn -0.005369 0.180530 -0.983555
vn -0.001296 0.115821 -0.993269
vn 0.000687 0.472647 -0.881252
vn 0.000687 0.472648 -0.881251
vn 0.000000 0.473225 -0.880942
vn 0.000000 0.473290 -0.880907
vn 0.002029 0.440523 -0.897739
vn 0.002029 0.440479 -0.897761
vn -0.000184 0.095537 -0.995426
vn -0.000184 0.095537 -0.995426
vn -0.000022 0.094946 -0.995482
vn -0.000022 0.095001 -0.995477
vn -0.002961 0.327136 -0.944973
vn -0.002957 0.327207 -0.944948
vn -0.000000 0.094638 -0.995512
vn -0.000000 0.094638 -0.995512
vn 0.000000 0.473012 -0.881056
vn 0.000000 0.473012 -0.881056
vn 0.005392 0.180605 -0.983541
vn 0.001305 0.115839 -0.993267
vn 0.001304 0.115822 -0.993269
vn 0.005387 0.180531 -0.983555
vn -0.000685 0.472647 -0.881252
vn -0.002025 0.440522 -0.897739
vn -0.002025 0.440478 -0.897761
vn -0.000685 0.472646 -0.881252
vn -0.000000 0.473288 -0.880908
vn -0.000000 0.473223 -0.880943
vn 0.000184 0.095531 -0.995426
vn 0.000184 0.095531 -0.995426
vn 0.000021 0.094995 -0.995478
vn 0.000022 0.094941 -0.995483
vn 0.002974 0.327138 -0.944972
vn 0.002969 0.327208 -0.944948
vn -0.870075 -0.074252 -0.487294
vn -0.864740 -0.067005 -0.497729
vn -0.864724 -0.066975 -0.497761
vn -0.870074 -0.074252 -0.487297
vn -0.838434 -0.047389 -0.542938
vn -0.365145 -0.414941 -0.833363
vn -0.364744 -0.415145 -0.833437
vn -0.838405 -0.047409 -0.542981
vn 0.000013 -0.553976 -0.832532
vn 0.000016 -0.553922 -0.832568
vn -0.287189 0.811182 -0.509417
vn -0.287327 0.811103 -0.509466
vn 0.000030 0.922118 -0.386910
vn 0.000030 0.922119 -0.386906
vn -0.853798 -0.049688 -0.518228
vn -0.853763 -0.049640 -0.518290
vn -0.000000 0.922095 -0.386964
vn -0.000000 0.922095 -0.386964
vn -0.000000 -0.553740 -0.832690
vn -0.000000 -0.553740 -0.832690
vn 0.000000 1.000000 0.000000
vn 0.000000 1.000000 0.000000
vn 0.000000 1.000000 -0.000005
vn 0.000000 1.000000 -0.000004
vn 0.000000 1.000000 0.000000
vn 0.000000 1.000000 0.000000
vn 0.000000 1.000000 0.000000
vn 0.000000 1.000000 -0.000004
vn 0.000000 1.000000 0.000000
vn 0.000000 1.000000 -0.000005
vn 0.000000 1.000000 0.000000
vn 0.000000 1.000000 0.000000
vn 0.000000 1.000000 0.000000
vn 0.000000 1.000000 0.000000
vn -1.000000 0.000000 0.000000
vn -1.000000 0.000000 0.000000
vn -1.000000 0.000000 0.000000
vn -1.000000 0.000000 0.000000
vn 0.000000 0.796981 0.604004
vn 0.000000 0.796981 0.604004
vn 0.000000 0.796981 0.604004
vn 0.000000 0.796981 0.604004
vn 1.000000 0.000000 0.000000
vn 1.000000 -0.000000 0.000000
vn 1.000000 -0.000000 0.000000
vn 1.000000 0.000000 0.000000
vn 0.000000 -0.796981 -0.604004
vn 0.239982 -0.386444 -0.890545
vn 0.000000 -0.381706 -0.924284
vn 0.000000 -0.796981 -0.604004
vn -1.000000 0.000000 0.000000
vn -1.000000 0.000000 0.000000
vn 1.000000 -0.000000 0.000000
vn 1.000000 -0.000000 0.000000
vn -1.000000 0.000000 0.000000
vn -1.000000 0.000000 0.000000
vn -1.000000 0.000000 0.000000
vn -1.000000 0.000000 0.000000
vn 0.000000 0.796981 0.604004
vn 0.000000 0.796981 0.604004
vn 0.000000 0.796981 0.604004
vn 0.000000 0.796981 0.604004
vn 1.000000 0.000000 0.000000
vn 1.000000 0.000000 0.000000
vn 1.000000 0.000000 0.000000
vn 1.000000 0.000001 0.000000
vn -1.000000 0.000000 0.000000
vn -1.000000 0.000000 0.000000
vn 1.000000 0.000001 0.000000
vn 1.000000 0.000001 0.000000
vn 0.000000 -0.796981 -0.604004
vn 0.000000 -0.796981 -0.604004
vn 0.000000 -0.796981 -0.604004
vn 0.000000 -0.796981 -0.604004
vn -1.000000 -0.000000 0.000000
vn -1.000000 0.000001 0.000000
vn -1.000000 -0.000001 0.000000
vn -1.000000 -0.000000 0.000000
vn -0.372612 0.000000 0.927987
vn -0.372612 0.000000 0.927987
vn 0.000000 0.000000 1.000000
vn 0.000000 0.000000 1.000000
vn 0.372612 0.000000 -0.927987
vn 0.000000 0.000000 -1.000000
vn -1.000000 -0.000000 0.000000
vn -1.000000 0.000000 0.000000
vn 0.000000 0.000000 1.000000
vn 0.000000 0.000000 1.000000
vn 0.372612 0.000000 0.927987
vn 0.372612 0.000000 0.927987
vn 1.000000 -0.000001 0.000000
vn 1.000000 0.000001 0.000000
vn 1.000000 -0.000000 0.000000
vn 1.000000 -0.000000 0.000000
vn 1.000000 0.000000 0.000000
vn 1.000000 0.000000 0.000000
vn 0.000000 0.000000 -1.000000
vn 0.000000 0.000000 -1.000000
vn -0.372612 0.000000 -0.927987
vn -0.372612 0.000000 -0.927987
vn 0.000000 -1.000000 0.000000
vn 0.000000 -1.000000 0.000000
vn 0.000000 -1.000000 0.000000
vn 0.000000 -1.000000 0.000000
vn 0.000000 -1.000000 0.000000
vn 0.000000 -1.000000 0.000000
vn 0.000000 -1.000000 0.000000
vn 0.000000 -1.000000 0.000000
vn 0.000000 -1.000000 0.000000
vn 0.000000 0.000000 1.000000
vn 0.000000 0.000000 1.000000
vn 0.000000 1.000000 0.000000
vn 0.000000 1.000000 0.000000
vn 0.000000 0.000000 -1.000000
vn 0.000000 0.000000 -1.000000
vn 0.000000 1.000000 0.000000
vn 0.000000 -1.000000 0.000000
vn 0.000000 -1.000000 0.000000
vn 0.000000 -1.000000 0.000000
vn 0.000000 -1.000000 0.000000
vn -0.476098 0.000000 0.879393
vn -0.476098 0.000000 0.879393
vn 0.000000 1.000000 0.000000
vn 0.000000 1.000000 0.000000
vn 0.000000 -1.000000 0.000000
vn 0.000000 -1.000000 0.000000
vn 0.000000 1.000000 0.000000
vn 0.476098 0.000000 -0.879392
vn 0.476098 0.000000 -0.879392
vn 0.000000 -1.000000 0.000000
vn 0.000000 -1.000000 0.000000
vn 0.000000 -1.000000 0.000000
vn 0.000000 -1.000000 0.000000
vn 0.000000 1.000000 0.000000
vn 0.000000 1.000000 0.000000
vn 0.476098 0.000000 0.879393
vn 0.476098 0.000000 0.879393
vn 0.000000 -1.000000 0.000000
vn 0.000000 -1.000000 0.000000
vn -0.476098 0.000000 -0.879392
vn -0.476098 0.000000 -0.879392
vn 0.000000 1.000000 0.000000
vn 0.000000 -1.000000 -0.000001
vn 0.000000 -1.000000 0.000002
vn 0.000000 -1.000000 0.000002
vn 0.000000 -1.000000 -0.000001
vn 0.000000 0.000000 1.000000
vn 0.000000 0.000000 1.000000
vn 0.000000 0.000000 1.000000
vn 0.000000 0.000000 1.000000
vn 0.000000 0.961527 0.274711
vn 0.000000 0.961527 0.274711
vn 0.000000 0.966474 0.256764
vn 0.000000 0.966474 0.256764
vn 0.000000 -1.000000 -0.000003
vn 0.000000 -1.000000 -0.000003
vn 0.000000 0.968816 0.247781
vn 0.000000 0.968816 0.247781
vn 0.000000 -0.310462 -0.950586
vn 0.000000 -0.310462 -0.950586
vn 0.000000 -0.310462 -0.950586
vn 0.000000 -0.310462 -0.950586
vn 0.000000 -1.000000 0.000002
vn 0.000000 -1.000000 0.000002
vn 0.000000 -1.000000 -0.000001
vn 0.000000 -1.000000 -0.000001
vn 0.000000 0.966474 0.256764
vn 0.000000 0.961527 0.274711
vn 0.000000 0.961527 0.274711
vn 0.000000 0.966474 0.256764
vn 0.000000 0.000000 1.000000
vn 0.000000 0.000000 1.000000
vn 0.000000 0.000000 1.000000
vn 0.000000 0.000000 1.000000
vn 0.000000 -1.000000 -0.000003
vn 0.000000 -1.000000 -0.000003
vn 0.000000 -0.310462 -0.950586
vn 0.000000 -0.310462 -0.950586
vn 0.000000 -0.310462 -0.950586
vn 0.000000 -0.310462 -0.950586
vn 0.000000 0.968816 0.247781
vn 0.000000 0.968816 0.247781
vn 1.000000 -0.000000 0.000000
vn 1.000000 0.000000 0.000000
vn 1.000000 0.000000 0.000000
vn 1.000000 -0.000000 0.000000
vn -1.000000 0.000000 0.000000
vn -1.000000 0.000000 0.000000
vn 1.000000 0.000000 0.000000
vn 1.000000 -0.000001 0.000000
vn 1.000000 -0.000000 0.000000
vn 1.000000 0.000000 0.000000
vn -1.000000 0.000000 0.000000
vn -1.000000 0.000000 0.000000
vn -1.000000 0.000000 0.000000
vn -1.000000 0.000000 0.000000
vn 1.000000 -0.000001 0.000000
vn 1.000000 -0.000000 0.000000
vn 1.000000 -0.000001 0.000000
vn 1.000000 -0.000001 0.000000
vn -1.000000 -0.000001 0.000000
vn -1.000000 -0.000001 0.000000
vn 1.000000 -0.000000 0.000000
vn 1.000000 -0.000000 0.000000
vn -1.000000 0.000000 0.000000
vn 1.000000 -0.000001 0.000000
vn 1.000000 -0.000001 0.000000
vn -1.000000 -0.000000 0.000000
vn -1.000000 0.000002 0.000000
vn -1.000000 0.000000 0.000000
vn -1.000000 0.000000 0.000000
vn -1.000000 0.000000 0.000000
vn 1.000000 0.000000 0.000000
vn 1.000000 0.000000 0.000000
vn -1.000000 -0.000000 0.000000
vn -1.000000 0.000000 0.000000
vn -1.000000 0.000000 0.000000
vn -1.000000 -0.000000 0.000000
vn 1.000000 -0.000001 0.000000
vn 1.000000 -0.000000 0.000000
vn -1.000000 0.000000 0.000000
vn -1.000000 0.000001 0.000000
vn -1.000000 0.000000 0.000000
vn -1.000000 0.000000 0.000000
vn 1.000000 0.000000 0.000000
vn 1.000000 0.000000 0.000000
vn 1.000000 0.000000 0.000000
vn 1.000000 0.000000 0.000000
vn -1.000000 0.000000 0.000000
vn -1.000000 0.000000 0.000000
vn 1.000000 0.000000 0.000000
vn -1.000000 -0.000000 0.000000
vn -1.000000 -0.000000 0.000000
vn 1.000000 0.000000 0.000000
vn -0.970366 0.232589 0.065516
vn -0.974707 0.218113 0.048716
vn -0.966215 0.247875 0.070618
vn -0.960198 0.268497 0.077009
vn -0.977291 0.208553 0.037528
vn 0.977291 0.208554 0.037527
vn 0.977291 0.208554 0.037527
vn 0.966214 0.247877 0.070618
vn 0.960198 0.268496 0.077008
vn 0.970366 0.232590 0.065516
vn 0.970532 0.232020 0.065073
vn 0.585199 0.768764 -0.257962
vn 0.585199 0.768764 -0.257962
vn 0.585199 0.768764 -0.257962
vn 0.585199 0.768764 -0.257962
vn 0.248754 -0.515283 -0.820125
vn 0.248754 -0.515283 -0.820125
vn 0.275798 -0.496731 -0.822918
vn 0.296337 -0.454983 -0.839747
vn -0.251557 -0.962201 0.104349
vn -0.251557 -0.962201 0.104349
vn -0.215979 -0.964478 0.152100
vn -0.213799 -0.964506 0.154975
vn -0.338133 0.374381 0.863426
vn -0.338133 0.374381 0.863426
vn -0.338929 0.320390 0.884577
vn -0.346675 0.337234 0.875265
vn 0.338134 0.374380 0.863426
vn 0.338134 0.374380 0.863426
vn 0.346676 0.337234 0.875265
vn 0.338929 0.320390 0.884577
vn 0.251556 -0.962201 0.104349
vn 0.251556 -0.962201 0.104349
vn 0.213799 -0.964506 0.154975
vn 0.215979 -0.964478 0.152100
vn -0.248756 -0.515283 -0.820124
vn -0.248756 -0.515283 -0.820124
vn -0.296339 -0.454983 -0.839746
vn -0.275800 -0.496731 -0.822917
vn -0.585199 0.768764 -0.257962
vn -0.585199 0.768764 -0.257962
vn -0.585199 0.768764 -0.257962
vn -0.585199 0.768764 -0.257962
vn -0.001367 0.781107 0.624395
vn 0.000000 0.779435 0.626483
vn 0.001367 0.781107 0.624395
vn 0.000000 -0.512534 0.858667
vn -0.001222 -0.512147 0.858897
vn -0.001221 -0.512148 0.858897
vn 0.000000 -0.512534 0.858667
vn 0.861980 0.190535 0.469773
vn 0.861979 0.190537 0.469774
vn 0.865442 0.184284 0.465885
vn 0.865443 0.184284 0.465884
vn -0.968287 0.242407 0.060485
vn -0.971902 0.218139 0.088445
vn -0.971903 0.218130 0.088454
vn -0.968289 0.242396 0.060502
vn -0.955203 0.293351 -0.039136
vn -0.960209 0.279000 -0.012532
vn -0.960217 0.278977 -0.012490
vn -0.955203 0.293351 -0.039136
vn 0.010090 0.762997 -0.646323
vn 0.010090 0.762997 -0.646323
vn 0.010111 0.762730 -0.646638
vn 0.010111 0.762730 -0.646639
vn -0.000002 -0.709011 0.705197
vn -0.000002 -0.709011 0.705197
vn -0.000001 -0.709029 0.705179
vn -0.000001 -0.709029 0.705179
vn -0.973744 0.203385 0.102260
vn -0.973744 0.203385 0.102260
vn 0.857745 0.213497 0.467645
vn 0.857747 0.213485 0.467648
vn -0.965620 0.258151 0.030606
vn -0.965621 0.258142 0.030632
vn 0.506206 -0.200752 0.838722
vn 0.379079 -0.298311 0.875962
vn 0.000000 0.762503 -0.646985
vn 0.000000 0.762503 -0.646985
vn 0.000000 -0.709047 0.705162
vn 0.000000 -0.709047 0.705162
vn 0.971901 0.218140 0.088447
vn 0.968287 0.242409 0.060487
vn 0.968289 0.242398 0.060504
vn 0.971903 0.218130 0.088456
vn 0.960209 0.279000 -0.012531
vn 0.955204 0.293350 -0.039136
vn 0.955204 0.293350 -0.039136
vn 0.960217 0.278977 -0.012490
vn -0.010111 0.762732 -0.646636
vn -0.010111 0.762732 -0.646636
vn -0.010091 0.763000 -0.646319
vn -0.010091 0.763000 -0.646319
vn 0.000001 -0.709029 0.705180
vn 0.000001 -0.709029 0.705180
vn 0.000002 -0.709011 0.705197
vn 0.000002 -0.709011 0.705197
vn -0.000002 0.997244 -0.074189
vn -0.000002 0.997244 -0.074188
vn 0.973744 0.203384 0.102260
vn 0.973744 0.203384 0.102260
vn 0.965620 0.258152 0.030607
vn 0.965621 0.258143 0.030633
vn 0.001222 -0.512146 0.858897
vn 0.001221 -0.512147 0.858897
vn -0.141994 0.989868 0.000000
vn -0.141994 0.989868 -0.000001
vn -0.141994 0.989868 -0.000001
vn -0.141994 0.989868 0.000000
vn -0.414328 0.694988 -0.587643
vn -0.492527 0.194990 -0.848172
vn -0.492527 0.194990 -0.848172
vn -0.414329 0.694984 -0.587647
vn -0.763286 -0.259514 -0.591648
vn -0.763313 -0.259509 -0.591615
vn -0.779429 -0.254881 -0.572299
vn -0.779388 -0.254895 -0.572349
vn -0.372821 0.638781 0.673026
vn -0.372882 0.638696 0.673072
vn -0.408131 0.584130 0.701585
vn -0.775725 0.568755 -0.273439
vn -0.776493 0.567134 -0.274621
vn -0.842981 -0.195734 0.501070
vn -0.682467 -0.730916 -0.000000
vn -0.682465 -0.730918 0.000000
vn -0.682465 -0.730918 0.000000
vn -0.682467 -0.730916 -0.000000
vn -0.534019 0.845473 -0.000029
vn -0.534019 0.845473 -0.000029
vn -0.534433 0.845211 -0.000032
vn -0.534386 0.845240 -0.000032
vn -0.517735 0.112942 -0.848053
vn -0.763486 -0.512365 -0.393156
vn -0.763486 -0.512366 -0.393155
vn -0.517735 0.112942 -0.848053
vn -0.511542 0.138054 -0.848095
vn -0.511542 0.138054 -0.848095
vn -0.503533 0.165034 -0.848067
vn -0.503533 0.165034 -0.848067
vn -0.320463 0.710700 0.626265
vn -0.320538 0.710601 0.626340
vn -0.266317 0.778578 0.568236
vn -0.223013 0.882414 0.414259
vn -0.222976 0.882536 0.414019
vn -0.266376 0.778508 0.568304
vn -0.141994 0.989868 0.000000
vn -0.141994 0.989868 0.000000
vn -0.143458 0.989656 0.000245
vn -0.143458 0.989656 0.000245
vn -0.534773 0.844996 0.000014
vn -0.534953 0.844882 0.000054
vn -0.682045 -0.731310 -0.000040
vn -0.682045 -0.731310 -0.000040
vn -0.682469 -0.730915 -0.000000
vn -0.682469 -0.730915 -0.000000
vn -0.533809 0.845605 -0.000019
vn -0.533778 0.845625 -0.000015
vn 0.141994 0.989868 0.000000
vn 0.141994 0.989868 0.000000
vn 0.141994 0.989868 0.000000
vn 0.141994 0.989868 0.000000
vn 0.921348 -0.388740 0.000010
vn 0.921352 -0.388730 0.000008
vn 0.921326 -0.388792 0.000014
vn 0.921326 -0.388792 0.000014
vn 0.638920 0.248505 0.728029
vn 0.638921 0.248505 0.728029
vn 0.898182 -0.054100 0.436283
vn 0.898189 -0.054115 0.436266
vn 0.492528 0.194991 -0.848171
vn 0.414328 0.694988 -0.587643
vn 0.414329 0.694984 -0.587647
vn 0.492528 0.194990 -0.848171
vn 0.372821 0.638784 0.673023
vn 0.408097 0.584188 0.701556
vn 0.408129 0.584131 0.701585
vn 0.372881 0.638700 0.673069
vn 0.843115 -0.196789 0.500432
vn 0.842979 -0.195739 0.501071
vn 0.682465 -0.730918 0.000000
vn 0.682466 -0.730917 0.000000
vn 0.682466 -0.730917 0.000000
vn 0.682465 -0.730918 0.000000
vn 0.763487 -0.512362 -0.393156
vn 0.517737 0.112942 -0.848052
vn 0.517737 0.112942 -0.848052
vn 0.763488 -0.512363 -0.393156
vn 0.669348 0.148571 0.727943
vn 0.669348 0.148570 0.727943
vn 0.511544 0.138054 -0.848094
vn 0.511544 0.138054 -0.848094
vn 0.661932 0.178638 0.727966
vn 0.661932 0.178638 0.727966
vn 0.503536 0.165034 -0.848066
vn 0.503536 0.165034 -0.848066
vn 0.651597 0.213546 0.727887
vn 0.651597 0.213546 0.727887
vn 0.320466 0.710701 0.626263
vn 0.320542 0.710601 0.626338
vn 0.223013 0.882415 0.414258
vn 0.266319 0.778578 0.568235
vn 0.266379 0.778507 0.568303
vn 0.222977 0.882536 0.414018
vn 0.886389 -0.291285 -0.359817
vn 0.886456 -0.291368 -0.359585
vn 0.834858 -0.255072 -0.487802
vn 0.834813 -0.255096 -0.487867
vn 0.141994 0.989868 0.000000
vn 0.141994 0.989868 0.000000
vn 0.921280 -0.388900 0.000014
vn 0.921281 -0.388898 0.000014
vn 0.143458 0.989656 0.000245
vn 0.143458 0.989656 0.000245
vn 0.921089 -0.389353 -0.000241
vn 0.921065 -0.389409 -0.000275
vn 0.682044 -0.731311 -0.000040
vn 0.682044 -0.731311 -0.000040
vn 0.682468 -0.730916 -0.000000
vn 0.682468 -0.730916 -0.000000
vn 0.923806 0.382795 0.007152
vn 0.932546 0.360961 0.008079
vn 0.947042 0.320986 0.008894
vn 0.951561 0.307338 0.008701
vn 0.962200 0.272217 0.008308
vn 0.966906 0.255001 0.008159
vn 0.974706 0.223374 0.007216
vn 0.977461 0.211020 0.006457
vn -0.927172 0.374637 0.000000
vn -0.934630 0.355621 0.000000
vn -0.948412 0.317042 0.000000
vn -0.952594 0.304246 0.000000
vn -0.963511 0.267670 0.000000
vn -0.967680 0.252183 0.000000
vn -0.975906 0.218193 0.000000
vn -0.978595 0.205797 0.000000
vn 0.927171 0.374637 0.000000
vn 0.934630 0.355621 0.000000
vn 0.948412 0.317042 0.000000
vn 0.952594 0.304246 0.000000
vn 0.963510 0.267671 0.000000
vn 0.967680 0.252183 0.000000
vn 0.975906 0.218193 0.000000
vn 0.978595 0.205797 0.000000
vn -0.915077 0.403276 -0.001529
vn -0.927042 0.374952 -0.002085
vn -0.934623 0.355636 -0.001558
vn -0.914788 0.403933 -0.000890
vn -0.947723 0.319082 0.002888
vn -0.951199 0.308523 0.005771
vn -0.961712 0.273898 0.009527
vn -0.966563 0.256274 0.008892
vn -0.974657 0.223601 0.006817
vn -0.977524 0.210754 0.005420
vn -0.981471 0.191608 0.000626
vn -0.981481 0.191560 0.000289
vn -0.669349 0.148570 -0.727942
vn -0.669348 0.148570 -0.727942
vn -0.661932 0.178638 -0.727966
vn -0.661932 0.178638 -0.727966
vn -0.517736 0.112942 0.848053
vn -0.511544 0.138055 0.848094
vn -0.511544 0.138055 0.848094
vn -0.517736 0.112942 0.848052
vn -0.638922 0.248505 -0.728028
vn -0.638922 0.248504 -0.728028
vn -0.947209 -0.252321 -0.197813
vn -0.947209 -0.252331 -0.197800
vn -0.492532 0.194991 0.848169
vn -0.284728 0.914728 0.286711
vn -0.284729 0.914727 0.286713
vn -0.492532 0.194991 0.848169
vn -0.921324 -0.388796 -0.000006
vn -0.921324 -0.388796 -0.000006
vn -0.141995 0.989867 0.000000
vn -0.141995 0.989867 0.000000
vn -0.626338 0.757847 -0.182669
vn -0.626340 0.757845 -0.182673
vn -0.754542 -0.597727 0.270905
vn -0.754541 -0.597728 0.270904
vn -0.533678 0.845688 0.000002
vn -0.533678 0.845688 0.000002
vn -0.682467 -0.730917 0.000000
vn -0.682467 -0.730917 0.000000
vn -0.651598 0.213546 -0.727886
vn -0.651598 0.213546 -0.727886
vn -0.503536 0.165034 0.848066
vn -0.503536 0.165034 0.848066
vn -0.270777 0.948827 -0.162504
vn -0.272775 0.947807 -0.165092
vn -0.715153 -0.660538 -0.228571
vn -0.715231 -0.659947 -0.230034
vn -0.622951 -0.142588 -0.769156
vn -0.622833 -0.156039 -0.766636
vn -0.597902 -0.261548 -0.757698
vn -0.595433 -0.274019 -0.755231
vn -0.607742 -0.213229 -0.764973
vn -0.604636 -0.228640 -0.762980
vn -0.618804 -0.180588 -0.764506
vn -0.615832 -0.185365 -0.765762
vn 0.511545 0.138055 0.848093
vn 0.517736 0.112942 0.848053
vn 0.517736 0.112942 0.848053
vn 0.511545 0.138055 0.848093
vn 0.284727 0.914729 0.286710
vn 0.492530 0.194991 0.848170
vn 0.492530 0.194991 0.848170
vn 0.284728 0.914727 0.286713
vn 0.141993 0.989868 0.000000
vn 0.141993 0.989868 0.000000
vn 0.754542 -0.597727 0.270905
vn 0.754541 -0.597728 0.270904
vn 0.682465 -0.730919 0.000000
vn 0.682465 -0.730919 0.000000
vn 0.503536 0.165034 0.848066
vn 0.503536 0.165034 0.848066
vn 0.270775 0.948828 -0.162502
vn 0.272773 0.947808 -0.165090
vn 0.715150 -0.660542 -0.228572
vn 0.715227 -0.659951 -0.230035
vn 0.622954 -0.142587 -0.769154
vn 0.622835 -0.156038 -0.766635
vn 0.473974 0.536745 0.698035
vn 0.464691 0.539444 0.702184
vn 0.618803 -0.180588 -0.764507
vn 0.615831 -0.185364 -0.765763
vn 0.520283 0.514353 0.681723
vn 0.514837 0.518146 0.682984
vn 0.607740 -0.213229 -0.764974
vn 0.604635 -0.228639 -0.762981
vn 0.536739 0.485211 0.690276
vn 0.536848 0.489436 0.687203
vn 0.597901 -0.261547 -0.757699
vn 0.595431 -0.274018 -0.755232
vn 0.506401 0.474952 0.719707
vn 0.514345 0.474146 0.714588
vn -0.695296 0.063163 0.715943
vn -0.695306 0.063145 0.715934
vn -0.687546 0.072713 0.722491
vn -0.687545 0.072711 0.722493
vn -0.472409 0.270761 -0.838760
vn -0.496926 0.197525 -0.845014
vn -0.496931 0.197508 -0.845015
vn -0.472427 0.270711 -0.838766
vn -0.889960 -0.182898 0.417756
vn -0.890158 -0.183251 0.417178
vn -0.742482 -0.016833 0.669655
vn -0.742475 -0.016855 0.669662
vn -0.295647 0.815864 -0.496950
vn -0.371839 0.503335 -0.779993
vn -0.371876 0.503274 -0.780015
vn -0.295552 0.816125 -0.496577
vn -0.920798 -0.390040 0.000046
vn -0.920780 -0.390083 0.000046
vn -0.143392 0.989666 -0.000079
vn -0.143378 0.989668 -0.000079
vn -0.631543 0.755493 0.174310
vn -0.631467 0.755593 0.174153
vn -0.761320 -0.590623 -0.267501
vn -0.761336 -0.590558 -0.267599
vn -0.533926 0.845531 -0.000001
vn -0.533937 0.845524 -0.000001
vn -0.682315 -0.731058 0.000004
vn -0.682300 -0.731072 0.000004
vn -0.722615 0.010732 0.691167
vn -0.722666 0.010627 0.691115
vn -0.422531 0.400146 -0.813235
vn -0.422572 0.400050 -0.813261
vn -0.689261 -0.065973 -0.721503
vn -0.671617 -0.061206 -0.738366
vn -0.879452 -0.258706 -0.399544
vn -0.845088 -0.219158 -0.487643
vn -0.375211 0.506266 0.776474
vn -0.307837 0.804369 0.508160
vn -0.305895 0.809564 0.501033
vn -0.375121 0.506329 0.776476
vn -0.721622 -0.090547 -0.686341
vn -0.726770 -0.100024 -0.679559
vn -0.394241 0.500993 0.770442
vn -0.391991 0.500969 0.771604
vn -0.734413 -0.128266 -0.666472
vn -0.733736 -0.135716 -0.665743
vn -0.417207 0.486593 0.767571
vn -0.417301 0.486491 0.767585
vn -0.723732 -0.171828 -0.668347
vn -0.715375 -0.193467 -0.671423
vn -0.437984 0.474624 0.763481
vn -0.438014 0.474635 0.763457
vn -0.683891 0.704078 -0.191226
vn -0.669694 0.722815 -0.170433
vn -0.811815 -0.509311 0.285584
vn -0.811299 -0.511220 0.283633
vn 0.496930 0.197524 -0.845011
vn 0.472408 0.270762 -0.838760
vn 0.472426 0.270712 -0.838766
vn 0.496935 0.197508 -0.845012
vn 0.371839 0.503336 -0.779993
vn 0.295644 0.815866 -0.496948
vn 0.295550 0.816126 -0.496576
vn 0.371876 0.503274 -0.780015
vn 0.143378 0.989668 -0.000079
vn 0.143392 0.989666 -0.000079
vn 0.761325 -0.590616 -0.267500
vn 0.761341 -0.590551 -0.267598
vn 0.682304 -0.731069 0.000004
vn 0.682318 -0.731056 0.000004
vn 0.422529 0.400146 -0.813236
vn 0.422570 0.400050 -0.813262
vn 0.307836 0.804370 0.508159
vn 0.375213 0.506265 0.776473
vn 0.375124 0.506328 0.776475
vn 0.305894 0.809565 0.501032
vn 0.437981 0.474626 0.763481
vn 0.811815 -0.509312 0.285583
vn 0.811299 -0.511221 0.283632
vn 0.438011 0.474636 0.763457
vn 0.417206 0.486595 0.767571
vn 0.417299 0.486493 0.767585
vn 0.394244 0.500992 0.770441
vn 0.391995 0.500967 0.771603
vn -0.842047 0.183393 -0.507271
vn -0.840870 0.240072 -0.485081
vn -0.840875 0.239956 -0.485129
vn -0.842047 0.183373 -0.507278
vn 0.870074 -0.074252 -0.487297
vn 0.870072 -0.074252 -0.487300
vn 0.864720 -0.066975 -0.497768
vn 0.864736 -0.067005 -0.497737
vn -0.355226 0.914065 -0.195702
vn -0.355481 0.913947 -0.195790
vn -0.000019 0.997778 -0.066620
vn -0.000019 0.997778 -0.066627
vn 0.365145 -0.414940 -0.833363
vn 0.364744 -0.415143 -0.833438
vn -0.000016 -0.553920 -0.832570
vn -0.000013 -0.553974 -0.832534
vn -0.800416 0.478140 -0.361546
vn -0.800438 0.478057 -0.361609
vn 0.838433 -0.047388 -0.542940
vn 0.838404 -0.047408 -0.542983
vn -0.342495 -0.602218 -0.721131
vn -0.342563 -0.602165 -0.721143
vn -0.000000 -0.794101 -0.607785
vn -0.000000 -0.794101 -0.607786
vn -0.000030 0.922116 -0.386914
vn -0.000030 0.922117 -0.386911
vn 0.287329 0.811097 -0.509474
vn 0.287191 0.811176 -0.509426
vn -0.826349 0.366084 -0.427937
vn -0.826392 0.365851 -0.428053
vn 0.853759 -0.049638 -0.518296
vn 0.853794 -0.049687 -0.518234
vn 0.000000 -0.794107 -0.607778
vn 0.000000 -0.794107 -0.607778
vn 0.000000 0.997801 -0.066281
vn 0.000000 0.997801 -0.066281
vn 0.840872 0.240071 -0.485078
vn 0.842050 0.183392 -0.507266
vn 0.842050 0.183372 -0.507273
vn 0.840877 0.239955 -0.485126
vn 0.355482 0.913947 -0.195788
vn 0.800416 0.478144 -0.361543
vn 0.800438 0.478060 -0.361605
vn 0.355223 0.914067 -0.195698
vn 0.000019 0.997778 -0.066628
vn 0.000019 0.997778 -0.066621
vn 0.342494 -0.602221 -0.721129
vn 0.342563 -0.602168 -0.721141
vn 0.000000 -0.794101 -0.607785
vn 0.000000 -0.794102 -0.607785
vn 0.826349 0.366085 -0.427935
vn 0.826393 0.365852 -0.428051
vn 0.715600 0.698085 0.024362
vn 0.715600 0.698085 0.024362
vn 0.715600 0.698085 0.024362
vn 0.715600 0.698085 0.024362
vn 0.000000 1.000000 0.000000
vn 0.000000 1.000000 0.000000
vn 0.000000 1.000000 0.000000
vn 0.000000 1.000000 0.000000
vn -0.715600 0.698085 0.024362
vn -0.715600 0.698085 0.024362
vn -0.715600 0.698085 0.024362
vn -0.715600 0.698085 0.024362
vn 0.000000 1.000000 0.000000
vn 0.000000 1.000000 0.000000
vn 0.000000 0.000003 -1.000000
vn 0.000000 0.000003 -1.000000
vn 0.000000 0.000003 -1.000000
vn -0.983747 0.179559 -0.000826
vn -0.978356 0.206925 -0.000898
vn -0.967283 0.253698 -0.000555
vn -0.954203 0.299159 0.000171
vn -0.938414 0.345513 -0.000200
vn -0.917329 0.398130 -0.000030
vn -1.000000 0.000000 0.000000
vn -1.000000 0.000000 0.000000
vn 0.000000 -1.000000 0.000000
vn 0.000000 -1.000000 0.000000
vn 0.000000 -1.000000 0.000002
vn 0.000000 -1.000000 0.000002
vn 0.000000 0.961527 0.274711
vn 0.000000 0.961527 0.274711
vn 0.000000 1.000000 0.000000
vn 0.000000 1.000000 0.000000
vn 0.000000 1.000000 0.000000
vn 0.000000 1.000000 0.000000
vn 0.000000 1.000000 0.000000
vn 0.000000 1.000000 0.000000
vn 0.000000 1.000000 0.000000
vn 0.000000 0.961527 0.274711
vn 0.000000 0.961527 0.274711
vn 0.000000 -1.000000 0.000002
vn 0.000000 -1.000000 0.000002
vn 0.000000 -1.000000 0.000000
vn 0.000000 -1.000000 0.000000
vn 1.000000 0.000000 0.000000
vn 1.000000 0.000000 0.000000
vn 0.917329 0.398130 -0.000030
vn 0.938414 0.345513 -0.000200
vn 0.954203 0.299159 0.000171
vn 0.967283 0.253697 -0.000555
vn 0.978356 0.206925 -0.000898
vn 0.983747 0.179559 -0.000826
vn -0.000002 1.000000 -0.000001
vn -0.000002 1.000000 -0.000001
vn 0.999785 -0.020751 0.000061
vn 0.999604 -0.028145 -0.000221
vn 0.998564 -0.053523 -0.002467
vn 0.940659 -0.335808 -0.048925
vn 0.864160 -0.497568 -0.075196
vn 0.003082 -0.983797 -0.179261
vn 0.001227 -0.983513 -0.180831
vn -0.940659 -0.335807 -0.048925
vn -0.864160 -0.497567 -0.075196
vn -0.998564 -0.053523 -0.002467
vn -0.999604 -0.028145 -0.000221
vn -0.999785 -0.020750 0.000061
vn 0.000002 1.000000 -0.000001
vn 0.000003 1.000000 -0.000001
vn 0.000002 1.000000 -0.000001
vn -0.999552 0.029946 -0.000000
vn -1.000000 0.000001 -0.000000
vn -0.997531 0.070229 0.000000
vn -0.996157 0.087588 0.000218
vn -0.995015 0.099729 0.000237
vn -0.003082 -0.983797 -0.179261
vn 0.000000 -0.983658 -0.180049
vn -0.002053 -0.983483 -0.180987
vn 0.000000 -0.983658 -0.180049
vn 0.000000 -0.983658 -0.180048
vn -0.010153 -0.364111 -0.931300
vn 0.000000 -0.983658 -0.180049
vn 0.000000 -0.983658 -0.180049
vn -0.000000 -0.983658 -0.180049
vn -0.000803 -0.983826 -0.179127
vn -0.001227 -0.983514 -0.180830
vn 0.023996 -0.383072 -0.923407
vn 0.011465 -0.342540 -0.939433
vn 0.766103 -0.641327 -0.042266
vn 0.000000 -0.995842 -0.091098
vn -0.000000 -0.995842 -0.091097
vn 0.753890 -0.656628 -0.022136
vn -0.783821 -0.620328 -0.028587
vn -0.766635 -0.642072 0.003857
vn -0.995698 -0.089921 0.022363
vn -0.994127 -0.083643 0.068673
vn 0.992963 -0.117705 -0.013061
vn 0.995439 -0.094456 0.013406
vn -0.000039 -0.097577 -0.995228
vn 0.000006 -0.097606 -0.995225
vn 0.000000 -0.097579 -0.995228
vn 0.000043 -0.097572 -0.995229
vn -0.000010 -0.097555 -0.995230
vn -0.000023 -0.097591 -0.995227
vn 0.000003 -0.097603 -0.995225
vn 0.000022 -0.097588 -0.995227
vn 0.000003 -0.097558 -0.995230
vn 0.633555 -0.700029 -0.329495
vn -0.000000 -0.904064 -0.427396
vn -0.000001 -0.904065 -0.427396
vn 0.746546 -0.602312 -0.282648
vn -0.633557 -0.700028 -0.329494
vn -0.746549 -0.602309 -0.282646
vn -0.997033 -0.069238 -0.033638
vn -0.986699 0.148383 0.066394
vn -0.710672 0.641128 0.289655
vn -0.593845 0.733444 0.330768
vn -0.000001 0.911954 0.410293
vn -0.000001 0.911954 0.410293
vn 0.710672 0.641128 0.289655
vn 0.593845 0.733445 0.330768
vn 0.997033 -0.069241 -0.033639
vn 0.986699 0.148381 0.066393
vn 0.549616 -0.636885 0.540647
vn -0.000000 -0.885468 0.464701
vn -0.000000 -0.885468 0.464701
vn 0.576189 -0.604551 0.550022
vn 0.000000 -0.660952 -0.750428
vn 0.424737 -0.478258 -0.768679
vn 0.436651 -0.465018 -0.770127
vn 0.000000 -0.660952 -0.750428
vn -0.549616 -0.636885 0.540647
vn -0.576189 -0.604551 0.550022
vn -0.424736 -0.478260 -0.768678
vn -0.436649 -0.465020 -0.770126
vn -0.719968 -0.088471 0.688345
vn -0.713599 -0.042366 0.699272
vn -0.603297 -0.076268 -0.793861
vn -0.604341 -0.061797 -0.794326
vn -0.471808 0.383727 0.793820
vn -0.452443 0.400144 0.796982
vn -0.476480 0.373997 -0.795671
vn -0.472568 0.379267 -0.795510
vn -0.000000 0.560507 0.828150
vn 0.000000 0.560507 0.828150
vn 0.000001 0.615205 -0.788367
vn 0.000001 0.615205 -0.788367
vn 0.471809 0.383727 0.793820
vn 0.452442 0.400143 0.796983
vn 0.476485 0.373997 -0.795668
vn 0.472574 0.379267 -0.795507
vn 0.719968 -0.088471 0.688345
vn 0.713599 -0.042367 0.699272
vn 0.603301 -0.076268 -0.793858
vn 0.604345 -0.061798 -0.794322
vn 0.931819 -0.359363 -0.050711
vn 0.712146 -0.699772 -0.056271
vn 0.742355 -0.666136 -0.071923
vn 0.943029 -0.329060 -0.049147
vn -0.007042 -0.998706 -0.050362
vn 0.000000 -0.995842 -0.091098
vn -0.716447 -0.695946 -0.048612
vn -0.754070 -0.652141 -0.078043
vn -0.937082 -0.345190 -0.052164
vn -0.955294 -0.289883 -0.058142
vn 0.770561 -0.633555 -0.069601
vn 0.956582 -0.287888 -0.045523
vn 0.000000 -0.995842 -0.091098
vn -0.791351 -0.606991 -0.072979
vn -0.973987 -0.221293 -0.048764
vn -0.766103 -0.641327 -0.042266
vn -0.753890 -0.656628 -0.022136
vn -0.000000 -0.995842 -0.091097
vn -0.000000 -0.995842 -0.091097
vn 0.766635 -0.642071 0.003857
vn 0.783822 -0.620328 -0.028587
vn 0.994127 -0.083642 0.068673
vn 0.995698 -0.089920 0.022363
vn -0.992963 -0.117705 -0.013061
vn -0.995439 -0.094457 0.013406
vn 0.000044 -0.097575 -0.995228
vn 0.000000 -0.097578 -0.995228
vn -0.000002 -0.097606 -0.995225
vn -0.000043 -0.097572 -0.995229
vn 0.000009 -0.097555 -0.995230
vn 0.000020 -0.097591 -0.995227
vn -0.000004 -0.097603 -0.995225
vn -0.000021 -0.097588 -0.995227
vn -0.000003 -0.097555 -0.995230
vn -0.633555 -0.700029 -0.329495
vn -0.746546 -0.602312 -0.282648
vn 0.000002 -0.904064 -0.427396
vn 0.000001 -0.904064 -0.427396
vn 0.746549 -0.602309 -0.282646
vn 0.633558 -0.700027 -0.329494
vn 0.986699 0.148383 0.066394
vn 0.997033 -0.069239 -0.033638
vn 0.593845 0.733445 0.330768
vn 0.710672 0.641128 0.289655
vn 0.000000 0.911954 0.410293
vn 0.000000 0.911954 0.410293
vn -0.593845 0.733445 0.330768
vn -0.710672 0.641128 0.289655
vn -0.986699 0.148381 0.066393
vn -0.997033 -0.069241 -0.033639
vn -0.549620 -0.636883 0.540646
vn -0.576192 -0.604549 0.550020
vn 0.000000 -0.885468 0.464700
vn 0.000000 -0.885468 0.464700
vn 0.000002 -0.660952 -0.750428
vn 0.000002 -0.660952 -0.750428
vn -0.436651 -0.465018 -0.770126
vn -0.424737 -0.478259 -0.768679
vn 0.576190 -0.604550 0.550022
vn 0.549617 -0.636885 0.540647
vn 0.424738 -0.478260 -0.768678
vn 0.436650 -0.465020 -0.770125
vn 0.713599 -0.042366 0.699272
vn 0.719968 -0.088471 0.688345
vn 0.603298 -0.076268 -0.793861
vn 0.604341 -0.061797 -0.794325
vn 0.452443 0.400143 0.796982
vn 0.471809 0.383727 0.793820
vn 0.476481 0.373997 -0.795671
vn 0.472569 0.379267 -0.795510
vn 0.000001 0.560507 0.828150
vn 0.000001 0.560507 0.828150
vn -0.000002 0.615206 -0.788367
vn -0.000002 0.615206 -0.788367
vn -0.452442 0.400144 0.796982
vn -0.471808 0.383727 0.793820
vn -0.476485 0.373997 -0.795668
vn -0.472573 0.379267 -0.795507
vn -0.713601 -0.042366 0.699271
vn -0.719970 -0.088470 0.688343
vn -0.603301 -0.076267 -0.793858
vn -0.604345 -0.061797 -0.794323
vn -0.931819 -0.359363 -0.050711
vn -0.943029 -0.329060 -0.049147
vn -0.742355 -0.666135 -0.071923
vn -0.712146 -0.699772 -0.056271
vn -0.000000 -0.995842 -0.091098
vn 0.007042 -0.998706 -0.050362
vn 0.754070 -0.652141 -0.078043
vn 0.716447 -0.695946 -0.048612
vn 0.955295 -0.289883 -0.058142
vn 0.937082 -0.345190 -0.052164
vn -0.956582 -0.287888 -0.045523
vn -0.770561 -0.633555 -0.069601
vn -0.000000 -0.995842 -0.091098
vn 0.791351 -0.606991 -0.072979
vn 0.973987 -0.221293 -0.048763
vn 0.772773 0.633651 -0.036171
vn 0.745797 0.665186 -0.036258
vn -0.772773 0.633651 -0.036171
vn -0.745797 0.665186 -0.036258
vn -0.794537 0.606700 0.025034
vn -0.751118 0.659794 0.022208
vn 0.794537 0.606700 0.025034
vn 0.751118 0.659795 0.022208
vn -0.012016 0.999792 -0.016487
vn -0.009778 0.999815 -0.016587
vn 0.012016 0.999792 -0.016487
vn 0.009778 0.999815 -0.016587
vn 0.002060 -0.288880 -0.957363
vn 0.024373 -0.332606 -0.942751
vn -0.002060 -0.288880 -0.957363
vn -0.024373 -0.332606 -0.942751
vn -0.480520 0.363524 -0.798092
vn -0.000001 0.568619 -0.822601
vn -0.000001 0.568619 -0.822601
vn -0.480519 0.363525 -0.798092
vn 0.480516 0.363523 -0.798095
vn 0.480515 0.363524 -0.798095
vn 0.655379 -0.073691 -0.751696
vn 0.655380 -0.073691 -0.751696
vn 0.480492 -0.511615 -0.712304
vn 0.480493 -0.511615 -0.712304
vn -0.000002 -0.717584 -0.696472
vn -0.000002 -0.717584 -0.696472
vn -0.480494 -0.511615 -0.712303
vn -0.480494 -0.511615 -0.712303
vn -0.655384 -0.073688 -0.751693
vn -0.655384 -0.073689 -0.751693
vn -0.000001 0.568616 -0.822603
vn 0.480517 0.363521 -0.798095
vn 0.480517 0.363522 -0.798095
vn -0.000002 0.568616 -0.822603
vn -0.480518 0.363523 -0.798094
vn -0.480517 0.363523 -0.798094
vn -0.655381 -0.073690 -0.751695
vn -0.655381 -0.073691 -0.751695
vn -0.480494 -0.511615 -0.712303
vn -0.480494 -0.511615 -0.712303
vn 0.000002 -0.717584 -0.696472
vn 0.000002 -0.717584 -0.696472
vn 0.480496 -0.511615 -0.712302
vn 0.480496 -0.511614 -0.712302
vn 0.655383 -0.073689 -0.751693
vn 0.655383 -0.073690 -0.751693
vn -0.027311 -0.955783 0.292801
vn -0.645412 -0.708930 0.284361
vn 0.645412 -0.708930 0.284361
vn 0.856638 -0.451704 0.249269
vn 0.001408 -0.697351 0.716728
vn 0.869639 -0.423524 0.253683
vn 0.641111 -0.716686 0.274478
vn -0.641110 -0.716687 0.274478
vn 0.027312 -0.955783 0.292801
vn -0.856638 -0.451703 0.249268
vn -0.869639 -0.423524 0.253683
vn -0.001408 -0.697351 0.716728
vn 0.742856 0.189087 -0.642192
vn 0.986731 0.162272 -0.005502
vn -0.017465 0.101464 -0.994686
vn -0.999568 0.029391 -0.000000
vn -1.000000 0.000001 -0.000000
vn -0.997531 0.070233 0.000000
vn -0.995955 0.089858 0.000541
vn -0.994802 0.101825 0.000117
vn -0.748465 0.101206 -0.655406
vn 0.000259 0.032811 -0.999462
vn -0.000000 0.000000 -1.000000
vn 0.000675 0.018781 -0.999823
vn -0.000000 0.000000 -1.000000
vn 0.000000 0.000000 -1.000000
vn 0.745607 0.241748 -0.620990
vn 0.816004 0.000028 -0.578046
vn 0.816020 0.000020 -0.578024
vn 0.773670 0.165473 -0.611599
vn 0.816058 0.000001 -0.577971
vn 0.816057 0.000001 -0.577971
vn -0.184904 0.966479 -0.178126
vn 0.373697 0.741931 -0.556676
vn 0.280040 0.808523 -0.517560
vn -0.185968 0.966491 -0.176950
vn -0.435860 0.847306 0.303478
vn -0.420900 0.872309 0.248838
vn -0.499727 0.427708 0.753219
vn -0.495366 0.345594 0.796980
vn 0.816057 0.000001 -0.577972
vn 0.816057 0.000001 -0.577972
vn -0.435794 0.000145 0.900047
vn -0.438233 0.014743 0.898741
vn -0.437757 0.011847 0.899015
vn -0.435794 0.000145 0.900047
vn -0.443742 0.032327 0.895571
vn -0.442983 0.031876 0.895963
vn -0.816005 0.000028 -0.578045
vn -0.745608 0.241747 -0.620989
vn -0.773671 0.165473 -0.611598
vn -0.816020 0.000020 -0.578023
vn -0.816057 0.000001 -0.577971
vn -0.816057 0.000001 -0.577972
vn -0.816056 0.000001 -0.577973
vn -0.816056 0.000001 -0.577973
vn 0.438232 0.014743 0.898741
vn 0.435793 0.000145 0.900047
vn 0.435793 0.000145 0.900047
vn 0.437756 0.011847 0.899016
vn 0.443744 0.032327 0.895570
vn 0.442984 0.031876 0.895962
vn 0.499730 0.427707 0.753217
vn 0.495369 0.345594 0.796978
vn 0.184904 0.966479 -0.178127
vn 0.435861 0.847306 0.303477
vn 0.420901 0.872308 0.248838
vn 0.185968 0.966491 -0.176951
vn -0.373698 0.741931 -0.556677
vn -0.280040 0.808522 -0.517562
vn 0.000000 1.000000 0.000009
vn 0.000000 1.000000 0.000004
vn -0.012772 0.999918 -0.000728
vn 0.000007 1.000000 -0.000001
vn -0.002713 0.999996 -0.000184
vn -0.005487 0.999985 -0.000385
vn 0.002713 0.999996 -0.000184
vn 0.005487 0.999985 -0.000384
vn 0.062511 0.026110 -0.997703
vn 0.050050 -0.001729 -0.998745
vn 0.050050 -0.001729 -0.998745
vn 0.062513 0.026119 -0.997702
vn 0.052596 0.002309 -0.998613
vn 0.052597 0.002310 -0.998613
vn -0.723325 0.155456 -0.672781
vn 0.019301 0.077826 -0.996780
vn 0.019285 0.077833 -0.996780
vn -0.735466 0.155869 -0.659390
vn -0.991148 0.132765 -0.000445
vn -0.991148 0.132765 -0.000451
vn -0.993811 0.103900 0.039293
vn -0.993809 0.103919 0.039297
vn 0.014195 -0.040364 -0.999084
vn 0.014158 -0.040399 -0.999083
vn -0.752583 -0.058085 -0.655930
vn -0.746244 -0.058336 -0.663112
vn -0.999785 -0.019434 -0.007196
vn -0.999785 -0.019438 -0.007200
vn -0.999333 0.034052 0.013197
vn -0.999333 0.034062 0.013196
vn -0.997182 0.071340 0.023230
vn -0.997182 0.071340 0.023230
vn -0.050046 -0.001729 -0.998746
vn -0.062504 0.026110 -0.997703
vn -0.062506 0.026119 -0.997703
vn -0.050046 -0.001729 -0.998746
vn -0.052597 0.002309 -0.998613
vn -0.052598 0.002310 -0.998613
vn 0.752583 -0.058086 -0.655930
vn -0.014196 -0.040364 -0.999084
vn -0.014159 -0.040400 -0.999083
vn 0.746244 -0.058337 -0.663112
vn 0.999333 0.034052 0.013197
vn 0.999785 -0.019434 -0.007196
vn 0.999785 -0.019438 -0.007200
vn 0.999333 0.034062 0.013196
vn 0.997182 0.071340 0.023230
vn 0.997182 0.071340 0.023230
vn 0.993811 0.103899 0.039294
vn 0.993809 0.103919 0.039297
vn 0.723325 0.155456 -0.672781
vn 0.991148 0.132764 -0.000445
vn 0.991148 0.132764 -0.000451
vn 0.735466 0.155869 -0.659390
vn -0.019298 0.077826 -0.996780
vn -0.019283 0.077833 -0.996780
vn -0.715078 -0.156120 -0.681388
vn -0.751934 -0.002967 -0.659232
vn -0.751938 -0.002969 -0.659228
vn -0.717008 -0.149386 -0.680869
vn -0.753007 0.003426 -0.658004
vn -0.753064 0.003099 -0.657940
vn -0.472908 -0.775149 -0.418930
vn -0.229219 -0.607263 -0.760717
vn -0.233826 -0.605263 -0.760909
vn -0.481289 -0.774438 -0.410618
vn -0.767749 -0.606936 -0.205404
vn -0.767696 -0.606080 -0.208111
vn -0.704129 -0.225738 -0.673235
vn -0.702948 -0.216921 -0.677355
vn -0.208955 0.626511 -0.750881
vn -0.219271 0.619698 -0.753588
vn -0.406238 0.840958 -0.357435
vn -0.406604 0.840947 -0.357046
vn -0.731239 0.650943 -0.203870
vn -0.732571 0.647858 -0.208854
vn -0.630732 0.023837 -0.775634
vn -0.630738 0.024336 -0.775614
vn -0.635942 0.042151 -0.770585
vn -0.635996 0.042160 -0.770540
vn 0.751935 -0.002967 -0.659230
vn 0.715081 -0.156121 -0.681385
vn 0.717011 -0.149386 -0.680866
vn 0.751939 -0.002969 -0.659226
vn 0.753007 0.003426 -0.658004
vn 0.753064 0.003099 -0.657940
vn 0.406237 0.840957 -0.357439
vn 0.208953 0.626510 -0.750883
vn 0.219270 0.619696 -0.753590
vn 0.406603 0.840946 -0.357049
vn 0.630737 0.023836 -0.775631
vn 0.731240 0.650943 -0.203869
vn 0.732571 0.647858 -0.208854
vn 0.630742 0.024336 -0.775611
vn 0.635949 0.042151 -0.770579
vn 0.636003 0.042160 -0.770534
vn 0.704134 -0.225738 -0.673230
vn 0.702953 -0.216920 -0.677350
vn 0.472907 -0.775149 -0.418931
vn 0.767752 -0.606933 -0.205402
vn 0.767698 -0.606077 -0.208110
vn 0.481288 -0.774438 -0.410618
vn 0.229220 -0.607265 -0.760715
vn 0.233826 -0.605266 -0.760907
vn -0.141994 0.989868 0.000000
vn -0.267521 0.930586 -0.249885
vn -0.267520 0.930587 -0.249882
vn -0.141994 0.989868 0.000000
vn -0.788237 -0.615372 -0.000000
vn -0.788237 -0.615372 -0.000000
vn -0.828074 -0.518601 0.212945
vn -0.828072 -0.518618 0.212913
vn -0.492570 0.195028 -0.848138
vn -0.492570 0.195028 -0.848139
vn -0.440203 0.170735 0.881517
vn -0.440202 0.170736 0.881516
vn -0.503297 0.165735 -0.848071
vn -0.503297 0.165735 -0.848071
vn -0.449108 0.146367 0.881407
vn -0.449108 0.146367 0.881407
vn -0.511539 0.138053 -0.848097
vn -0.511539 0.138053 -0.848097
vn -0.455940 0.123038 0.881465
vn -0.455940 0.123038 0.881465
vn -0.517734 0.112941 -0.848055
vn -0.517734 0.112941 -0.848054
vn -0.461022 0.102427 0.881458
vn -0.461022 0.102426 0.881458
vn -0.749007 -0.619309 -0.235467
vn -0.749007 -0.619309 -0.235467
vn -0.375897 0.905912 0.195000
vn -0.375892 0.905917 0.194988
vn -0.682472 -0.730912 0.000000
vn -0.682472 -0.730912 0.000000
vn -0.294829 0.955550 0.000000
vn -0.294829 0.955550 0.000000
vn -0.749001 -0.619318 0.235465
vn -0.749000 -0.619318 0.235465
vn -0.375892 0.905914 -0.195002
vn -0.375888 0.905918 -0.194991
vn -0.517748 0.112878 0.848054
vn -0.517748 0.112878 0.848054
vn -0.461008 0.102492 -0.881458
vn -0.461008 0.102492 -0.881458
vn -0.511532 0.138086 0.848096
vn -0.511532 0.138086 0.848096
vn -0.455947 0.123010 -0.881465
vn -0.455947 0.123010 -0.881465
vn -0.503527 0.165058 0.848066
vn -0.503527 0.165058 0.848066
vn -0.448862 0.147067 -0.881416
vn -0.448862 0.147067 -0.881416
vn -0.492525 0.194992 0.848173
vn -0.492525 0.194992 0.848173
vn -0.440136 0.171020 -0.881494
vn -0.440136 0.171022 -0.881494
vn -0.267242 0.930687 0.249805
vn -0.267243 0.930687 0.249807
vn -0.827963 -0.518838 -0.212801
vn -0.827966 -0.518818 -0.212838
vn 0.257342 0.918946 -0.298853
vn 0.257342 0.918946 -0.298853
vn 0.155342 0.948287 -0.276806
vn 0.185749 0.940758 -0.283677
vn 0.331897 -0.397957 -0.855263
vn 0.336412 -0.451494 -0.826426
vn 0.349441 -0.407693 -0.843610
vn 0.344503 -0.346396 -0.872541
vn -0.212483 -0.956805 0.198431
vn -0.214318 -0.955544 0.202492
vn -0.345193 0.292305 0.891852
vn -0.356277 0.292432 0.887440
vn 0.345193 0.292305 0.891852
vn 0.356277 0.292432 0.887440
vn 0.362963 0.258771 0.895151
vn 0.356304 0.274407 0.893168
vn 0.212483 -0.956805 0.198431
vn 0.214319 -0.955544 0.202492
vn 0.224133 -0.948395 0.224302
vn 0.224133 -0.948395 0.224302
vn -0.349441 -0.407693 -0.843610
vn -0.344504 -0.346396 -0.872540
vn -0.360973 -0.320922 -0.875619
vn -0.366905 -0.342254 -0.865010
vn -0.155341 0.948287 -0.276806
vn -0.185748 0.940758 -0.283677
vn -0.078776 0.962815 -0.258420
vn -0.078776 0.962815 -0.258420
vn 0.953262 0.267506 -0.140474
vn 0.953261 0.267506 -0.140474
vn 0.953261 0.267506 -0.140474
vn 0.953262 0.267506 -0.140474
vn 0.342713 -0.313303 -0.885658
vn 0.324102 -0.325467 -0.888273
vn -0.955606 0.175425 -0.236736
vn -0.955447 0.176198 -0.236801
vn -0.936160 0.254393 -0.242672
vn -0.936160 0.254393 -0.242672
vn -0.339131 0.291267 0.894513
vn -0.324688 0.295760 0.898389
vn -0.953261 0.267506 -0.140474
vn -0.953262 0.267506 -0.140474
vn -0.953262 0.267506 -0.140474
vn -0.953261 0.267506 -0.140474
vn 0.339131 0.291267 0.894513
vn 0.350557 0.287643 0.891275
vn 0.955447 0.176198 -0.236801
vn 0.955606 0.175425 -0.236736
vn 0.936159 0.254394 -0.242672
vn 0.936159 0.254394 -0.242672
vn -0.342716 -0.313302 -0.885656
vn -0.356237 -0.304294 -0.883459
vn 0.973796 0.042280 -0.223460
vn 0.973796 0.042280 -0.223460
vn -0.973796 0.042280 -0.223460
vn -0.973796 0.042280 -0.223460
vn -0.336412 -0.451492 -0.826427
vn -0.331898 -0.397956 -0.855263
vn -0.324103 -0.325468 -0.888272
vn -0.257342 0.918946 -0.298854
vn -0.257342 0.918946 -0.298854
vn 0.324688 0.295760 0.898389
vn -0.224133 -0.948395 0.224302
vn -0.224133 -0.948395 0.224302
vn 0.366903 -0.342251 -0.865013
vn 0.360969 -0.320921 -0.875620
vn 0.356232 -0.304295 -0.883461
vn 0.078776 0.962815 -0.258420
vn 0.078776 0.962815 -0.258420
vn -0.356304 0.274407 0.893168
vn -0.350557 0.287643 0.891275
vn -0.362964 0.258771 0.895151
vn 0.358371 -0.435275 -0.825897
vn 0.335244 -0.401569 -0.852264
vn 0.382068 -0.395613 -0.835173
vn 0.382068 -0.395613 -0.835173
vn 0.332425 -0.308299 -0.891317
vn 0.299308 -0.309256 -0.902649
vn 0.299308 -0.309256 -0.902649
vn 0.332407 -0.308300 -0.891323
vn 0.342611 -0.342574 -0.874792
vn 0.342611 -0.342574 -0.874792
vn 0.372572 -0.355964 -0.857018
vn 0.372588 -0.356006 -0.856993
vn 0.350522 -0.305654 -0.885274
vn 0.350521 -0.305652 -0.885275
vn 0.359706 -0.311108 -0.879673
vn 0.359706 -0.311108 -0.879673
vn -0.350524 -0.305653 -0.885274
vn -0.372572 -0.355963 -0.857019
vn -0.372588 -0.356004 -0.856994
vn -0.350523 -0.305651 -0.885275
vn -0.382068 -0.395613 -0.835173
vn -0.382068 -0.395613 -0.835173
vn -0.332425 -0.308299 -0.891316
vn -0.359708 -0.311108 -0.879672
vn -0.359708 -0.311108 -0.879672
vn -0.332408 -0.308300 -0.891323
vn -0.335245 -0.401569 -0.852264
vn -0.358372 -0.435276 -0.825896
vn -0.323032 -0.327546 -0.887899
vn -0.323033 -0.327547 -0.887898
vn -0.412243 -0.493597 -0.765779
vn 0.170149 0.093093 -0.981011
vn 0.176964 0.099036 -0.979222
vn -0.412979 -0.491567 -0.766688
vn 0.450075 0.364053 -0.815413
vn 0.450134 0.363537 -0.815610
vn 0.103853 -0.889092 -0.445791
vn 0.028720 -0.882302 -0.469806
vn 0.028720 -0.882302 -0.469806
vn 0.104369 -0.889120 -0.445616
vn -0.396618 -0.534742 -0.746153
vn -0.396618 -0.534742 -0.746154
vn 0.628555 0.239891 -0.739845
vn 0.633633 0.235192 -0.737017
vn 0.891875 -0.296635 -0.341418
vn 0.891418 -0.298731 -0.340784
vn 0.607578 -0.682521 -0.406220
vn 0.607278 -0.682760 -0.406266
vn -0.891866 -0.296638 -0.341440
vn -0.628547 0.239884 -0.739854
vn -0.633626 0.235184 -0.737026
vn -0.891409 -0.298733 -0.340806
vn -0.450074 0.364049 -0.815415
vn -0.450133 0.363533 -0.815613
vn -0.103853 -0.889090 -0.445795
vn -0.607570 -0.682518 -0.406236
vn -0.607267 -0.682760 -0.406283
vn -0.104368 -0.889118 -0.445619
vn -0.170149 0.093090 -0.981012
vn 0.412243 -0.493597 -0.765779
vn 0.412978 -0.491568 -0.766688
vn -0.176964 0.099032 -0.979222
vn 0.212839 -0.728265 -0.651406
vn 0.212210 -0.728802 -0.651010
vn 0.995288 -0.096794 -0.005784
vn -0.999387 0.009464 0.033707
vn 0.998740 0.049914 -0.005292
vn 0.552649 0.380934 -0.741261
vn -0.552656 0.380933 -0.741257
vn -0.552655 0.380933 -0.741258
vn -0.998742 0.027223 0.042123
vn 0.992399 0.096099 0.076875
vn -0.992399 0.096099 0.076875
vn 0.988841 0.115588 0.093980
vn -0.988841 0.115588 0.093980
vn 0.662443 -0.708156 -0.244303
vn 0.565895 0.723770 -0.394868
vn -0.565900 0.723770 -0.394861
s 1
g MainVan_geo
usemtl lambert3SG
f 569/285/485 568/286/486 622/287/487 621/288/488
s 2
f 289/289/489 1945/290/490 1946/291/491 611/292/492
s 3
f 2070/293/493 2069/294/494 2071/295/495 2072/296/496
s 4
f 1979/297/497 279/298/498 586/299/499 1978/300/500
s 5
f 929/301/501 928/302/502 931/303/503 930/304/504
s 6
f 891/305/505 477/306/506 596/307/507 2680/308/508
s 7
f 933/309/509 932/310/510 935/311/511 934/312/512
s 8
f 1982/313/513 1983/314/514 1013/315/515 1011/316/516
s 3
f 2076/317/517 2074/318/518 2073/319/519 2075/320/520
s 10
f 711/321/521 682/322/522 681/323/523 712/324/524
s 2
f 457/325/525 436/326/526 435/327/527 458/328/528
f 445/329/529 448/330/530 617/331/531 616/332/532
f 323/333/533 283/334/534 626/335/535 625/336/536
f 866/337/537 898/338/538 897/339/539 867/340/540
f 407/341/541 400/342/542 305/343/543 408/344/544
f 320/345/545 262/346/546 312/347/547 321/348/548
f 701/349/549 263/350/550 313/351/551 702/352/552
s 4
f 820/353/553 523/354/554 581/355/555 821/356/556
s 2
f 373/357/557 509/358/558 508/359/559 374/360/560
s 20
f 532/361/561 535/362/562 534/363/563 533/364/564
f 536/365/565 539/366/566 538/367/567 537/368/568
s 2
f 380/369/569 496/370/570 610/371/571 609/372/572
s 8
f 1015/373/573 1018/374/574 1017/375/575 1016/376/576
s 24
f 1059/377/577 1058/378/578 1061/379/579 1060/380/580
s 6
f 470/381/581 467/382/582 2681/383/583 2682/384/584
s 4
f 371/385/585 315/386/586 584/387/587 583/388/588
s 27
f 2766/389/589 2765/390/590 2767/391/591 2768/392/592
f 2769/393/593 2766/389/589 2768/392/592 2770/394/594
s 6
f 890/395/595 476/396/596 477/306/506 891/305/505
f 472/397/597 471/398/598 467/382/582 470/381/581
s 4
f 523/354/554 820/353/553 1081/399/599 1082/400/600
s 7
f 947/401/601 948/402/602 932/310/510 933/309/509
s 24
f 1062/403/603 1063/404/604 1058/378/578 1059/377/577
s 5
f 950/405/605 949/406/606 928/302/502 929/301/501
s 2
f 431/407/607 254/408/608 291/409/609 432/410/610
f 402/411/611 405/412/612 404/413/613 403/414/614
s 4
f 590/415/615 818/416/616 817/417/617 295/418/618
s 31
f 925/419/619 297/420/620 628/421/621 926/422/622
s 4
f 281/423/623 578/424/624 1074/425/625 1075/426/626
s 7
f 951/427/627 961/428/628 952/429/629 1057/430/630
s 5
f 954/431/631 953/432/632 949/406/606 950/405/605
f 955/433/633 958/434/634 957/435/635 956/436/636
f 958/434/634 955/433/633 959/437/637 951/427/638
s 7
f 960/438/639 961/428/628 951/427/627 959/437/640
s 4
f 361/439/641 631/440/642 630/441/643 579/442/644
s 36
f 877/443/645 858/444/646 859/445/647 878/446/648
f 908/447/649 856/448/650 855/449/651 909/450/652
f 855/449/651 854/451/653 910/452/654 909/450/652
s 2
f 259/453/655 429/454/656 428/455/657 307/456/658
s 4
f 315/386/586 280/457/659 585/458/660 584/387/587
s 8
f 1017/375/575 1018/374/574 1014/459/661 1012/460/662
s 1
f 568/286/486 575/461/663 623/462/664 622/287/487
s 2
f 912/463/665 852/464/666 851/465/667 913/466/668
f 507/467/669 375/468/670 374/360/560 508/359/559
f 311/469/671 261/470/672 320/345/545 321/348/548
f 853/471/673 852/464/666 912/463/665 911/472/674
f 317/473/675 323/333/533 625/336/536 624/474/676
s 27
f 2765/390/590 2771/475/677 2772/476/678 2767/391/591
s 31
f 344/477/679 299/478/680 924/479/681 923/480/682
s 2
f 335/481/683 412/482/684 411/483/685 334/484/686
f 334/485/686 411/486/685 410/487/687 333/488/688
s 10
f 684/489/689 710/490/690 709/491/691 685/492/692
f 685/492/692 709/491/691 708/493/693 688/494/694
s 2
f 497/495/695 379/496/696 378/497/697 498/498/698
f 498/498/698 378/497/697 377/499/699 499/500/700
f 439/501/701 454/502/702 1940/503/703 1941/504/704
f 442/505/705 461/506/706 644/507/707 643/508/708
f 438/509/709 455/510/710 501/511/711 500/512/712
f 350/513/713 345/514/714 283/334/534 323/333/533
f 412/482/684 335/481/683 284/515/715 413/516/716
f 339/517/717 424/518/718 423/519/719 286/520/720
f 444/521/721 449/522/722 448/330/530 445/329/529
f 866/337/537 865/523/723 899/524/724 898/338/538
f 353/525/725 1944/526/726 1945/290/490 289/289/489
f 379/496/696 497/495/695 496/370/570 380/369/569
f 333/488/688 410/487/687 638/527/727 637/528/728
f 357/529/729 333/488/688 637/528/728 636/530/730
s 10
f 707/531/731 690/532/732 688/494/694 708/493/693
s 2
f 426/533/733 341/534/734 641/535/735 640/536/736
f 284/515/715 335/481/683 359/537/737 317/473/675
f 359/537/737 350/513/713 323/333/533 317/473/675
f 899/524/724 865/523/723 864/538/738 900/539/739
f 864/538/738 863/540/740 901/541/741 900/539/739
f 333/488/688 357/529/729 358/542/742 334/485/686
f 334/484/686 358/543/742 359/537/737 335/481/683
f 424/518/718 339/517/717 340/544/743 425/545/744
f 425/546/744 340/547/743 341/534/734 426/533/733
f 442/505/705 451/548/745 450/549/746 443/550/747
f 443/551/747 450/552/746 449/522/722 444/521/721
f 345/514/714 350/513/713 349/553/748 346/554/749
f 346/555/749 349/556/748 348/557/750 347/558/751
f 1943/559/752 1944/526/726 353/525/725 352/560/753
f 1942/561/754 1943/559/752 352/560/753 351/562/755
f 350/513/713 359/537/737 358/543/742 349/553/748
f 349/556/748 358/542/742 357/529/729 348/557/750
s 31
f 342/563/756 344/477/679 923/480/682 343/564/757
s 10
f 710/490/690 684/489/689 682/322/522 711/321/521
s 4
f 281/423/623 361/439/641 579/442/644 578/424/624
s 5
f 957/435/635 958/434/634 953/432/632 954/431/631
s 2
f 355/565/758 354/566/759 290/567/760 366/568/761
f 458/328/528 435/327/527 603/569/762 602/570/763
f 364/571/764 366/568/761 605/572/765 604/573/766
f 366/568/761 290/567/760 606/574/767 605/572/765
f 356/575/768 355/565/758 366/568/761 364/571/764
s 7
f 1019/576/769 1022/577/770 1021/578/771 1020/579/772
f 966/580/773 967/581/774 940/582/775 941/583/776
f 1023/584/777 1024/585/778 966/580/773 941/583/776
f 1021/578/771 1022/577/770 1026/586/779 1025/587/780
f 1027/588/781 1028/589/782 1015/373/783 1016/376/784
s 2
f 382/590/785 812/591/786 811/592/787 383/593/788
f 810/594/789 384/595/790 383/593/788 811/592/787
f 437/596/791 456/597/792 802/598/793 801/599/794
f 799/600/795 387/601/796 386/602/797 800/603/798
f 798/604/799 388/605/800 387/601/796 799/600/795
f 388/605/800 798/604/799 797/606/801 389/607/802
f 389/607/802 797/606/801 796/608/803 608/609/804
s 27
f 2773/610/805 2771/475/677 2765/390/590 2774/611/806
s 54
f 544/612/807 2487/613/808 2488/614/809 545/615/810
f 2490/616/811 2491/617/812 547/618/813 546/619/814
s 2
f 487/620/815 2495/621/816 2496/622/817 488/623/818
f 2497/624/819 2498/625/820 490/626/821 489/627/822
f 2498/625/820 2499/628/823 491/629/824 490/626/821
f 491/629/824 2499/628/823 2500/630/825 492/631/826
s 57
f 2124/632/827 2511/633/828 2512/634/829 2126/635/830
s 2
f 392/636/831 512/637/832 511/638/833 391/639/834
s 8
f 1029/640/835 1032/641/836 1031/642/837 1030/643/838
s 4
f 513/644/839 393/645/840 588/646/841 587/647/842
s 6
f 2558/648/843 2559/649/844 1113/650/845 1112/651/846
f 2559/649/844 2560/652/847 1114/653/848 1113/650/845
f 2561/654/849 2562/655/850 1116/656/851 1115/657/852
s 7
f 1033/658/853 1036/659/854 1035/660/855 1034/661/856
s 20
f 535/362/562 549/662/857 548/663/858 534/363/563
s 54
f 551/664/859 2486/665/860 2487/613/808 544/612/807
s 2
f 277/666/861 246/667/862 402/411/611 403/414/614
s 3
f 2077/668/863 2070/293/493 2072/296/496 2078/669/864
s 2
f 400/342/542 261/470/672 311/469/671 305/343/543
s 3
f 2069/294/494 2079/670/865 2080/671/866 2071/295/495
s 2
f 405/412/612 251/672/867 292/673/868 404/413/613
s 54
f 2488/614/809 2489/674/869 553/675/870 545/615/810
s 20
f 555/676/871 554/677/872 532/361/561 533/364/564
s 2
f 303/678/873 260/679/874 407/341/541 408/344/544
s 36
f 907/680/875 857/681/876 856/448/650 908/447/649
s 2
f 410/487/687 338/682/877 639/683/878 638/527/727
f 411/486/685 337/684/879 338/682/877 410/487/687
f 412/482/684 336/685/880 337/686/879 411/483/685
f 336/685/880 412/482/684 413/516/716 285/687/881
s 1
f 576/688/882 569/285/485 621/288/488 620/689/883
s 10
f 682/322/522 720/690/884 719/691/885 681/323/523
f 684/489/689 721/692/886 720/690/884 682/322/522
f 721/692/886 684/489/689 685/492/692 722/693/887
f 722/693/887 685/492/692 688/494/694 723/694/888
f 690/532/732 724/695/889 723/694/888 688/494/694
s 2
f 440/696/890 453/697/891 452/698/892 441/699/893
f 419/700/894 331/701/895 330/702/896 418/703/897
f 420/704/898 332/705/899 331/701/895 419/700/894
f 421/706/900 288/707/901 332/705/899 420/704/898
f 288/707/901 421/706/900 613/708/902 612/709/903
s 36
f 858/444/646 906/710/904 905/711/905 859/445/647
s 1
f 573/712/906 576/688/882 620/689/883 619/713/907
s 2
f 424/518/718 336/685/880 285/687/881 423/519/719
f 336/685/880 424/518/718 425/545/744 337/686/879
f 337/684/879 425/546/744 426/533/733 338/682/877
f 338/682/877 426/533/733 640/536/736 639/683/878
s 36
f 906/710/904 858/444/646 857/681/876 907/680/875
f 857/681/876 858/444/646 877/443/645 876/714/908
s 2
f 429/454/656 260/679/874 303/678/873 428/455/657
s 20
f 538/367/567 554/677/872 555/676/871 537/368/568
s 54
f 553/675/870 2489/674/869 2490/616/811 546/619/814
s 2
f 251/672/867 431/407/607 432/410/610 292/673/868
s 3
f 2079/670/865 2076/317/517 2075/320/520 2080/671/866
s 2
f 435/327/527 364/571/764 604/573/766 603/569/762
f 436/326/526 356/575/768 364/571/764 435/327/527
f 2496/622/817 2497/624/819 489/627/822 488/623/818
f 800/603/798 386/602/797 437/596/791 801/599/794
f 499/500/700 377/499/699 438/509/709 500/512/712
f 1941/504/704 1942/561/754 351/562/755 439/501/701
f 418/703/897 330/702/896 440/696/890 441/699/893
f 461/506/706 442/505/705 443/550/747 462/715/909
f 462/716/909 443/551/747 444/521/721 463/717/910
f 463/717/910 444/521/721 445/329/529 464/718/911
f 464/718/911 445/329/529 616/332/532 615/719/912
f 448/330/530 286/520/720 618/720/913 617/331/531
f 449/522/722 339/517/717 286/520/720 448/330/530
f 450/552/746 340/544/743 339/517/717 449/522/722
f 451/548/745 341/534/734 340/547/743 450/549/746
f 641/535/735 341/534/734 451/548/745 642/721/914
f 453/697/891 259/453/655 307/456/658 452/698/892
f 454/502/702 272/722/915 1939/723/916 1940/503/703
f 455/510/710 376/724/917 502/725/918 501/511/711
f 456/597/792 385/726/919 803/727/920 802/598/793
f 486/728/921 2494/729/922 2495/621/816 487/620/815
f 291/409/609 254/408/608 457/325/525 458/328/528
f 291/409/609 458/328/528 602/570/763 601/730/923
f 861/731/924 860/732/925 904/733/926 903/734/927
f 902/735/928 862/736/929 861/731/924 903/734/927
f 863/540/740 862/736/929 902/735/928 901/541/741
f 442/505/705 643/508/708 642/721/914 451/548/745
f 644/507/707 461/506/706 462/715/909 645/737/930
f 645/737/930 462/716/909 463/717/910 646/738/931
f 646/738/931 463/717/910 464/718/911 647/739/932
f 647/739/932 464/718/911 615/719/912 648/740/933
s 7
f 1026/586/779 1024/585/778 1023/584/777 1025/587/780
s 4
f 2557/741/934 2558/742/935 1112/743/936 1111/744/937
s 2
f 402/745/611 246/746/862 481/747/938 482/748/939
f 405/749/612 402/745/611 482/748/939 483/750/940
f 484/751/941 251/752/867 405/749/612 483/750/940
f 431/753/607 251/752/867 484/751/941 485/754/942
f 486/728/921 254/755/608 431/753/607 485/754/942
f 457/756/525 254/755/608 486/728/921 487/620/815
f 436/757/526 457/756/525 487/620/815 488/623/818
f 489/627/822 356/758/768 436/757/526 488/623/818
f 490/626/821 355/759/758 356/758/768 489/627/822
f 491/629/824 354/566/759 355/759/758 490/626/821
f 290/567/760 354/566/759 491/629/824 492/631/826
s 57
f 2128/760/943 2124/632/827 2126/635/830 2127/761/944
s 2
f 496/370/570 289/289/489 611/292/492 610/371/571
f 497/495/695 353/525/725 289/289/489 496/370/570
f 353/525/725 497/495/695 498/498/698 352/560/753
f 352/560/753 498/498/698 499/500/700 351/562/755
f 351/562/755 499/500/700 500/512/712 439/501/701
f 501/511/711 454/502/702 439/501/701 500/512/712
f 502/725/918 272/722/915 454/502/702 501/511/711
f 272/722/915 502/725/918 503/762/945 430/763/946
f 504/764/947 271/765/948 430/763/946 503/762/945
f 271/765/948 504/764/947 505/766/949 406/767/950
f 506/768/951 401/769/952 406/767/950 505/766/949
f 507/467/669 270/770/953 401/769/952 506/768/951
f 270/770/953 507/467/669 508/359/559 319/771/954
f 509/358/558 269/772/955 319/771/954 508/359/559
f 510/773/956 268/774/957 700/775/958 699/776/959
f 268/774/957 510/773/956 511/638/833 275/777/960
f 512/637/832 267/778/961 275/777/960 511/638/833
s 8
f 1013/315/515 1029/640/835 1030/643/838 1011/316/516
s 4
f 279/298/498 513/644/839 587/647/842 586/299/499
s 67
f 519/779/962 515/780/963 1083/781/964 1084/782/965
f 517/783/966 516/784/967 1088/785/968 1089/786/969
f 530/787/970 514/788/971 1091/789/972 1092/790/973
f 521/791/974 519/779/962 1084/782/965 1085/792/975
f 514/788/971 518/793/976 1090/794/977 1091/789/972
f 518/793/976 517/783/966 1089/786/969 1090/794/977
f 520/795/978 521/791/974 1085/792/975 1086/796/979
s 70
f 845/797/980 523/354/981 515/780/982 846/798/983
s 31
f 299/478/680 297/420/620 925/419/619 924/479/681
s 70
f 846/798/983 515/780/982 519/779/984 847/799/985
f 848/800/986 847/799/985 519/779/984 521/791/987
f 848/800/986 521/791/987 520/795/988 849/801/989
s 71
f 525/802/990 524/803/991 1100/804/992 1101/805/993
f 529/806/994 528/807/995 1107/808/996 1108/809/997
f 527/810/998 894/811/999 1102/812/1000 1103/813/1001
f 524/803/991 293/814/1002 1099/815/1003 1100/804/992
f 896/816/1004 526/817/1005 1105/818/1006 1106/819/1007
f 276/820/1008 295/418/1009 529/806/994 1108/809/997
s 4
f 530/787/1010 371/385/585 583/388/588 582/821/1011
f 523/354/554 845/797/1012 844/822/1013 581/355/555
s 74
f 895/823/1014 814/824/1015 526/817/1016 896/816/1017
f 815/825/1018 528/807/1019 529/806/1020 816/826/1021
f 295/418/1022 817/417/1023 816/826/1021 529/806/1020
s 75
f 2340/827/1024 2341/828/1025 2342/829/1026 2343/830/1027
f 2344/831/1028 2345/832/1029 2346/833/1030 2347/834/1031
f 2348/835/1032 2349/836/1033 2345/832/1029 2344/831/1028
s 77
f 2396/837/1034 2397/838/1035 2398/839/1036 2399/840/1037
f 2400/841/1038 2401/842/1039 2402/843/1040 2403/844/1041
f 2403/844/1041 2402/843/1040 2492/845/1042 2493/846/1043
s 75
f 2343/830/1027 2342/829/1026 2350/847/1044 2351/848/1045
f 2351/848/1045 2350/847/1044 2352/849/1046 2353/850/1047
s 77
f 2406/851/1048 2407/852/1049 2397/838/1035 2396/837/1034
f 2484/853/1050 2485/854/1051 2407/852/1049 2406/851/1048
f 2399/840/1037 2398/839/1036 2410/855/1052 2411/856/1053
s 75
f 2354/857/1054 2355/858/1055 2341/828/1025 2340/827/1024
f 2347/834/1031 2346/833/1030 2355/858/1055 2354/857/1054
s 77
f 2411/856/1053 2410/855/1052 2401/842/1039 2400/841/1038
s 79
f 2245/859/1056 2244/860/1057 2246/861/1058 2247/862/1059
f 2248/863/1060 2249/864/1061 2250/865/1062 2251/866/1063
f 2252/867/1064 2253/868/1065 2254/869/1066 2255/870/1067
f 2255/870/1067 2254/869/1066 2256/871/1068 2257/872/1069
f 2259/873/1070 2258/874/1071 2260/875/1072 2261/876/1073
f 2262/877/1074 2263/878/1075 2264/879/1076 2265/880/1077
f 2265/880/1077 2264/879/1076 2266/881/1078 2267/882/1079
f 2267/882/1079 2266/881/1078 2268/883/1080 2269/884/1081
f 2270/885/1082 2271/886/1083 2253/868/1065 2252/867/1064
f 2272/887/1084 2273/888/1085 2274/889/1086 2275/890/1087
f 2244/860/1057 2276/891/1088 2277/892/1089 2246/861/1058
f 2275/890/1087 2274/889/1086 2271/886/1083 2270/885/1082
f 2269/884/1081 2268/883/1080 2250/865/1062 2249/864/1061
s 85
f 878/446/1090 859/445/1091 2244/860/1092 2245/859/1093
f 557/893/1094 556/894/1095 2251/866/1096 2250/865/1097
f 561/895/1098 562/896/1099 2264/879/1100 2263/878/1101
f 562/896/1099 563/897/1102 2266/881/1103 2264/879/1100
f 563/897/1102 564/898/1104 2268/883/1105 2266/881/1103
f 567/899/1106 566/900/1107 2274/889/1108 2273/888/1109
f 859/445/1091 905/711/1110 2276/891/1111 2244/860/1092
f 566/900/1107 565/901/1112 2271/886/1113 2274/889/1108
f 564/898/1104 557/893/1094 2250/865/1097 2268/883/1105
s 88
f 2205/902/1114 2206/903/1115 2207/904/1116 2208/905/1117
f 2209/906/1118 2210/907/1119 2211/908/1120 2212/909/1121
f 2212/909/1121 2211/908/1120 2213/910/1122 2214/911/1123
f 2215/912/1124 2217/913/1125 2218/914/1126 2216/915/1127
f 2217/913/1125 2215/912/1124 2206/903/1115 2205/902/1114
f 2208/905/1117 2207/904/1116 2219/916/1128 2220/917/1129
f 2220/917/1129 2219/916/1128 2210/907/1119 2209/906/1118
s 90
f 2216/915/1130 623/462/1131 575/461/1132 2215/912/1133
s 4
f 362/918/1134 247/919/1135 578/424/624 579/442/644
f 629/920/1136 362/918/1134 579/442/644 630/441/643
f 581/355/555 522/921/1137 822/922/1138 821/356/556
f 843/923/1139 522/921/1137 581/355/555 844/822/1013
f 372/924/1140 531/925/1141 582/821/1011 583/388/588
f 583/388/588 584/387/587 314/926/1142 372/924/1140
f 585/458/660 265/927/1143 314/926/1142 584/387/587
f 586/299/499 266/928/1144 1977/929/1145 1978/300/500
f 494/930/1146 266/928/1144 586/299/499 587/647/842
f 394/931/1147 494/930/1146 587/647/842 588/646/841
f 296/932/1148 819/933/1149 818/416/616 590/415/615
f 2555/934/1150 2556/935/1151 1110/936/1152 1109/937/1153
f 593/938/1154 480/939/1155 248/940/1156 592/941/1157
s 6
f 480/942/1158 593/943/1159 594/944/1160 469/945/1161
f 595/946/1162 468/947/1163 469/945/1161 594/944/1160
s 2
f 597/948/1164 598/949/1165 257/950/1166 414/951/1167
f 325/952/1168 257/950/1166 598/949/1165 599/953/1169
f 600/954/1170 249/955/1171 325/952/1168 599/953/1169
s 3
f 2081/956/1172 2078/669/864 2072/296/496 2082/957/1173
f 2071/295/495 2083/958/1174 2082/957/1173 2072/296/496
f 2080/671/866 2084/959/1175 2083/958/1174 2071/295/495
f 2085/960/1176 2084/959/1175 2080/671/866 2075/320/520
f 2073/319/519 2086/961/1177 2085/960/1176 2075/320/520
s 2
f 602/570/763 446/962/1178 253/963/1179 601/730/923
f 603/569/762 434/964/1180 446/962/1178 602/570/763
f 604/573/766 363/965/1181 434/964/1180 603/569/762
f 365/966/1182 363/965/1181 604/573/766 605/572/765
f 606/574/767 250/967/1183 365/966/1182 605/572/765
f 250/967/1183 606/574/767 607/968/1184 493/969/1185
f 608/609/804 390/970/1186 493/969/1185 607/968/1184
f 795/971/1187 390/970/1186 608/609/804 796/608/803
f 610/371/571 495/972/1188 381/973/1189 609/372/572
f 611/292/492 273/974/1190 495/972/1188 610/371/571
f 1946/291/491 1947/975/1191 273/974/1190 611/292/492
f 422/976/1192 258/977/1193 612/709/903 613/708/902
s 95
f 2052/978/1194 2051/979/1195 2053/980/1196 2054/981/1197
f 2055/982/1198 2056/983/1199 2057/984/1200 2058/985/1201
s 2
f 616/332/532 433/986/1202 465/987/1203 615/719/912
f 617/331/531 447/988/1204 433/986/1202 616/332/532
f 618/720/913 255/989/1205 447/988/1204 617/331/531
s 88
f 2213/910/1122 2221/990/1206 2222/991/1207 2214/911/1123
s 1
f 620/689/883 577/992/1208 572/993/1209 619/713/907
f 570/994/1210 577/992/1208 620/689/883 621/288/488
f 622/287/487 571/995/1211 570/994/1210 621/288/488
f 571/995/1211 622/287/487 623/462/664 574/996/1212
s 90
f 574/996/1213 623/462/1131 2216/915/1130 2224/997/1214
s 88
f 2223/998/1215 2224/997/1216 2216/915/1127 2218/914/1126
s 2
f 625/336/536 324/999/1217 318/1000/1218 624/474/676
f 626/335/535 256/1001/1219 324/999/1217 625/336/536
s 97
f 746/1002/1220 745/1003/1221 748/1004/1222 747/1005/1223
s 98
f 750/1006/1224 749/1007/1225 752/1008/1226 751/1009/1227
s 31
f 628/421/621 298/1010/1228 927/1011/1229 926/422/622
s 5
f 930/304/504 931/303/503 982/1012/1230 981/1013/1231
s 24
f 1061/379/579 1065/1014/1232 1064/1015/1233 1060/380/580
s 7
f 934/312/512 935/311/511 984/1016/1234 983/1017/1235
s 4
f 578/424/624 247/919/1135 1073/1018/1236 1074/425/625
f 580/1019/1237 302/1020/1238 629/920/1136 630/441/643
f 631/440/642 301/1021/1239 580/1019/1237 630/441/643
s 7
f 986/1022/1240 960/438/639 959/437/640 985/1023/1241
s 5
f 955/433/633 987/1024/1242 985/1023/1243 959/437/637
f 987/1024/1242 955/433/633 956/436/636 988/1025/1244
s 2
f 415/1026/1245 728/1027/1246 727/1028/1247 633/1029/1248
f 638/527/727 409/1030/1249 308/1031/1250 637/528/728
f 639/683/878 304/1032/1251 409/1030/1249 638/527/727
f 640/536/736 427/1033/1252 304/1032/1251 639/683/878
f 641/535/735 306/1034/1253 427/1033/1252 640/536/736
f 306/1034/1253 641/535/735 642/721/914 459/1035/1254
f 643/508/708 460/1036/1255 459/1035/1254 642/721/914
f 644/507/707 327/1037/1256 460/1036/1255 643/508/708
f 327/1037/1256 644/507/707 645/737/930 328/1038/1257
f 328/1038/1257 645/737/930 646/738/931 329/1039/1258
f 287/1040/1259 329/1039/1258 646/738/931 647/739/932
f 287/1040/1259 647/739/932 648/740/933 614/1041/1260
s 95
f 2059/1042/1261 2060/1043/1262 2055/982/1198 2058/985/1201
s 100
f 761/1044/1263 764/1045/1264 763/1046/1265 762/1047/1266
f 767/1048/1267 770/1049/1268 769/1050/1269 768/1051/1270
f 771/1052/1271 772/1053/1272 770/1049/1268 767/1048/1267
f 773/1054/1273 776/1055/1274 775/1056/1275 774/1057/1276
f 771/1052/1271 777/1058/1277 778/1059/1278 772/1053/1272
f 768/1051/1270 769/1050/1269 764/1045/1264 761/1044/1263
f 783/1060/1279 781/1061/1280 782/1062/1281 784/1063/1282
f 781/1061/1280 783/1060/1279 786/1064/1283 785/1065/1284
f 785/1065/1284 786/1064/1283 788/1066/1285 787/1067/1286
f 787/1067/1286 788/1066/1285 790/1068/1287 789/1069/1288
f 791/1070/1289 776/1055/1274 773/1054/1273 792/1071/1290
f 794/1072/1291 793/1073/1292 789/1069/1288 790/1068/1287
f 762/1047/1266 763/1046/1265 766/1074/1293 765/1075/1294
f 779/1076/1295 780/1077/1296 784/1063/1282 782/1062/1281
s 104
f 650/1078/1297 714/1079/1298 713/1080/1299 667/1081/1300
f 666/1082/1301 649/1083/1302 651/1084/1303 668/1085/1304
f 655/1086/1305 654/1087/1306 669/1088/1307 670/1089/1308
f 654/1087/1306 656/1090/1309 671/1091/1310 669/1088/1307
f 705/1092/1311 657/1093/1312 672/1094/1313 706/1095/1314
f 656/1090/1309 658/1096/1315 673/1097/1316 671/1091/1310
f 651/1084/1303 655/1086/1305 670/1089/1308 668/1085/1304
f 717/1098/1317 650/1078/1297 667/1081/1300 718/1099/1318
f 660/1100/1319 661/1101/1320 675/1102/1321 674/1103/1322
f 662/1104/1323 660/1100/1319 674/1103/1322 676/1105/1324
f 663/1106/1325 662/1104/1323 676/1105/1324 677/1107/1326
f 664/1108/1327 663/1106/1325 677/1107/1326 678/1109/1328
f 657/1093/1312 726/1110/1329 725/1111/1330 672/1094/1313
f 665/1112/1331 664/1108/1327 678/1109/1328 679/1113/1332
s 107
f 667/1081/1333 713/1080/1334 712/324/1335 681/323/1336
f 680/1114/1337 666/1082/1338 668/1085/1339 683/1115/1340
f 670/1089/1341 669/1088/1342 686/1116/1343 687/1117/1344
f 669/1088/1342 671/1091/1345 689/1118/1346 686/1116/1343
f 706/1095/1347 672/1094/1348 690/532/1349 707/531/1350
f 671/1091/1345 673/1097/1351 691/1119/1352 689/1118/1346
f 668/1085/1339 670/1089/1341 687/1117/1344 683/1115/1340
f 718/1099/1353 667/1081/1333 681/323/1336 719/691/1354
f 674/1103/1355 675/1102/1356 693/1120/1357 692/1121/1358
f 676/1105/1359 674/1103/1355 692/1121/1358 694/1122/1360
f 677/1107/1361 676/1105/1359 694/1122/1360 695/1123/1362
f 678/1109/1363 677/1107/1361 695/1123/1362 696/1124/1364
f 672/1094/1348 725/1111/1365 724/695/1366 690/532/1349
f 679/1113/1367 678/1109/1363 696/1124/1364 697/1125/1368
s 2
f 915/1126/1369 698/1127/1370 699/776/959 916/1128/1371
f 916/1128/1371 699/776/959 700/775/958 917/1129/1372
f 918/1130/1373 701/349/549 702/352/552 919/1131/1374
f 850/1132/1375 921/1133/1376 920/1134/1377 368/1135/1378
f 921/1133/1376 850/1132/1375 367/1136/1379 922/1137/1380
s 100
f 777/1058/1277 774/1057/1276 775/1056/1275 778/1059/1278
s 104
f 658/1096/1315 705/1092/1311 706/1095/1314 673/1097/1316
s 107
f 673/1097/1351 706/1095/1347 707/531/1350 691/1119/1352
s 10
f 707/531/731 708/493/693 689/1118/1381 691/1119/1382
f 708/493/693 709/491/691 686/1116/1383 689/1118/1381
f 709/491/691 710/490/690 687/1117/1384 686/1116/1383
f 710/490/690 711/321/521 683/1115/1385 687/1117/1384
f 711/321/521 712/324/524 680/1114/1386 683/1115/1385
s 107
f 713/1080/1334 666/1082/1338 680/1114/1337 712/324/1335
s 104
f 714/1079/1298 649/1083/1302 666/1082/1301 713/1080/1299
s 112
f 753/1138/1387 754/1139/1388 756/1140/1389 755/1141/1390
s 113
f 757/1142/1391 759/1143/1392 760/1144/1393 758/1145/1394
s 104
f 661/1101/1320 717/1098/1317 718/1099/1318 675/1102/1321
s 107
f 675/1102/1356 718/1099/1353 719/691/1354 693/1120/1357
s 10
f 719/691/885 720/690/884 692/1121/1395 693/1120/1396
f 720/690/884 721/692/886 694/1122/1397 692/1121/1395
f 721/692/886 722/693/887 695/1123/1398 694/1122/1397
f 722/693/887 723/694/888 696/1124/1399 695/1123/1398
f 723/694/888 724/695/889 697/1125/1400 696/1124/1399
s 107
f 725/1111/1365 679/1113/1367 697/1125/1368 724/695/1366
s 104
f 726/1110/1329 665/1112/1331 679/1113/1332 725/1111/1330
s 100
f 791/1070/1289 792/1071/1290 793/1073/1292 794/1072/1291
s 114
f 715/1146/1401 730/1147/1402 729/1148/1403 714/1079/1404
f 714/1079/1404 729/1148/1403 731/1149/1405 649/1083/1406
f 649/1083/1406 731/1149/1405 732/1150/1407 653/1151/1408
f 652/1152/1409 734/1153/1410 735/1154/1411 650/1078/1412
f 650/1078/1412 735/1154/1411 736/1155/1413 714/1079/1404
f 714/1079/1404 736/1155/1413 733/1156/1414 715/1146/1401
f 716/1157/1415 738/1158/1416 739/1159/1417 717/1098/1418
f 717/1098/1418 739/1159/1417 740/1160/1419 650/1078/1412
f 650/1078/1412 740/1160/1419 737/1161/1420 652/1152/1409
f 743/1162/1421 717/1098/1418 661/1101/1422 744/1163/1423
f 717/1098/1418 743/1162/1421 741/1164/1424 716/1157/1415
f 659/1165/1425 742/1166/1426 744/1163/1423 661/1101/1422
s 117
f 734/1153/1427 746/1002/1428 747/1005/1429 735/1154/1430
f 735/1154/1430 747/1005/1429 748/1004/1431 736/1155/1432
f 736/1155/1432 748/1004/1431 745/1003/1433 733/1156/1434
s 118
f 738/1158/1435 750/1006/1436 751/1009/1437 739/1159/1438
f 739/1159/1438 751/1009/1437 752/1008/1439 740/1160/1440
f 740/1160/1440 752/1008/1439 749/1007/1441 737/1161/1442
s 119
f 730/1147/1443 754/1139/1444 753/1138/1445 729/1148/1446
f 729/1148/1446 753/1138/1445 755/1141/1447 731/1149/1448
f 731/1149/1448 755/1141/1447 756/1140/1449 732/1150/1450
s 113
f 759/1143/1451 743/1162/1452 744/1163/1453 760/1144/1393
f 743/1162/1452 759/1143/1451 757/1142/1454 741/1164/1455
f 742/1166/1456 758/1145/1394 760/1144/1393 744/1163/1453
s 2
f 283/1167/534 761/1044/1457 762/1047/1458 626/1168/535
s 121
f 649/1083/1459 763/1046/1460 764/1045/1461 651/1084/1462
s 2
f 346/1169/749 767/1048/1463 768/1051/1464 345/1170/714
s 121
f 769/1050/1465 770/1049/1466 654/1087/1467 655/1086/1468
s 2
f 347/1171/751 771/1052/1469 767/1048/1463 346/1169/749
s 121
f 770/1049/1466 772/1053/1470 656/1090/1471 654/1087/1467
f 775/1056/1472 776/1055/1473 657/1093/1474 705/1092/1475
f 772/1053/1470 778/1059/1476 658/1096/1477 656/1090/1471
s 2
f 345/1170/714 768/1051/1464 761/1044/1457 283/1167/534
s 121
f 764/1045/1461 769/1050/1465 655/1086/1468 651/1084/1462
s 2
f 781/1061/1478 282/1172/1479 627/1173/1480 782/1062/1481
s 121
f 783/1060/1482 784/1063/1483 661/1101/1484 660/1100/1485
s 2
f 282/1172/1479 781/1061/1478 785/1065/1486 360/1174/1487
s 121
f 786/1064/1488 783/1060/1482 660/1100/1485 662/1104/1489
s 2
f 360/1174/1487 785/1065/1486 787/1067/1490 343/1175/1491
s 121
f 788/1066/1492 786/1064/1488 662/1104/1489 663/1106/1493
s 2
f 343/1175/1491 787/1067/1490 789/1069/1494 342/1176/1495
s 121
f 790/1068/1496 788/1066/1492 663/1106/1493 664/1108/1497
s 2
f 633/1177/1498 727/1178/1499 792/1071/1500 773/1054/1501
s 121
f 776/1055/1473 791/1070/1502 726/1110/1503 657/1093/1474
f 794/1072/1504 790/1068/1496 664/1108/1497 665/1112/1505
s 2
f 626/1168/535 762/1047/1458 765/1075/1506 256/1179/1219
s 121
f 766/1074/1507 763/1046/1460 649/1083/1459 653/1151/1508
s 2
f 252/1180/1509 779/1076/1510 782/1062/1481 627/1173/1480
s 121
f 784/1063/1483 780/1077/1511 659/1165/1512 661/1101/1484
f 778/1059/1476 775/1056/1472 705/1092/1475 658/1096/1477
s 2
f 727/1178/1499 632/1181/1513 793/1073/1514 792/1071/1500
s 121
f 791/1070/1502 794/1072/1504 665/1112/1505 726/1110/1503
s 2
f 609/372/572 381/973/1189 795/971/1187 796/608/803
f 797/606/801 380/369/569 609/372/572 796/608/803
f 798/604/799 379/496/696 380/369/569 797/606/801
f 379/496/696 798/604/799 799/600/795 378/497/697
f 378/497/697 799/600/795 800/603/798 377/499/699
f 377/499/699 800/603/798 801/599/794 438/509/709
f 802/598/793 455/510/710 438/509/709 801/599/794
f 803/727/920 376/724/917 455/510/710 802/598/793
s 75
f 2356/1182/1515 2349/836/1033 2348/835/1032 2357/1183/1516
s 20
f 539/366/566 804/1184/1517 805/1185/1518 538/367/567
f 806/1186/1519 554/677/872 538/367/567 805/1185/1518
f 554/677/872 806/1186/1519 807/1187/1520 532/361/561
f 808/1188/1521 535/362/562 532/361/561 807/1187/1520
f 809/1189/1522 549/662/857 535/362/562 808/1188/1521
s 75
f 2353/850/1047 2352/849/1046 2358/1190/1523 2359/1191/1524
s 2
f 375/468/670 810/594/789 811/592/787 374/360/560
f 812/591/786 373/357/557 374/360/560 811/592/787
f 914/1192/1525 813/1193/1526 698/1127/1370 915/1126/1369
s 74
f 814/824/1015 895/823/1014 894/811/1527 527/810/1528
f 525/802/1529 815/825/1018 816/826/1021 524/803/1530
f 816/826/1021 817/417/1023 293/814/1531 524/803/1530
s 4
f 818/416/616 589/1194/1532 293/814/1533 817/417/617
f 819/933/1149 294/1195/1534 589/1194/1532 818/416/616
s 75
f 2357/1183/1516 2360/1196/1535 2361/1197/1536 2356/1182/1515
f 2362/1198/1537 2359/1191/1524 2358/1190/1523 2363/1199/1538
f 2364/1200/1539 2362/1198/1537 2363/1199/1538 2365/1201/1540
f 2366/1202/1541 2364/1200/1539 2365/1201/1540 2367/1203/1542
f 2360/1196/1535 2366/1202/1541 2367/1203/1542 2361/1197/1536
s 127
f 805/1185/1543 804/1184/1544 2356/1182/1545 2361/1197/1546
f 806/1186/1547 805/1185/1543 2361/1197/1546 2367/1203/1548
f 807/1187/1549 806/1186/1547 2367/1203/1548 2365/1201/1550
f 808/1188/1551 807/1187/1549 2365/1201/1550 2363/1199/1552
f 809/1189/1553 808/1188/1551 2363/1199/1552 2358/1190/1554
s 5
f 987/1024/1242 946/1204/1555 941/583/1556 985/1023/1243
s 7
f 941/583/776 940/582/775 986/1022/1240 985/1023/1241
s 4
f 301/1021/1239 820/353/553 821/356/556 580/1019/1237
f 822/922/1138 302/1020/1238 580/1019/1237 821/356/556
s 95
f 2059/1042/1261 2061/1205/1557 2062/1206/1558 2060/1043/1262
s 2
f 824/1207/1559 287/1040/1259 614/1041/1260 823/1208/1560
f 287/1040/1259 824/1207/1559 825/1209/1561 329/1039/1258
f 329/1039/1258 825/1209/1561 826/1210/1562 328/1038/1257
f 328/1038/1257 826/1210/1562 827/1211/1563 327/1037/1256
f 327/1037/1256 827/1211/1563 828/1212/1564 460/1036/1255
f 829/1213/1565 459/1035/1254 460/1036/1255 828/1212/1564
f 830/1214/1566 306/1034/1253 459/1035/1254 829/1213/1565
s 79
f 2273/888/1085 2272/887/1084 2278/1215/1567 2279/1216/1568
s 85
f 831/1217/1569 567/899/1106 2273/888/1109 2279/1216/1570
s 36
f 566/900/1571 567/899/1572 831/1217/1573 832/1218/1574
f 833/1219/1575 565/901/1576 566/900/1571 832/1218/1574
f 565/901/1576 833/1219/1575 834/1220/1577 558/1221/1578
f 835/1222/1579 559/1223/1580 558/1221/1578 834/1220/1577
f 559/1223/1580 835/1222/1579 836/1224/1581 560/1225/1582
s 79
f 2257/872/1069 2256/871/1068 2280/1226/1583 2281/1227/1584
s 2
f 838/1228/1585 322/1229/1586 310/1230/1587 837/1231/1588
f 309/1232/1589 839/1233/1590 840/1234/1591 703/1235/1592
f 841/1236/1593 415/1026/1245 703/1235/1592 840/1234/1591
f 842/1237/1594 728/1027/1246 415/1026/1245 841/1236/1593
f 466/1238/1595 300/1239/1596 728/1027/1246 842/1237/1594
s 5
f 969/1240/1597 946/1204/1555 987/1024/1242 988/1025/1244
s 4
f 582/821/1011 531/925/1141 843/923/1139 844/822/1013
f 845/797/1012 530/787/1010 582/821/1011 844/822/1013
s 70
f 530/787/1598 845/797/980 846/798/983 514/788/1599
f 514/788/1599 846/798/983 847/799/985 518/793/1600
f 517/783/1601 518/793/1600 847/799/985 848/800/986
f 517/783/1601 848/800/986 849/801/989 516/784/1602
s 7
f 1033/658/853 1019/576/769 1020/579/772 1036/659/854
s 2
f 852/464/666 871/1241/1603 870/1242/1604 851/465/667
f 872/1243/1605 871/1241/1603 852/464/666 853/471/673
s 79
f 2283/1244/1606 2282/1245/1607 2258/874/1071 2259/873/1070
s 36
f 874/1246/1608 873/1247/1609 854/451/653 855/449/651
f 856/448/650 875/1248/1610 874/1246/1608 855/449/651
f 857/681/876 876/714/908 875/1248/1610 856/448/650
s 2
f 880/1249/1611 879/1250/1612 860/732/925 861/731/924
f 862/736/929 881/1251/1613 880/1249/1611 861/731/924
f 882/1252/1614 881/1251/1613 862/736/929 863/540/740
f 883/1253/1615 882/1252/1614 863/540/740 864/538/738
f 865/523/723 884/1254/1616 883/1253/1615 864/538/738
f 885/1255/1617 884/1254/1616 865/523/723 866/337/537
f 885/1255/1617 866/337/537 867/340/540 886/1256/1618
f 887/1257/1619 886/1256/1618 867/340/540 868/1258/1620
s 7
f 1028/589/782 1038/1259/1621 1037/1260/1622 1015/373/783
s 2
f 264/1261/1623 316/1262/1624 869/1263/1625 274/1264/1626
f 869/1263/1625 313/351/551 263/350/550 274/1264/1626
s 7
f 1035/660/855 1037/1260/1622 1038/1259/1621 1034/661/856
s 2
f 313/351/551 869/1263/1625 369/1265/1627 399/1266/1628
f 369/1265/1627 869/1263/1625 316/1262/1624 370/1267/1629
f 919/1131/1374 702/352/552 368/1135/1378 920/1134/1377
f 321/348/548 312/347/547 870/1242/1604 871/1241/1603
f 311/469/671 321/348/548 871/1241/1603 872/1243/1605
s 79
f 2283/1244/1606 2263/878/1075 2262/877/1074 2282/1245/1607
s 36
f 874/1246/1608 562/896/1630 561/895/1631 873/1247/1609
f 563/897/1632 562/896/1630 874/1246/1608 875/1248/1610
f 876/714/908 564/898/1633 563/897/1632 875/1248/1610
f 557/893/1634 564/898/1633 876/714/908 877/443/645
f 556/894/1635 557/893/1634 877/443/645 878/446/648
s 85
f 556/894/1095 878/446/1090 2245/859/1093 2251/866/1096
s 79
f 2248/863/1060 2251/866/1063 2245/859/1056 2247/862/1059
s 2
f 452/698/892 307/456/658 879/1250/1612 880/1249/1611
f 441/699/893 452/698/892 880/1249/1611 881/1251/1613
f 882/1252/1614 418/703/897 441/699/893 881/1251/1613
f 883/1253/1615 419/700/894 418/703/897 882/1252/1614
f 884/1254/1616 420/704/898 419/700/894 883/1253/1615
f 885/1255/1617 421/706/900 420/704/898 884/1254/1616
f 421/706/900 885/1255/1617 886/1256/1618 613/708/902
f 887/1257/1619 422/976/1192 613/708/902 886/1256/1618
f 510/773/956 888/1268/1636 391/639/834 511/638/833
s 130
f 1039/1269/1637 1042/1270/1638 1041/1271/1639 1040/1272/1640
f 1043/1273/1641 1044/1274/1642 1031/642/1643 1032/641/1644
f 1045/1275/1645 1046/1276/1646 1043/1273/1641 1032/641/1644
f 1041/1271/1639 1042/1270/1638 1048/1277/1647 1047/1278/1648
f 1002/1279/1649 1050/1280/1650 1049/1281/1651 1001/1282/1652
f 1051/1283/1653 1054/1284/1654 1053/1285/1655 1052/1286/1656
f 1048/1277/1647 1046/1276/1646 1045/1275/1645 1047/1278/1648
s 4
f 293/814/1533 589/1194/1532 588/646/841 393/645/840
f 293/814/1533 393/645/840 1098/1287/1657 1099/815/1658
f 396/1288/1659 295/418/618 276/820/1660 397/1289/1661
f 591/1290/1662 590/415/615 295/418/618 396/1288/1659
f 589/1194/1532 294/1195/1534 394/931/1147 588/646/841
f 395/1291/1663 296/932/1148 590/415/615 591/1290/1662
s 130
f 1051/1283/1653 1039/1269/1637 1040/1272/1640 1054/1284/1654
f 1050/1280/1650 1056/1292/1664 1055/1293/1665 1049/1281/1651
f 1053/1285/1655 1055/1293/1665 1056/1292/1664 1052/1286/1656
s 6
f 2560/652/847 2561/654/849 1115/657/852 1114/653/848
f 471/398/598 890/395/595 891/305/505 467/382/582
f 467/382/582 891/305/505 2680/308/508 2681/383/583
f 595/946/1162 892/1294/1666 893/1295/1667 468/947/1163
s 71
f 894/811/999 525/802/990 1101/805/993 1102/812/1000
s 74
f 895/823/1014 815/825/1018 525/802/1529 894/811/1527
f 528/807/1019 815/825/1018 895/823/1014 896/816/1017
s 71
f 528/807/995 896/816/1004 1106/819/1007 1107/808/996
s 95
f 2053/980/1196 2062/1206/1558 2061/1205/1557 2054/981/1197
s 2
f 898/338/538 824/1207/1559 823/1208/1560 897/339/539
f 899/524/724 825/1209/1561 824/1207/1559 898/338/538
f 825/1209/1561 899/524/724 900/539/739 826/1210/1562
f 901/541/741 827/1211/1563 826/1210/1562 900/539/739
f 902/735/928 828/1212/1564 827/1211/1563 901/541/741
f 828/1212/1564 902/735/928 903/734/927 829/1213/1565
f 904/733/926 830/1214/1566 829/1213/1565 903/734/927
s 79
f 2276/891/1088 2279/1216/1568 2278/1215/1567 2277/892/1089
s 85
f 905/711/1110 831/1217/1569 2279/1216/1570 2276/891/1111
s 36
f 906/710/904 832/1218/1574 831/1217/1573 905/711/905
f 833/1219/1575 832/1218/1574 906/710/904 907/680/875
f 833/1219/1575 907/680/875 908/447/649 834/1220/1577
f 834/1220/1577 908/447/649 909/450/652 835/1222/1579
f 910/452/654 836/1224/1581 835/1222/1579 909/450/652
s 79
f 2260/875/1072 2281/1227/1584 2280/1226/1583 2261/876/1073
s 2
f 912/463/665 838/1228/1585 837/1231/1588 911/472/674
f 838/1228/1585 912/463/665 913/466/668 839/1233/1590
f 373/357/557 812/591/786 914/1192/1525 915/1126/1369
f 509/358/558 373/357/557 915/1126/1369 916/1128/1371
f 269/772/955 509/358/558 916/1128/1371 917/1129/1372
f 312/347/547 262/346/546 918/1130/1373 919/1131/1374
f 870/1242/1604 312/347/547 919/1131/1374 920/1134/1377
f 921/1133/1376 851/465/667 870/1242/1604 920/1134/1377
f 913/466/668 851/465/667 921/1133/1376 922/1137/1380
f 840/1234/1591 922/1137/1380 367/1136/1379 841/1236/1593
f 913/466/668 922/1137/1380 840/1234/1591 839/1233/1590
s 31
f 924/479/681 360/1296/1668 343/564/757 923/480/682
f 925/419/619 282/1297/1669 360/1296/1668 924/479/681
f 282/1297/1669 925/419/619 926/422/622 627/1298/1670
f 927/1011/1229 252/1299/1671 627/1298/1670 926/422/622
s 4
f 932/1300/1672 1075/426/626 1074/425/625 935/1301/1673
f 1980/1302/1674 1981/1303/1675 936/1304/1676 1096/1305/1677
f 940/1306/1678 967/1307/1679 1082/400/600 1081/399/599
f 1093/1308/1680 943/1309/1681 944/1310/1682 1094/1311/1683
f 1075/426/626 932/1300/1672 948/1312/1684 1076/1313/1685
f 1076/1313/1685 948/1312/1684 952/1314/1686 1077/1315/1687
f 1078/1316/1688 961/1317/1689 960/1318/1690 1079/1319/1691
f 1094/1311/1683 944/1310/1682 937/1320/1692 1095/1321/1693
f 1077/1315/1687 952/1314/1686 961/1317/1689 1078/1316/1688
s 67
f 1086/796/979 965/1322/1694 962/1323/1695 1087/1324/1696
f 1082/400/1697 967/1307/1698 966/1325/1699 1083/781/964
f 1083/781/964 966/1325/1699 968/1326/1700 1084/782/965
f 1085/792/975 970/1327/1701 965/1322/1694 1086/796/979
s 4
f 1092/790/1702 971/1328/1703 943/1309/1681 1093/1308/1680
s 67
f 1091/789/972 972/1329/1704 971/1328/1705 1092/790/973
s 4
f 1097/1330/1706 974/1331/1707 975/1332/1708 1098/1287/1657
s 67
f 1088/785/968 977/1333/1709 978/1334/1710 1089/786/969
f 1084/782/965 968/1326/1700 970/1327/1701 1085/792/975
s 4
f 1096/1305/1677 936/1304/1676 974/1331/1707 1097/1330/1706
f 1073/1018/1236 984/1335/1711 935/1301/1673 1074/425/625
f 1079/1319/1691 960/1318/1690 986/1336/1712 1080/1337/1713
f 1080/1337/1713 986/1336/1712 940/1306/1678 1081/399/599
s 67
f 1087/1324/1696 962/1323/1695 977/1333/1709 1088/785/968
f 1090/794/977 990/1338/1714 972/1329/1704 1091/789/972
f 1089/786/969 978/1334/1710 990/1338/1714 1090/794/977
s 71
f 1103/813/1001 994/1339/1715 991/1340/1716 1104/1341/1717
s 4
f 1098/1287/1657 975/1332/1708 996/1342/1718 1099/815/1658
s 71
f 1099/815/1003 996/1342/1719 995/1343/1720 1100/804/992
f 1100/804/992 995/1343/1720 998/1344/1721 1101/805/993
f 1102/812/1000 1000/1345/1722 994/1339/1715 1103/813/1001
s 4
f 276/820/1660 1002/1346/1723 1001/1347/1724 478/1348/1725
s 130
f 478/1349/1726 1001/1282/1652 1003/1350/1727 473/1351/1728
s 71
f 1108/809/997 1004/1352/1729 1002/1353/1730 276/820/1008
f 1105/818/1006 1005/1354/1731 1006/1355/1732 1106/819/1007
s 130
f 889/1356/1733 1007/1357/1734 1008/1358/1735 475/1359/1736
s 71
f 1101/805/993 998/1344/1721 1000/1345/1722 1102/812/1000
s 130
f 475/1359/1736 1008/1358/1735 992/1360/1737
s 71
f 1104/1341/1717 991/1340/1716 1005/1354/1731 1105/818/1006
s 130
f 473/1351/1728 1003/1350/1727 1009/1361/1738 474/1362/1739
s 71
f 1107/808/996 1010/1363/1740 1004/1352/1729 1108/809/997
f 1106/819/1007 1006/1355/1732 1010/1363/1740 1107/808/996
s 130
f 474/1362/1739 1009/1361/1738 1007/1357/1734 889/1356/1733
s 4
f 1981/1303/1675 1982/1364/1741 1011/1365/1742 936/1304/1676
s 8
f 938/1366/1743 1013/315/515 1983/314/514 1984/1367/1744
s 4
f 943/1309/1681 1016/1368/1745 1017/1369/1746 944/1310/1682
s 8
f 945/1370/1747 1018/374/574 1015/373/573 942/1371/1748
s 4
f 944/1310/1682 1017/1369/1746 1012/1372/1749 937/1320/1692
s 8
f 939/1373/1750 1014/459/661 1018/374/574 945/1370/1747
s 7
f 963/1374/1751 1020/579/772 1021/578/771 964/1375/1752
s 67
f 965/1322/1694 1022/1376/1753 1019/1377/1754 962/1323/1695
s 7
f 946/1204/1755 1023/584/777 941/583/776
s 67
f 966/1325/1699 1024/1378/1756 968/1326/1700
s 7
f 964/1375/1752 1021/578/771 1025/587/780 969/1240/1757
s 67
f 970/1327/1701 1026/1379/1758 1022/1376/1753 965/1322/1694
s 4
f 971/1328/1703 1027/1380/1759 1016/1368/1745 943/1309/1681
s 67
f 972/1329/1704 1028/1381/1760 1027/1380/1761 971/1328/1705
s 4
f 974/1331/1707 1030/1382/1762 1031/1383/1763 975/1332/1708
s 8
f 976/1384/1764 1032/641/836 1029/640/835 973/1385/1765
s 67
f 977/1333/1709 1033/1386/1766 1034/1387/1767 978/1334/1710
s 7
f 979/1388/1768 1035/660/855 1036/659/854 980/1389/1769
f 969/1240/1757 1025/587/780 1023/584/777 946/1204/1755
s 67
f 968/1326/1700 1024/1378/1756 1026/1379/1758 970/1327/1701
s 4
f 936/1304/1676 1011/1365/1742 1030/1382/1762 974/1331/1707
s 8
f 973/1385/1765 1029/640/835 1013/315/515 938/1366/1743
s 7
f 980/1389/1769 1036/659/854 1020/579/772 963/1374/1751
s 67
f 962/1323/1695 1019/1377/1754 1033/1386/1766 977/1333/1709
s 7
f 942/1371/1770 1015/373/783 1037/1260/1622 989/1390/1771
s 67
f 990/1338/1714 1038/1391/1772 1028/1381/1760 972/1329/1704
f 978/1334/1710 1034/1387/1767 1038/1391/1772 990/1338/1714
s 7
f 989/1390/1771 1037/1260/1622 1035/660/855 979/1388/1768
s 130
f 992/1360/1737 1040/1272/1640 1041/1271/1639 993/1392/1773
s 71
f 994/1339/1715 1042/1393/1774 1039/1394/1775 991/1340/1716
s 4
f 975/1332/1708 1031/1383/1763 1044/1395/1776 996/1342/1718
s 71
f 996/1342/1719 1044/1395/1777 1043/1396/1778 995/1343/1720
s 130
f 997/1397/1779 1045/1275/1645 1032/641/1644 976/1384/1780
s 71
f 995/1343/1720 1043/1396/1778 1046/1398/1781 998/1344/1721
s 130
f 993/1392/1773 1041/1271/1639 1047/1278/1648 999/1399/1782
s 71
f 1000/1345/1722 1048/1400/1783 1042/1393/1774 994/1339/1715
s 130
f 1001/1282/1652 1049/1281/1651 1003/1350/1727
s 71
f 1004/1352/1729 1050/1401/1784 1002/1353/1730
f 1005/1354/1731 1051/1402/1785 1052/1403/1786 1006/1355/1732
s 130
f 1007/1357/1734 1053/1285/1655 1054/1284/1654 1008/1358/1735
f 999/1399/1782 1047/1278/1648 1045/1275/1645 997/1397/1779
s 71
f 998/1344/1721 1046/1398/1781 1048/1400/1783 1000/1345/1722
s 130
f 1008/1358/1735 1054/1284/1654 1040/1272/1640 992/1360/1737
s 71
f 991/1340/1716 1039/1394/1775 1051/1402/1785 1005/1354/1731
s 130
f 1003/1350/1727 1049/1281/1651 1055/1293/1665 1009/1361/1738
s 71
f 1010/1363/1740 1056/1404/1787 1050/1401/1784 1004/1352/1729
f 1006/1355/1732 1052/1403/1786 1056/1404/1787 1010/1363/1740
s 130
f 1009/1361/1738 1055/1293/1665 1053/1285/1655 1007/1357/1734
s 7
f 952/429/629 948/402/602 947/401/601 1057/430/630
s 24
f 1063/404/604 1062/403/603 1067/1405/1788 1066/1406/1789
f 1066/1406/1789 1067/1405/1788 1069/1407/1790 1068/1408/1791
s 136
f 928/302/1792 1059/377/1793 1060/380/1794 931/303/1795
s 137
f 1058/378/1796 933/309/1797 934/312/1798 1061/379/1799
s 136
f 949/406/1800 1062/403/1801 1059/377/1793 928/302/1792
s 137
f 933/309/1797 1058/378/1796 1063/404/1802 947/401/1803
s 136
f 931/303/1795 1060/380/1794 1064/1015/1804 982/1012/1805
s 137
f 983/1017/1806 1065/1014/1807 1061/379/1799 934/312/1798
f 947/401/1803 1063/404/1802 1066/1406/1808 1057/430/1809
s 136
f 953/432/1810 1067/1405/1811 1062/403/1801 949/406/1800
s 137
f 1057/430/1809 1066/1406/1808 1068/1408/1812 951/427/1813
s off
f 951/427/1814 1068/1408/1815 1069/1407/1816 958/434/1817
s 136
f 958/434/1818 1069/1407/1819 1067/1405/1811 953/432/1810
s 138
f 2562/655/1820 2727/1409/1821 1116/656/1822
f 477/306/1823 2724/1410/1824 1072/1411/1825 596/307/1826
s 2
f 414/951/1167 1071/1412/1827 1072/1413/1828 597/948/1164
s 27
f 2770/394/594 2775/1414/1829 2776/1415/1830 2769/393/593
s 2
f 812/591/786 382/590/785 416/1416/1831 914/1192/1525
f 914/1192/1525 416/1416/1831 398/1417/1832 813/1193/1526
s 4
f 281/423/623 1075/426/626 1076/1313/1685
f 281/423/623 1076/1313/1685 1077/1315/1687
f 281/423/623 1077/1315/1687 1078/1316/1688 361/439/641
f 361/439/641 1078/1316/1688 1079/1319/1691 631/440/642
f 631/440/642 1079/1319/1691 1080/1337/1713 301/1021/1239
f 301/1021/1239 1080/1337/1713 1081/399/599 820/353/553
s 67
f 523/354/1833 1082/400/1697 1083/781/964 515/780/963
f 520/795/978 1086/796/979 1087/1324/1696 849/801/1834
f 849/801/1834 1087/1324/1696 1088/785/968 516/784/967
s 4
f 530/787/1010 1092/790/1702 1093/1308/1680 371/385/585
f 371/385/585 1093/1308/1680 1094/1311/1683 315/386/586
f 315/386/586 1094/1311/1683 1095/1321/1693 280/457/659
f 1979/297/497 1980/1302/1674 1096/1305/1677 279/298/498
f 279/298/498 1096/1305/1677 1097/1330/1706 513/644/839
f 513/644/839 1097/1330/1706 1098/1287/1657 393/645/840
s 71
f 527/810/998 1103/813/1001 1104/1341/1717 814/824/1835
f 814/824/1835 1104/1341/1717 1105/818/1006 526/817/1005
s 4
f 276/820/1660 478/1348/1725 397/1289/1661
s 130
f 398/1418/1836 475/1359/1736 992/1360/1737 813/1419/1837
f 698/1420/1838 813/1419/1837 992/1360/1737 993/1392/1773
f 888/1421/1839 698/1420/1838 993/1392/1773 999/1399/1782
f 391/1422/1840 888/1421/1839 999/1399/1782 997/1397/1779
f 392/1423/1841 391/1422/1840 997/1397/1779 976/1384/1780
s 8
f 512/1424/1842 392/1423/1843 976/1384/1764 973/1385/1765
f 267/1425/1844 512/1424/1842 973/1385/1765 938/1366/1743
f 1984/1367/1744 1931/1426/1845 267/1425/1844 938/1366/1743
f 316/1427/1846 264/1428/1847 939/1373/1750 945/1370/1747
f 370/1429/1848 316/1427/1846 945/1370/1747 942/1371/1748
s 7
f 369/1430/1849 370/1429/1850 942/1371/1770 989/1390/1771
f 399/1431/1851 369/1430/1849 989/1390/1771 979/1388/1768
f 368/1432/1852 399/1431/1851 979/1388/1768 980/1389/1769
f 850/1433/1853 368/1432/1852 980/1389/1769 963/1374/1751
f 367/1434/1854 850/1433/1853 963/1374/1751 964/1375/1752
f 466/1435/1855 367/1434/1854 964/1375/1752 969/1240/1757
s 31
f 300/1436/1856 466/1435/1857 969/1240/1858 988/1025/1859
f 956/436/1860 632/1437/1861 300/1436/1856 988/1025/1859
f 344/477/679 342/563/756 957/435/1862 954/431/1863
f 299/478/680 344/477/679 954/431/1863 950/405/1864
f 297/420/620 299/478/680 950/405/1864 929/301/1865
f 930/304/1866 628/421/621 297/420/620 929/301/1865
f 298/1010/1228 628/421/621 930/304/1866 981/1013/1867
s 4
f 1110/936/1152 592/941/1157 248/940/1156 1109/937/1153
f 1112/743/936 479/1438/1868 245/1439/1869 1111/744/937
s 6
f 1113/650/845 472/397/597 479/1440/1870 1112/651/846
f 1114/653/848 471/398/598 472/397/597 1113/650/845
f 1115/657/852 890/395/595 471/398/598 1114/653/848
f 1116/656/851 476/396/596 890/395/595 1115/657/852
s 27
f 2777/1441/1871 2769/393/593 2776/1415/1830 2778/1442/1872
f 2766/389/589 2769/393/593 2777/1441/1871 2779/1443/1873
f 2774/611/806 2765/390/590 2766/389/589 2779/1443/1873
s 2
f 702/352/552 313/351/551 399/1266/1628 368/1135/1378
f 698/1127/1370 888/1268/1636 510/773/956 699/776/959
f 842/1237/1594 841/1236/1593 367/1136/1379 466/1238/1595
s 141
f 2033/1444/1874 2034/1445/1875 2035/1446/1876 2036/1447/1877
f 2037/1448/1878 2033/1444/1874 2036/1447/1877 2038/1449/1879
f 2039/1450/1880 2037/1448/1878 2038/1449/1879 2040/1451/1881
f 2041/1452/1882 2039/1450/1880 2040/1451/1881 2042/1453/1883
f 2043/1454/1884 2041/1452/1882 2042/1453/1883 2044/1455/1885
s 2
f 1937/1456/1886 1938/1457/1887 270/770/953 319/771/954
f 1936/1458/1888 1937/1456/1886 319/771/954 269/772/955
f 1935/1459/1889 1936/1458/1888 269/772/955 917/1129/1372
f 1934/1460/1890 1935/1459/1889 917/1129/1372 700/775/958
f 1933/1461/1891 1934/1460/1890 700/775/958 268/774/957
f 1932/1462/1892 1933/1461/1891 268/774/957 275/777/960
f 1931/1463/1893 1932/1462/1892 275/777/960 267/778/961
s 1
f 1470/1464/1894 1471/1465/1895 1422/1466/1896 1423/1467/1897
s 2
f 1460/1468/1898 1948/1469/1899 1949/1470/1900 1152/1471/1901
s 3
f 2088/1472/1902 2089/1473/1903 2090/1474/1904 2087/1475/1905
s 4
f 1976/1476/1906 1435/1477/1907 1142/1478/1908 1975/1479/1909
s 142
f 2009/1480/1910 2010/1481/1911 2011/1482/1912 2012/1483/1913
s 5
f 1749/1484/1914 1750/1485/1915 1747/1486/1916 1748/1487/1917
s 143
f 1966/1488/1918 1967/1489/1919 1166/1490/1920 1167/1491/1921
s 6
f 1711/1492/1922 1445/1493/1923 2677/1494/1924
s 7
f 1753/1495/1925 1754/1496/1926 1751/1497/1927 1752/1498/1928
s 145
f 1971/1499/1929 1972/1500/1930 1826/1501/1931 1828/1502/1932
s 6
f 2576/1503/1933 2572/1504/1934 1442/1505/1935 1443/1506/1936
s 3
f 2093/1507/1937 2094/1508/1938 2091/1509/1939 2092/1510/1940
s 142
f 2013/1511/1941 2014/1512/1942 2015/1513/1943 2016/1514/1944
s 143
f 1546/1515/1945 1965/1516/1946 1966/1488/1918 1167/1491/1921
s 147
f 1559/1517/1947 1526/1518/1948 1527/1519/1949 1558/1520/1950
s 2
f 1446/1521/1951 1447/1522/1952 1141/1523/1953 1283/1524/1954
f 1320/1525/1955 1321/1526/1956 1300/1527/1957 1301/1528/1958
f 1465/1529/1959 1466/1530/1960 1311/1531/1961 1310/1532/1962
s 143
f 1191/1533/1963 1962/1534/1964 1963/1535/1965 1171/1536/1966
s 2
f 1474/1537/1967 1475/1538/1968 1146/1539/1969 1196/1540/1970
f 1447/1522/1952 1448/1541/1971 1197/1542/1972 1141/1523/1953
f 1688/1543/1973 1715/1544/1974 1716/1545/1975 1687/1546/1976
f 1274/1547/1977 1275/1548/1978 1178/1549/1979 1263/1550/1980
f 1193/1551/1981 1194/1552/1982 1185/1553/1983 1128/1554/1984
f 1548/1555/1985 1549/1556/1986 1186/1557/1987 1129/1558/1988
s 4
f 1644/1559/1989 1430/1560/1990 1378/1561/1991 1643/1562/1992
s 2
f 1928/1563/1993 1929/1564/1994 2545/1565/1995 2546/1566/1996
f 1240/1567/1997 1241/1568/1998 1364/1569/1999 1365/1570/2000
s 156
f 1386/1571/2001 1387/1572/2002 1388/1573/2003 1389/1574/2004
f 1390/1575/2005 1391/1576/2006 1392/1577/2007 1393/1578/2008
s 2
f 1458/1579/2009 1459/1580/2010 1352/1581/2011 1247/1582/2012
s 145
f 1830/1583/2013 1831/1584/2014 1832/1585/2015 1833/1586/2016
s 24
f 1875/1587/2017 1876/1588/2018 1873/1589/2019 1874/1590/2020
s 143
f 1166/1490/1920 1967/1489/1919 1968/1591/2021 1173/1592/2022
s 6
f 1443/1506/1936 1444/1593/2023 2678/1594/2024 2679/1595/2025
s 4
f 1432/1596/2026 1433/1597/2027 1187/1598/2028 1239/1599/2029
s 159
f 2781/1600/2030 2780/1601/2031 2782/1602/2032 2783/1603/2033
f 2784/1604/2034 2785/1605/2035 2780/1601/2031 2781/1600/2030
s 6
f 1709/1606/2036 1710/1607/2037 1337/1608/2038 1336/1609/2039
f 1332/1610/2040 1330/1611/2041 1329/1612/2042 1331/1613/2043
f 1330/1611/2041 1332/1610/2040 1339/1614/2044 2570/1615/2045
s 4
f 1974/1616/2046 1975/1479/1909 1142/1478/1908 1907/1617/2047
f 1239/1599/2029 1187/1598/2028 1905/1618/2048 1904/1619/2049
s 7
f 1766/1620/2050 1752/1498/1928 1751/1497/1927 1767/1621/2051
s 24
f 1877/1622/2052 1874/1590/2020 1873/1589/2019 1878/1623/2053
s 5
f 1769/1624/2054 1748/1487/1917 1747/1486/1916 1768/1625/2055
s 2
f 1298/1626/2056 1299/1627/2057 1154/1628/2058 1124/1629/2059
f 1267/1630/2060 1268/1631/2061 1269/1632/2062 1270/1633/2063
s 4
f 1157/1634/2064 1641/1635/2065 1642/1636/2066 1439/1637/2067
s 31
f 1746/1638/2068 1477/1639/2069 1158/1640/2070 1745/1641/2071
s 4
f 1144/1642/2072 1888/1643/2073 1887/1644/2074
s 7
f 1770/1645/2075 1872/1646/2076 1771/1647/2077 1780/1648/2078
s 5
f 1773/1649/2079 1769/1624/2054 1768/1625/2055 1772/1650/2080
s 166
f 1273/1651/2081 1274/1547/2082 1263/1550/2083 1264/1652/2084
f 1265/1653/2085 1266/1654/2086 1271/1655/2087 1272/1656/2088
f 1137/1657/2089 1165/1658/2090 1164/1659/2091 1129/1558/2092
f 1166/1660/2093 1138/1661/2094 1132/1662/2095 1167/1663/2096
f 1125/1664/2097 1294/1665/2098 1295/1666/2099 1168/1667/2100
f 1296/1668/2101 1297/1669/2102 1136/1670/2103 1169/1671/2104
f 1136/1670/2103 1955/1672/2105 1956/1673/2106 1169/1671/2104
f 1547/1674/2107 1548/1555/2108 1129/1558/2092 1164/1659/2091
f 1545/1675/2109 1546/1676/2110 1167/1663/2096 1132/1662/2095
f 1192/1677/2111 1193/1551/2112 1128/1554/2113 1170/1678/2114
f 1133/1679/2115 1190/1680/2116 1191/1681/2117 1171/1682/2118
f 1137/1657/2089 1130/1683/2119 1172/1684/2120 1165/1658/2090
s 5
f 1774/1685/2121 1775/1686/2122 1776/1687/2123 1777/1688/2124
f 1777/1688/2124 1770/1645/2125 1778/1689/2126 1774/1685/2121
s 7
f 1779/1690/2127 1778/1689/2128 1770/1645/2075 1780/1648/2078
s 4
f 1232/1691/2129 1479/1692/2130 1890/1693/2131 1889/1694/2132
f 1428/1695/2133 1478/1696/2134 1479/1692/2130 1232/1691/2129
s 176
f 1697/1697/2135 1698/1698/2136 1680/1699/2137 1679/1700/2138
f 1726/1701/2139 1727/1702/2140 1676/1703/2141 1677/1704/2142
f 1676/1703/2141 1727/1702/2140 1728/1705/2143 1675/1706/2144
s 2
f 1125/1664/2145 1180/1707/2146 1293/1708/2147 1294/1665/2148
s 4
f 1433/1597/2027 1434/1709/2149 1143/1710/2150 1187/1598/2028
f 1187/1598/2028 1143/1710/2150 1906/1711/2151 1905/1618/2048
s 145
f 1832/1585/2015 1827/1712/2152 1829/1713/2153 1833/1586/2016
s 1
f 1471/1465/1895 1472/1714/2154 1425/1715/2155 1422/1466/1896
s 2
f 1730/1716/2156 1731/1717/2157 1672/1718/2158 1673/1719/2159
f 1363/1720/2160 1364/1569/1999 1241/1568/1998 1242/1721/2161
s 166
f 1191/1681/2117 1190/1680/2116 1134/1722/2162 1162/1723/2163
s 143
f 1961/1724/2164 1962/1534/1964 1191/1533/1963 1162/1725/2165
s 166
f 1127/1726/2166 1193/1551/2112 1192/1677/2111 1161/1727/2167
s 2
f 1184/1728/2168 1194/1552/1982 1193/1551/1981 1127/1726/2169
f 1674/1729/2170 1729/1730/2171 1730/1716/2156 1673/1719/2159
f 1473/1731/2172 1474/1537/1967 1196/1540/1970 1189/1732/2173
f 2713/1733/2174 1449/1734/2175 1140/1735/2176
f 2712/1736/2177 2713/1733/2174 1140/1735/2176 1122/1737/2178
s 31
f 1215/1738/2179 1743/1739/2180 1744/1740/2181 1159/1741/2182
s 2
f 1206/1742/2183 1205/1743/2184 1278/1744/2185 1279/1745/2186
f 1205/1746/2184 1204/1747/2187 1277/1748/2188 1278/1749/2185
s 147
f 1529/1750/2189 1530/1751/2190 1556/1752/2191 1557/1753/2192
f 1530/1751/2190 1533/1754/2193 1555/1755/2194 1556/1752/2191
s 2
f 1353/1756/2195 1354/1757/2196 1245/1758/2197 1246/1759/2198
f 1354/1757/2196 1355/1760/2199 1244/1761/2200 1245/1758/2197
f 1304/1762/2201 1953/1763/2202 1954/1764/2203 1317/1765/2204
f 1307/1766/2205 1491/1767/2206 1492/1768/2207 1324/1769/2208
f 1303/1770/2209 1356/1771/2210 1357/1772/2211 1318/1773/2212
f 1221/1774/2213 1196/1540/1970 1146/1539/1969 1216/1775/2214
f 1279/1745/2186 1280/1776/2215 1147/1777/2216 1206/1742/2183
f 1210/1778/2217 1149/1779/2218 1288/1780/2219 1289/1781/2220
f 1309/1782/2221 1310/1532/1962 1311/1531/1961 1312/1783/2222
f 1687/1546/1976 1716/1545/1975 1717/1784/2223 1686/1785/2224
f 1224/1786/2225 1152/1471/1901 1949/1470/1900 1950/1787/2226
f 1246/1759/2198 1247/1582/2012 1352/1581/2011 1353/1756/2195
f 1204/1747/2187 1485/1788/2227 1486/1789/2228 1277/1748/2188
f 1228/1790/2229 1484/1791/2230 1485/1788/2227 1204/1747/2187
s 147
f 1555/1755/2194 1533/1754/2193 1535/1792/2231 1554/1793/2232
s 2
f 1291/1794/2233 1488/1795/2234 1489/1796/2235 1212/1797/2236
f 1147/1777/2216 1189/1732/2173 1230/1798/2237 1206/1742/2183
f 1230/1798/2237 1189/1732/2173 1196/1540/1970 1221/1774/2213
f 1717/1784/2223 1718/1799/2238 1685/1800/2239 1686/1785/2224
f 1685/1800/2239 1718/1799/2238 1719/1801/2240 1684/1802/2241
f 1204/1747/2187 1205/1746/2184 1229/1803/2242 1228/1790/2229
f 1205/1743/2184 1206/1742/2183 1230/1798/2237 1229/1804/2242
f 1289/1781/2220 1290/1805/2243 1211/1806/2244 1210/1778/2217
f 1290/1807/2243 1291/1794/2233 1212/1797/2236 1211/1808/2244
f 1307/1766/2205 1308/1809/2245 1313/1810/2246 1314/1811/2247
f 1308/1812/2245 1309/1782/2221 1312/1783/2222 1313/1813/2246
f 1216/1775/2214 1217/1814/2248 1220/1815/2249 1221/1774/2213
f 1217/1816/2248 1218/1817/2250 1219/1818/2251 1220/1819/2249
f 1950/1787/2226 1951/1820/2252 1223/1821/2253 1224/1786/2225
f 1951/1820/2252 1952/1822/2254 1222/1823/2255 1223/1821/2253
f 1221/1774/2213 1220/1815/2249 1229/1804/2242 1230/1798/2237
f 1220/1819/2249 1219/1818/2251 1228/1790/2229 1229/1803/2242
s 31
f 1213/1824/2256 1214/1825/2257 1743/1739/2180 1215/1738/2179
s 147
f 1557/1753/2192 1558/1520/1950 1527/1519/1949 1529/1750/2189
s 4
f 1144/1642/2072 1232/1691/2129 1889/1694/2132 1888/1643/2073
f 1427/1826/2258 1428/1695/2133 1232/1691/2129 1144/1642/2072
s 5
f 1776/1687/2123 1773/1649/2079 1772/1650/2080 1777/1688/2124
s 2
f 1226/1827/2259 1234/1828/2260 1153/1829/2261 1225/1830/2262
f 1451/1831/2263 1452/1832/2264 1300/1527/1957 1321/1526/1956
f 1453/1833/2265 1454/1834/2266 1234/1828/2260 1233/1835/2267
f 1454/1834/2266 1455/1836/2268 1153/1829/2261 1234/1828/2260
f 1227/1837/2269 1233/1835/2267 1234/1828/2260 1226/1827/2259
s 7
f 1834/1838/2270 1835/1839/2271 1836/1840/2272 1837/1841/2273
f 1785/1842/2274 1760/1843/2275 1759/1844/2276 1786/1845/2277
f 1838/1846/2278 1760/1843/2275 1785/1842/2274 1839/1847/2279
f 1836/1840/2272 1840/1848/2280 1841/1849/2281 1837/1841/2273
f 1842/1850/2282 1831/1584/2283 1830/1583/2284 1843/1851/2285
s 2
f 1248/1852/2286 1249/1853/2287 1635/1854/2288 1636/1855/2289
f 1634/1856/2290 1635/1854/2288 1249/1853/2287 1250/1857/2291
f 1302/1858/2292 1625/1859/2293 1626/1860/2294 1319/1861/2295
f 1623/1862/2296 1624/1863/2297 1252/1864/2298 1253/1865/2299
f 1622/1866/2300 1623/1862/2296 1253/1865/2299 1254/1867/2301
f 1254/1867/2301 1255/1868/2302 1621/1869/2303 1622/1866/2300
f 1457/1870/2304 1620/1871/2305 1621/1869/2303 1255/1868/2302
f 2544/1872/2306 2545/1565/1995 1929/1564/1994 1930/1873/2307
f 1340/1874/2308 2711/1875/2309 2712/1876/2177 1122/1877/2178
s 194
f 1398/1878/2310 1399/1879/2311 2538/1880/2312 2539/1881/2313
f 2535/1882/2314 2536/1883/2315 1400/1884/2316 1401/1885/2317
s 2
f 1346/1886/2318 1347/1887/2319 2530/1888/2320 2531/1889/2321
f 2528/1890/2322 2529/1891/2323 1348/1892/2324 1349/1893/2325
f 2527/1894/2326 2528/1890/2322 1349/1893/2325 1350/1895/2327
f 1350/1895/2327 1351/1896/2328 2526/1897/2329 2527/1894/2326
s 57
f 2130/1898/2330 2514/1899/2331 2515/1900/2332 2129/1901/2333
s 2
f 1257/1902/2334 1256/1903/2335 1367/1904/2336 1368/1905/2337
s 145
f 1844/1906/2338 1845/1907/2339 1846/1908/2340 1847/1909/2341
s 4
f 1369/1910/2342 1258/1911/2343 1909/1912/2344 1908/1913/2345
f 1436/1914/2346 1437/1915/2347 1258/1911/2343 1369/1910/2342
f 2574/1916/2348 2575/1917/2349 2554/1918/2350 1920/1919/2351
f 2553/1920/2352 2567/1921/2353 2568/1922/2354 1921/1923/2355
s 6
f 2551/1924/2356 2552/1925/2357 1922/1926/2358 1923/1927/2359
f 2550/1928/2360 2551/1924/2356 1923/1927/2359 1924/1929/2361
f 2548/1930/2362 2549/1931/2363 1925/1932/2364 1926/1933/2365
s 7
f 1848/1934/2366 1849/1935/2367 1850/1936/2368 1851/1937/2369
s 166
f 1264/1652/2084 1263/1550/2083 1127/1726/2166 1161/1727/2167
s 142
f 2012/1483/1913 2011/1482/1912 2017/1938/2370 2018/1939/2371
s 166
f 1134/1722/2162 1266/1654/2086 1265/1653/2085 1162/1723/2163
s 156
f 1389/1574/2004 1388/1573/2003 1402/1940/2372 1403/1941/2373
s 194
f 1405/1942/2374 1398/1878/2310 2539/1881/2313 2540/1943/2375
s 2
f 1140/1735/2176 1268/1631/2061 1267/1630/2060 1122/1737/2178
s 3
f 2095/1944/2376 2088/1472/1902 2087/1475/1905 2096/1945/2377
s 2
f 1263/1550/1980 1178/1549/1979 1184/1728/2168 1127/1726/2169
s 3
f 2089/1473/1903 2097/1946/2378 2098/1947/2379 2090/1474/1904
s 2
f 1270/1633/2063 1269/1632/2062 1155/1948/2380 1123/1949/2381
s 194
f 2537/1950/2382 2538/1880/2312 1399/1879/2311 1407/1951/2383
s 156
f 1409/1952/2384 1387/1572/2002 1386/1571/2001 1408/1953/2385
s 166
f 1272/1656/2088 1271/1655/2087 1135/1954/2386 1163/1955/2387
s 142
f 2019/1956/2388 2010/1481/1911 2009/1480/1910 2020/1957/2389
s 166
f 1126/1958/2390 1274/1547/2082 1273/1651/2081 1160/1959/2391
s 2
f 1176/1960/2392 1275/1548/1978 1274/1547/1977 1126/1958/2393
s 176
f 1725/1961/2394 1726/1701/2139 1677/1704/2142 1678/1962/2395
s 2
f 1277/1748/2188 1486/1789/2228 1487/1963/2396 1209/1964/2397
f 1278/1749/2185 1277/1748/2188 1209/1964/2397 1208/1965/2398
f 1279/1745/2186 1278/1744/2185 1208/1966/2398 1207/1967/2399
f 1207/1967/2399 1148/1968/2400 1280/1776/2215 1279/1745/2186
s 1
f 1469/1969/2401 1470/1464/1894 1423/1467/1897 1426/1970/2402
s 147
f 1526/1518/1948 1564/1971/2403 1565/1972/2404 1527/1519/1949
f 1529/1750/2189 1527/1519/1949 1565/1972/2404 1566/1973/2405
f 1566/1973/2405 1567/1974/2406 1530/1751/2190 1529/1750/2189
f 1567/1974/2406 1568/1975/2407 1533/1754/2193 1530/1751/2190
f 1533/1754/2193 1568/1975/2407 1569/1976/2408 1535/1792/2231
s 2
f 1305/1977/2409 1306/1978/2410 1315/1979/2411 1316/1980/2412
f 1285/1981/2413 1284/1982/2414 1201/1983/2415 1202/1984/2416
f 1286/1985/2417 1285/1981/2413 1202/1984/2416 1203/1986/2418
f 1287/1987/2419 1286/1985/2417 1203/1986/2418 1151/1988/2420
f 1461/1989/2421 1462/1990/2422 1287/1987/2419 1151/1988/2420
s 176
f 1679/1700/2138 1680/1699/2137 1723/1991/2423 1724/1992/2424
s 1
f 1468/1993/2425 1469/1969/2401 1426/1970/2402 1424/1994/2426
s 2
f 1289/1781/2220 1288/1780/2219 1148/1968/2400 1207/1967/2399
f 1207/1967/2399 1208/1966/2398 1290/1805/2243 1289/1781/2220
f 1208/1965/2398 1209/1964/2397 1291/1794/2233 1290/1807/2243
f 1209/1964/2397 1487/1963/2396 1488/1795/2234 1291/1794/2233
s 176
f 1724/1992/2424 1725/1961/2394 1678/1962/2395 1679/1700/2138
f 1678/1962/2395 1696/1995/2427 1697/1697/2135 1679/1700/2138
s 2
f 1294/1665/2148 1293/1708/2147 1176/1960/2392 1126/1958/2393
s 166
f 1295/1666/2099 1294/1665/2098 1126/1958/2390 1160/1959/2391
s 142
f 2015/1513/1943 2014/1512/1942 2019/1956/2388 2020/1957/2389
s 166
f 1135/1954/2386 1297/1669/2102 1296/1668/2101 1163/1955/2387
s 156
f 1392/1577/2007 1391/1576/2006 1409/1952/2384 1408/1953/2385
s 194
f 1407/1951/2383 1400/1884/2316 2536/1883/2315 2537/1950/2382
s 2
f 1123/1949/2381 1155/1948/2380 1299/1627/2057 1298/1626/2056
s 3
f 2097/1946/2378 2093/1507/1937 2092/1510/1940 2098/1947/2379
s 2
f 1452/1832/2264 1453/1833/2265 1233/1835/2267 1300/1527/1957
f 1301/1528/1958 1300/1527/1957 1233/1835/2267 1227/1837/2269
f 2529/1891/2323 2530/1888/2320 1347/1887/2319 1348/1892/2324
f 1624/1863/2297 1625/1859/2293 1302/1858/2292 1252/1864/2298
f 1355/1760/2199 1356/1771/2210 1303/1770/2209 1244/1761/2200
f 1952/1822/2254 1953/1763/2202 1304/1762/2201 1222/1823/2255
f 1284/1982/2414 1306/1978/2410 1305/1977/2409 1201/1983/2415
f 1324/1769/2208 1325/1996/2428 1308/1809/2245 1307/1766/2205
f 1325/1997/2428 1326/1998/2429 1309/1782/2221 1308/1812/2245
f 1326/1998/2429 1327/1999/2430 1310/1532/1962 1309/1782/2221
f 1464/2000/2431 1465/1529/1959 1310/1532/1962 1327/1999/2430
f 1466/1530/1960 1467/2001/2432 1149/1779/2218 1311/1531/1961
f 1312/1783/2222 1311/1531/1961 1149/1779/2218 1210/1778/2217
f 1313/1813/2246 1312/1783/2222 1210/1778/2217 1211/1806/2244
f 1314/1811/2247 1313/1810/2246 1211/1808/2244 1212/1797/2236
f 1489/1796/2235 1490/2002/2433 1314/1811/2247 1212/1797/2236
f 1316/1980/2412 1315/1979/2411 1180/1707/2146 1125/1664/2145
f 1317/1765/2204 1954/1764/2203 1955/1672/2434 1136/1670/2435
f 1318/1773/2212 1357/1772/2211 1358/2003/2436 1243/2004/2437
f 1319/1861/2295 1626/1860/2294 1627/2005/2438 1251/2006/2439
f 1345/2007/2440 1346/1886/2318 2531/1889/2321 2532/2008/2441
f 1154/1628/2058 1321/1526/1956 1320/1525/1955 1124/1629/2059
f 1450/2009/2442 1451/1831/2263 1321/1526/1956 1154/1628/2058
f 1682/2010/2443 1721/2011/2444 1722/2012/2445 1681/2013/2446
f 1720/2014/2447 1721/2011/2444 1682/2010/2443 1683/2015/2448
f 1684/1802/2241 1719/1801/2240 1720/2014/2447 1683/2015/2448
f 1307/1766/2205 1314/1811/2247 1490/2002/2433 1491/1767/2206
f 1492/1768/2207 1493/2016/2449 1325/1996/2428 1324/1769/2208
f 1493/2016/2449 1494/2017/2450 1326/1998/2429 1325/1997/2428
f 1494/2017/2450 1495/2018/2451 1327/1999/2430 1326/1998/2429
f 1496/2019/2452 1464/2000/2431 1327/1999/2430 1495/2018/2451
s 7
f 1841/1849/2281 1840/1848/2280 1838/1846/2278 1839/1847/2279
s 4
f 2552/2020/2453 2553/1920/2352 1921/1923/2355 1922/2021/2454
f 1121/2022/2455 2569/2023/2456 2570/2024/2457 1339/2025/2458
f 2572/2026/2459 2573/2027/2460 1441/2028/2461 1442/2029/2462
s 2
f 1267/2030/2060 1341/2031/2463 1340/1874/2308 1122/1877/2178
f 1270/2032/2063 1342/2033/2464 1341/2031/2463 1267/2030/2060
f 1343/2034/2465 1342/2033/2464 1270/2032/2063 1123/2035/2381
f 1298/2036/2056 1344/2037/2466 1343/2034/2465 1123/2035/2381
f 1345/2007/2440 1344/2037/2466 1298/2036/2056 1124/2038/2059
f 1320/2039/1955 1346/1886/2318 1345/2007/2440 1124/2038/2059
f 1301/2040/1958 1347/1887/2319 1346/1886/2318 1320/2039/1955
f 1348/1892/2324 1347/1887/2319 1301/2040/1958 1227/2041/2269
f 1349/1893/2325 1348/1892/2324 1227/2041/2269 1226/2042/2259
f 1350/1895/2327 1349/1893/2325 1226/2042/2259 1225/1830/2262
f 1153/1829/2261 1351/1896/2328 1350/1895/2327 1225/1830/2262
s 57
f 2133/2043/2467 2130/1898/2330 2129/1901/2333 2134/2044/2468
s 2
f 1459/1580/2010 1460/1468/1898 1152/1471/1901 1352/1581/2011
f 1353/1756/2195 1352/1581/2011 1152/1471/1901 1224/1786/2225
f 1224/1786/2225 1223/1821/2253 1354/1757/2196 1353/1756/2195
f 1223/1821/2253 1222/1823/2255 1355/1760/2199 1354/1757/2196
f 1222/1823/2255 1304/1762/2201 1356/1771/2210 1355/1760/2199
f 1357/1772/2211 1356/1771/2210 1304/1762/2201 1317/1765/2204
f 1358/2003/2436 1357/1772/2211 1317/1765/2204 1136/1670/2435
f 1136/1670/2435 1297/1669/2469 1359/2045/2470 1358/2003/2436
f 1360/2046/2471 1359/2045/2470 1297/1669/2469 1135/1954/2472
f 1135/1954/2472 1271/1655/2473 1361/2047/2474 1360/2046/2471
f 1362/2048/2475 1361/2047/2474 1271/1655/2473 1266/1654/2476
f 1363/1720/2160 1362/2048/2475 1266/1654/2476 1134/1722/2477
f 1134/1722/2477 1190/1680/2478 1364/1569/1999 1363/1720/2160
f 1365/1570/2000 1364/1569/1999 1190/1680/2478 1133/1679/2479
f 1366/2049/2480 1544/2050/2481 1545/1675/2482 1132/1662/2483
f 1132/1662/2483 1138/1661/2484 1367/1904/2336 1366/2049/2480
f 1368/1905/2337 1367/1904/2336 1138/1661/2484 1131/2051/2485
s 145
f 1828/1502/1932 1826/1501/1931 1845/1907/2339 1844/1906/2338
s 4
f 1142/1478/1908 1369/1910/2342 1908/1913/2345 1907/1617/2047
f 1435/1477/1907 1436/1914/2346 1369/1910/2342 1142/1478/1908
s 208
f 1378/1561/2486 1371/2052/2487 1894/2053/2488 1893/2054/2489
s 209
f 1666/2055/2490 1667/2056/2491 1371/2052/2492 1378/1561/2493
s 208
f 1376/2057/2494 1670/2058/2495 1898/2059/2496 1897/2060/2497
s 31
f 1159/1741/2182 1744/1740/2181 1745/1641/2071 1158/1640/2070
s 209
f 1667/2056/2491 1668/2061/2498 1375/2062/2499 1371/2052/2492
f 1669/2063/2500 1377/2064/2501 1375/2062/2499 1668/2061/2498
f 1669/2063/2500 1670/2058/2502 1376/2057/2503 1377/2064/2501
s 145
f 1968/2065/2504 1969/2066/2505 1131/2067/2506 1173/2068/2507
s 166
f 1138/1661/2094 1166/1660/2093 1173/2069/2508 1131/2051/2509
s 212
f 1638/2070/2510 1381/2071/2511 1916/2072/2512 1915/2073/2513
s 4
f 1385/2074/2514 1239/1599/2029 1904/1619/2049 1903/2075/2515
f 1431/2076/2516 1432/1596/2026 1239/1599/2029 1385/2074/2514
f 1430/1560/1990 1665/2077/2517 1666/2055/2518 1378/1561/1991
s 213
f 1713/2078/2519 1714/2079/2520 1381/2071/2521 1638/2070/2522
f 1639/2080/2523 1640/2081/2524 1384/2082/2525 1383/2083/2526
f 1157/1634/2527 1384/2082/2525 1640/2081/2524 1641/1635/2528
s 215
f 2368/2084/2529 2369/2085/2530 2370/2086/2531 2371/2087/2532
f 2372/2088/2533 2373/2089/2534 2374/2090/2535 2375/2091/2536
f 2376/2092/2537 2372/2088/2533 2375/2091/2536 2377/2093/2538
s 217
f 2420/2094/2539 2421/2095/2540 2422/2096/2541 2423/2097/2542
f 2424/2098/2543 2425/2099/2544 2426/2100/2545 2427/2101/2546
f 2425/2099/2544 2533/2102/2547 2534/2103/2548 2426/2100/2545
s 215
f 2369/2085/2530 2378/2104/2549 2379/2105/2550 2370/2086/2531
f 2378/2104/2549 2380/2106/2551 2381/2107/2552 2379/2105/2550
s 217
f 2430/2108/2553 2420/2094/2539 2423/2097/2542 2431/2109/2554
f 2541/2110/2555 2542/2111/2556 2430/2108/2553 2431/2109/2554
f 2421/2095/2540 2434/2112/2557 2435/2113/2558 2422/2096/2541
s 215
f 2382/2114/2559 2368/2084/2529 2371/2087/2532 2383/2115/2560
f 2373/2089/2534 2382/2114/2559 2383/2115/2560 2374/2090/2535
s 217
f 2434/2112/2557 2424/2098/2543 2427/2101/2546 2435/2113/2558
s 219
f 2284/2116/2561 2285/2117/2562 2286/2118/2563 2287/2119/2564
f 2288/2120/2565 2289/2121/2566 2290/2122/2567 2291/2123/2568
f 2292/2124/2569 2293/2125/2570 2294/2126/2571 2295/2127/2572
f 2293/2125/2570 2296/2128/2573 2297/2129/2574 2294/2126/2571
f 2299/2130/2575 2298/2131/2576 2300/2132/2577 2301/2133/2578
f 2303/2134/2579 2302/2135/2580 2304/2136/2581 2305/2137/2582
f 2302/2135/2580 2306/2138/2583 2307/2139/2584 2304/2136/2581
f 2306/2138/2583 2308/2140/2585 2309/2141/2586 2307/2139/2584
f 2310/2142/2587 2292/2124/2569 2295/2127/2572 2311/2143/2588
f 2313/2144/2589 2312/2145/2590 2314/2146/2591 2315/2147/2592
f 2287/2119/2564 2286/2118/2563 2316/2148/2593 2317/2149/2594
f 2312/2145/2590 2310/2142/2587 2311/2143/2588 2314/2146/2591
f 2308/2140/2585 2291/2123/2568 2290/2122/2567 2309/2141/2586
s 223
f 1388/1573/2595 1387/1572/2596 2371/2087/2597 2370/2086/2598
f 1391/1576/2599 1390/1575/2600 2375/2091/2601 2374/2090/2602
f 1390/1575/2600 1393/1578/2603 2377/2093/2604 2375/2091/2601
s 225
f 1399/1879/2605 1398/1878/2606 2423/2097/2607 2422/2096/2608
f 1401/1885/2609 1400/1884/2610 2427/2101/2611 2426/2100/2612
f 2534/2103/2613 2535/1882/2614 1401/1885/2609 2426/2100/2612
s 223
f 1402/1940/2615 1388/1573/2595 2370/2086/2598 2379/2105/2616
f 1403/1941/2617 1402/1940/2615 2379/2105/2616 2381/2107/2618
s 225
f 1398/1878/2606 1405/1942/2619 2431/2109/2620 2423/2097/2607
f 2431/2109/2620 1405/1942/2619 2540/1943/2621 2541/2110/2622
f 1407/1951/2623 1399/1879/2605 2422/2096/2608 2435/2113/2624
s 223
f 1387/1572/2596 1409/1952/2625 2383/2115/2626 2371/2087/2597
f 1409/1952/2625 1391/1576/2599 2374/2090/2602 2383/2115/2626
s 225
f 1400/1884/2610 1407/1951/2623 2435/2113/2624 2427/2101/2611
s 227
f 1413/2150/2627 1412/2151/2628 2295/2127/2629 2294/2126/2630
f 1414/2152/2631 1413/2150/2627 2294/2126/2630 2297/2129/2632
f 1675/1706/2633 1728/1705/2634 2298/2131/2635 2299/2130/2636
f 1412/2151/2628 1419/2153/2637 2311/2143/2638 2295/2127/2629
s 88
f 2225/2154/2639 2226/2155/2640 2227/2156/2641 2228/2157/2642
f 2229/2158/2643 2230/2159/2644 2231/2160/2645 2232/2161/2646
f 2233/2162/2647 2234/2163/2648 2231/2160/2645 2230/2159/2644
f 2235/2164/2649 2236/2165/2650 2237/2166/2651 2238/2167/2652
f 2237/2166/2651 2225/2154/2639 2228/2157/2642 2238/2167/2652
f 2226/2155/2640 2239/2168/2653 2240/2169/2654 2227/2156/2641
f 2239/2168/2653 2229/2158/2643 2232/2161/2646 2240/2169/2654
s 90
f 1423/1467/2655 1422/1466/2656 2228/2157/2657 2227/2156/2658
f 1422/1466/2656 1425/1715/2659 2238/2167/2660 2228/2157/2657
f 1426/1970/2661 1423/1467/2655 2227/2156/2658 2240/2169/2662
f 1424/1994/2663 1426/1970/2661 2240/2169/2662 2232/2161/2664
s 4
f 362/918/1134 1428/1695/2133 1427/1826/2258 247/919/1135
f 629/920/1136 1478/1696/2134 1428/1695/2133 362/918/1134
f 1430/1560/1990 1644/1559/1989 822/922/1138 522/921/1137
f 843/923/1139 1665/2077/2517 1430/1560/1990 522/921/1137
f 372/924/1140 1432/1596/2026 1431/2076/2516 531/925/1141
f 1432/1596/2026 372/924/1140 314/926/1142 1433/1597/2027
f 1434/1709/2149 1433/1597/2027 314/926/1142 265/927/1143
f 1435/1477/1907 1976/1476/1906 1977/929/1145 266/928/1144
f 494/930/1146 1436/1914/2346 1435/1477/1907 266/928/1144
f 394/931/1147 1437/1915/2347 1436/1914/2346 494/930/1146
f 296/932/1148 1439/1637/2067 1642/1636/2066 819/933/1149
f 2554/1918/2350 2555/934/1150 1109/937/1153 1920/1919/2351
f 1442/2029/2462 1441/2028/2461 248/940/1156 480/939/1155
s 6
f 480/942/1158 469/945/1161 1443/1506/1936 1442/1505/1935
f 1444/1593/2023 1443/1506/1936 469/945/1161 468/947/1163
s 2
f 1446/1521/1951 414/951/1167 257/950/1166 1447/1522/1952
f 325/952/1168 1448/1541/1971 1447/1522/1952 257/950/1166
f 1449/1734/2175 1448/1541/1971 325/952/1168 249/955/1171
s 3
f 2081/956/1172 2082/957/1173 2088/1472/1902 2095/1944/2376
f 2089/1473/1903 2088/1472/1902 2082/957/1173 2083/958/1174
f 2097/1946/2378 2089/1473/1903 2083/958/1174 2084/959/1175
f 2085/960/1176 2093/1507/1937 2097/1946/2378 2084/959/1175
f 2094/1508/1938 2093/1507/1937 2085/960/1176 2086/961/1177
s 2
f 1451/1831/2263 1450/2009/2442 253/963/1179 446/962/1178
f 1452/1832/2264 1451/1831/2263 446/962/1178 434/964/1180
f 1453/1833/2265 1452/1832/2264 434/964/1180 363/965/1181
f 365/966/1182 1454/1834/2266 1453/1833/2265 363/965/1181
f 1455/1836/2268 1454/1834/2266 365/966/1182 250/967/1183
f 250/967/1183 493/969/1185 1456/2170/2665 1455/1836/2268
f 1457/1870/2304 1456/2170/2665 493/969/1185 390/970/1186
f 795/971/1187 1620/1871/2305 1457/1870/2304 390/970/1186
f 1459/1580/2010 1458/1579/2009 381/973/1189 495/972/1188
f 1460/1468/1898 1459/1580/2010 495/972/1188 273/974/1190
f 1947/975/1191 1948/1469/1899 1460/1468/1898 273/974/1190
f 422/976/1192 1462/1990/2422 1461/1989/2421 258/977/1193
s 95
f 2052/978/1194 2054/981/1197 2063/2171/2666 2064/2172/2667
f 2065/2173/2668 2058/985/1201 2057/984/1200 2066/2174/2669
s 2
f 1465/1529/1959 1464/2000/2431 465/987/1203 433/986/1202
f 1466/1530/1960 1465/1529/1959 433/986/1202 447/988/1204
f 1467/2001/2432 1466/1530/1960 447/988/1204 255/989/1205
s 88
f 2234/2163/2648 2233/2162/2647 2222/991/1207 2221/990/1206
s 1
f 1469/1969/2401 1468/1993/2425 572/993/1209 577/992/1208
f 570/994/1210 1470/1464/1894 1469/1969/2401 577/992/1208
f 1471/1465/1895 1470/1464/1894 570/994/1210 571/995/1211
f 571/995/1211 574/996/1212 1472/1714/2154 1471/1465/1895
s 88
f 2223/998/1215 2236/2165/2650 2235/2164/2649 2224/997/1216
s 2
f 1474/1537/1967 1473/1731/2172 318/1000/1218 324/999/1217
f 1475/1538/1968 1474/1537/1967 324/999/1217 256/1001/1219
s 97
f 746/1002/1220 1582/2175/2670 1583/2176/2671 745/1003/1221
s 98
f 750/1006/1224 1584/2177/2672 1585/2178/2673 749/1007/1225
s 31
f 1477/1639/2069 1746/1638/2068 927/1011/1229 298/1010/1228
s 5
f 1749/1484/1914 981/1013/1231 982/1012/1230 1750/1485/1915
s 24
f 1876/1588/2018 1875/1587/2017 1064/1015/1233 1065/1014/1232
s 7
f 1753/1495/1925 983/1017/1235 984/1016/1234 1754/1496/1926
s 4
f 1429/2179/2674 1478/1696/2134 629/920/1136 302/1020/1238
f 1478/1696/2134 1429/2179/2674 1175/2180/2675 1479/1692/2130
f 1479/1692/2130 1175/2180/2675 1891/2181/2676 1890/1693/2131
s 7
f 1801/2182/2677 1800/2183/2678 1778/1689/2128 1779/1690/2127
s 5
f 1774/1685/2121 1778/1689/2126 1800/2183/2679 1802/2184/2680
f 1802/2184/2680 1803/2185/2681 1775/1686/2122 1774/1685/2121
s 2
f 1281/2186/2682 1481/2187/2683 1572/2188/2684 1573/2189/2685
f 1486/1789/2228 1485/1788/2227 1181/2190/2686 1276/2191/2687
f 1487/1963/2396 1486/1789/2228 1276/2191/2687 1177/2192/2688
f 1488/1795/2234 1487/1963/2396 1177/2192/2688 1292/2193/2689
f 1489/1796/2235 1488/1795/2234 1292/2193/2689 1179/2194/2690
f 1179/2194/2690 1322/2195/2691 1490/2002/2433 1489/1796/2235
f 1491/1767/2206 1490/2002/2433 1322/2195/2691 1323/2196/2692
f 1492/1768/2207 1491/1767/2206 1323/2196/2692 1198/2197/2693
f 1198/2197/2693 1199/2198/2694 1493/2016/2449 1492/1768/2207
f 1199/2198/2694 1200/2199/2695 1494/2017/2450 1493/2016/2449
f 1150/2200/2696 1495/2018/2451 1494/2017/2450 1200/2199/2695
f 1463/2201/2697 1496/2019/2452 1495/2018/2451 1150/2200/2696
s 95
f 2059/1042/1261 2058/985/1201 2065/2173/2668 2067/2202/2698
s 100
f 1591/2203/2699 1592/2204/2700 1593/2205/2701 1590/2206/2702
f 1594/2207/2703 1595/2208/2704 1596/2209/2705 1597/2210/2706
f 1598/2211/2707 1594/2207/2703 1597/2210/2706 1599/2212/2708
f 1600/2213/2709 1601/2214/2710 1602/2215/2711 1603/2216/2712
f 1604/2217/2713 1598/2211/2707 1599/2212/2708 1605/2218/2714
f 1595/2208/2704 1590/2206/2702 1593/2205/2701 1596/2209/2705
f 1609/2219/2715 1607/2220/2716 1606/2221/2717 1608/2222/2718
f 1606/2221/2717 1610/2223/2719 1611/2224/2720 1608/2222/2718
f 1610/2223/2719 1612/2225/2721 1613/2226/2722 1611/2224/2720
f 1612/2225/2721 1614/2227/2723 1615/2228/2724 1613/2226/2722
f 1616/2229/2725 1617/2230/2726 1600/2213/2709 1603/2216/2712
f 1615/2228/2724 1614/2227/2723 1618/2231/2727 1619/2232/2728
f 1591/2203/2699 765/1075/1294 766/1074/1293 1592/2204/2700
f 779/1076/1295 1607/2220/2716 1609/2219/2715 780/1077/1296
s 234
f 1512/2233/2729 1560/2234/2730 1561/2235/2731 1498/2236/2732
f 1497/2237/2733 1511/2238/2734 1513/2239/2735 1499/2240/2736
f 1515/2241/2737 1514/2242/2738 1500/2243/2739 1501/2244/2740
f 1514/2242/2738 1516/2245/2741 1502/2246/2742 1500/2243/2739
f 1553/2247/2743 1517/2248/2744 1503/2249/2745 1552/2250/2746
f 1516/2245/2741 1518/2251/2747 1504/2252/2748 1502/2246/2742
f 1513/2239/2735 1515/2241/2737 1501/2244/2740 1499/2240/2736
f 1563/2253/2749 1512/2233/2729 1498/2236/2732 1562/2254/2750
f 1519/2255/2751 1520/2256/2752 1506/2257/2753 1505/2258/2754
f 1521/2259/2755 1519/2255/2751 1505/2258/2754 1507/2260/2756
f 1522/2261/2757 1521/2259/2755 1507/2260/2756 1508/2262/2758
f 1523/2263/2759 1522/2261/2757 1508/2262/2758 1509/2264/2760
f 1517/2248/2744 1570/2265/2761 1571/2266/2762 1503/2249/2745
f 1524/2267/2763 1523/2263/2759 1509/2264/2760 1510/2268/2764
s 237
f 1526/1518/2765 1559/1517/2766 1560/2234/2767 1512/2233/2768
f 1511/2238/2769 1525/2269/2770 1528/2270/2771 1513/2239/2772
f 1532/2271/2773 1531/2272/2774 1514/2242/2775 1515/2241/2776
f 1531/2272/2774 1534/2273/2777 1516/2245/2778 1514/2242/2775
f 1554/1793/2779 1535/1792/2780 1517/2248/2781 1553/2247/2782
f 1534/2273/2777 1536/2274/2783 1518/2251/2784 1516/2245/2778
f 1528/2270/2771 1532/2271/2773 1515/2241/2776 1513/2239/2772
f 1564/1971/2785 1526/1518/2765 1512/2233/2768 1563/2253/2786
f 1537/2275/2787 1538/2276/2788 1520/2256/2789 1519/2255/2790
f 1539/2277/2791 1537/2275/2787 1519/2255/2790 1521/2259/2792
f 1540/2278/2793 1539/2277/2791 1521/2259/2792 1522/2261/2794
f 1541/2279/2795 1540/2278/2793 1522/2261/2794 1523/2263/2796
f 1535/1792/2780 1569/1976/2797 1570/2265/2798 1517/2248/2781
f 1542/2280/2799 1541/2279/2795 1523/2263/2796 1524/2267/2800
s 2
f 1733/2281/2801 1734/2282/2802 1544/2050/2481 1543/2283/2803
f 1734/2282/2802 1735/2284/2804 1545/1675/2482 1544/2050/2481
s 166
f 1546/1676/2110 1545/1675/2109 1735/2284/2805 1736/2285/2806
s 143
f 1736/2286/2807 1964/2287/2808 1965/1516/1946 1546/1515/1945
s 166
f 1737/2288/2809 1738/2289/2810 1548/1555/2108 1547/1674/2107
s 2
f 1738/2289/2811 1739/2290/2812 1549/1556/1986 1548/1555/1985
f 1671/2291/2813 1236/2292/2814 1740/2293/2815 1741/2294/2816
f 1741/2294/2816 1742/2295/2817 1235/2296/2818 1671/2291/2813
s 100
f 1602/2215/2711 1601/2214/2710 1604/2217/2713 1605/2218/2714
s 234
f 1518/2251/2747 1553/2247/2743 1552/2250/2746 1504/2252/2748
s 237
f 1536/2274/2783 1554/1793/2779 1553/2247/2782 1518/2251/2784
s 147
f 1555/1755/2194 1554/1793/2232 1536/2274/2819 1534/2273/2820
f 1556/1752/2191 1555/1755/2194 1534/2273/2820 1531/2272/2821
f 1557/1753/2192 1556/1752/2191 1531/2272/2821 1532/2271/2822
f 1558/1520/1950 1557/1753/2192 1532/2271/2822 1528/2270/2823
f 1559/1517/1947 1558/1520/1950 1528/2270/2823 1525/2269/2824
s 237
f 1559/1517/2766 1525/2269/2770 1511/2238/2769 1560/2234/2767
s 234
f 1560/2234/2730 1511/2238/2734 1497/2237/2733 1561/2235/2731
s 112
f 754/1139/1388 1586/2297/2825 1587/2298/2826 756/1140/1389
s 113
f 1588/2299/2827 757/1142/1391 758/1145/1394 1589/2300/2828
s 234
f 1520/2256/2752 1563/2253/2749 1562/2254/2750 1506/2257/2753
s 237
f 1538/2276/2788 1564/1971/2785 1563/2253/2786 1520/2256/2789
s 147
f 1565/1972/2404 1564/1971/2403 1538/2276/2829 1537/2275/2830
f 1566/1973/2405 1565/1972/2404 1537/2275/2830 1539/2277/2831
f 1567/1974/2406 1566/1973/2405 1539/2277/2831 1540/2278/2832
f 1568/1975/2407 1567/1974/2406 1540/2278/2832 1541/2279/2833
f 1569/1976/2408 1568/1975/2407 1541/2279/2833 1542/2280/2834
s 237
f 1569/1976/2797 1542/2280/2799 1524/2267/2800 1570/2265/2798
s 234
f 1570/2265/2761 1524/2267/2763 1510/2268/2764 1571/2266/2762
s 100
f 1618/2231/2727 1617/2230/2726 1616/2229/2725 1619/2232/2728
s 114
f 715/1146/1401 1561/2235/2835 1574/2301/2836 730/1147/1402
f 1574/2301/2836 1561/2235/2835 1497/2237/2837 1575/2302/2838
f 1497/2237/2837 653/1151/1408 732/1150/1407 1575/2302/2838
f 652/1152/1409 1498/2236/2839 1576/2303/2840 734/1153/1410
f 1498/2236/2839 1561/2235/2835 1577/2304/2841 1576/2303/2840
f 1561/2235/2835 715/1146/1401 733/1156/1414 1577/2304/2841
f 716/1157/1415 1562/2254/2842 1578/2305/2843 738/1158/1416
f 1562/2254/2842 1498/2236/2839 1579/2306/2844 1578/2305/2843
f 1498/2236/2839 652/1152/1409 737/1161/1420 1579/2306/2844
f 1562/2254/2842 1580/2307/2845 1581/2308/2846 1506/2257/2847
f 1562/2254/2842 716/1157/1415 741/1164/1424 1580/2307/2845
f 659/1165/1425 1506/2257/2847 1581/2308/2846 742/1166/1426
s 117
f 734/1153/1427 1576/2303/2848 1582/2175/2849 746/1002/1428
f 1576/2303/2848 1577/2304/2850 1583/2176/2851 1582/2175/2849
f 1577/2304/2850 733/1156/1434 745/1003/1433 1583/2176/2851
s 118
f 738/1158/1435 1578/2305/2852 1584/2177/2853 750/1006/1436
f 1578/2305/2852 1579/2306/2854 1585/2178/2855 1584/2177/2853
f 1579/2306/2854 737/1161/1442 749/1007/1441 1585/2178/2855
s 119
f 730/1147/1443 1574/2301/2856 1586/2297/2857 754/1139/1444
f 1586/2297/2857 1574/2301/2856 1575/2302/2858 1587/2298/2859
f 1575/2302/2858 732/1150/1450 756/1140/1449 1587/2298/2859
s 113
f 1580/2307/2860 1588/2299/2861 1589/2300/2828 1581/2308/2862
f 1580/2307/2860 741/1164/1455 757/1142/1454 1588/2299/2861
f 742/1166/1456 1581/2308/2862 1589/2300/2828 758/1145/1394
s 2
f 1475/2309/1968 1591/2203/2863 1590/2206/2864 1146/2310/1969
s 121
f 1593/2205/2865 1592/2204/2866 1497/2237/2867 1499/2240/2868
s 2
f 1217/2311/2248 1216/2312/2214 1595/2208/2869 1594/2207/2870
s 121
f 1597/2210/2871 1596/2209/2872 1501/2244/2873 1500/2243/2874
s 2
f 1218/2313/2250 1217/2311/2248 1594/2207/2870 1598/2211/2875
s 121
f 1599/2212/2876 1597/2210/2871 1500/2243/2874 1502/2246/2877
f 1603/2216/2878 1602/2215/2879 1552/2250/2880 1503/2249/2881
f 1605/2218/2882 1599/2212/2876 1502/2246/2877 1504/2252/2883
s 2
f 1216/2312/2214 1146/2310/1969 1590/2206/2864 1595/2208/2869
s 121
f 1596/2209/2872 1593/2205/2865 1499/2240/2868 1501/2244/2873
s 2
f 1607/2220/2884 1476/2314/2885 1145/2315/2886 1606/2221/2887
s 121
f 1609/2219/2888 1608/2222/2889 1505/2258/2890 1506/2257/2891
s 2
f 1145/2315/2886 1231/2316/2892 1610/2223/2893 1606/2221/2887
s 121
f 1608/2222/2889 1611/2224/2894 1507/2260/2895 1505/2258/2890
s 2
f 1231/2316/2892 1214/2317/2896 1612/2225/2897 1610/2223/2893
s 121
f 1611/2224/2894 1613/2226/2898 1508/2262/2899 1507/2260/2895
s 2
f 1214/2317/2896 1213/2318/2900 1614/2227/2901 1612/2225/2897
s 121
f 1613/2226/2898 1615/2228/2902 1509/2264/2903 1508/2262/2899
s 2
f 1600/2213/2904 1617/2230/2905 1572/2319/2684 1481/2320/2683
s 121
f 1616/2229/2906 1603/2216/2878 1503/2249/2881 1571/2266/2907
f 1615/2228/2902 1619/2232/2908 1510/2268/2909 1509/2264/2903
s 2
f 1475/2309/1968 256/1179/1219 765/1075/1506 1591/2203/2863
s 121
f 1592/2204/2866 766/1074/1507 653/1151/1508 1497/2237/2867
s 2
f 252/1180/1509 1476/2314/2885 1607/2220/2884 779/1076/1510
s 121
f 780/1077/1511 1609/2219/2888 1506/2257/2891 659/1165/1512
f 1602/2215/2879 1605/2218/2882 1504/2252/2883 1552/2250/2880
f 1619/2232/2908 1616/2229/2906 1571/2266/2907 1510/2268/2909
s 2
f 1458/1579/2009 1620/1871/2305 795/971/1187 381/973/1189
f 1620/1871/2305 1458/1579/2009 1247/1582/2012 1621/1869/2303
f 1622/1866/2300 1621/1869/2303 1247/1582/2012 1246/1759/2198
f 1246/1759/2198 1245/1758/2197 1623/1862/2296 1622/1866/2300
f 1245/1758/2197 1244/1761/2200 1624/1863/2297 1623/1862/2296
f 1244/1761/2200 1303/1770/2209 1625/1859/2293 1624/1863/2297
f 1626/1860/2294 1625/1859/2293 1303/1770/2209 1318/1773/2212
f 1627/2005/2438 1626/1860/2294 1318/1773/2212 1243/2004/2437
s 215
f 2385/2321/2910 2384/2322/2911 2376/2092/2537 2377/2093/2538
s 223
f 1393/1578/2603 1628/2323/2912 2385/2321/2913 2377/2093/2604
s 156
f 1393/1578/2008 1392/1577/2007 1629/2324/2914 1628/2323/2915
f 1630/2325/2916 1629/2324/2914 1392/1577/2007 1408/1953/2385
f 1408/1953/2385 1386/1571/2001 1631/2326/2917 1630/2325/2916
f 1632/2327/2918 1631/2326/2917 1386/1571/2001 1389/1574/2004
f 1633/2328/2919 1632/2327/2918 1389/1574/2004 1403/1941/2373
s 223
f 1633/2328/2920 1403/1941/2617 2381/2107/2618 2387/2329/2921
s 215
f 2380/2106/2551 2386/2330/2922 2387/2329/2923 2381/2107/2552
s 2
f 1242/1721/2161 1241/1568/1998 1635/1854/2288 1634/1856/2290
f 1636/1855/2289 1635/1854/2288 1241/1568/1998 1240/1567/1997
f 1732/2331/2924 1733/2281/2801 1543/2283/2803 1637/2332/2925
s 212
f 1382/2333/2926 1638/2070/2510 1915/2073/2513 1914/2334/2927
s 213
f 1638/2070/2522 1382/2333/2928 1712/2335/2929 1713/2078/2519
f 1380/2336/2930 1379/2337/2931 1640/2081/2524 1639/2080/2523
f 1640/2081/2524 1379/2337/2931 1156/2338/2932 1641/1635/2528
s 4
f 1641/1635/2065 1156/2338/2933 1438/2339/2934 1642/1636/2066
f 819/933/1149 1642/1636/2066 1438/2339/2934 294/1195/1534
s 217
f 2429/2340/2935 2428/2341/2936 2436/2342/2937 2437/2343/2938
f 2439/2344/2939 2438/2345/2940 2432/2346/2941 2433/2347/2942
f 2441/2348/2943 2440/2349/2944 2438/2345/2940 2439/2344/2939
f 2443/2350/2945 2442/2351/2946 2440/2349/2944 2441/2348/2943
f 2437/2343/2938 2436/2342/2937 2442/2351/2946 2443/2350/2945
s 225
f 1404/2352/2947 1395/2353/2948 2439/2344/2949 2433/2347/2950
f 1395/2353/2948 1394/2354/2951 2441/2348/2952 2439/2344/2949
f 1394/2354/2951 1406/2355/2953 2443/2350/2954 2441/2348/2952
f 1406/2355/2953 1396/2356/2955 2437/2343/2956 2443/2350/2954
f 1396/2356/2955 1397/2357/2957 2429/2340/2958 2437/2343/2956
s 5
f 1802/2184/2680 1800/2183/2679 1760/1843/2959 1765/2358/2960
s 7
f 1760/1843/2275 1800/2183/2678 1801/2182/2677 1759/1844/2276
s 4
f 1175/2180/2675 1643/1562/1992 1892/2359/2961 1891/2181/2676
f 1429/2179/2674 1644/1559/1989 1643/1562/1992 1175/2180/2675
f 822/922/1138 1644/1559/1989 1429/2179/2674 302/1020/1238
s 95
f 2059/1042/1261 2067/2202/2698 2068/2360/2962 2061/1205/1557
s 2
f 1645/2361/2963 1463/2201/2697 1150/2200/2696 1646/2362/2964
f 1150/2200/2696 1200/2199/2695 1647/2363/2965 1646/2362/2964
f 1200/2199/2695 1199/2198/2694 1648/2364/2966 1647/2363/2965
f 1199/2198/2694 1198/2197/2693 1649/2365/2967 1648/2364/2966
f 1198/2197/2693 1323/2196/2692 1650/2366/2968 1649/2365/2967
f 1651/2367/2969 1650/2366/2968 1323/2196/2692 1322/2195/2691
f 1652/2368/2970 1651/2367/2969 1322/2195/2691 1179/2194/2690
s 219
f 2319/2369/2971 2318/2370/2972 2313/2144/2589 2315/2147/2592
s 176
f 1420/2371/2973 1654/2372/2974 1653/2373/2975 1421/2374/2976
f 1655/2375/2977 1654/2372/2974 1420/2371/2973 1419/2153/2978
f 1419/2153/2978 1412/2151/2979 1656/2376/2980 1655/2375/2977
f 1657/2377/2981 1656/2376/2980 1412/2151/2979 1413/2150/2982
f 1413/2150/2982 1414/2152/2983 1658/2378/2984 1657/2377/2981
s 227
f 1658/2378/2985 1414/2152/2631 2297/2129/2632 2321/2379/2986
s 219
f 2296/2128/2573 2320/2380/2987 2321/2379/2988 2297/2129/2574
s 2
f 1660/2381/2989 1659/2382/2990 1183/2383/2991 1195/2384/2992
f 1182/2385/2993 1550/2386/2994 1662/2387/2995 1661/2388/2996
f 1663/2389/2997 1662/2387/2995 1550/2386/2994 1281/2186/2682
f 1664/2390/2998 1663/2389/2997 1281/2186/2682 1573/2189/2685
f 1328/2391/2999 1664/2390/2998 1573/2189/2685 1174/2392/3000
s 5
f 1788/2393/3001 1803/2185/2681 1802/2184/2680 1765/2358/2960
s 4
f 1431/2076/2516 1665/2077/2517 843/923/1139 531/925/1141
f 1665/2077/2517 1431/2076/2516 1385/2074/2514 1666/2055/2518
s 209
f 1385/2074/3002 1370/2394/3003 1667/2056/2491 1666/2055/2490
f 1370/2394/3003 1374/2395/3004 1668/2061/2498 1667/2056/2491
f 1373/2396/3005 1669/2063/2500 1668/2061/2498 1374/2395/3004
f 1373/2396/3005 1372/2397/3006 1670/2058/2502 1669/2063/2500
s 208
f 1670/2058/2495 1372/2397/3007 1899/2398/3008 1898/2059/2496
s 7
f 1848/1934/2366 1851/1937/2369 1835/1839/2271 1834/1838/2270
s 2
f 1673/1719/2159 1672/1718/2158 1690/2399/3009 1691/2400/3010
f 1692/2401/3011 1674/1729/2170 1673/1719/2159 1691/2400/3010
s 219
f 2322/2402/3012 2299/2130/2575 2301/2133/2578 2323/2403/3013
s 227
f 1693/2404/3014 1675/1706/2633 2299/2130/2636 2322/2402/3015
s 176
f 1694/2405/3016 1676/1703/2141 1675/1706/2144 1693/2404/3017
f 1677/1704/2142 1676/1703/2141 1694/2405/3016 1695/2406/3018
f 1678/1962/2395 1677/1704/2142 1695/2406/3018 1696/1995/2427
s 2
f 1700/2407/3019 1682/2010/2443 1681/2013/2446 1699/2408/3020
f 1683/2015/2448 1682/2010/2443 1700/2407/3019 1701/2409/3021
f 1702/2410/3022 1684/1802/2241 1683/2015/2448 1701/2409/3021
f 1703/2411/3023 1685/1800/2239 1684/1802/2241 1702/2410/3022
f 1686/1785/2224 1685/1800/2239 1703/2411/3023 1704/2412/3024
f 1705/2413/3025 1687/1546/1976 1686/1785/2224 1704/2412/3024
f 1706/2414/3026 1688/1543/1973 1687/1546/1976 1705/2413/3025
f 887/1257/1619 868/1258/1620 1688/1543/1973 1706/2414/3026
s 7
f 1843/1851/2285 1830/1583/2284 1852/2415/3027 1853/2416/3028
s 2
f 1130/1683/3029 1137/1657/3030 1689/2417/3031 1188/2418/3032
f 1689/2417/3031 1137/1657/3030 1129/1558/1988 1186/1557/1987
s 7
f 1850/1936/2368 1849/1935/2367 1853/2416/3028 1852/2415/3027
s 2
f 1186/1557/1987 1262/2419/3033 1237/2420/3034 1689/2417/3031
f 1237/2420/3034 1238/2421/3035 1188/2418/3032 1689/2417/3031
f 1739/2290/2812 1740/2293/2815 1236/2292/2814 1549/1556/1986
f 1194/1552/1982 1691/2400/3010 1690/2399/3009 1185/1553/1983
f 1184/1728/2168 1692/2401/3011 1691/2400/3010 1194/1552/1982
s 219
f 2322/2402/3012 2323/2403/3013 2303/2134/2579 2305/2137/2582
s 227
f 1415/2422/3036 1693/2404/3014 2322/2402/3015 2305/2137/3037
s 176
f 1694/2405/3016 1693/2404/3017 1415/2422/3038 1416/2423/3039
f 1417/2424/3040 1695/2406/3018 1694/2405/3016 1416/2423/3039
f 1696/1995/2427 1695/2406/3018 1417/2424/3040 1418/2425/3041
f 1411/2426/3042 1697/1697/2135 1696/1995/2427 1418/2425/3041
f 1410/2427/3043 1698/1698/2136 1697/1697/2135 1411/2426/3042
s 219
f 2288/2120/2565 2285/2117/2562 2284/2116/2561 2289/2121/2566
s 2
f 1315/1979/2411 1700/2407/3019 1699/2408/3020 1180/1707/2146
f 1306/1978/2410 1701/2409/3021 1700/2407/3019 1315/1979/2411
f 1702/2410/3022 1701/2409/3021 1306/1978/2410 1284/1982/2414
f 1703/2411/3023 1702/2410/3022 1284/1982/2414 1285/1981/2413
f 1704/2412/3024 1703/2411/3023 1285/1981/2413 1286/1985/2417
f 1705/2413/3025 1704/2412/3024 1286/1985/2417 1287/1987/2419
f 1462/1990/2422 1706/2414/3026 1705/2413/3025 1287/1987/2419
f 887/1257/1619 1706/2414/3026 1462/1990/2422 422/976/1192
f 1366/2049/2480 1367/1904/2336 1256/1903/2335 1707/2428/3044
s 246
f 1854/2429/3045 1855/2430/3046 1856/2431/3047 1857/2432/3048
f 1858/2433/3049 1847/1909/3050 1846/1908/3051 1859/2434/3052
f 1860/2435/3053 1847/1909/3050 1858/2433/3049 1861/2436/3054
f 1856/2431/3047 1862/2437/3055 1863/2438/3056 1857/2432/3048
f 1817/2439/3057 1816/2440/3058 1864/2441/3059 1865/2442/3060
f 1866/2443/3061 1867/2444/3062 1868/2445/3063 1869/2446/3064
f 1863/2438/3056 1862/2437/3055 1860/2435/3053 1861/2436/3054
s 4
f 1438/2339/2934 1156/2338/2933 1258/1911/2343 1437/1915/2347
f 1259/2447/3065 1260/2448/3066 1139/2449/3067 1157/1634/2064
f 1259/2447/3065 1157/1634/2064 1439/1637/2067 1440/2450/3068
f 1438/2339/2934 1437/1915/2347 394/931/1147 294/1195/1534
f 395/1291/1663 1440/2450/3068 1439/1637/2067 296/932/1148
s 246
f 1866/2443/3061 1869/2446/3064 1855/2430/3046 1854/2429/3045
f 1865/2442/3060 1864/2441/3059 1870/2451/3069 1871/2452/3070
f 1868/2445/3063 1867/2444/3062 1871/2452/3070 1870/2451/3069
s 6
f 2549/1931/2363 2550/1928/2360 1924/1929/2361 1925/1932/2364
f 1331/1613/2043 1329/1612/2042 1710/1607/2037 1709/1606/2036
f 1444/1593/2023 1711/1492/1922 2677/1494/1924 2678/1594/2024
f 1444/1593/2023 468/947/1163 893/1295/1667 1711/1492/1922
s 213
f 1713/2078/2519 1712/2335/2929 1380/2336/2930 1639/2080/2523
f 1383/2083/2526 1714/2079/2520 1713/2078/2519 1639/2080/2523
s 95
f 2063/2171/2666 2054/981/1197 2061/1205/1557 2068/2360/2962
s 2
f 1715/1544/1974 1645/2361/2963 1646/2362/2964 1716/1545/1975
f 1717/1784/2223 1716/1545/1975 1646/2362/2964 1647/2363/2965
f 1647/2363/2965 1648/2364/2966 1718/1799/2238 1717/1784/2223
f 1719/1801/2240 1718/1799/2238 1648/2364/2966 1649/2365/2967
f 1720/2014/2447 1719/1801/2240 1649/2365/2967 1650/2366/2968
f 1650/2366/2968 1651/2367/2969 1721/2011/2444 1720/2014/2447
f 1722/2012/2445 1721/2011/2444 1651/2367/2969 1652/2368/2970
s 219
f 2317/2149/2594 2316/2148/2593 2318/2370/2972 2319/2369/2971
s 176
f 1724/1992/2424 1723/1991/2423 1653/2373/2975 1654/2372/2974
f 1655/2375/2977 1725/1961/2394 1724/1992/2424 1654/2372/2974
f 1655/2375/2977 1656/2376/2980 1726/1701/2139 1725/1961/2394
f 1656/2376/2980 1657/2377/2981 1727/1702/2140 1726/1701/2139
f 1728/1705/2143 1727/1702/2140 1657/2377/2981 1658/2378/2984
s 227
f 1728/1705/2634 1658/2378/2985 2321/2379/2986 2298/2131/2635
s 219
f 2300/2132/2577 2298/2131/2576 2321/2379/2988 2320/2380/2987
s 2
f 1730/1716/2156 1729/1730/2171 1659/2382/2990 1660/2381/2989
f 1660/2381/2989 1661/2388/2996 1731/1717/2157 1730/1716/2156
f 1240/1567/1997 1733/2281/2801 1732/2331/2924 1636/1855/2289
f 1365/1570/2000 1734/2282/2802 1733/2281/2801 1240/1567/1997
f 1133/1679/2479 1735/2284/2804 1734/2282/2802 1365/1570/2000
s 166
f 1736/2285/2806 1735/2284/2805 1133/1679/2115 1171/1682/2118
s 143
f 1963/1535/1965 1964/2287/2808 1736/2286/2807 1171/1536/1966
s 166
f 1128/1554/2113 1738/2289/2810 1737/2288/2809 1170/1678/2114
s 2
f 1185/1553/1983 1739/2290/2812 1738/2289/2811 1128/1554/1984
f 1690/2399/3009 1740/2293/2815 1739/2290/2812 1185/1553/1983
f 1741/2294/2816 1740/2293/2815 1690/2399/3009 1672/1718/2158
f 1731/1717/2157 1742/2295/2817 1741/2294/2816 1672/1718/2158
f 1662/2387/2995 1663/2389/2997 1235/2296/2818 1742/2295/2817
f 1731/1717/2157 1661/2388/2996 1662/2387/2995 1742/2295/2817
s 31
f 1744/1740/2181 1743/1739/2180 1214/1825/2257 1231/2453/3071
f 1745/1641/2071 1744/1740/2181 1231/2453/3071 1145/2454/3072
f 1476/2455/3073 1746/1638/2068 1745/1641/2071 1145/2454/3072
f 927/1011/1229 1746/1638/2068 1476/2455/3073 252/1299/1671
f 1749/1484/3074 1748/1487/3075 1158/1640/2070 1477/1639/2069
s 4
f 1754/2456/3076 1885/2457/3077 1886/2458/3078 1751/2459/3079
f 1973/2460/3080 1974/1616/2046 1907/1617/2047 1755/2461/3081
s 145
f 1969/2066/2505 1970/2462/3082 1757/2463/3083 1131/2067/2506
s 4
f 1759/2464/3084 1892/2359/2961 1893/2054/3085 1786/2465/3086
f 1904/1619/2049 1905/1618/2048 1763/2466/3087 1762/2467/3088
s 145
f 1761/2468/3089 1764/2469/3090 1188/2470/3091 1238/2471/3092
s 4
f 1886/2458/3078 1887/1644/2074 1767/2472/3093 1751/2459/3079
s 31
f 1748/1487/3075 1769/1624/3094 1159/1741/2182 1158/1640/2070
s 4
f 1887/1644/2074 1888/1643/2073 1771/2473/3095 1767/2472/3093
s 31
f 1769/1624/3094 1773/1649/3096 1215/1738/2179 1159/1741/2182
f 1776/1687/3097 1775/1686/3098 1480/2474/3099 1213/1824/2256
s 4
f 1889/1694/2132 1890/1693/2131 1779/2475/3100 1780/2476/3101
f 1905/1618/2048 1906/1711/2151 1756/2477/3102 1763/2466/3087
s 145
f 1764/2469/3090 1758/2478/3103 1130/2479/3104 1188/2470/3091
s 4
f 1888/1643/2073 1889/1694/2132 1780/2476/3101 1771/2473/3095
s 31
f 1773/1649/3096 1776/1687/3097 1213/1824/2256 1215/1738/2179
s 7
f 1783/2480/3105 1782/2481/3106 1671/2482/3107 1235/2483/3108
s 208
f 1897/2060/2497 1898/2059/2496 1781/2484/3109 1784/2485/3110
f 1893/2054/2489 1894/2053/2488 1785/2486/3111 1786/2465/3112
f 1894/2053/2488 1895/2487/3113 1787/2488/3114 1785/2486/3111
s 7
f 1788/2393/3115 1783/2480/3105 1235/2483/3108 1328/2489/3116
s 208
f 1896/2490/3117 1897/2060/2497 1784/2485/3110 1789/2491/3118
s 4
f 1903/2075/2515 1904/1619/2049 1762/2467/3088 1790/2492/3119
s 208
f 1902/2493/3120 1903/2075/3121 1790/2492/3122 1791/2494/3123
s 4
f 1908/1913/2345 1909/1912/2344 1794/2495/3124 1793/2496/3125
s 145
f 1792/2497/3126 1795/2498/3127 1257/2499/3128 1368/2500/3129
s 208
f 1899/2398/3008 1900/2501/3130 1797/2502/3131 1796/2503/3132
s 7
f 1799/2504/3133 1798/2505/3134 1262/2506/3135 1236/2507/3136
s 208
f 1895/2487/3113 1896/2490/3117 1789/2491/3118 1787/2488/3114
s 4
f 1907/1617/2047 1908/1913/2345 1793/2496/3125 1755/2461/3081
s 145
f 1757/2463/3083 1792/2497/3126 1368/2500/3129 1131/2067/2506
s 31
f 298/1010/1228 981/1013/1867 1749/1484/3074 1477/1639/2069
s 4
f 1073/1018/1236 1885/2457/3077 1754/2456/3076 984/1335/1711
f 1890/1693/2131 1891/2181/2676 1801/2508/3137 1779/2475/3100
s 31
f 1775/1686/3098 1803/2185/3138 1174/2509/3139 1480/2474/3099
s 4
f 1891/2181/2676 1892/2359/2961 1759/2464/3084 1801/2508/3137
s 31
f 1803/2185/3138 1788/2393/3140 1328/2489/3141 1174/2509/3139
s 7
f 1782/2481/3106 1799/2504/3133 1236/2507/3136 1671/2482/3107
s 208
f 1898/2059/2496 1899/2398/3008 1796/2503/3132 1781/2484/3109
s 7
f 1804/2510/3142 1761/2468/3143 1238/2471/3144 1237/2511/3145
s 208
f 1901/2512/3146 1902/2493/3120 1791/2494/3123 1805/2513/3147
f 1900/2501/3130 1901/2512/3146 1805/2513/3147 1797/2502/3131
s 7
f 1798/2505/3134 1804/2510/3142 1237/2511/3145 1262/2506/3135
s 246
f 1808/2514/3148 1807/2515/3149 1637/2516/3150 1543/2517/3151
s 212
f 1914/2334/2927 1915/2073/2513 1806/2518/3152 1809/2519/3153
s 4
f 1909/1912/2344 1910/2520/3154 1811/2521/3155 1794/2495/3124
s 212
f 1910/2520/3156 1911/2522/3157 1810/2523/3158 1811/2521/3159
s 246
f 1795/2498/3160 1812/2524/3161 1256/2525/3162 1257/2499/3163
s 212
f 1911/2522/3157 1912/2526/3164 1813/2527/3165 1810/2523/3158
s 246
f 1814/2528/3166 1808/2514/3148 1543/2517/3151 1707/2529/3167
s 212
f 1913/2530/3168 1914/2334/2927 1809/2519/3153 1815/2531/3169
s 4
f 1139/2449/3067 1338/2532/3170 1816/2533/3171 1817/2534/3172
s 246
f 1338/2535/3173 1333/2536/3174 1818/2537/3175 1816/2440/3058
s 212
f 1919/2538/3176 1139/2449/3177 1817/2534/3178 1819/2539/3179
f 1916/2072/2512 1917/2540/3180 1821/2541/3181 1820/2542/3182
s 246
f 1708/2543/3183 1335/2544/3184 1823/2545/3185 1822/2546/3186
f 1812/2524/3161 1814/2528/3166 1707/2529/3167 1256/2525/3162
s 212
f 1912/2526/3164 1913/2530/3168 1815/2531/3169 1813/2527/3165
s 246
f 1335/2544/3184 1807/2515/3149 1823/2545/3185
s 212
f 1915/2073/2513 1916/2072/2512 1820/2542/3182 1806/2518/3152
s 246
f 1333/2536/3174 1334/2547/3187 1824/2548/3188 1818/2537/3175
s 212
f 1918/2549/3189 1919/2538/3176 1819/2539/3179 1825/2550/3190
f 1917/2540/3180 1918/2549/3189 1825/2550/3190 1821/2541/3181
s 246
f 1334/2547/3187 1708/2543/3183 1822/2546/3186 1824/2548/3188
s 4
f 1972/2551/3191 1973/2460/3080 1755/2461/3081 1826/2552/3192
s 145
f 1757/2463/3083 1970/2462/3082 1971/1499/1929 1828/1502/1932
s 4
f 1762/2467/3088 1763/2466/3087 1832/2553/3193 1831/2554/3194
s 145
f 1764/2469/3090 1761/2468/3089 1830/1583/2013 1833/1586/2016
s 4
f 1763/2466/3087 1756/2477/3102 1827/2555/3195 1832/2553/3193
s 145
f 1758/2478/3103 1764/2469/3090 1833/1586/2016 1829/1713/2153
s 7
f 1782/2481/3106 1783/2480/3105 1836/1840/2272 1835/1839/2271
s 208
f 1784/2485/3110 1781/2484/3109 1834/2556/3196 1837/2557/3197
s 7
f 1765/2358/3198 1760/1843/2275 1838/1846/2278
s 208
f 1785/2486/3111 1787/2488/3114 1839/2558/3199
s 7
f 1783/2480/3105 1788/2393/3115 1840/1848/2280 1836/1840/2272
s 208
f 1789/2491/3118 1784/2485/3110 1837/2557/3197 1841/2559/3200
s 4
f 1790/2492/3119 1762/2467/3088 1831/2554/3194 1842/2560/3201
s 208
f 1791/2494/3123 1790/2492/3122 1842/2560/3202 1843/2561/3203
s 4
f 1793/2496/3125 1794/2495/3124 1846/2562/3204 1845/2563/3205
s 145
f 1795/2498/3127 1792/2497/3126 1844/1906/2338 1847/1909/2341
s 208
f 1796/2503/3132 1797/2502/3131 1849/2564/3206 1848/2565/3207
s 7
f 1798/2505/3134 1799/2504/3133 1851/1937/2369 1850/1936/2368
f 1788/2393/3115 1765/2358/3198 1838/1846/2278 1840/1848/2280
s 208
f 1787/2488/3114 1789/2491/3118 1841/2559/3200 1839/2558/3199
s 4
f 1755/2461/3081 1793/2496/3125 1845/2563/3205 1826/2552/3192
s 145
f 1792/2497/3126 1757/2463/3083 1828/1502/1932 1844/1906/2338
s 7
f 1799/2504/3133 1782/2481/3106 1835/1839/2271 1851/1937/2369
s 208
f 1781/2484/3109 1796/2503/3132 1848/2565/3207 1834/2556/3196
s 7
f 1761/2468/3143 1804/2510/3142 1852/2415/3027 1830/1583/2284
s 208
f 1805/2513/3147 1791/2494/3123 1843/2561/3203 1853/2566/3208
f 1797/2502/3131 1805/2513/3147 1853/2566/3208 1849/2564/3206
s 7
f 1804/2510/3142 1798/2505/3134 1850/1936/2368 1852/2415/3027
s 246
f 1807/2515/3149 1808/2514/3148 1856/2431/3047 1855/2430/3046
s 212
f 1809/2519/3153 1806/2518/3152 1854/2567/3209 1857/2568/3210
s 4
f 1794/2495/3124 1811/2521/3155 1859/2569/3211 1846/2562/3204
s 212
f 1811/2521/3159 1810/2523/3158 1858/2570/3212 1859/2569/3213
s 246
f 1812/2524/3161 1795/2498/3160 1847/1909/3050 1860/2435/3053
s 212
f 1810/2523/3158 1813/2527/3165 1861/2571/3214 1858/2570/3212
s 246
f 1808/2514/3148 1814/2528/3166 1862/2437/3055 1856/2431/3047
s 212
f 1815/2531/3169 1809/2519/3153 1857/2568/3210 1863/2572/3215
s 246
f 1816/2440/3058 1818/2537/3175 1864/2441/3059
s 212
f 1819/2539/3179 1817/2534/3178 1865/2573/3216
f 1820/2542/3182 1821/2541/3181 1867/2574/3217 1866/2575/3218
s 246
f 1822/2546/3186 1823/2545/3185 1869/2446/3064 1868/2445/3063
f 1814/2528/3166 1812/2524/3161 1860/2435/3053 1862/2437/3055
s 212
f 1813/2527/3165 1815/2531/3169 1863/2572/3215 1861/2571/3214
s 246
f 1823/2545/3185 1807/2515/3149 1855/2430/3046 1869/2446/3064
s 212
f 1806/2518/3152 1820/2542/3182 1866/2575/3218 1854/2567/3209
s 246
f 1818/2537/3175 1824/2548/3188 1870/2451/3069 1864/2441/3059
s 212
f 1825/2550/3190 1819/2539/3179 1865/2573/3216 1871/2576/3219
f 1821/2541/3181 1825/2550/3190 1871/2576/3219 1867/2574/3217
s 246
f 1824/2548/3188 1822/2546/3186 1868/2445/3063 1870/2451/3069
s 7
f 1771/1647/2077 1872/1646/2076 1766/1620/2050 1767/1621/2051
s 24
f 1878/1623/2053 1879/2577/3220 1880/2578/3221 1877/1622/2052
f 1879/2577/3220 1881/2579/3222 1882/2580/3223 1880/2578/3221
s 136
f 1750/1485/3224 1875/1587/3225 1874/1590/3226 1747/1486/3227
s 137
f 1876/1588/3228 1753/1495/3229 1752/1498/3230 1873/1589/3231
s 136
f 1768/1625/3232 1747/1486/3227 1874/1590/3226 1877/1622/3233
s 137
f 1752/1498/3230 1766/1620/3234 1878/1623/3235 1873/1589/3231
s 136
f 1750/1485/3224 982/1012/1805 1064/1015/1804 1875/1587/3225
s 137
f 983/1017/1806 1753/1495/3229 1876/1588/3228 1065/1014/1807
f 1766/1620/3234 1872/1646/3236 1879/2577/3237 1878/1623/3235
s 136
f 1772/1650/3238 1768/1625/3232 1877/1622/3233 1880/2578/3239
s 137
f 1872/1646/3236 1770/1645/3240 1881/2579/3241 1879/2577/3237
s off
f 1770/1645/3242 1777/1688/3243 1882/2580/3244 1881/2579/3245
s 136
f 1777/1688/3246 1772/1650/3238 1880/2578/3239 1882/2580/3247
s 257
f 2547/2581/3248 2548/1930/3249 2734/2582/3250 1927/2583/3251
f 1445/1493/3252 1884/2584/3253 2733/2585/3254 1337/1608/3255
s 2
f 414/951/1167 1446/1521/1951 1884/2586/3256 1071/1412/1827
f 1884/2586/3256 1446/1521/1951 1283/1524/1954 1883/2587/3257
s 159
f 2785/1605/2035 2784/1604/2034 2786/2588/3258 2787/2589/3259
s 2
f 2546/1566/1996 2547/2590/3260 1927/2591/3261 1928/1563/1993
f 1636/1855/2289 1732/2331/2924 1282/2592/3262 1248/1852/2286
f 1732/2331/2924 1637/2332/2925 1261/2593/3263 1282/2592/3262
s 4
f 1885/2457/3077 1073/1018/1236 247/919/1135 1427/1826/2258
f 1144/1642/2072 1886/2458/3078 1885/2457/3077 1427/1826/2258
f 1144/1642/2072 1887/1644/2074 1886/2458/3078
f 1378/1561/1991 1893/2054/3085 1892/2359/2961 1643/1562/1992
s 208
f 1375/2062/3264 1895/2487/3113 1894/2053/2488 1371/2052/2487
f 1377/2064/3265 1896/2490/3117 1895/2487/3113 1375/2062/3264
f 1376/2057/2494 1897/2060/2497 1896/2490/3117 1377/2064/3265
f 1373/2396/3266 1900/2501/3130 1899/2398/3008 1372/2397/3007
f 1374/2395/3267 1901/2512/3146 1900/2501/3130 1373/2396/3266
f 1370/2394/3268 1902/2493/3120 1901/2512/3146 1374/2395/3267
f 1385/2074/3269 1903/2075/3121 1902/2493/3120 1370/2394/3268
s 4
f 1156/2338/2933 1910/2520/3154 1909/1912/2344 1258/1911/2343
s 212
f 1379/2337/3270 1911/2522/3157 1910/2520/3156 1156/2338/3271
f 1380/2336/3272 1912/2526/3164 1911/2522/3157 1379/2337/3270
f 1712/2335/3273 1913/2530/3168 1912/2526/3164 1380/2336/3272
f 1382/2333/2926 1914/2334/2927 1913/2530/3168 1712/2335/3273
f 1714/2079/3274 1917/2540/3180 1916/2072/2512 1381/2071/2511
f 1383/2083/3275 1918/2549/3189 1917/2540/3180 1714/2079/3274
f 1384/2082/3276 1919/2538/3176 1918/2549/3189 1383/2083/3275
f 1139/2449/3177 1919/2538/3176 1384/2082/3276 1157/1634/3277
s 4
f 1139/2449/3067 1260/2448/3066 1338/2532/3170
s 246
f 1261/2594/3278 1637/2516/3150 1807/2515/3149 1335/2544/3184
s 4
f 1920/1919/2351 1109/937/1153 248/940/1156 1441/2028/2461
f 2573/2027/2460 2574/1916/2348 1920/1919/2351 1441/2028/2461
f 1921/1923/2355 2568/1922/2354 2569/2023/2456 1121/2022/2455
f 1922/2021/2454 1921/1923/2355 1121/2022/2455 1339/2025/2458
s 6
f 1923/1927/2359 1922/1926/2358 1339/1614/2044 1332/1610/2040
f 1924/1929/2361 1923/1927/2359 1332/1610/2040 1331/1613/2043
f 1925/1932/2364 1924/1929/2361 1331/1613/2043 1709/1606/2036
f 1926/1933/2365 1925/1932/2364 1709/1606/2036 1336/1609/2039
s 159
f 2789/2595/3279 2788/2596/3280 2786/2588/3258 2784/1604/2034
f 2781/1600/2030 2790/2597/3281 2789/2595/3279 2784/1604/2034
f 2791/2598/3282 2790/2597/3281 2781/1600/2030 2783/1603/2033
s 2
f 1340/1874/2308 2543/2599/3283 2711/1875/2309
f 1549/1556/1986 1236/2292/2814 1262/2419/3033 1186/1557/1987
f 1543/2283/2803 1544/2050/2481 1366/2049/2480 1707/2428/3044
f 1664/2390/2998 1328/2391/2999 1235/2296/2818 1663/2389/2997
f 274/1264/1626 1932/1462/1892 1931/1463/1893 264/1261/1623
f 263/350/550 1933/1461/1891 1932/1462/1892 274/1264/1626
f 701/349/549 1934/1460/1890 1933/1461/1891 263/350/550
f 918/1130/1373 1935/1459/1889 1934/1460/1890 701/349/549
f 262/346/546 1936/1458/1888 1935/1459/1889 918/1130/1373
f 320/345/545 1937/1456/1886 1936/1458/1888 262/346/546
f 261/470/672 1938/1457/1887 1937/1456/1886 320/345/545
s 141
f 2045/2600/3284 2041/1452/1882 2043/1454/1884 2046/2601/3285
f 2047/2602/3286 2039/1450/1880 2041/1452/1882 2045/2600/3284
f 2048/2603/3287 2037/1448/1878 2039/1450/1880 2047/2602/3286
f 2049/2604/3288 2033/1444/1874 2037/1448/1878 2048/2603/3287
f 2050/2605/3289 2034/1445/1875 2033/1444/1874 2049/2604/3288
s 2
f 1940/503/703 1939/723/916 259/453/655 453/697/891
f 1941/504/704 1940/503/703 453/697/891 440/696/890
f 330/702/896 1942/561/754 1941/504/704 440/696/890
f 331/701/895 1943/559/752 1942/561/754 330/702/896
f 332/705/899 1944/526/726 1943/559/752 331/701/895
f 1945/290/490 1944/526/726 332/705/899 288/707/901
f 1945/290/490 288/707/901 612/709/903 1946/291/491
f 612/709/903 258/977/1193 1947/975/1191 1946/291/491
f 1461/1989/2421 1948/1469/1899 1947/975/1191 258/977/1193
f 1948/1469/1899 1461/1989/2421 1151/1988/2420 1949/1470/1900
f 1950/1787/2226 1949/1470/1900 1151/1988/2420 1203/1986/2418
f 1203/1986/2418 1202/1984/2416 1951/1820/2252 1950/1787/2226
f 1202/1984/2416 1201/1983/2415 1952/1822/2254 1951/1820/2252
f 1201/1983/2415 1305/1977/2409 1953/1763/2202 1952/1822/2254
f 1954/1764/2203 1953/1763/2202 1305/1977/2409 1316/1980/2412
f 1955/1672/2434 1954/1764/2203 1316/1980/2412 1125/1664/2145
s 166
f 1956/1673/2106 1955/1672/2105 1125/1664/2097 1168/1667/2100
s 259
f 2021/2606/3290 2022/2607/3291 2023/2608/3292 2024/2609/3293
f 2025/2610/3294 2023/2608/3292 2022/2607/3291 2026/2611/3295
f 2026/2611/3295 2027/2612/3296 2028/2613/3297 2025/2610/3294
f 2029/2614/3298 2028/2613/3297 2027/2612/3296 2030/2615/3299
f 2031/2616/3300 2029/2614/3298 2030/2615/3299 2032/2617/3301
s 143
f 1161/2618/3302 1192/2619/3303 1962/1534/1964 1961/1724/2164
f 1963/1535/1965 1962/1534/1964 1192/2619/3303 1170/2620/3304
f 1170/2620/3304 1737/2621/3305 1964/2287/2808 1963/1535/1965
f 1965/1516/1946 1964/2287/2808 1737/2621/3305 1547/2622/3306
f 1966/1488/1918 1965/1516/1946 1547/2622/3306 1164/2623/3307
f 1165/2624/3308 1967/1489/1919 1966/1488/1918 1164/2623/3307
f 1968/1591/2021 1967/1489/1919 1165/2624/3308 1172/2625/3309
s 145
f 1130/2479/3104 1969/2626/2505 1968/2627/2504 1172/2628/3310
f 1130/2479/3104 1758/2478/3103 1970/2629/3082 1969/2626/2505
f 1971/2630/1929 1970/2629/3082 1758/2478/3103 1829/1713/2153
f 1827/1712/2152 1972/2631/1930 1971/2630/1929 1829/1713/2153
s 4
f 1756/2477/3102 1973/2460/3080 1972/2551/3191 1827/2555/3195
f 1906/1711/2151 1974/1616/2046 1973/2460/3080 1756/2477/3102
f 1906/1711/2151 1143/1710/2150 1975/1479/1909 1974/1616/2046
f 1434/1709/2149 1976/1476/1906 1975/1479/1909 1143/1710/2150
f 1977/929/1145 1976/1476/1906 1434/1709/2149 265/927/1143
f 1978/300/500 1977/929/1145 265/927/1143 585/458/660
f 280/457/659 1979/297/497 1978/300/500 585/458/660
f 280/457/659 1095/1321/1693 1980/1302/1674 1979/297/497
f 1095/1321/1693 937/1320/1692 1981/1303/1675 1980/1302/1674
f 937/1320/1692 1012/1372/1749 1982/1364/1741 1981/1303/1675
s 8
f 1012/460/662 1014/459/661 1983/2632/514 1982/2633/513
f 1984/2634/1744 1983/2632/514 1014/459/661 939/1373/1750
f 939/1373/1750 264/1428/1847 1931/2635/1845 1984/2634/1744
s 143
f 1168/2636/3311 1295/2637/3312 1986/2638/3313 1985/2639/3314
f 1957/2640/3315 1956/2641/3316 1988/2642/3317 1987/2643/3318
f 1956/2641/3316 1168/2636/3311 1985/2639/3314 1988/2642/3317
f 1958/2644/3319 1957/2640/3315 1987/2643/3318 1989/2645/3320
f 1295/2637/3312 1160/2646/3321 1990/2647/3322 1986/2638/3313
f 1160/2646/3321 1273/2648/3323 1991/2649/3324 1990/2647/3322
f 1959/2650/3325 1958/2644/3319 1989/2645/3320 1992/2651/3326
f 1960/2652/3327 1959/2650/3325 1992/2651/3326 1993/2653/3328
f 1273/2648/3323 1264/2654/3329 1994/2655/3330 1991/2649/3324
f 1961/1724/2164 1960/2652/3327 1993/2653/3328 1995/2656/3331
f 1264/2654/3329 1161/2618/3302 1996/2657/3332 1994/2655/3330
f 1161/2618/3302 1961/1724/2164 1995/2656/3331 1996/2657/3332
f 1959/2650/3325 1960/2652/3327 1999/2658/3333 1998/2659/3334
f 1265/2660/3335 1272/2661/3336 1997/2662/3337 2000/2663/3338
f 1956/2641/3316 1957/2640/3315 2002/2664/3339 2001/2665/3340
f 1296/2666/3341 1169/2667/3342 2004/2668/3343 2003/2669/3344
f 1169/2667/3342 1956/2641/3316 2001/2665/3340 2004/2668/3343
f 1960/2652/3327 1961/1724/2164 2005/2670/3345 1999/2658/3333
f 1961/1724/2164 1162/1725/2165 2006/2671/3346 2005/2670/3345
f 1162/1725/2165 1265/2660/3335 2000/2663/3338 2006/2671/3346
f 1958/2644/3319 1959/2650/3325 1998/2659/3334 2007/2672/3347
f 1272/2661/3336 1163/2673/3348 2008/2674/3349 1997/2662/3337
f 1957/2640/3315 1958/2644/3319 2007/2672/3347 2002/2664/3339
f 1163/2673/3348 1296/2666/3341 2003/2669/3344 2008/2674/3349
s 263
f 1998/2659/3350 1999/2658/3351 2011/1482/3352 2010/1481/3353
f 2000/2663/3354 1997/2662/3355 2009/1480/3356 2012/1483/3357
f 2001/2665/3358 2002/2664/3359 2014/1512/3360 2013/1511/3361
f 2003/2669/3362 2004/2668/3363 2016/1514/3364 2015/1513/3365
f 2004/2668/3363 2001/2665/3358 2013/1511/3361 2016/1514/3364
f 1999/2658/3351 2005/2670/3366 2017/1938/3367 2011/1482/3352
f 2005/2670/3366 2006/2671/3368 2018/1939/3369 2017/1938/3367
f 2006/2671/3368 2000/2663/3354 2012/1483/3357 2018/1939/3369
f 2007/2672/3370 1998/2659/3350 2010/1481/3353 2019/1956/3371
f 1997/2662/3355 2008/2674/3372 2020/1957/3373 2009/1480/3356
f 2002/2664/3359 2007/2672/3370 2019/1956/3371 2014/1512/3360
f 2008/2674/3372 2003/2669/3362 2015/1513/3365 2020/1957/3373
s 266
f 1985/2639/3374 1986/2638/3375 2022/2607/3376 2021/2606/3377
f 1987/2643/3378 1988/2642/3379 2024/2609/3380 2023/2608/3381
f 1988/2642/3379 1985/2639/3374 2021/2606/3377 2024/2609/3380
f 1989/2645/3382 1987/2643/3378 2023/2608/3381 2025/2610/3383
f 1986/2638/3375 1990/2647/3384 2026/2611/3385 2022/2607/3376
f 1990/2647/3384 1991/2649/3386 2027/2612/3387 2026/2611/3385
f 1992/2651/3388 1989/2645/3382 2025/2610/3383 2028/2613/3389
f 1993/2653/3390 1992/2651/3388 2028/2613/3389 2029/2614/3391
f 1991/2649/3386 1994/2655/3392 2030/2615/3393 2027/2612/3387
f 1995/2656/3394 1993/2653/3390 2029/2614/3391 2031/2616/3395
f 1994/2655/3392 1996/2657/3396 2032/2617/3397 2030/2615/3393
f 1996/2657/3396 1995/2656/3394 2031/2616/3395 2032/2617/3397
s 267
f 2796/2675/3398 2795/2676/3399 2797/2677/3400 2798/2678/3401
f 2795/2676/3399 2799/2679/3402 2800/2680/3403 2797/2677/3400
f 2799/2679/3402 2801/2681/3404 2802/2682/3405 2800/2680/3403
f 2801/2681/3404 2803/2683/3406 2804/2684/3407 2802/2682/3405
f 2803/2683/3406 2805/2685/3408 2806/2686/3409 2804/2684/3407
f 2805/2685/3408 2807/2687/3410 2808/2688/3411 2806/2686/3409
f 2807/2687/3410 2809/2689/3412 2810/2690/3413 2808/2688/3411
f 2809/2689/3412 2811/2691/3414 2812/2692/3415 2810/2690/3413
f 2811/2691/3414 2813/2693/3416 2814/2694/3417 2812/2692/3415
f 2813/2693/3416 2815/2695/3418 2816/2696/3419 2814/2694/3417
f 2815/2695/3418 2817/2697/3420 2818/2698/3421 2816/2696/3419
f 2817/2697/3420 2819/2699/3422 2820/2700/3423 2818/2698/3421
f 2821/2701/3424 2796/2675/3398 2798/2678/3401 2822/2702/3425
f 2819/2699/3422 2821/2701/3424 2822/2702/3425 2820/2700/3423
s 268
f 868/1258/3426 867/340/3427 2051/979/3428 2052/978/3429
s 269
f 867/340/3430 897/339/3431 2053/980/3432 2051/979/3433
f 648/740/3434 615/719/3435 2056/983/3436 2055/982/3437
s 271
f 615/719/3438 465/987/3439 2057/984/3440 2056/983/3441
s 269
f 614/1041/3442 648/740/3434 2055/982/3437 2060/1043/3443
f 823/1208/3444 614/1041/3442 2060/1043/3443 2062/1206/3445
f 897/339/3431 823/1208/3444 2062/1206/3445 2053/980/3432
s 272
f 1715/1544/3446 1688/1543/3447 2064/2172/3448 2063/2171/3449
s 268
f 1688/1543/3450 868/1258/3426 2052/978/3429 2064/2172/3451
s 271
f 465/987/3439 1464/2000/3452 2066/2174/3453 2057/984/3440
s 272
f 1464/2000/3454 1496/2019/3455 2065/2173/3456 2066/2174/3457
f 1496/2019/3455 1463/2201/3458 2067/2202/3459 2065/2173/3456
f 1463/2201/3458 1645/2361/3460 2068/2360/3461 2067/2202/3459
f 1645/2361/3460 1715/1544/3446 2063/2171/3449 2068/2360/3461
s 274
f 2445/2703/3462 2444/2704/3463 2446/2705/3464 2447/2706/3465
f 2451/2707/3466 2449/2708/3467 2448/2709/3468 2450/2710/3469
f 2452/2711/3470 2449/2708/3467 2451/2707/3466 2453/2712/3471
f 2454/2713/3472 2456/2714/3473 2457/2715/3474 2455/2716/3475
f 2454/2713/3472 2445/2703/3462 2447/2706/3465 2456/2714/3473
f 2444/2704/3463 2458/2717/3476 2459/2718/3477 2446/2705/3464
f 2458/2717/3476 2452/2711/3470 2453/2712/3471 2459/2718/3477
f 2460/2719/3478 2455/2716/3475 2457/2715/3474 2461/2720/3479
f 2448/2709/3468 2462/2721/3480 2463/2722/3481 2450/2710/3469
f 2464/2723/3482 2465/2724/3483 2466/2725/3484 2467/2726/3485
f 2468/2727/3486 2469/2728/3487 2470/2729/3488 2471/2730/3489
f 2473/2731/3490 2472/2732/3491 2468/2727/3486 2471/2730/3489
f 2465/2724/3483 2474/2733/3492 2475/2734/3493 2466/2725/3484
f 2476/2735/3494 2477/2736/3495 2475/2734/3493 2474/2733/3492
f 2478/2737/3496 2464/2723/3482 2467/2726/3485 2479/2738/3497
f 2469/2728/3487 2478/2737/3496 2479/2738/3497 2470/2729/3488
f 2476/2735/3494 2460/2719/3478 2461/2720/3479 2477/2736/3495
f 2462/2721/3480 2472/2732/3491 2473/2731/3490 2463/2722/3481
s 278
f 2087/1475/3498 2090/1474/3499 2467/2726/3500 2466/2725/3501
f 2092/1510/3502 2091/1509/3503 2471/2730/3504 2470/2729/3505
f 2471/2730/3504 2091/1509/3503 2094/1508/3506 2473/2731/3507
f 2096/1945/3508 2087/1475/3498 2466/2725/3501 2475/2734/3509
f 2095/1944/3510 2096/1945/3508 2475/2734/3509 2477/2736/3511
f 2090/1474/3499 2098/1947/3512 2479/2738/3513 2467/2726/3500
f 2098/1947/3512 2092/1510/3502 2470/2729/3505 2479/2738/3513
f 2081/956/3514 2095/1944/3510 2477/2736/3511 2461/2720/3515
f 2094/1508/3506 2086/961/3516 2463/2722/3517 2473/2731/3507
s 2
f 492/631/826 2500/630/825 2501/2739/3518 2100/2740/3519
f 2099/2741/3520 389/607/802 608/609/804 2101/2742/3521
f 608/609/804 607/968/1184 2102/2743/3522 2101/2742/3521
f 290/567/760 2104/2744/3523 2103/2745/3524 606/574/767
f 290/567/760 492/631/826 2100/2740/3519 2104/2744/3523
f 607/968/1184 606/574/767 2103/2745/3524 2102/2743/3522
f 1456/2170/2665 1457/1870/2304 2107/2746/3525 2106/2747/3526
f 2107/2746/3525 1457/1870/2304 1255/1868/2302 2108/2748/3527
f 2525/2749/3528 2526/1897/2329 1351/1896/2328 2105/2750/3529
f 1455/1836/2268 1456/2170/2665 2106/2747/3526 2109/2751/3530
f 1351/1896/2328 1153/1829/2261 2110/2752/3531 2105/2750/3529
f 1455/1836/2268 2109/2751/3530 2110/2752/3531 1153/1829/2261
s 280
f 2100/2753/3532 2501/2754/3533 2502/2755/3534 2112/2756/3535
s off
f 2111/2757/3536 2099/2758/3537 2101/2759/3538 2113/2760/3539
s 281
f 2101/2761/3540 2102/2762/3541 2114/2763/3542 2113/2764/3543
s 282
f 2104/2765/3544 2116/2766/3545 2115/2767/3546 2103/2768/3547
s 280
f 2104/2765/3548 2100/2753/3532 2112/2756/3535 2116/2766/3549
s 281
f 2102/2762/3541 2103/2768/3550 2115/2767/3551 2114/2763/3542
s 283
f 2106/2769/3552 2107/2770/3553 2119/2771/3554 2118/2772/3555
s off
f 2119/2773/3556 2107/2774/3557 2108/2775/3558 2120/2776/3559
s 284
f 2524/2777/3560 2525/2778/3561 2105/2779/3562 2117/2780/3563
s 283
f 2109/2781/3564 2106/2769/3552 2118/2772/3555 2121/2782/3565
s 284
f 2105/2779/3562 2110/2783/3566 2122/2784/3567 2117/2780/3563
s off
f 2109/2781/3568 2121/2782/3569 2122/2784/3570 2110/2783/3571
s 285
f 2154/2785/3572 2506/2786/3573 2507/2787/3574 2156/2788/3575
s 286
f 2123/2789/3576 2111/2790/3577 2113/2791/3578 2125/2792/3579
s 282
f 2116/2793/3545 2128/760/3580 2127/761/3581 2115/2794/3546
s 285
f 2157/2795/3582 2154/2785/3572 2156/2788/3575 2158/2796/3583
s 286
f 2131/2797/3584 2119/2798/3585 2120/2799/3586 2132/2800/3587
s 288
f 2519/2801/3588 2520/2802/3589 2160/2803/3590 2161/2804/3591
f 2160/2803/3590 2163/2805/3592 2164/2806/3593 2161/2804/3591
s 282
f 2121/2807/3594 2133/2043/3595 2134/2044/3596 2122/2808/3597
s 290
f 2113/2809/3598 2114/2810/3599 2135/2811/3600 2136/2812/3601
f 2114/2810/3599 2115/2794/3602 2137/2813/3603 2135/2811/3600
f 2118/2814/3604 2119/2815/3605 2136/2812/3601 2135/2811/3600
f 2121/2807/3606 2118/2814/3604 2135/2811/3600 2137/2813/3603
s 286
f 2125/2792/3579 2113/2791/3578 2136/2816/3607 2138/2817/3608
s 57
f 2126/635/830 2512/634/829 2513/2818/3609 2139/2819/3610
s 282
f 2115/2794/3546 2127/761/3581 2140/2820/3611 2137/2813/3612
s 57
f 2127/761/944 2126/635/830 2139/2819/3610 2140/2820/3613
s 286
f 2119/2798/3585 2131/2797/3584 2138/2817/3608 2136/2816/3607
s 57
f 2513/2818/3609 2514/1899/2331 2130/1898/2330 2139/2819/3610
s 282
f 2133/2043/3595 2121/2807/3594 2137/2813/3612 2140/2820/3611
s 57
f 2130/1898/2330 2133/2043/2467 2140/2820/3613 2139/2819/3610
s 291
f 2112/2821/3614 2502/2822/3615 2503/2823/3616 2142/2824/3617
s 286
f 2111/2790/3577 2123/2789/3576 2143/2825/3618 2141/2826/3619
s 57
f 2510/2827/3620 2511/633/828 2124/632/827 2144/2828/3621
s 291
f 2116/2793/3622 2112/2821/3614 2142/2824/3617 2145/2829/3623
s 57
f 2124/632/827 2128/760/943 2146/2830/3624 2144/2828/3621
s 282
f 2128/760/3580 2116/2793/3545 2145/2829/3625 2146/2830/3626
s 292
f 2523/2831/3627 2524/2832/3628 2117/2833/3629 2148/2834/3630
s 57
f 2129/1901/2333 2515/1900/2332 2516/2835/3631 2149/2836/3632
s 286
f 2132/2800/3587 2120/2799/3586 2147/2837/3633 2150/2838/3634
s 292
f 2117/2833/3629 2122/2808/3635 2151/2839/3636 2148/2834/3630
s 282
f 2122/2808/3597 2134/2044/3596 2152/2840/3637 2151/2839/3638
s 57
f 2134/2044/2468 2129/1901/2333 2149/2836/3632 2152/2840/3639
s 293
f 2166/2841/3640 2504/2842/3641 2505/2843/3642 2168/2844/3643
s off
f 2165/2845/3644 2169/2846/3645 2170/2847/3646 2167/2848/3647
s 294
f 2508/2849/3648 2509/2850/3649 2171/2851/3650 2172/2852/3651
s 293
f 2173/2853/3652 2166/2841/3640 2168/2844/3643 2174/2854/3653
s 294
f 2171/2851/3650 2175/2855/3654 2176/2856/3655 2172/2852/3651
s off
f 2175/2857/3656 2173/2858/3657 2174/2854/3658 2176/2856/3659
s 295
f 2521/2859/3660 2522/2860/3661 2178/2861/3662 2179/2862/3663
s 296
f 2182/2863/3664 2517/2864/3665 2518/2865/3666 2184/2866/3667
s off
f 2181/2867/3668 2177/2868/3669 2180/2869/3670 2183/2870/3671
s 295
f 2178/2861/3662 2185/2871/3672 2186/2872/3673 2179/2862/3663
s off
f 2185/2873/3674 2187/2874/3675 2188/2875/3676 2186/2872/3677
s 296
f 2187/2876/3678 2182/2863/3664 2184/2866/3667 2188/2875/3679
s 297
f 2142/2877/3680 2503/2878/3681 2504/2842/3682 2166/2841/3683
s 285
f 2505/2843/3684 2506/2786/3573 2154/2785/3572 2168/2844/3685
s 297
f 2141/2879/3686 2143/2880/3687 2169/2846/3688 2165/2845/3689
s 285
f 2155/2881/3690 2153/2882/3691 2167/2848/3692 2170/2847/3693
s 297
f 2509/2850/3694 2510/2883/3695 2144/2884/3696 2171/2851/3697
s 285
f 2156/2788/3575 2507/2787/3574 2508/2849/3698 2172/2852/3699
s 297
f 2145/2885/3700 2142/2877/3680 2166/2841/3683 2173/2853/3701
s 285
f 2154/2785/3572 2157/2795/3582 2174/2854/3702 2168/2844/3685
s 297
f 2144/2884/3696 2146/2886/3703 2175/2855/3704 2171/2851/3697
s 285
f 2158/2796/3583 2156/2788/3575 2172/2852/3699 2176/2856/3705
s 297
f 2146/2887/3703 2145/2888/3700 2173/2858/3701 2175/2857/3704
s 285
f 2157/2795/3582 2158/2796/3583 2176/2856/3705 2174/2854/3702
s 299
f 2522/2860/3706 2523/2889/3707 2148/2890/3708 2178/2861/3709
s 288
f 2160/2803/3590 2520/2802/3589 2521/2859/3710 2179/2862/3711
s 299
f 2149/2891/3712 2516/2892/3713 2517/2864/3714 2182/2863/3715
s 288
f 2518/2865/3716 2519/2801/3588 2161/2804/3591 2184/2866/3717
s 299
f 2150/2893/3718 2147/2894/3719 2177/2868/3720 2181/2867/3721
s 288
f 2159/2895/3722 2162/2896/3723 2183/2870/3724 2180/2869/3725
s 299
f 2148/2890/3708 2151/2897/3726 2185/2871/3727 2178/2861/3709
s 288
f 2163/2805/3592 2160/2803/3590 2179/2862/3711 2186/2872/3728
s 299
f 2151/2898/3726 2152/2899/3729 2187/2874/3730 2185/2873/3727
s 288
f 2164/2806/3593 2163/2805/3592 2186/2872/3728 2188/2875/3731
s 299
f 2152/2900/3729 2149/2891/3712 2182/2863/3715 2187/2876/3730
s 288
f 2161/2804/3591 2164/2806/3593 2188/2875/3731 2184/2866/3717
s 2
f 637/528/728 308/1031/1250 2190/2901/3732 2189/2902/3733
f 308/1031/1250 310/1230/1587 2191/2903/3734 2190/2901/3732
f 310/1230/1587 636/530/730 2192/2904/3735 2191/2903/3734
f 636/530/730 637/528/728 2189/2902/3733 2192/2904/3736
f 1485/1788/2227 1484/1791/2230 2193/2905/3737 2194/2906/3738
f 1484/1791/2230 1183/2383/2991 2195/2907/3739 2193/2905/3740
f 1183/2383/2991 1181/2190/2686 2196/2908/3741 2195/2907/3739
f 1181/2190/2686 1485/1788/2227 2194/2906/3742 2196/2908/3741
s off
f 2189/2909/3743 2190/2910/3744 2198/2911/3745 2197/2912/3746
s 301
f 2190/2913/3747 2191/2914/3748 2199/2915/3749 2198/2916/3750
s 302
f 2191/2917/3751 2192/2918/3752 2200/2919/3753 2199/2920/3754
s 303
f 2192/2921/3755 2189/2922/3756 2197/2923/3757 2200/2924/3758
s 304
f 2194/2925/3759 2193/2926/3760 2201/2927/3761 2202/2928/3762
s 305
f 2193/2929/3763 2195/2930/3764 2203/2931/3765 2201/2932/3766
s 306
f 2195/2933/3767 2196/2934/3768 2204/2935/3769 2203/2936/3770
s off
f 2196/2937/3771 2194/2938/3772 2202/2939/3773 2204/2940/3774
s 88
f 2211/908/1120 2210/907/1119 2241/2941/3775 2213/910/1122
f 2221/990/1206 2213/910/1122 2241/2941/3775 2242/2942/3776
f 2234/2163/2648 2243/2943/3777 2232/2161/2646 2231/2160/2645
f 2234/2163/2648 2221/990/1206 2242/2942/3776 2243/2943/3777
s 90
f 572/993/3778 1468/1993/3779 2243/2943/3780 2242/2942/3781
f 1468/1993/3779 1424/1994/2663 2232/2161/2664 2243/2943/3780
f 569/285/3782 2207/904/3783 2206/903/3784 568/286/3785
s 308
f 413/516/3786 284/515/3787 2205/902/3788 2208/905/3789
f 286/520/3790 423/519/3791 2209/906/3792 2212/909/3793
s 310
f 286/520/3794 2212/909/3795 2214/911/3796 618/720/3797
s 311
f 2217/913/3798 317/473/3799 624/474/3800 2218/914/3801
s 90
f 568/286/3785 2206/903/3784 2215/912/1133 575/461/1132
s 308
f 284/515/3787 317/473/3802 2217/913/3803 2205/902/3788
s 90
f 576/688/3804 2219/916/3805 2207/904/3783 569/285/3782
s 308
f 285/687/3806 413/516/3786 2208/905/3789 2220/917/3807
s 90
f 2210/907/3808 2219/916/3805 576/688/3804 573/712/3809
s 308
f 423/519/3791 285/687/3806 2220/917/3807 2209/906/3792
s 310
f 255/989/3810 618/720/3797 2214/911/3796 2222/991/3811
s 311
f 624/474/3800 318/1000/3812 2223/998/3813 2218/914/3801
s 312
f 1147/1777/3814 1280/1776/3815 2226/2155/3816 2225/2154/3817
f 1288/1780/3818 1149/1779/3819 2230/2159/3820 2229/2158/3821
s 310
f 1467/2001/3822 2233/2162/3823 2230/2159/3824 1149/1779/3825
s 311
f 2236/2165/3826 1473/1731/3827 1189/1732/3828 2237/2166/3829
s 90
f 1472/1714/3830 2235/2164/3831 2238/2167/2660 1425/1715/2659
s 312
f 1189/1732/3832 1147/1777/3814 2225/2154/3817 2237/2166/3833
f 1280/1776/3815 1148/1968/3834 2239/2168/3835 2226/2155/3816
f 1148/1968/3834 1288/1780/3818 2229/2158/3821 2239/2168/3835
s 310
f 1467/2001/3822 255/989/3810 2222/991/3811 2233/2162/3823
s 311
f 318/1000/3812 1473/1731/3827 2236/2165/3826 2223/998/3813
s 90
f 574/996/1213 2224/997/1214 2235/2164/3831 1472/1714/3830
f 619/713/3836 2241/2941/3837 2210/907/3808 573/712/3809
f 572/993/3778 2242/2942/3781 2241/2941/3837 619/713/3836
s 2
f 860/732/3838 879/1250/3839 2247/862/3840 2246/861/3841
f 307/456/3842 428/455/3843 2249/864/3844 2248/863/3845
s 85
f 559/1223/3846 2254/869/3847 2253/868/3848 558/1221/3849
s 2
f 308/1031/1250 409/1030/3850 2252/867/3851 2255/870/3852
s 85
f 560/1225/3853 2256/871/3854 2254/869/3847 559/1223/3846
s 2
f 310/1230/1587 308/1031/1250 2255/870/3852 2257/872/3855
f 853/471/3856 911/472/3857 2260/875/3858 2258/874/3859
s 85
f 854/451/3860 2259/873/3861 2261/876/3862 910/452/3863
s 2
f 305/343/3864 311/469/3865 2262/877/3866 2265/880/3867
f 408/344/3868 305/343/3864 2265/880/3867 2267/882/3869
f 303/678/3870 408/344/3868 2267/882/3869 2269/884/3871
s 85
f 558/1221/3849 2253/868/3848 2271/886/1113 565/901/1112
s 2
f 409/1030/3850 304/1032/3872 2270/885/3873 2252/867/3851
f 427/1033/3874 306/1034/3875 2272/887/3876 2275/890/3877
f 904/733/3878 860/732/3838 2246/861/3841 2277/892/3879
f 304/1032/3872 427/1033/3874 2275/890/3877 2270/885/3873
f 428/455/3843 303/678/3870 2269/884/3871 2249/864/3844
f 306/1034/3875 830/1214/3880 2278/1215/3881 2272/887/3876
s 85
f 836/1224/3882 2280/1226/3883 2256/871/3854 560/1225/3853
s 2
f 837/1231/3884 310/1230/1587 2257/872/3855 2281/1227/3885
f 872/1243/3886 853/471/3856 2258/874/3859 2282/1245/3887
s 85
f 873/1247/3888 2283/1244/3889 2259/873/3861 854/451/3860
f 561/895/1098 2263/878/1101 2283/1244/3889 873/1247/3888
s 2
f 311/469/3865 872/1243/3886 2282/1245/3887 2262/877/3866
f 879/1250/3839 307/456/3842 2248/863/3845 2247/862/3840
f 830/1214/3880 904/733/3878 2277/892/3879 2278/1215/3881
f 911/472/3857 837/1231/3884 2281/1227/3885 2260/875/3858
s 85
f 910/452/3863 2261/876/3862 2280/1226/3883 836/1224/3882
s 322
f 1699/2408/3890 1681/2013/3891 2286/2118/3892 2285/2117/3893
s 227
f 1698/1698/3894 2284/2116/3895 2287/2119/3896 1680/1699/3897
f 1411/2426/3898 2290/2122/3899 2289/2121/3900 1410/2427/3901
s 322
f 1293/1708/3902 1180/1707/3903 2288/2120/3904 2291/2123/3905
f 1276/2191/3906 1181/2190/3907 2293/2125/3908 2292/2124/3909
f 1181/2190/3907 1183/2383/3910 2296/2128/3911 2293/2125/3908
f 1729/1730/3912 1674/1729/3913 2301/2133/3914 2300/2132/3915
f 1184/1728/3916 1178/1549/3917 2302/2135/3918 2303/2134/3919
s 227
f 1415/2422/3036 2305/2137/3037 2304/2136/3920 1416/2423/3921
s 322
f 1178/1549/3917 1275/1548/3922 2306/2138/3923 2302/2135/3918
s 227
f 1416/2423/3921 2304/2136/3920 2307/2139/3924 1417/2424/3925
s 322
f 1275/1548/3922 1176/1960/3926 2308/2140/3927 2306/2138/3923
s 227
f 1417/2424/3925 2307/2139/3924 2309/2141/3928 1418/2425/3929
s 322
f 1177/2192/3930 1276/2191/3906 2292/2124/3909 2310/2142/3931
f 1179/2194/3932 1292/2193/3933 2312/2145/3934 2313/2144/3935
s 227
f 1421/2374/3936 2315/2147/3937 2314/2146/3938 1420/2371/3939
s 322
f 1681/2013/3891 1722/2012/3940 2316/2148/3941 2286/2118/3892
s 227
f 1680/1699/3897 2287/2119/3896 2317/2149/3942 1723/1991/3943
s 322
f 1292/2193/3933 1177/2192/3930 2310/2142/3931 2312/2145/3934
s 227
f 1420/2371/3939 2314/2146/3938 2311/2143/2638 1419/2153/2637
s 322
f 1176/1960/3926 1293/1708/3902 2291/2123/3905 2308/2140/3927
s 227
f 1418/2425/3929 2309/2141/3928 2290/2122/3899 1411/2426/3898
s 322
f 1652/2368/3944 1179/2194/3932 2313/2144/3935 2318/2370/3945
s 227
f 1653/2373/3946 2319/2369/3947 2315/2147/3937 1421/2374/3936
s 322
f 1183/2383/3910 1659/2382/3948 2320/2380/3949 2296/2128/3911
f 1674/1729/3913 1692/2401/3950 2323/2403/3951 2301/2133/3914
f 1692/2401/3950 1184/1728/3916 2303/2134/3919 2323/2403/3951
f 1180/1707/3903 1699/2408/3890 2285/2117/3893 2288/2120/3904
s 227
f 1410/2427/3901 2289/2121/3900 2284/2116/3895 1698/1698/3894
s 322
f 1722/2012/3940 1652/2368/3944 2318/2370/3945 2316/2148/3941
s 227
f 1723/1991/3943 2317/2149/3942 2319/2369/3947 1653/2373/3946
s 322
f 1659/2382/3948 1729/1730/3912 2300/2132/3915 2320/2380/3949
s 215
f 2388/2944/3952 2384/2322/2911 2385/2321/2910 2389/2945/3953
f 2390/2946/3954 2388/2944/3952 2389/2945/3953 2391/2947/3955
f 2392/2948/3956 2390/2946/3954 2391/2947/3955 2393/2949/3957
f 2394/2950/3958 2392/2948/3956 2393/2949/3957 2395/2951/3959
f 2386/2330/2922 2394/2950/3958 2395/2951/3959 2387/2329/2923
s 2
f 385/726/919 2336/2952/3960 2328/2953/3961 803/727/920
f 2336/2952/3960 2337/2954/3962 2329/2955/3963 2328/2953/3961
f 2337/2954/3962 2338/2956/3964 2330/2957/3965 2329/2955/3963
f 2338/2956/3964 2339/2958/3966 2331/2959/3967 2330/2957/3965
f 2339/2958/3966 384/595/790 810/594/789 2331/2959/3967
f 2332/2960/3968 1251/2006/2439 1627/2005/2438 2324/2961/3969
f 2333/2962/3970 2332/2960/3968 2324/2961/3969 2325/2963/3971
f 2334/2964/3972 2333/2962/3970 2325/2963/3971 2326/2965/3973
f 2335/2966/3974 2334/2964/3972 2326/2965/3973 2327/2967/3975
f 1250/1857/2291 2335/2966/3974 2327/2967/3975 1634/1856/2290
s 77
f 2404/2968/3976 2412/2969/3977 2413/2970/3978 2405/2971/3979
f 2412/2969/3977 2414/2972/3980 2415/2973/3981 2413/2970/3978
f 2414/2972/3980 2416/2974/3982 2417/2975/3983 2415/2973/3981
f 2416/2974/3982 2418/2976/3984 2419/2977/3985 2417/2975/3983
f 2418/2976/3984 2409/2978/3986 2408/2979/3987 2419/2977/3985
s 127
f 534/363/3988 2342/829/3989 2341/828/3990 533/364/3991
s 331
f 506/768/3992 505/766/3993 2340/827/3994 2343/830/3995
s 127
f 537/368/3996 2346/833/3997 2345/832/3998 536/365/3999
s 331
f 503/762/4000 502/725/4001 2344/831/4002 2347/834/4003
s 127
f 536/365/3999 2345/832/3998 2349/836/4004 539/366/4005
s 331
f 502/725/4001 376/724/4006 2348/835/4007 2344/831/4002
s 127
f 548/663/4008 2350/847/4009 2342/829/3989 534/363/3988
s 331
f 507/467/4010 506/768/3992 2343/830/3995 2351/848/4011
s 127
f 549/662/4012 2352/849/4013 2350/847/4009 548/663/4008
s 331
f 375/468/4014 507/467/4010 2351/848/4011 2353/850/4015
s 127
f 533/364/3991 2341/828/3990 2355/858/4016 555/676/4017
s 331
f 505/766/3993 504/764/4018 2354/857/4019 2340/827/3994
s 127
f 555/676/4017 2355/858/4016 2346/833/3997 537/368/3996
s 331
f 504/764/4018 503/762/4000 2347/834/4003 2354/857/4019
s 127
f 539/366/4005 2349/836/4004 2356/1182/1545 804/1184/1544
s 331
f 376/724/4006 803/727/4020 2357/1183/4021 2348/835/4007
s 127
f 809/1189/1553 2358/1190/1554 2352/849/4013 549/662/4012
s 331
f 810/594/4022 375/468/4014 2353/850/4015 2359/1191/4023
f 803/727/4020 2328/2953/4024 2360/1196/4025 2357/1183/4021
f 2331/2959/4026 810/594/4022 2359/1191/4023 2362/1198/4027
f 2330/2957/4028 2331/2959/4026 2362/1198/4027 2364/1200/4029
f 2329/2955/4030 2330/2957/4028 2364/1200/4029 2366/1202/4031
f 2328/2953/4024 2329/2955/4030 2366/1202/4031 2360/1196/4025
s 334
f 1361/2047/4032 1362/2048/4033 2369/2085/4034 2368/2084/4035
f 1358/2003/4036 1359/2045/4037 2373/2089/4038 2372/2088/4039
f 1243/2004/4040 1358/2003/4036 2372/2088/4039 2376/2092/4041
f 1362/2048/4033 1363/1720/4042 2378/2104/4043 2369/2085/4034
f 1363/1720/4042 1242/1721/4044 2380/2106/4045 2378/2104/4043
f 1360/2046/4046 1361/2047/4032 2368/2084/4035 2382/2114/4047
f 1359/2045/4037 1360/2046/4046 2382/2114/4047 2373/2089/4038
f 1627/2005/4048 1243/2004/4040 2376/2092/4041 2384/2322/4049
f 1242/1721/4044 1634/1856/4050 2386/2330/4051 2380/2106/4045
f 2324/2961/4052 1627/2005/4048 2384/2322/4049 2388/2944/4053
s 223
f 1629/2324/4054 2389/2945/4055 2385/2321/2913 1628/2323/2912
s 334
f 2325/2963/4056 2324/2961/4052 2388/2944/4053 2390/2946/4057
s 223
f 1630/2325/4058 2391/2947/4059 2389/2945/4055 1629/2324/4054
s 334
f 2326/2965/4060 2325/2963/4056 2390/2946/4057 2392/2948/4061
s 223
f 1631/2326/4062 2393/2949/4063 2391/2947/4059 1630/2325/4058
s 334
f 2327/2967/4064 2326/2965/4060 2392/2948/4061 2394/2950/4065
s 223
f 1632/2327/4066 2395/2951/4067 2393/2949/4063 1631/2326/4062
s 334
f 1634/1856/4050 2327/2967/4064 2394/2950/4065 2386/2330/4051
s 223
f 1633/2328/2920 2387/2329/2921 2395/2951/4067 1632/2327/4066
s 336
f 545/615/4068 2398/839/4069 2397/838/4070 544/612/4071
s 337
f 483/750/4072 482/748/4073 2396/837/4074 2399/840/4075
s 336
f 547/618/4076 2402/843/4077 2401/842/4078 546/619/4079
s 337
f 486/728/4080 485/754/4081 2400/841/4082 2403/844/4083
s 336
f 2491/617/4084 2492/845/4085 2402/843/4077 547/618/4076
s 337
f 2493/846/4086 2494/729/4087 486/728/4080 2403/844/4083
s 336
f 544/612/4071 2397/838/4070 2407/852/4088 551/664/4089
s 337
f 482/748/4073 481/747/4090 2406/851/4091 2396/837/4074
s 336
f 551/664/4089 2407/852/4088 2485/854/4092 2486/665/4093
s 337
f 481/747/4090 2483/2980/4094 2484/853/4095 2406/851/4091
s 336
f 553/675/4096 2410/855/4097 2398/839/4069 545/615/4068
s 337
f 484/751/4098 483/750/4072 2399/840/4075 2411/856/4099
s 336
f 546/619/4079 2401/842/4078 2410/855/4097 553/675/4096
s 337
f 485/754/4081 484/751/4098 2411/856/4099 2400/841/4082
s 336
f 542/2981/4100 2412/2969/4101 2404/2968/4102 543/2982/4103
s 337
f 2336/2952/4104 385/726/4105 2405/2971/4106 2413/2970/4107
s 336
f 552/2983/4108 2414/2972/4109 2412/2969/4101 542/2981/4100
s 337
f 2337/2954/4110 2336/2952/4104 2413/2970/4107 2415/2973/4111
s 336
f 540/2984/4112 2416/2974/4113 2414/2972/4109 552/2983/4108
s 337
f 2338/2956/4114 2337/2954/4110 2415/2973/4111 2417/2975/4115
s 336
f 541/2985/4116 2418/2976/4117 2416/2974/4113 540/2984/4112
s 337
f 2339/2958/4118 2338/2956/4114 2417/2975/4115 2419/2977/4119
s 336
f 550/2986/4120 2409/2978/4121 2418/2976/4117 541/2985/4116
s 337
f 384/595/4122 2339/2958/4118 2419/2977/4119 2408/2979/4123
s 341
f 1341/2031/4124 1342/2033/4125 2421/2095/4126 2420/2094/4127
f 1344/2037/4128 1345/2007/4129 2425/2099/4130 2424/2098/4131
f 1345/2007/4129 2532/2008/4132 2533/2102/4133 2425/2099/4130
f 1340/1874/4134 1341/2031/4124 2420/2094/4127 2430/2108/4135
f 2542/2111/4136 2543/2599/4137 1340/1874/4134 2430/2108/4135
f 1342/2033/4125 1343/2034/4138 2434/2112/4139 2421/2095/4126
f 1343/2034/4138 1344/2037/4128 2424/2098/4131 2434/2112/4139
f 1251/2006/4140 2332/2960/4141 2436/2342/4142 2428/2341/4143
f 2335/2966/4144 1250/1857/4145 2432/2346/4146 2438/2345/4147
f 2334/2964/4148 2335/2966/4144 2438/2345/4147 2440/2349/4149
f 2333/2962/4150 2334/2964/4148 2440/2349/4149 2442/2351/4151
f 2332/2960/4141 2333/2962/4150 2442/2351/4151 2436/2342/4142
s 344
f 403/414/4152 404/413/4153 2444/2704/4154 2445/2703/4155
s 278
f 2070/293/4156 2447/2706/4157 2446/2705/4158 2069/294/4159
s 344
f 2449/2708/4160 291/409/4161 601/730/4162 2448/2709/4163
s 278
f 2074/318/4164 2451/2707/4165 2450/2710/4166 2073/319/4167
s 344
f 432/410/4168 291/409/4161 2449/2708/4160 2452/2711/4169
s 278
f 2076/317/4170 2453/2712/4171 2451/2707/4165 2074/318/4164
s 344
f 277/666/4172 2454/2713/4173 2455/2716/4174 600/954/4175
s 278
f 2078/669/4176 2457/2715/4177 2456/2714/4178 2077/668/4179
s 344
f 277/666/4172 403/414/4152 2445/2703/4155 2454/2713/4173
s 278
f 2456/2714/4178 2447/2706/4157 2070/293/4156 2077/668/4179
s 344
f 404/413/4153 292/673/4180 2458/2717/4181 2444/2704/4154
s 278
f 2069/294/4159 2446/2705/4158 2459/2718/4182 2079/670/4183
s 344
f 292/673/4180 432/410/4168 2452/2711/4169 2458/2717/4181
s 278
f 2079/670/4183 2459/2718/4182 2453/2712/4171 2076/317/4170
s 344
f 249/955/4184 600/954/4175 2455/2716/4174 2460/2719/4185
s 278
f 2081/956/3514 2461/2720/3515 2457/2715/4177 2078/669/4176
s 344
f 601/730/4162 253/963/4186 2462/2721/4187 2448/2709/4163
s 278
f 2073/319/4167 2450/2710/4166 2463/2722/3517 2086/961/3516
s 344
f 1269/1632/4188 1268/1631/4189 2465/2724/4190 2464/2723/4191
f 1154/1628/4192 1299/1627/4193 2469/2728/4194 2468/2727/4195
f 2472/2732/4196 1450/2009/4197 1154/1628/4192 2468/2727/4195
f 1268/1631/4189 1140/1735/4198 2474/2733/4199 2465/2724/4190
f 1449/1734/4200 2476/2735/4201 2474/2733/4199 1140/1735/4198
f 1155/1948/4202 1269/1632/4188 2464/2723/4191 2478/2737/4203
f 1299/1627/4193 1155/1948/4202 2478/2737/4203 2469/2728/4194
f 1449/1734/4200 249/955/4184 2460/2719/4185 2476/2735/4201
f 253/963/4186 1450/2009/4197 2472/2732/4196 2462/2721/4187
s off
f 892/1294/4204 596/307/4205 1072/1411/4206 2480/2987/4207
s 350
f 893/1295/4208 892/1294/4209 2480/2987/4210 2481/2988/4211
s off
f 1445/1493/4212 1711/1492/4213 2482/2989/4214 1884/2584/4215
s 350
f 1711/1492/4216 893/1295/4208 2481/2988/4211 2482/2989/4217
s 2
f 1072/1413/1828 1071/1412/1827 2481/2990/4218 2480/2991/4219
f 1071/1412/1827 1884/2586/3256 2482/2992/4220 2481/2990/4218
s 337
f 2484/853/4095 2483/2980/4094 384/595/4122 2408/2979/4123
s 77
f 2408/2979/3987 2409/2978/3986 2485/854/1051 2484/853/1050
s 336
f 2485/854/4092 2409/2978/4121 550/2986/4120 2486/665/4093
s 54
f 2487/613/808 2486/665/860 550/2986/4221 541/2985/4222
f 2488/614/809 2487/613/808 541/2985/4222 540/2984/4223
f 552/2983/4224 2489/674/869 2488/614/809 540/2984/4223
f 2490/616/811 2489/674/869 552/2983/4224 542/2981/4225
f 543/2982/4226 2491/617/812 2490/616/811 542/2981/4225
s 336
f 543/2982/4103 2404/2968/4102 2492/845/4085 2491/617/4084
s 77
f 2493/846/1043 2492/845/1042 2404/2968/3976 2405/2971/3979
s 337
f 385/726/4105 2494/729/4087 2493/846/4086 2405/2971/4106
s 2
f 2495/621/816 2494/729/922 385/726/919 456/597/792
f 2496/622/817 2495/621/816 456/597/792 437/596/791
f 386/602/797 2497/624/819 2496/622/817 437/596/791
f 387/601/796 2498/625/820 2497/624/819 386/602/797
f 388/605/800 2499/628/823 2498/625/820 387/601/796
f 2500/630/825 2499/628/823 388/605/800 389/607/802
f 2501/2739/3518 2500/630/825 389/607/802 2099/2741/3520
s 280
f 2502/2755/3534 2501/2754/3533 2099/2758/4227 2111/2757/4228
s 291
f 2503/2823/3616 2502/2822/3615 2111/2993/4229 2141/2994/4230
s 297
f 2504/2842/3682 2503/2878/3681 2141/2995/3686 2165/2996/3689
s 293
f 2505/2843/3642 2504/2842/3641 2165/2996/4231 2167/2848/4232
s 285
f 2153/2882/3691 2506/2786/3573 2505/2843/3684 2167/2848/3692
f 2507/2787/3574 2506/2786/3573 2153/2882/3691 2155/2881/3690
f 2508/2849/3698 2507/2787/3574 2155/2881/3690 2170/2847/3693
s 294
f 2169/2997/4233 2509/2850/3649 2508/2849/3648 2170/2847/4234
s 297
f 2143/2998/3687 2510/2883/3695 2509/2850/3694 2169/2997/3688
s 57
f 2123/2789/4235 2511/633/828 2510/2827/3620 2143/2825/4236
f 2511/633/828 2123/2789/4235 2125/2792/4237 2512/634/829
f 2513/2818/3609 2512/634/829 2125/2792/4237 2138/2817/4238
f 2131/2797/4239 2514/1899/2331 2513/2818/3609 2138/2817/4238
f 2514/1899/2331 2131/2797/4239 2132/2800/4240 2515/1900/2332
f 2516/2835/3631 2515/1900/2332 2132/2800/4240 2150/2838/4241
s 299
f 2517/2864/3714 2516/2892/3713 2150/2999/3718 2181/3000/3721
s 296
f 2518/2865/3666 2517/2864/3665 2181/3000/4242 2183/2870/4243
s 288
f 2162/2896/3723 2519/2801/3588 2518/2865/3716 2183/2870/3724
f 2159/2895/3722 2520/2802/3589 2519/2801/3588 2162/2896/3723
f 2521/2859/3710 2520/2802/3589 2159/2895/3722 2180/2869/3725
s 295
f 2177/3001/4244 2522/2860/3661 2521/2859/3660 2180/2869/4245
s 299
f 2147/3002/3719 2523/2889/3707 2522/2860/3706 2177/3001/3720
s 292
f 2120/3003/4246 2524/2832/3628 2523/2831/3627 2147/3004/4247
s 284
f 2108/2775/4248 2525/2778/3561 2524/2777/3560 2120/2776/4249
s 2
f 1255/1868/2302 2526/1897/2329 2525/2749/3528 2108/2748/3527
f 2527/1894/2326 2526/1897/2329 1255/1868/2302 1254/1867/2301
f 1254/1867/2301 1253/1865/2299 2528/1890/2322 2527/1894/2326
f 1253/1865/2299 1252/1864/2298 2529/1891/2323 2528/1890/2322
f 1252/1864/2298 1302/1858/2292 2530/1888/2320 2529/1891/2323
f 2531/1889/2321 2530/1888/2320 1302/1858/2292 1319/1861/2295
f 2532/2008/2441 2531/1889/2321 1319/1861/2295 1251/2006/2439
s 341
f 2533/2102/4133 2532/2008/4132 1251/2006/4140 2428/2341/4143
s 217
f 2534/2103/2548 2533/2102/2547 2428/2341/2936 2429/2340/2935
s 225
f 2429/2340/2958 1397/2357/2957 2535/1882/2614 2534/2103/2613
s 194
f 1397/2357/4250 1396/2356/4251 2536/1883/2315 2535/1882/2314
f 2537/1950/2382 2536/1883/2315 1396/2356/4251 1406/2355/4252
f 1406/2355/4252 1394/2354/4253 2538/1880/2312 2537/1950/2382
f 2539/1881/2313 2538/1880/2312 1394/2354/4253 1395/2353/4254
f 2540/1943/2375 2539/1881/2313 1395/2353/4254 1404/2352/4255
s 225
f 2540/1943/2621 1404/2352/2947 2433/2347/2950 2541/2110/2622
s 217
f 2432/2346/2941 2542/2111/2556 2541/2110/2555 2433/2347/2942
s 341
f 1250/1857/4145 2543/2599/4137 2542/2111/4136 2432/2346/4146
s 2
f 2544/1872/2306 2543/2599/3283 1250/1857/2291 1249/1853/2287
f 1249/1853/2287 1248/1852/2286 2545/1565/1995 2544/1872/2306
f 2546/1566/1996 2545/1565/1995 1248/1852/2286 1282/2592/3262
f 1261/2593/3263 2547/2590/3260 2546/1566/1996 1282/2592/3262
s 257
f 1261/2594/4256 1335/2544/4257 2548/1930/3249 2547/2581/3248
s 6
f 1335/2544/4258 1708/2543/4259 2549/1931/2363 2548/1930/2362
f 1708/2543/4259 1334/2547/4260 2550/1928/2360 2549/1931/2363
f 1334/2547/4260 1333/2536/4261 2551/1924/2356 2550/1928/2360
f 1333/2536/4261 1338/2535/4262 2552/1925/2357 2551/1924/2356
s 4
f 1338/2532/3170 1260/2448/3066 2553/1920/2352 2552/2020/2453
f 1260/2448/3066 2701/3005/4263 2567/1921/2353 2553/1920/2352
f 1440/2450/3068 2703/3006/4264 1259/2447/3065
f 1440/2450/3068 395/1291/1663 2555/934/1150 2554/1918/2350
f 591/1290/1662 2556/935/1151 2555/934/1150 395/1291/1663
f 478/1348/1725 2558/742/935 2557/741/934 397/1289/1661
s 6
f 473/1351/4265 2559/649/844 2558/648/843 478/1349/4266
f 474/1362/4267 2560/652/847 2559/649/844 473/1351/4265
f 889/1356/4268 2561/654/849 2560/652/847 474/1362/4267
f 475/1359/4269 2562/655/850 2561/654/849 889/1356/4268
s 138
f 398/1418/4270 2563/3007/4271 2562/655/1820 475/1359/4272
s 2
f 398/1417/1832 416/1416/1831 2564/3008/4273 2563/3009/4274
f 2565/3010/4275 2564/3008/4273 416/1416/1831 382/590/785
f 383/593/788 2566/3011/4276 2565/3010/4275 382/590/785
f 2483/2980/4277 2566/3011/4276 383/593/788 384/595/790
s 4
f 397/1289/1661 2702/3012/4278 396/1288/1659
f 2578/3013/4279 2577/3014/4280 2557/741/934 1111/744/937
f 1111/744/937 245/1439/1869 2579/3015/4281 2578/3013/4279
f 245/1439/1869 479/1438/1868 2580/3016/4282 2579/3015/4281
s 6
f 470/381/581 2580/3017/4283 479/1440/1870 472/397/597
s 4
f 593/938/1154 592/941/1157 2583/3018/4284 2582/3019/4285
f 592/941/1157 1110/936/1152 2584/3020/4286 2583/3018/4284
f 1110/936/1152 2556/935/1151 2585/3021/4287 2584/3020/4286
f 2556/935/1151 591/1290/1662 2704/3022/4288 2585/3021/4287
s 6
f 594/944/1160 593/943/1159 2582/3023/4289 2586/3024/4290
s 351
f 2628/3025/4291 2629/3026/4292 2591/3027/4293 2590/3028/4294
f 2629/3029/4292 2630/3030/4295 2592/3031/4296 2591/3032/4293
f 2630/3030/4295 2572/3033/4297 2593/3034/4298 2592/3031/4296
f 2570/3035/4299 2628/3025/4291 2590/3028/4294 2597/3036/4300
s 352
f 2683/3037/4301 2684/3038/4302 2685/3039/4303
f 2684/3040/4302 2686/3041/4304 2685/3039/4303
f 2686/3041/4304 2687/3042/4305 2685/3039/4303
f 2687/3042/4305 2688/3043/4306 2685/3039/4303
f 2688/3043/4306 2689/3044/4307 2685/3039/4303
f 2689/3044/4307 2690/3045/4308 2685/3039/4303
f 2690/3045/4308 2691/3046/4309 2685/3039/4303
f 2691/3046/4309 2683/3037/4301 2685/3039/4303
s 353
f 2606/3047/4310 2607/3048/4311 2608/3049/4312 2609/3050/4313
f 2607/3051/4311 2610/3052/4314 2611/3053/4315 2608/3054/4312
f 2610/3052/4314 2612/3055/4316 2613/3056/4317 2611/3053/4315
f 2612/3055/4316 2614/3057/4318 2615/3058/4319 2613/3056/4317
f 2614/3057/4318 2616/3059/4320 2617/3060/4321 2615/3058/4319
f 2616/3059/4320 2618/3061/4322 2619/3062/4323 2617/3060/4321
f 2618/3061/4322 2620/3063/4324 2621/3064/4325 2619/3062/4323
f 2620/3063/4324 2606/3047/4310 2609/3050/4313 2621/3064/4325
s 354
f 2590/3028/4326 2591/3027/4327 2607/3048/4328 2606/3047/4329
s 355
f 2599/3065/4330 2598/3066/4331 2609/3067/4332 2608/3068/4333
s 354
f 2591/3032/4327 2592/3031/4334 2610/3052/4335 2607/3051/4328
s 355
f 2600/3069/4336 2599/3070/4330 2608/3071/4333 2611/3072/4337
s 354
f 2592/3031/4334 2593/3034/4338 2612/3055/4339 2610/3052/4335
s 355
f 2601/3073/4340 2600/3069/4336 2611/3072/4337 2613/3074/4341
s 354
f 2593/3034/4338 2594/3075/4342 2614/3057/4343 2612/3055/4339
s 355
f 2602/3076/4344 2601/3073/4340 2613/3074/4341 2615/3077/4345
s 354
f 2594/3075/4342 2595/3078/4346 2616/3059/4347 2614/3057/4343
s 355
f 2603/3079/4348 2602/3076/4344 2615/3077/4345 2617/3080/4349
s 354
f 2595/3078/4346 2596/3081/4350 2618/3061/4351 2616/3059/4347
s 355
f 2604/3082/4352 2603/3079/4348 2617/3080/4349 2619/3083/4353
s 354
f 2596/3081/4350 2597/3036/4354 2620/3063/4355 2618/3061/4351
s 355
f 2605/3084/4356 2604/3082/4352 2619/3083/4353 2621/3085/4357
s 354
f 2597/3036/4354 2590/3028/4326 2606/3047/4329 2620/3063/4355
s 355
f 2598/3066/4331 2605/3084/4356 2621/3085/4357 2609/3067/4332
s 351
f 2567/3086/4358 2587/3087/4359 2622/3088/4360 2568/3089/4361
f 2587/3087/4359 2588/3090/4362 2623/3091/4363 2622/3088/4360
f 2588/3092/4362 2589/3093/4364 2624/3094/4365 2623/3095/4363
f 2589/3093/4364 2575/3096/4366 2574/3097/4367 2624/3094/4365
f 2568/3089/4361 2622/3088/4360 2625/3098/4368 2569/3099/4369
f 2622/3088/4360 2623/3091/4363 2626/3100/4370 2625/3098/4368
f 2623/3095/4363 2624/3094/4365 2627/3101/4371 2626/3102/4370
f 2624/3094/4365 2574/3097/4367 2573/3103/4372 2627/3101/4371
f 2569/3099/4369 2625/3098/4368 2628/3025/4291 2570/3035/4299
f 2625/3098/4368 2626/3100/4370 2629/3026/4292 2628/3025/4291
f 2626/3102/4370 2627/3101/4371 2630/3030/4295 2629/3029/4292
f 2627/3101/4371 2573/3103/4372 2572/3033/4297 2630/3030/4295
s 357
f 2672/3104/4373 2634/3105/4374 2635/3106/4375 2673/3107/4376
f 2673/3108/4376 2635/3109/4375 2636/3110/4377 2674/3111/4378
f 2674/3111/4378 2636/3110/4377 2637/3112/4379 2582/3113/4380
f 2580/3114/4381 2641/3115/4382 2634/3105/4374 2672/3104/4373
s 358
f 2692/3116/4383 2693/3117/4384 2694/3118/4385
f 2694/3119/4385 2693/3117/4384 2695/3120/4386
f 2695/3120/4386 2693/3117/4384 2696/3121/4387
f 2696/3121/4387 2693/3117/4384 2697/3122/4388
f 2697/3122/4388 2693/3117/4384 2698/3123/4389
f 2698/3123/4389 2693/3117/4384 2699/3124/4390
f 2699/3124/4390 2693/3117/4384 2700/3125/4391
f 2700/3125/4391 2693/3117/4384 2692/3116/4383
s 359
f 2650/3126/4392 2653/3127/4393 2652/3128/4394 2651/3129/4395
f 2651/3130/4395 2652/3131/4394 2655/3132/4396 2654/3133/4397
f 2654/3133/4397 2655/3132/4396 2657/3134/4398 2656/3135/4399
f 2656/3135/4399 2657/3134/4398 2659/3136/4400 2658/3137/4401
f 2658/3137/4401 2659/3136/4400 2661/3138/4402 2660/3139/4403
f 2660/3139/4403 2661/3138/4402 2663/3140/4404 2662/3141/4405
f 2662/3141/4405 2663/3140/4404 2665/3142/4406 2664/3143/4407
f 2664/3143/4407 2665/3142/4406 2653/3127/4393 2650/3126/4392
s 360
f 2634/3105/4408 2650/3126/4409 2651/3129/4410 2635/3106/4411
s 361
f 2643/3144/4412 2652/3145/4413 2653/3146/4414 2642/3147/4415
s 360
f 2635/3109/4411 2651/3130/4410 2654/3133/4416 2636/3110/4417
s 361
f 2644/3148/4418 2655/3149/4419 2652/3150/4413 2643/3151/4412
s 360
f 2636/3110/4417 2654/3133/4416 2656/3135/4420 2637/3112/4421
s 361
f 2645/3152/4422 2657/3153/4423 2655/3149/4419 2644/3148/4418
s 360
f 2637/3112/4421 2656/3135/4420 2658/3137/4424 2638/3154/4425
s 361
f 2646/3155/4426 2659/3156/4427 2657/3153/4423 2645/3152/4422
s 360
f 2638/3154/4425 2658/3137/4424 2660/3139/4428 2639/3157/4429
s 361
f 2647/3158/4430 2661/3159/4431 2659/3156/4427 2646/3155/4426
s 360
f 2639/3157/4429 2660/3139/4428 2662/3141/4432 2640/3160/4433
s 361
f 2648/3161/4434 2663/3162/4435 2661/3159/4431 2647/3158/4430
s 360
f 2640/3160/4433 2662/3141/4432 2664/3143/4436 2641/3115/4437
s 361
f 2649/3163/4438 2665/3164/4439 2663/3162/4435 2648/3161/4434
s 360
f 2641/3115/4437 2664/3143/4436 2650/3126/4409 2634/3105/4408
s 361
f 2642/3147/4415 2653/3146/4414 2665/3164/4439 2649/3163/4438
s 357
f 2577/3165/4440 2578/3166/4441 2666/3167/4442 2631/3168/4443
f 2631/3168/4443 2666/3167/4442 2667/3169/4444 2632/3170/4445
f 2632/3171/4445 2667/3172/4444 2668/3173/4446 2633/3174/4447
f 2633/3174/4447 2668/3173/4446 2584/3175/4448 2585/3176/4449
f 2578/3166/4441 2579/3177/4450 2669/3178/4451 2666/3167/4442
f 2666/3167/4442 2669/3178/4451 2670/3179/4452 2667/3169/4444
f 2667/3172/4444 2670/3180/4452 2671/3181/4453 2668/3173/4446
f 2668/3173/4446 2671/3181/4453 2583/3182/4454 2584/3175/4448
f 2579/3177/4450 2580/3114/4381 2672/3104/4373 2669/3178/4451
f 2669/3178/4451 2672/3104/4373 2673/3107/4376 2670/3179/4452
f 2670/3180/4452 2673/3108/4376 2674/3111/4378 2671/3181/4453
f 2671/3181/4453 2674/3111/4378 2582/3113/4380 2583/3182/4454
s 351
f 2571/3183/4455 2570/3035/4299 2597/3036/4300 2596/3081/4456
s 357
f 2580/3114/4381 2581/3184/4457 2640/3160/4458 2641/3115/4382
s 351
f 2572/3033/4297 2576/3185/4459 2594/3075/4460 2593/3034/4298
s 357
f 2586/3186/4461 2582/3113/4380 2637/3112/4379 2638/3154/4462
s 351
f 2595/3078/4463 2594/3075/4460 2576/3185/4459 2675/3187/4464
s 357
f 2639/3157/4465 2640/3160/4458 2581/3184/4457 2676/3188/4466
s 351
f 2595/3078/4463 2675/3187/4464 2571/3183/4455 2596/3081/4456
s 357
f 2639/3157/4465 2676/3188/4466 2586/3186/4461 2638/3154/4462
s 6
f 2677/1494/1924 1445/1493/1923 1337/1608/2038 1710/1607/2037
f 2678/1594/2024 2677/1494/1924 1710/1607/2037 1329/1612/2042
f 2679/1595/2025 2678/1594/2024 1329/1612/2042 1330/1611/2041
f 2680/308/508 596/307/507 892/1294/1666
f 2681/383/583 2680/308/508 892/1294/1666 595/946/1162
f 2682/384/584 2681/383/583 595/946/1162 594/944/1160
f 1443/1506/1936 2679/1595/2025 2675/3189/4467 2576/1503/1933
f 2679/1595/2025 1330/1611/2041 2571/3190/4468 2675/3189/4467
f 2586/3024/4290 2676/3191/4469 2682/384/584 594/944/1160
f 2676/3191/4469 2581/3192/4470 470/381/581 2682/384/584
s 363
f 2598/3066/4471 2599/3065/4472 2684/3038/4473 2683/3037/4474
f 2599/3070/4472 2600/3069/4475 2686/3041/4476 2684/3040/4473
f 2600/3069/4475 2601/3073/4477 2687/3042/4478 2686/3041/4476
f 2601/3073/4477 2602/3076/4479 2688/3043/4480 2687/3042/4478
f 2602/3076/4479 2603/3079/4481 2689/3044/4482 2688/3043/4480
f 2603/3079/4481 2604/3082/4483 2690/3045/4484 2689/3044/4482
f 2604/3082/4483 2605/3084/4485 2691/3046/4486 2690/3045/4484
f 2605/3084/4485 2598/3066/4471 2683/3037/4474 2691/3046/4486
s 364
f 2643/3144/4487 2642/3147/4488 2692/3116/4489 2694/3118/4490
f 2644/3148/4491 2643/3151/4487 2694/3119/4490 2695/3120/4492
f 2645/3152/4493 2644/3148/4491 2695/3120/4492 2696/3121/4494
f 2646/3155/4495 2645/3152/4493 2696/3121/4494 2697/3122/4496
f 2647/3158/4497 2646/3155/4495 2697/3122/4496 2698/3123/4498
f 2648/3161/4499 2647/3158/4497 2698/3123/4498 2699/3124/4500
f 2649/3163/4501 2648/3161/4499 2699/3124/4500 2700/3125/4502
f 2642/3147/4488 2649/3163/4501 2700/3125/4502 2692/3116/4489
s 351
f 2706/3193/4503 2707/3194/4504 2589/3093/4364 2588/3092/4362
s 357
f 2710/3195/4505 2704/3196/4506 396/3197/4507
s 351
f 2567/3086/4358 2701/3198/4508 2705/3199/4509 2587/3087/4359
s 357
f 396/3200/4507 2708/3201/4510 2709/3202/4511
s 351
f 2707/3194/4504 2703/3203/4512 2575/3096/4366 2589/3093/4364
s 357
f 2709/3204/4511 2710/3195/4505 396/3197/4507
s 351
f 2587/3087/4359 2705/3199/4509 2706/3205/4503 2588/3090/4362
s 357
f 396/3200/4507 2702/3206/4513 2708/3201/4510
s 4
f 1260/2448/3066 1259/2447/3065 2701/3005/4263
f 397/1289/1661 2557/741/934 2577/3014/4280 2702/3012/4278
f 2575/1917/2349 2703/3006/4264 1440/2450/3068 2554/1918/2350
f 2704/3022/4288 591/1290/1662 396/1288/1659
s 351
f 2705/3199/4509 2701/3198/4508 1259/3207/4514
f 2706/3205/4503 2705/3199/4509 1259/3207/4514
f 1259/3208/4514 2707/3194/4504 2706/3193/4503
f 1259/3208/4514 2703/3203/4512 2707/3194/4504
s 357
f 2708/3201/4510 2702/3206/4513 2577/3165/4440 2631/3168/4443
f 2709/3202/4511 2708/3201/4510 2631/3168/4443 2632/3170/4445
f 2633/3174/4447 2710/3195/4505 2709/3204/4511 2632/3171/4445
f 2585/3176/4449 2704/3196/4506 2710/3195/4505 2633/3174/4447
s 159
f 2793/3209/4515 2792/3210/4516 2791/2598/3282 2783/1603/2033
f 2783/1603/2033 2782/1602/2032 2794/3211/4517 2793/3209/4515
s 2
f 2563/3009/4274 2564/3008/4273 1118/3212/4518 1117/3213/4519
f 1119/3214/4520 1118/3212/4518 2564/3008/4273 2565/3010/4275
f 2565/3010/4275 2566/3011/4276 1120/3215/4521 1119/3214/4520
f 481/747/938 2714/3216/4522 2483/2980/4277
f 481/747/938 246/746/862 2715/3217/4523 2714/3216/4522
f 2716/3218/4524 2715/3219/4523 246/667/862 277/666/861
f 600/954/1170 2716/3218/4524 277/666/861
f 278/3220/4525 326/3221/4526 599/953/1169 598/949/1165
f 417/3222/4527 278/3220/4525 598/949/1165 597/948/1164
f 1070/3223/4528 417/3222/4527 597/948/1164 1072/1413/1828
s 366
f 326/3224/4529 278/3225/4530 2718/3226/4531 2717/3227/4532
f 278/3225/4530 417/3228/4533 2719/3229/4534 2718/3226/4531
f 2715/3230/4535 2716/3231/4536 2721/3232/4537 2720/3233/4538
f 2716/3231/4536 326/3224/4529 2717/3227/4532 2721/3232/4537
f 2714/3234/4539 2715/3230/4535 2720/3233/4538 2722/3235/4540
f 1120/3236/4541 2714/3234/4539 2722/3235/4540 2723/3237/4542
f 417/3228/4533 1070/3238/4543 2724/3239/4544 2719/3229/4534
f 1117/3240/4545 1118/3241/4546 2726/3242/4547 2727/3243/4548
f 1118/3241/4546 1119/3244/4549 2728/3245/4550 2726/3242/4547
f 1119/3244/4549 1120/3236/4541 2723/3237/4542 2728/3245/4550
s 368
f 1141/3246/4551 1197/3247/4552 2730/3248/4553 2729/3249/4554
f 1283/3250/4555 1141/3246/4551 2729/3249/4554 2731/3251/4556
f 1883/3252/4557 1283/3250/4555 2731/3251/4556 2733/3253/4558
f 1928/3254/4559 1927/3255/4560 2734/3256/4561 2735/3257/4562
f 1929/3258/4563 1928/3254/4559 2735/3257/4562 2736/3259/4564
f 1930/3260/4565 1929/3258/4563 2736/3259/4564 2737/3261/4566
f 2712/3262/4567 2711/3263/4568 2738/3264/4569 2739/3265/4570
f 2711/3263/4568 1930/3260/4565 2737/3261/4566 2738/3264/4569
f 1197/3247/4552 2713/3266/4571 2740/3267/4572 2730/3248/4553
f 2713/3266/4571 2712/3262/4567 2739/3265/4570 2740/3267/4572
s 138
f 1072/1411/1825 2724/1410/1824 1070/3268/4573
s 257
f 2733/2585/3254 1884/2584/3253 1883/3269/4574
f 2734/2582/3250 2548/1930/3249 1926/1933/4575
s 138
f 2562/655/1820 2563/3007/4271 1117/3270/4576 2727/1409/1821
s 257
f 1926/1933/4575 1336/1609/4577 2732/3271/4578 2734/2582/3250
s 138
f 476/396/4579 1116/656/1822 2727/1409/1821 2725/3272/4580
s 257
f 1336/1609/4577 1337/1608/3255 2733/2585/3254 2732/3271/4578
s 138
f 477/306/1823 476/396/4579 2725/3272/4580 2724/1410/1824
s 370
f 2717/3227/4581 2718/3226/4582 2742/3273/4583 2741/3274/4584
f 2718/3226/4582 2719/3229/4585 2743/3275/4586 2742/3273/4583
f 2720/3233/4587 2721/3232/4588 2745/3276/4589 2744/3277/4590
f 2721/3232/4588 2717/3227/4581 2741/3274/4584 2745/3276/4589
f 2722/3235/4591 2720/3233/4587 2744/3277/4590 2746/3278/4592
f 2723/3237/4593 2722/3235/4591 2746/3278/4592 2747/3279/4594
f 2719/3229/4585 2724/3239/4595 2748/3280/4596 2743/3275/4586
f 2724/3239/4595 2725/3281/4597 2749/3282/4598 2748/3280/4596
f 2725/3281/4597 2727/3243/4599 2751/3283/4600 2749/3282/4598
f 2727/3243/4599 2726/3242/4601 2750/3284/4602 2751/3283/4600
f 2726/3242/4601 2728/3245/4603 2752/3285/4604 2750/3284/4602
f 2728/3245/4603 2723/3237/4593 2747/3279/4594 2752/3285/4604
s 371
f 2729/3249/4605 2730/3248/4606 2754/3286/4607 2753/3287/4608
f 2731/3251/4609 2729/3249/4605 2753/3287/4608 2755/3288/4610
f 2732/3289/4611 2733/3253/4612 2757/3290/4613 2756/3291/4614
f 2733/3253/4612 2731/3251/4609 2755/3288/4610 2757/3290/4613
f 2735/3257/4615 2734/3256/4616 2758/3292/4617 2759/3293/4618
f 2734/3256/4616 2732/3289/4611 2756/3291/4614 2758/3292/4617
f 2736/3259/4619 2735/3257/4615 2759/3293/4618 2760/3294/4620
f 2737/3261/4621 2736/3259/4619 2760/3294/4620 2761/3295/4622
f 2739/3265/4623 2738/3264/4624 2762/3296/4625 2763/3297/4626
f 2738/3264/4624 2737/3261/4621 2761/3295/4622 2762/3296/4625
f 2730/3248/4606 2740/3267/4627 2764/3298/4628 2754/3286/4607
f 2740/3267/4627 2739/3265/4623 2763/3297/4626 2764/3298/4628
s 372
f 2741/3274/4629 2742/3273/4630 2768/392/4631 2767/391/4632
f 2742/3273/4630 2743/3275/4633 2770/394/4634 2768/392/4631
f 2744/3277/4635 2745/3276/4636 2772/476/4637 2771/475/4638
f 2745/3276/4636 2741/3274/4629 2767/391/4632 2772/476/4637
f 2746/3278/4639 2744/3277/4635 2771/475/4638 2773/610/4640
f 2747/3279/4641 2746/3278/4639 2773/610/4640 2774/611/4642
f 2743/3275/4633 2748/3280/4643 2775/1414/4644 2770/394/4634
f 2748/3280/4643 2749/3282/4645 2776/1415/4646 2775/1414/4644
f 2749/3282/4645 2751/3283/4647 2778/1442/4648 2776/1415/4646
f 2751/3283/4647 2750/3284/4649 2777/1441/4650 2778/1442/4648
f 2750/3284/4649 2752/3285/4651 2779/1443/4652 2777/1441/4650
f 2752/3285/4651 2747/3279/4641 2774/611/4642 2779/1443/4652
s 373
f 2753/3287/4653 2754/3286/4654 2782/1602/4655 2780/1601/4656
f 2755/3288/4657 2753/3287/4653 2780/1601/4656 2785/1605/4658
f 2756/3291/4659 2757/3290/4660 2787/2589/4661 2786/2588/4662
f 2757/3290/4660 2755/3288/4657 2785/1605/4658 2787/2589/4661
f 2759/3293/4663 2758/3292/4664 2788/2596/4665 2789/2595/4666
f 2758/3292/4664 2756/3291/4659 2786/2588/4662 2788/2596/4665
f 2760/3294/4667 2759/3293/4663 2789/2595/4666 2790/2597/4668
f 2761/3295/4669 2760/3294/4667 2790/2597/4668 2791/2598/4670
f 2763/3297/4671 2762/3296/4672 2792/3210/4673 2793/3209/4674
f 2762/3296/4672 2761/3295/4669 2791/2598/4670 2792/3210/4673
f 2754/3286/4654 2764/3298/4675 2794/3211/4676 2782/1602/4655
f 2764/3298/4675 2763/3297/4671 2793/3209/4674 2794/3211/4676
s 374
f 1939/723/4677 272/722/4678 2795/2676/4679 2796/2675/4680
s 375
f 2034/1445/4681 2798/2678/4682 2797/2677/4683 2035/1446/4684
s 374
f 272/722/4678 430/763/4685 2799/2679/4686 2795/2676/4679
s 375
f 2035/1446/4684 2797/2677/4683 2800/2680/4687 2036/1447/4688
s 374
f 430/763/4685 271/765/4689 2801/2681/4690 2799/2679/4686
s 375
f 2036/1447/4688 2800/2680/4687 2802/2682/4691 2038/1449/4692
s 374
f 271/765/4689 406/767/4693 2803/2683/4694 2801/2681/4690
s 375
f 2038/1449/4692 2802/2682/4691 2804/2684/4695 2040/1451/4696
s 374
f 406/767/4693 401/769/4697 2805/2685/4698 2803/2683/4694
s 375
f 2040/1451/4696 2804/2684/4695 2806/2686/4699 2042/1453/4700
s 374
f 401/769/4697 270/770/4701 2807/2687/4702 2805/2685/4698
s 375
f 2042/1453/4700 2806/2686/4699 2808/2688/4703 2044/1455/4704
s 374
f 270/770/4701 1938/1457/4705 2809/2689/4706 2807/2687/4702
s 375
f 2044/1455/4704 2808/2688/4703 2810/2690/4707 2043/1454/4708
s 374
f 1938/1457/4705 261/470/4709 2811/2691/4710 2809/2689/4706
s 375
f 2043/1454/4708 2810/2690/4707 2812/2692/4711 2046/2601/4712
s 374
f 261/470/4709 400/342/4713 2813/2693/4714 2811/2691/4710
s 375
f 2046/2601/4712 2812/2692/4711 2814/2694/4715 2045/2600/4716
s 374
f 400/342/4713 407/341/4717 2815/2695/4718 2813/2693/4714
s 375
f 2045/2600/4716 2814/2694/4715 2816/2696/4719 2047/2602/4720
s 374
f 407/341/4717 260/679/4721 2817/2697/4722 2815/2695/4718
s 375
f 2047/2602/4720 2816/2696/4719 2818/2698/4723 2048/2603/4724
s 374
f 260/679/4721 429/454/4725 2819/2699/4726 2817/2697/4722
s 375
f 2048/2603/4724 2818/2698/4723 2820/2700/4727 2049/2604/4728
s 374
f 259/453/4729 1939/723/4677 2796/2675/4680 2821/2701/4730
s 375
f 2050/2605/4731 2822/2702/4732 2798/2678/4682 2034/1445/4681
s 374
f 429/454/4725 259/453/4729 2821/2701/4730 2819/2699/4726
s 375
f 2049/2604/4728 2820/2700/4727 2822/2702/4732 2050/2605/4731
s 376
f 2831/3299/4733 2832/3300/4734 2846/3301/4735 2847/3302/4736
s 377
f 2865/3303/4737 2866/3304/4738 2867/3305/4739 2868/3306/4740
s 302
f 2199/2920/3754 2200/2919/3753 2844/3307/4741 2845/3308/4742
s 303
f 2200/2924/3758 2197/2923/3757 2848/3309/4743 2844/3310/4744
s 304
f 2843/3311/4745 2839/3312/4746 2827/3313/4747 2828/3314/4748
s 305
f 2839/3315/4749 2840/3316/4750 2829/3317/4751 2827/3318/4752
s 378
f 2874/3319/4753 2875/3320/4754 2876/3321/4755 2877/3322/4756
s 379
f 2841/3323/4757 2842/3324/4758 2837/3325/4759 2838/3326/4760
s off
f 2197/2912/4761 2198/2911/4762 2832/3300/4763 2831/3299/4764
s 377
f 2865/3303/4737 2868/3306/4740 2869/3327/4765 2870/3328/4766
s 380
f 2824/3329/4767 2823/3330/4768 2834/3331/4769 2833/3332/4770
s 303
f 2847/3333/4771 2848/3309/4743 2197/2923/3757 2831/3334/4772
s off
f 2204/2940/4773 2202/2939/4774 2835/3335/4775 2836/3336/4776
s 304
f 2842/3337/4777 2843/3311/4745 2828/3314/4748 2837/3338/4778
s 381
f 2828/3339/4779 2830/3340/4780 2838/3326/4781 2837/3325/4782
s 378
f 2876/3321/4755 2875/3320/4754 2878/3341/4783 2879/3342/4784
s 381
f 2828/3339/4779 2827/3318/4785 2829/3317/4786 2830/3340/4780
s 380
f 2824/3329/4767 2825/3343/4787 2826/3344/4788 2823/3330/4768
s 305
f 2201/2932/3766 2203/2931/3765 2840/3316/4750 2839/3315/4749
s 378
f 2881/3345/4789 2880/3346/4790 2875/3320/4754 2874/3319/4753
f 2878/3341/4783 2875/3320/4754 2880/3346/4790 2882/3347/4791
s 379
f 2836/3336/4792 2835/3335/4793 2842/3324/4758 2841/3323/4757
s 304
f 2202/2928/3762 2843/3311/4745 2842/3337/4777 2835/3348/4794
f 2202/2928/3762 2201/2927/3761 2839/3312/4746 2843/3311/4745
s 302
f 2845/3308/4742 2844/3307/4741 2826/3344/4795 2825/3343/4796
s 377
f 2868/3306/4740 2867/3305/4739 2871/3349/4797 2872/3350/4798
f 2869/3327/4765 2868/3306/4740 2872/3350/4798 2873/3351/4799
s 376
f 2847/3302/4736 2846/3301/4735 2833/3332/4800 2834/3331/4801
s 303
f 2823/3352/4802 2848/3309/4743 2847/3333/4771 2834/3353/4803
f 2844/3310/4744 2848/3309/4743 2823/3352/4802 2826/3354/4804
s 301
f 2198/2916/3750 2199/2915/3749 2850/3355/4805 2849/3356/4806
f 2199/2915/3749 2845/3357/4807 2851/3358/4808 2850/3355/4805
f 2846/3359/4809 2832/3360/4810 2853/3361/4811 2852/3362/4812
f 2832/3360/4813 2198/2916/3750 2849/3356/4806 2853/3361/4814
f 2845/3357/4807 2825/3363/4815 2854/3364/4816 2851/3358/4808
f 2825/3363/4815 2824/3365/4817 2855/3366/4818 2854/3364/4816
f 2824/3365/4817 2833/3367/4819 2856/3368/4820 2855/3366/4818
f 2833/3367/4819 2846/3359/4809 2852/3362/4812 2856/3368/4820
s 306
f 2830/3369/4821 2829/3370/4822 2859/3371/4823 2858/3372/4824
f 2829/3370/4822 2840/3373/4825 2857/3374/4826 2859/3371/4823
f 2841/3375/4827 2838/3376/4828 2861/3377/4829 2860/3378/4830
f 2838/3376/4828 2830/3369/4821 2858/3372/4824 2861/3377/4829
f 2203/2936/3770 2204/2935/3769 2862/3379/4831 2863/3380/4832
f 2840/3373/4825 2203/2936/3770 2863/3380/4832 2857/3374/4826
f 2204/2935/3769 2836/3381/4833 2864/3382/4834 2862/3379/4831
f 2836/3381/4833 2841/3375/4827 2860/3378/4830 2864/3382/4834
s 384
f 2849/3356/4835 2850/3355/4836 2866/3304/4837 2865/3303/4838
f 2850/3355/4836 2851/3358/4839 2867/3305/4840 2866/3304/4837
f 2852/3362/4841 2853/3361/4842 2870/3328/4843 2869/3327/4844
f 2853/3361/4845 2849/3356/4835 2865/3303/4838 2870/3328/4846
f 2851/3358/4839 2854/3364/4847 2871/3349/4848 2867/3305/4840
f 2854/3364/4847 2855/3366/4849 2872/3350/4850 2871/3349/4848
f 2855/3366/4849 2856/3368/4851 2873/3351/4852 2872/3350/4850
f 2856/3368/4851 2852/3362/4841 2869/3327/4844 2873/3351/4852
s 386
f 2858/3372/4853 2859/3371/4854 2877/3322/4855 2876/3321/4856
f 2859/3371/4854 2857/3374/4857 2874/3319/4858 2877/3322/4855
f 2860/3378/4859 2861/3377/4860 2879/3342/4861 2878/3341/4862
f 2861/3377/4860 2858/3372/4853 2876/3321/4856 2879/3342/4861
f 2863/3380/4863 2862/3379/4864 2880/3346/4865 2881/3345/4866
f 2857/3374/4857 2863/3380/4863 2881/3345/4866 2874/3319/4858
f 2862/3379/4864 2864/3382/4867 2882/3347/4868 2880/3346/4865
f 2864/3382/4867 2860/3378/4859 2878/3341/4862 2882/3347/4868
s 2
f 342/1176/1495 789/1069/1494 793/1073/1514 632/1181/1513
f 1174/2392/3000 1573/2189/2685 1572/2188/2684 1480/3383/4869
f 728/1027/1246 300/1239/1596 632/3384/4870 727/1028/1247
s 31
f 342/563/756 632/1437/1861 956/436/1860 957/435/1862
s 2
f 1600/2213/2904 1481/2320/2683 1551/3385/4871 1601/2214/4872
f 633/1177/1498 773/1054/1501 774/1057/4873 704/3386/4874
f 1281/2186/2682 1550/2386/2994 1551/3387/4871 1481/2187/2683
f 703/1235/1592 415/1026/1245 633/1029/1248 704/3388/4875
f 1550/2386/2994 1182/2385/2993 1482/3389/4876 1551/3387/4871
f 309/1232/1589 703/1235/1592 704/3388/4875 634/3390/4877
f 1195/2384/2992 1483/3391/4878 1482/3389/4876 1182/2385/2993
f 635/3392/4879 322/1229/1586 309/1232/1589 634/3390/4877
f 1660/2381/2989 1195/2384/2992 1182/2385/2993 1661/2388/2996
f 322/1229/1586 838/1228/1585 839/1233/1590 309/1232/1589
f 1219/1818/2251 1218/1817/2250 1482/3389/4876 1483/3391/4878
f 347/558/751 348/557/750 635/3392/4879 634/3390/4877
f 1483/3391/4878 1195/2384/2992 1183/2383/2991 1484/1791/2230
f 322/1229/1586 635/3392/4879 636/530/730 310/1230/1587
f 1228/1790/2229 1219/1818/2251 1483/3391/4878 1484/1791/2230
f 348/557/750 357/529/729 636/530/730 635/3392/4879
f 1617/2230/2905 1618/2231/4880 1480/3393/4869 1572/2319/2684
f 1618/2231/4880 1614/2227/2901 1213/2318/2900 1480/3393/4869
f 1604/2217/4881 1601/2214/4872 1551/3385/4871 1482/3394/4876
f 1598/2211/2875 1604/2217/4881 1482/3394/4876 1218/2313/2250
f 774/1057/4873 777/1058/4882 634/3395/4877 704/3386/4874
f 777/1058/4882 771/1052/1469 347/1171/751 634/3395/4877
f 2711/1875/2309 2543/2599/3283 2544/1872/2306 1930/1873/2307
f 1448/1541/1971 1449/1734/2175 2713/1733/2174 1197/1542/1972
s 6
f 1330/1611/2041 2570/1615/2045 2571/3190/4468
f 470/381/581 2581/3192/4470 2580/3017/4283
s 2
f 326/3221/4526 2716/3218/4524 600/954/1170 599/953/1169
f 2483/2980/4277 2714/3216/4522 1120/3215/4521 2566/3011/4276
g default
v 56.381126 28.634241 89.450760
v 58.431866 1.555715 80.652451
v 56.381126 3.530397 81.294060
v 58.431866 5.599871 72.715309
v 56.381126 7.279634 73.935760
v 58.431866 11.898797 66.416397
v 56.381126 13.119216 68.096184
v 58.431866 19.835896 62.372238
v 56.381126 20.477509 64.346947
v 58.431866 28.634241 60.978741
v 56.381126 28.634241 63.055027
v 58.431866 37.432602 62.372238
v 56.381126 36.790985 64.346947
v 58.431866 45.369701 66.416397
v 56.381126 44.149265 68.096184
v 58.431866 51.668621 72.715317
v 56.381126 49.988857 73.935768
v 58.431866 55.712776 80.652451
v 56.381126 53.738083 81.294060
v 58.431866 57.106277 89.450760
v 56.381126 55.029991 89.450760
v 58.431866 55.712776 98.249138
v 56.381126 53.738083 97.607529
v 58.431866 51.668617 106.186203
v 56.381126 49.988853 104.965797
v 58.431866 45.369701 112.485153
v 56.381126 44.149265 110.805389
v 58.431866 37.432598 116.529305
v 56.381126 36.790985 114.554604
v 58.431866 28.634241 117.922813
v 56.381126 28.634241 115.846497
v 58.431866 19.835899 116.529305
v 56.381126 20.477512 114.554604
v 58.431866 11.898803 112.485153
v 56.381126 13.119226 110.805389
v 58.431866 5.599885 106.186203
v 56.381126 7.279650 104.965797
v 58.431866 1.555733 98.249138
v 56.381126 3.530415 97.607529
v 58.431866 0.162212 89.450760
v 56.381126 2.238516 89.450760
v 74.839821 1.555715 80.652451
v 76.890564 3.530397 81.294060
v 74.839821 5.599871 72.715309
v 76.890564 7.279634 73.935760
v 74.839821 11.898797 66.416397
v 76.890564 13.119216 68.096184
v 74.839821 19.835896 62.372238
v 76.890564 20.477509 64.346947
v 74.839821 28.634241 60.978741
v 76.890564 28.634241 63.055027
v 74.839821 37.432602 62.372238
v 76.890564 36.790985 64.346947
v 74.839821 45.369701 66.416397
v 76.890564 44.149265 68.096184
v 74.839821 51.668621 72.715317
v 76.890564 49.988857 73.935768
v 74.839821 55.712776 80.652451
v 76.890564 53.738083 81.294060
v 74.839821 57.106277 89.450760
v 76.890564 55.029991 89.450760
v 74.839821 55.712776 98.249138
v 76.890564 53.738083 97.607529
v 74.839821 51.668617 106.186203
v 76.890564 49.988853 104.965797
v 74.839821 45.369701 112.485153
v 76.890564 44.149265 110.805389
v 74.839821 37.432598 116.529305
v 76.890564 36.790985 114.554604
v 74.839821 28.634241 117.922813
v 76.890564 28.634241 115.846497
v 74.839821 19.835899 116.529305
v 76.890564 20.477512 114.554604
v 74.839821 11.898803 112.485153
v 76.890564 13.119226 110.805389
v 74.839821 5.599885 106.186203
v 76.890564 7.279650 104.965797
v 74.839821 1.555733 98.249138
v 76.890564 3.530415 97.607529
v 74.839821 0.162212 89.450760
v 76.890564 2.238516 89.450760
v 76.890564 13.832447 78.696655
v 76.890564 11.233694 83.797005
v 76.890564 17.880110 74.648987
v 76.890564 22.980471 72.050232
v 76.890564 28.634241 71.154739
v 76.890564 34.288021 72.050240
v 76.890564 39.388374 74.648987
v 76.890564 43.436039 78.696655
v 76.890564 46.034790 83.797012
v 76.890564 46.930271 89.450760
v 76.890564 46.034786 95.104561
v 76.890564 43.436039 100.204918
v 76.890564 39.388378 104.252579
v 76.890564 34.288033 106.851326
v 76.890564 28.634241 107.746796
v 76.890564 22.980463 106.851326
v 76.890564 17.880121 104.252579
v 76.890564 13.832463 100.204918
v 76.890564 11.233708 95.104561
v 76.890564 10.338234 89.450752
v 80.890564 15.962111 80.243942
v 80.890564 13.737264 84.610458
v 80.890587 28.634239 89.450768
v 80.890564 19.427401 76.778656
v 80.890564 23.793930 74.553802
v 80.890564 28.634239 73.787148
v 80.890564 33.474564 74.553810
v 80.890564 37.841084 76.778656
v 80.890564 41.306374 80.243942
v 80.890564 43.531227 84.610474
v 80.890564 44.297863 89.450760
v 80.890564 43.531219 94.291100
v 80.890564 41.306374 98.657631
v 80.890564 37.841087 102.122910
v 80.890564 33.474579 104.347748
v 80.890564 28.634241 105.114380
v 80.890564 23.793919 104.347748
v 80.890564 19.427410 102.122910
v 80.890564 15.962128 98.657631
v 80.890564 13.737278 94.291100
v 80.890564 12.970643 89.450752
vt 0.147024 0.942607
vt 0.142979 0.939233
vt 0.150566 0.926444
vt 0.155456 0.928404
vt 0.134615 0.953510
vt 0.131811 0.949050
vt 0.153831 0.911937
vt 0.159086 0.912290
vt 0.152452 0.897131
vt 0.157559 0.895843
vt 0.146566 0.883476
vt 0.151025 0.880673
vt 0.136748 0.872309
vt 0.140122 0.868264
vt 0.123959 0.864721
vt 0.125919 0.859832
vt 0.109452 0.861457
vt 0.109805 0.856202
vt 0.094646 0.862836
vt 0.093358 0.857728
vt 0.080991 0.868722
vt 0.078188 0.864263
vt 0.069824 0.878540
vt 0.065779 0.875165
vt 0.062236 0.891328
vt 0.057347 0.889369
vt 0.058972 0.905836
vt 0.053717 0.905483
vt 0.060351 0.920641
vt 0.055243 0.921930
vt 0.066237 0.934296
vt 0.061778 0.937100
vt 0.076055 0.945464
vt 0.072681 0.949509
vt 0.088844 0.953051
vt 0.086884 0.957941
vt 0.103351 0.956315
vt 0.102998 0.961571
vt 0.118156 0.954937
vt 0.119445 0.960044
vt 0.601165 0.865435
vt 0.599567 0.870038
vt 0.585281 0.867540
vt 0.585379 0.862668
vt 0.615325 0.872945
vt 0.612382 0.876829
vt 0.626470 0.884463
vt 0.622471 0.887248
vt 0.633510 0.898862
vt 0.628846 0.900274
vt 0.635757 0.914731
vt 0.630885 0.914633
vt 0.632989 0.930518
vt 0.628386 0.928919
vt 0.625479 0.944676
vt 0.621595 0.941734
vt 0.613961 0.955822
vt 0.611177 0.951823
vt 0.599563 0.962862
vt 0.598151 0.958198
vt 0.583694 0.965108
vt 0.583792 0.960236
vt 0.567908 0.962341
vt 0.569506 0.957738
vt 0.553749 0.954831
vt 0.556692 0.950947
vt 0.542604 0.943313
vt 0.546603 0.940529
vt 0.535563 0.928915
vt 0.540227 0.927503
vt 0.533317 0.913046
vt 0.538189 0.913144
vt 0.536084 0.897260
vt 0.540687 0.898858
vt 0.543594 0.883101
vt 0.547478 0.886043
vt 0.555111 0.871956
vt 0.557896 0.875954
vt 0.569509 0.864915
vt 0.570922 0.869579
vt 0.609446 0.839841
vt 0.631109 0.851163
vt 0.648213 0.868625
vt 0.659084 0.890518
vt 0.662657 0.914698
vt 0.658583 0.938799
vt 0.647261 0.960462
vt 0.629799 0.977565
vt 0.607907 0.988435
vt 0.583727 0.992008
vt 0.559626 0.987935
vt 0.537964 0.976613
vt 0.520861 0.959152
vt 0.509990 0.937260
vt 0.506417 0.913080
vt 0.510490 0.888979
vt 0.521811 0.867317
vt 0.539272 0.850213
vt 0.561165 0.839342
vt 0.585345 0.835768
vt 0.106401 0.908886
vt 0.592804 0.889953
vt 0.599796 0.893679
vt 0.584537 0.913888
vt 0.605294 0.899384
vt 0.608761 0.906508
vt 0.609855 0.914355
vt 0.608472 0.922156
vt 0.604746 0.929148
vt 0.599041 0.934646
vt 0.591917 0.938112
vt 0.584070 0.939207
vt 0.576269 0.937824
vt 0.569277 0.934097
vt 0.563779 0.928393
vt 0.560313 0.921269
vt 0.559218 0.913422
vt 0.560601 0.905621
vt 0.564328 0.898629
vt 0.570032 0.893131
vt 0.577156 0.889665
vt 0.585003 0.888569
vt 0.604361 0.887493
vt 0.595235 0.882659
vt 0.611548 0.894911
vt 0.616090 0.904187
vt 0.617543 0.914412
vt 0.615766 0.924586
vt 0.610931 0.933713
vt 0.603513 0.940899
vt 0.594238 0.945441
vt 0.584013 0.946895
vt 0.573839 0.945117
vt 0.564712 0.940283
vt 0.557526 0.932865
vt 0.552984 0.923590
vt 0.551530 0.913364
vt 0.553308 0.903190
vt 0.558142 0.894064
vt 0.565560 0.886877
vt 0.574835 0.882335
vt 0.585061 0.880882
vn -0.711474 -0.668319 -0.217149
vn -0.711474 -0.668319 -0.217150
vn -0.711476 -0.568505 -0.413042
vn -0.711476 -0.568505 -0.413043
vn -0.711473 -0.702714 0.000001
vn -0.711473 -0.702714 0.000001
vn -0.711477 -0.413042 -0.568504
vn -0.711477 -0.413042 -0.568504
vn -0.711476 -0.217150 -0.668318
vn -0.711476 -0.217149 -0.668318
vn -0.711474 -0.000000 -0.702713
vn -0.711474 -0.000000 -0.702713
vn -0.711476 0.217150 -0.668318
vn -0.711476 0.217149 -0.668318
vn -0.711477 0.413042 -0.568504
vn -0.711478 0.413042 -0.568504
vn -0.711477 0.568505 -0.413042
vn -0.711477 0.568504 -0.413043
vn -0.711474 0.668319 -0.217150
vn -0.711474 0.668319 -0.217150
vn -0.711473 0.702714 -0.000000
vn -0.711473 0.702714 -0.000000
vn -0.711473 0.668321 0.217150
vn -0.711473 0.668321 0.217150
vn -0.711474 0.568506 0.413045
vn -0.711474 0.568507 0.413044
vn -0.711475 0.413044 0.568505
vn -0.711475 0.413044 0.568505
vn -0.711476 0.217149 0.668318
vn -0.711476 0.217148 0.668318
vn -0.711476 -0.000000 0.702711
vn -0.711476 -0.000000 0.702711
vn -0.711476 -0.217149 0.668317
vn -0.711476 -0.217149 0.668317
vn -0.711475 -0.413044 0.568505
vn -0.711475 -0.413044 0.568505
vn -0.711473 -0.568507 0.413045
vn -0.711473 -0.568508 0.413045
vn -0.711472 -0.668321 0.217151
vn -0.711472 -0.668321 0.217150
vn 0.711473 -0.668321 -0.217150
vn 0.711473 -0.668321 -0.217150
vn 0.711473 -0.702714 0.000001
vn 0.711473 -0.702714 0.000001
vn 0.711475 -0.568506 -0.413044
vn 0.711475 -0.568507 -0.413043
vn 0.711476 -0.413043 -0.568505
vn 0.711476 -0.413044 -0.568505
vn 0.711475 -0.217150 -0.668319
vn 0.711475 -0.217151 -0.668318
vn 0.711473 0.000000 -0.702713
vn 0.711473 0.000000 -0.702713
vn 0.711475 0.217150 -0.668318
vn 0.711475 0.217150 -0.668318
vn 0.711478 0.413042 -0.568504
vn 0.711478 0.413042 -0.568504
vn 0.711475 0.568505 -0.413043
vn 0.711476 0.568506 -0.413042
vn 0.711472 0.668321 -0.217150
vn 0.711472 0.668321 -0.217150
vn 0.711472 0.702714 0.000000
vn 0.711472 0.702714 -0.000000
vn 0.711473 0.668321 0.217150
vn 0.711473 0.668321 0.217151
vn 0.711472 0.568508 0.413045
vn 0.711472 0.568508 0.413045
vn 0.711474 0.413045 0.568506
vn 0.711474 0.413044 0.568506
vn 0.711475 0.217149 0.668318
vn 0.711475 0.217149 0.668318
vn 0.711475 0.000000 0.702711
vn 0.711475 0.000000 0.702711
vn 0.711476 -0.217148 0.668318
vn 0.711476 -0.217149 0.668318
vn 0.711475 -0.413044 0.568505
vn 0.711475 -0.413044 0.568505
vn 0.711472 -0.568509 0.413045
vn 0.711472 -0.568508 0.413045
vn 0.711472 -0.668321 0.217151
vn 0.711472 -0.668321 0.217151
vn 0.000000 -0.951057 -0.309016
vn 0.000000 -0.809017 -0.587785
vn 0.000000 -0.809017 -0.587785
vn 0.000000 -0.951057 -0.309016
vn 0.000000 -0.587785 -0.809017
vn 0.000000 -0.587785 -0.809017
vn 0.000000 -0.309016 -0.951057
vn 0.000000 -0.309016 -0.951057
vn 0.000000 0.000000 -1.000000
vn 0.000000 0.000000 -1.000000
vn 0.000000 0.309016 -0.951057
vn 0.000000 0.309016 -0.951057
vn 0.000000 0.587785 -0.809017
vn 0.000000 0.587785 -0.809017
vn 0.000000 0.809018 -0.587784
vn 0.000000 0.809018 -0.587784
vn 0.000000 0.951057 -0.309016
vn 0.000000 0.951057 -0.309016
vn 0.000000 1.000000 0.000000
vn 0.000000 1.000000 0.000000
vn 0.000000 0.951057 0.309016
vn 0.000000 0.951057 0.309016
vn 0.000000 0.809017 0.587785
vn 0.000000 0.809017 0.587785
vn 0.000000 0.587786 0.809016
vn 0.000000 0.587786 0.809016
vn 0.000000 0.309016 0.951057
vn 0.000000 0.309016 0.951057
vn 0.000000 0.000000 1.000000
vn 0.000000 0.000000 1.000000
vn 0.000000 -0.309016 0.951057
vn 0.000000 -0.309016 0.951057
vn 0.000000 -0.587786 0.809016
vn 0.000000 -0.587786 0.809016
vn 0.000000 -0.809017 0.587785
vn 0.000000 -0.809017 0.587785
vn 0.000000 -0.951057 0.309017
vn 0.000000 -0.951057 0.309017
vn 0.000000 -1.000000 0.000001
vn 0.000000 -1.000000 0.000001
vn -1.000000 -0.000000 0.000000
vn -1.000000 -0.000000 0.000000
vn -1.000000 -0.000000 0.000000
vn -1.000000 0.000000 0.000000
vn -1.000000 0.000001 0.000000
vn -1.000000 -0.000000 0.000000
vn -1.000000 -0.000001 0.000000
vn -1.000000 0.000000 0.000000
vn -1.000000 0.000000 0.000000
vn -1.000000 0.000000 0.000000
vn -1.000000 0.000000 0.000000
vn -1.000000 0.000000 0.000000
vn -1.000000 0.000000 0.000000
vn -1.000000 0.000000 0.000000
vn -1.000000 0.000000 0.000000
vn -1.000000 0.000000 0.000000
vn -1.000000 0.000000 0.000000
vn -1.000000 -0.000000 0.000000
vn -1.000000 -0.000000 0.000000
vn -1.000000 0.000000 0.000000
vn -1.000000 0.000000 0.000000
vn 1.000000 -0.000002 -0.000000
vn 1.000000 -0.000002 -0.000001
vn 1.000000 -0.000000 -0.000000
vn 1.000000 -0.000002 -0.000001
vn 1.000000 -0.000002 -0.000001
vn 1.000000 0.000000 -0.000001
vn 1.000000 0.000002 -0.000001
vn 1.000000 0.000002 -0.000001
vn 1.000000 0.000001 -0.000001
vn 1.000000 0.000002 -0.000000
vn 1.000000 0.000002 0.000000
vn 1.000000 0.000002 0.000000
vn 1.000000 0.000001 0.000001
vn 1.000000 0.000002 0.000001
vn 1.000000 0.000002 0.000001
vn 1.000000 0.000000 0.000001
vn 1.000000 -0.000002 0.000001
vn 1.000000 -0.000002 0.000001
vn 1.000000 -0.000002 0.000001
vn 1.000000 -0.000002 0.000000
vn 1.000000 -0.000002 0.000000
vn 1.000000 -0.000000 0.000000
vn 1.000000 0.000000 0.000000
vn 1.000000 0.000000 0.000000
vn 1.000000 -0.000000 0.000000
vn 1.000000 0.000000 0.000000
vn 1.000000 0.000000 0.000000
vn 1.000000 0.000000 0.000000
vn 1.000000 0.000000 0.000000
vn 1.000000 0.000000 0.000000
vn 1.000000 0.000000 0.000000
vn 1.000000 0.000001 0.000000
vn 1.000000 0.000001 0.000000
vn 1.000000 0.000001 0.000000
vn 1.000000 0.000001 0.000000
vn 1.000000 0.000000 0.000000
vn 1.000000 0.000000 0.000000
vn 1.000000 0.000000 0.000000
vn 1.000000 0.000000 0.000000
vn 1.000000 0.000000 0.000000
vn 1.000000 0.000000 0.000000
vn 1.000000 0.000000 0.000000
vn 1.000000 0.000000 0.000000
vn 1.000000 0.000000 0.000000
vn 1.000000 0.000000 0.000000
vn 1.000000 0.000000 0.000000
vn 1.000000 0.000000 0.000000
vn 1.000000 -0.000001 0.000000
vn 1.000000 -0.000001 0.000000
vn 1.000000 -0.000000 0.000000
vn 1.000000 -0.000000 0.000000
vn 1.000000 0.000001 0.000000
vn 1.000000 0.000001 0.000000
vn 1.000000 0.000000 0.000000
vn 1.000000 0.000000 0.000000
vn 1.000000 -0.000000 0.000000
vn 1.000000 -0.000000 0.000000
vn 1.000000 -0.000000 0.000000
vn 1.000000 -0.000000 0.000000
vn 1.000000 0.000000 0.000000
vn 1.000000 0.000000 0.000000
vn 0.549737 -0.794454 -0.258133
vn 0.549737 -0.675803 -0.490999
vn 0.549737 -0.675803 -0.490999
vn 0.549737 -0.794454 -0.258133
vn 0.549738 -0.490998 -0.675802
vn 0.549738 -0.490998 -0.675802
vn 0.549738 -0.258135 -0.794452
vn 0.549738 -0.258135 -0.794452
vn 0.549738 0.000001 -0.835338
vn 0.549738 0.000001 -0.835338
vn 0.549737 0.258135 -0.794453
vn 0.549737 0.258135 -0.794453
vn 0.549738 0.490998 -0.675802
vn 0.549738 0.490998 -0.675802
vn 0.549738 0.675803 -0.490998
vn 0.549738 0.675803 -0.490998
vn 0.549737 0.794453 -0.258134
vn 0.549737 0.794453 -0.258134
vn 0.549737 0.835338 0.000000
vn 0.549737 0.835338 0.000000
vn 0.549737 0.794454 0.258133
vn 0.549737 0.794454 0.258133
vn 0.549737 0.675803 0.490999
vn 0.549737 0.675803 0.490999
vn 0.549738 0.490998 0.675803
vn 0.549738 0.490998 0.675803
vn 0.549738 0.258132 0.794453
vn 0.549738 0.258132 0.794453
vn 0.549739 0.000000 0.835337
vn 0.549739 0.000000 0.835337
vn 0.549739 -0.258132 0.794452
vn 0.549739 -0.258132 0.794452
vn 0.549738 -0.490998 0.675802
vn 0.549738 -0.490998 0.675802
vn 0.549737 -0.675803 0.490999
vn 0.549737 -0.675803 0.490999
vn 0.549738 -0.794453 0.258133
vn 0.549738 -0.794454 0.258133
vn 0.549737 -0.835338 0.000001
vn 0.549737 -0.835338 0.000001
s 1
g Wheel_F_L_geo
usemtl lambert4SG
f 2884/3396/4883 2885/3397/4884 2887/3398/4885 2886/3399/4886
f 2885/3397/4884 2884/3396/4883 2922/3400/4887 2923/3401/4888
f 2886/3399/4886 2887/3398/4885 2889/3402/4889 2888/3403/4890
f 2888/3403/4890 2889/3402/4889 2891/3404/4891 2890/3405/4892
f 2890/3405/4892 2891/3404/4891 2893/3406/4893 2892/3407/4894
f 2892/3407/4894 2893/3406/4893 2895/3408/4895 2894/3409/4896
f 2894/3409/4896 2895/3408/4895 2897/3410/4897 2896/3411/4898
f 2896/3411/4898 2897/3410/4897 2899/3412/4899 2898/3413/4900
f 2898/3413/4900 2899/3412/4899 2901/3414/4901 2900/3415/4902
f 2900/3415/4902 2901/3414/4901 2903/3416/4903 2902/3417/4904
f 2902/3417/4904 2903/3416/4903 2905/3418/4905 2904/3419/4906
f 2904/3419/4906 2905/3418/4905 2907/3420/4907 2906/3421/4908
f 2906/3421/4908 2907/3420/4907 2909/3422/4909 2908/3423/4910
f 2908/3423/4910 2909/3422/4909 2911/3424/4911 2910/3425/4912
f 2910/3425/4912 2911/3424/4911 2913/3426/4913 2912/3427/4914
f 2912/3427/4914 2913/3426/4913 2915/3428/4915 2914/3429/4916
f 2914/3429/4916 2915/3428/4915 2917/3430/4917 2916/3431/4918
f 2916/3431/4918 2917/3430/4917 2919/3432/4919 2918/3433/4920
f 2918/3433/4920 2919/3432/4919 2921/3434/4921 2920/3435/4922
f 2920/3435/4922 2921/3434/4921 2923/3401/4888 2922/3400/4887
s 2
f 2924/3436/4923 2925/3437/4924 2963/3438/4925 2962/3439/4926
f 2925/3437/4924 2924/3436/4923 2926/3440/4927 2927/3441/4928
f 2927/3441/4928 2926/3440/4927 2928/3442/4929 2929/3443/4930
f 2929/3443/4930 2928/3442/4929 2930/3444/4931 2931/3445/4932
f 2931/3445/4932 2930/3444/4931 2932/3446/4933 2933/3447/4934
f 2933/3447/4934 2932/3446/4933 2934/3448/4935 2935/3449/4936
f 2935/3449/4936 2934/3448/4935 2936/3450/4937 2937/3451/4938
f 2937/3451/4938 2936/3450/4937 2938/3452/4939 2939/3453/4940
f 2939/3453/4940 2938/3452/4939 2940/3454/4941 2941/3455/4942
f 2941/3455/4942 2940/3454/4941 2942/3456/4943 2943/3457/4944
f 2943/3457/4944 2942/3456/4943 2944/3458/4945 2945/3459/4946
f 2945/3459/4946 2944/3458/4945 2946/3460/4947 2947/3461/4948
f 2947/3461/4948 2946/3460/4947 2948/3462/4949 2949/3463/4950
f 2949/3463/4950 2948/3462/4949 2950/3464/4951 2951/3465/4952
f 2951/3465/4952 2950/3464/4951 2952/3466/4953 2953/3467/4954
f 2953/3467/4954 2952/3466/4953 2954/3468/4955 2955/3469/4956
f 2955/3469/4956 2954/3468/4955 2956/3470/4957 2957/3471/4958
f 2957/3471/4958 2956/3470/4957 2958/3472/4959 2959/3473/4960
f 2959/3473/4960 2958/3472/4959 2960/3474/4961 2961/3475/4962
f 2961/3475/4962 2960/3474/4961 2962/3439/4926 2963/3438/4925
s 3
f 2884/3476/4963 2886/3477/4964 2926/3440/4965 2924/3436/4966
f 2886/3477/4964 2888/3478/4967 2928/3442/4968 2926/3440/4965
f 2888/3478/4967 2890/3479/4969 2930/3444/4970 2928/3442/4968
f 2890/3479/4969 2892/3480/4971 2932/3446/4972 2930/3444/4970
f 2892/3480/4971 2894/3481/4973 2934/3448/4974 2932/3446/4972
f 2894/3481/4973 2896/3482/4975 2936/3450/4976 2934/3448/4974
f 2896/3482/4975 2898/3483/4977 2938/3452/4978 2936/3450/4976
f 2898/3483/4977 2900/3484/4979 2940/3454/4980 2938/3452/4978
f 2900/3484/4979 2902/3485/4981 2942/3456/4982 2940/3454/4980
f 2902/3485/4981 2904/3486/4983 2944/3458/4984 2942/3456/4982
f 2904/3486/4983 2906/3487/4985 2946/3460/4986 2944/3458/4984
f 2906/3487/4985 2908/3488/4987 2948/3462/4988 2946/3460/4986
f 2908/3488/4987 2910/3489/4989 2950/3464/4990 2948/3462/4988
f 2910/3489/4989 2912/3490/4991 2952/3466/4992 2950/3464/4990
f 2912/3490/4991 2914/3491/4993 2954/3468/4994 2952/3466/4992
f 2914/3491/4993 2916/3492/4995 2956/3470/4996 2954/3468/4994
f 2916/3492/4995 2918/3493/4997 2958/3472/4998 2956/3470/4996
f 2918/3493/4997 2920/3494/4999 2960/3474/5000 2958/3472/4998
f 2920/3494/4999 2922/3495/5001 2962/3439/5002 2960/3474/5000
f 2922/3495/5001 2884/3476/4963 2924/3436/4966 2962/3439/5002
s 4
f 2887/3398/5003 2885/3397/5004 2883/3496/5005
f 2889/3402/5006 2887/3398/5003 2883/3496/5005
f 2891/3404/5007 2889/3402/5006 2883/3496/5005
f 2893/3406/5008 2891/3404/5007 2883/3496/5005
f 2895/3408/5009 2893/3406/5008 2883/3496/5005
f 2897/3410/5010 2895/3408/5009 2883/3496/5005
f 2899/3412/5011 2897/3410/5010 2883/3496/5005
f 2901/3414/5012 2899/3412/5011 2883/3496/5005
f 2903/3416/5013 2901/3414/5012 2883/3496/5005
f 2905/3418/5014 2903/3416/5013 2883/3496/5005
f 2907/3420/5015 2905/3418/5014 2883/3496/5005
f 2909/3422/5016 2907/3420/5015 2883/3496/5005
f 2911/3424/5017 2909/3422/5016 2883/3496/5005
f 2913/3426/5018 2911/3424/5017 2883/3496/5005
f 2915/3428/5019 2913/3426/5018 2883/3496/5005
f 2917/3430/5020 2915/3428/5019 2883/3496/5005
f 2919/3432/5021 2917/3430/5020 2883/3496/5005
f 2921/3434/5022 2919/3432/5021 2883/3496/5005
f 2923/3401/5023 2921/3434/5022 2883/3496/5005
f 2885/3397/5004 2923/3401/5023 2883/3496/5005
s 5
f 2985/3497/5024 2984/3498/5025 2986/3499/5026
f 2984/3498/5025 2987/3500/5027 2986/3499/5026
f 2987/3500/5027 2988/3501/5028 2986/3499/5026
f 2988/3501/5028 2989/3502/5029 2986/3499/5026
f 2989/3502/5029 2990/3503/5030 2986/3499/5026
f 2990/3503/5030 2991/3504/5031 2986/3499/5026
f 2991/3504/5031 2992/3505/5032 2986/3499/5026
f 2992/3505/5032 2993/3506/5033 2986/3499/5026
f 2993/3506/5033 2994/3507/5034 2986/3499/5026
f 2994/3507/5034 2995/3508/5035 2986/3499/5026
f 2995/3508/5035 2996/3509/5036 2986/3499/5026
f 2996/3509/5036 2997/3510/5037 2986/3499/5026
f 2997/3510/5037 2998/3511/5038 2986/3499/5026
f 2998/3511/5038 2999/3512/5039 2986/3499/5026
f 2999/3512/5039 3000/3513/5040 2986/3499/5026
f 3000/3513/5040 3001/3514/5041 2986/3499/5026
f 3001/3514/5041 3002/3515/5042 2986/3499/5026
f 3002/3515/5042 3003/3516/5043 2986/3499/5026
f 3003/3516/5043 3004/3517/5044 2986/3499/5026
f 3004/3517/5044 2985/3497/5024 2986/3499/5026
s 6
f 2925/3437/5045 2927/3441/5046 2964/3518/5047 2965/3519/5048
f 2927/3441/5046 2929/3443/5049 2966/3520/5050 2964/3518/5047
f 2929/3443/5049 2931/3445/5051 2967/3521/5052 2966/3520/5050
f 2931/3445/5051 2933/3447/5053 2968/3522/5054 2967/3521/5052
f 2933/3447/5053 2935/3449/5055 2969/3523/5056 2968/3522/5054
f 2935/3449/5055 2937/3451/5057 2970/3524/5058 2969/3523/5056
f 2937/3451/5057 2939/3453/5059 2971/3525/5060 2970/3524/5058
f 2939/3453/5059 2941/3455/5061 2972/3526/5062 2971/3525/5060
f 2941/3455/5061 2943/3457/5063 2973/3527/5064 2972/3526/5062
f 2943/3457/5063 2945/3459/5065 2974/3528/5066 2973/3527/5064
f 2945/3459/5065 2947/3461/5067 2975/3529/5068 2974/3528/5066
f 2947/3461/5067 2949/3463/5069 2976/3530/5070 2975/3529/5068
f 2949/3463/5069 2951/3465/5071 2977/3531/5072 2976/3530/5070
f 2951/3465/5071 2953/3467/5073 2978/3532/5074 2977/3531/5072
f 2953/3467/5073 2955/3469/5075 2979/3533/5076 2978/3532/5074
f 2955/3469/5075 2957/3471/5077 2980/3534/5078 2979/3533/5076
f 2957/3471/5077 2959/3473/5079 2981/3535/5080 2980/3534/5078
f 2959/3473/5079 2961/3475/5081 2982/3536/5082 2981/3535/5080
f 2961/3475/5081 2963/3438/5083 2983/3537/5084 2982/3536/5082
f 2963/3438/5083 2925/3437/5045 2965/3519/5048 2983/3537/5084
s 7
f 2965/3519/5085 2964/3518/5086 2984/3498/5087 2985/3497/5088
f 2964/3518/5086 2966/3520/5089 2987/3500/5090 2984/3498/5087
f 2966/3520/5089 2967/3521/5091 2988/3501/5092 2987/3500/5090
f 2967/3521/5091 2968/3522/5093 2989/3502/5094 2988/3501/5092
f 2968/3522/5093 2969/3523/5095 2990/3503/5096 2989/3502/5094
f 2969/3523/5095 2970/3524/5097 2991/3504/5098 2990/3503/5096
f 2970/3524/5097 2971/3525/5099 2992/3505/5100 2991/3504/5098
f 2971/3525/5099 2972/3526/5101 2993/3506/5102 2992/3505/5100
f 2972/3526/5101 2973/3527/5103 2994/3507/5104 2993/3506/5102
f 2973/3527/5103 2974/3528/5105 2995/3508/5106 2994/3507/5104
f 2974/3528/5105 2975/3529/5107 2996/3509/5108 2995/3508/5106
f 2975/3529/5107 2976/3530/5109 2997/3510/5110 2996/3509/5108
f 2976/3530/5109 2977/3531/5111 2998/3511/5112 2997/3510/5110
f 2977/3531/5111 2978/3532/5113 2999/3512/5114 2998/3511/5112
f 2978/3532/5113 2979/3533/5115 3000/3513/5116 2999/3512/5114
f 2979/3533/5115 2980/3534/5117 3001/3514/5118 3000/3513/5116
f 2980/3534/5117 2981/3535/5119 3002/3515/5120 3001/3514/5118
f 2981/3535/5119 2982/3536/5121 3003/3516/5122 3002/3515/5120
f 2982/3536/5121 2983/3537/5123 3004/3517/5124 3003/3516/5122
f 2983/3537/5123 2965/3519/5085 2985/3497/5088 3004/3517/5124
g default
v -56.381126 28.634241 -88.425201
v -58.431866 1.555715 -97.223511
v -56.381126 3.530397 -96.581902
v -58.431866 5.599871 -105.160652
v -56.381126 7.279634 -103.940201
v -58.431866 11.898797 -111.459564
v -56.381126 13.119216 -109.779778
v -58.431866 19.835896 -115.503723
v -56.381126 20.477509 -113.529015
v -58.431866 28.634241 -116.897217
v -56.381126 28.634241 -114.820938
v -58.431866 37.432602 -115.503723
v -56.381126 36.790985 -113.529015
v -58.431866 45.369701 -111.459564
v -56.381126 44.149265 -109.779778
v -58.431866 51.668621 -105.160645
v -56.381126 49.988857 -103.940193
v -58.431866 55.712776 -97.223511
v -56.381126 53.738083 -96.581902
v -58.431866 57.106277 -88.425201
v -56.381126 55.029991 -88.425201
v -58.431866 55.712776 -79.626823
v -56.381126 53.738083 -80.268433
v -58.431866 51.668617 -71.689758
v -56.381126 49.988853 -72.910164
v -58.431866 45.369701 -65.390808
v -56.381126 44.149265 -67.070572
v -58.431866 37.432598 -61.346657
v -56.381126 36.790985 -63.321358
v -58.431866 28.634241 -59.953148
v -56.381126 28.634241 -62.029465
v -58.431866 19.835899 -61.346657
v -56.381126 20.477512 -63.321358
v -58.431866 11.898803 -65.390808
v -56.381126 13.119226 -67.070572
v -58.431866 5.599885 -71.689758
v -56.381126 7.279650 -72.910164
v -58.431866 1.555733 -79.626823
v -56.381126 3.530415 -80.268433
v -58.431866 0.162212 -88.425201
v -56.381126 2.238516 -88.425201
v -74.839821 1.555715 -97.223511
v -76.890564 3.530397 -96.581902
v -74.839821 5.599871 -105.160652
v -76.890564 7.279634 -103.940201
v -74.839821 11.898797 -111.459564
v -76.890564 13.119216 -109.779778
v -74.839821 19.835896 -115.503723
v -76.890564 20.477509 -113.529015
v -74.839821 28.634241 -116.897217
v -76.890564 28.634241 -114.820938
v -74.839821 37.432602 -115.503723
v -76.890564 36.790985 -113.529015
v -74.839821 45.369701 -111.459564
v -76.890564 44.149265 -109.779778
v -74.839821 51.668621 -105.160645
v -76.890564 49.988857 -103.940193
v -74.839821 55.712776 -97.223511
v -76.890564 53.738083 -96.581902
v -74.839821 57.106277 -88.425201
v -76.890564 55.029991 -88.425201
v -74.839821 55.712776 -79.626823
v -76.890564 53.738083 -80.268433
v -74.839821 51.668617 -71.689758
v -76.890564 49.988853 -72.910164
v -74.839821 45.369701 -65.390808
v -76.890564 44.149265 -67.070572
v -74.839821 37.432598 -61.346657
v -76.890564 36.790985 -63.321358
v -74.839821 28.634241 -59.953148
v -76.890564 28.634241 -62.029465
v -74.839821 19.835899 -61.346657
v -76.890564 20.477512 -63.321358
v -74.839821 11.898803 -65.390808
v -76.890564 13.119226 -67.070572
v -74.839821 5.599885 -71.689758
v -76.890564 7.279650 -72.910164
v -74.839821 1.555733 -79.626823
v -76.890564 3.530415 -80.268433
v -74.839821 0.162212 -88.425201
v -76.890564 2.238516 -88.425201
v -76.890564 13.832447 -99.179306
v -76.890564 11.233694 -94.078957
v -76.890564 17.880110 -103.226974
v -76.890564 22.980471 -105.825729
v -76.890564 28.634241 -106.721222
v -76.890564 34.288021 -105.825722
v -76.890564 39.388374 -103.226974
v -76.890564 43.436039 -99.179306
v -76.890564 46.034790 -94.078949
v -76.890564 46.930271 -88.425201
v -76.890564 46.034786 -82.771400
v -76.890564 43.436039 -77.671043
v -76.890564 39.388378 -73.623383
v -76.890564 34.288033 -71.024635
v -76.890564 28.634241 -70.129166
v -76.890564 22.980463 -71.024635
v -76.890564 17.880121 -73.623383
v -76.890564 13.832463 -77.671043
v -76.890564 11.233708 -82.771400
v -76.890564 10.338234 -88.425209
v -80.890564 15.962111 -97.632019
v -80.890564 13.737264 -93.265503
v -80.890587 28.634239 -88.425194
v -80.890564 19.427401 -101.097305
v -80.890564 23.793930 -103.322159
v -80.890564 28.634239 -104.088814
v -80.890564 33.474564 -103.322151
v -80.890564 37.841084 -101.097305
v -80.890564 41.306374 -97.632019
v -80.890564 43.531227 -93.265488
v -80.890564 44.297863 -88.425201
v -80.890564 43.531219 -83.584862
v -80.890564 41.306374 -79.218330
v -80.890564 37.841087 -75.753052
v -80.890564 33.474579 -73.528214
v -80.890564 28.634241 -72.761581
v -80.890564 23.793919 -73.528214
v -80.890564 19.427410 -75.753052
v -80.890564 15.962128 -79.218330
v -80.890564 13.737278 -83.584862
v -80.890564 12.970643 -88.425209
vt 0.065779 0.942607
vt 0.057347 0.928404
vt 0.062236 0.926444
vt 0.069824 0.939233
vt 0.080991 0.949050
vt 0.078188 0.953510
vt 0.053717 0.912290
vt 0.058972 0.911937
vt 0.055244 0.895843
vt 0.060351 0.897131
vt 0.061778 0.880673
vt 0.066237 0.883476
vt 0.072681 0.868264
vt 0.076055 0.872309
vt 0.086884 0.859832
vt 0.088844 0.864721
vt 0.102998 0.856202
vt 0.103351 0.861457
vt 0.119445 0.857728
vt 0.118156 0.862836
vt 0.134615 0.864263
vt 0.131811 0.868722
vt 0.147024 0.875165
vt 0.142979 0.878540
vt 0.155456 0.889369
vt 0.150566 0.891329
vt 0.159086 0.905483
vt 0.153831 0.905836
vt 0.157559 0.921930
vt 0.152452 0.920641
vt 0.151025 0.937100
vt 0.146566 0.934296
vt 0.140122 0.949509
vt 0.136748 0.945464
vt 0.125919 0.957941
vt 0.123959 0.953051
vt 0.109805 0.961571
vt 0.109452 0.956315
vt 0.093358 0.960044
vt 0.094647 0.954937
vt 0.567908 0.865435
vt 0.583695 0.862668
vt 0.583792 0.867540
vt 0.569506 0.870038
vt 0.556692 0.876829
vt 0.553749 0.872945
vt 0.546603 0.887248
vt 0.542604 0.884463
vt 0.540227 0.900274
vt 0.535563 0.898861
vt 0.538189 0.914633
vt 0.533317 0.914731
vt 0.540687 0.928919
vt 0.536084 0.930517
vt 0.547478 0.941734
vt 0.543594 0.944676
vt 0.557897 0.951823
vt 0.555112 0.955821
vt 0.570923 0.958198
vt 0.569510 0.962862
vt 0.585282 0.960236
vt 0.585379 0.965108
vt 0.599567 0.957738
vt 0.601166 0.962341
vt 0.612382 0.950947
vt 0.615324 0.954831
vt 0.622471 0.940529
vt 0.626470 0.943313
vt 0.628846 0.927503
vt 0.633510 0.928915
vt 0.630885 0.913144
vt 0.635757 0.913046
vt 0.628386 0.898858
vt 0.632990 0.897260
vt 0.621596 0.886043
vt 0.625480 0.883101
vt 0.611177 0.875954
vt 0.613962 0.871955
vt 0.598151 0.869578
vt 0.599564 0.864915
vt 0.559627 0.839841
vt 0.537964 0.851163
vt 0.520860 0.868625
vt 0.509990 0.890518
vt 0.506417 0.914698
vt 0.510491 0.938799
vt 0.521813 0.960462
vt 0.539274 0.977565
vt 0.561167 0.988435
vt 0.585347 0.992008
vt 0.609447 0.987935
vt 0.631109 0.976613
vt 0.648213 0.959152
vt 0.659083 0.937260
vt 0.662657 0.913080
vt 0.658584 0.888979
vt 0.647262 0.867317
vt 0.629801 0.850213
vt 0.607909 0.839342
vt 0.583728 0.835768
vt 0.106401 0.908886
vt 0.576269 0.889953
vt 0.584537 0.913888
vt 0.569277 0.893679
vt 0.563779 0.899383
vt 0.560313 0.906508
vt 0.559218 0.914355
vt 0.560601 0.922156
vt 0.564328 0.929148
vt 0.570032 0.934646
vt 0.577156 0.938112
vt 0.585003 0.939207
vt 0.592804 0.937824
vt 0.599796 0.934097
vt 0.605294 0.928393
vt 0.608760 0.921269
vt 0.609855 0.913422
vt 0.608472 0.905621
vt 0.604746 0.898629
vt 0.599041 0.893131
vt 0.591917 0.889664
vt 0.584070 0.888569
vt 0.573839 0.882659
vt 0.564712 0.887493
vt 0.557526 0.894911
vt 0.552984 0.904187
vt 0.551530 0.914412
vt 0.553308 0.924586
vt 0.558142 0.933713
vt 0.565560 0.940899
vt 0.574836 0.945441
vt 0.585061 0.946895
vt 0.595235 0.945117
vt 0.604361 0.940283
vt 0.611547 0.932865
vt 0.616090 0.923590
vt 0.617543 0.913364
vt 0.615766 0.903190
vt 0.610932 0.894064
vt 0.603514 0.886877
vt 0.594238 0.882335
vt 0.584013 0.880882
vn 0.711474 -0.668320 -0.217150
vn 0.711476 -0.568505 -0.413043
vn 0.711476 -0.568506 -0.413042
vn 0.711474 -0.668320 -0.217150
vn 0.711473 -0.702714 0.000001
vn 0.711473 -0.702714 0.000001
vn 0.711477 -0.413042 -0.568504
vn 0.711477 -0.413042 -0.568504
vn 0.711475 -0.217150 -0.668318
vn 0.711475 -0.217150 -0.668318
vn 0.711473 0.000000 -0.702713
vn 0.711473 0.000000 -0.702713
vn 0.711475 0.217149 -0.668318
vn 0.711475 0.217150 -0.668318
vn 0.711477 0.413042 -0.568504
vn 0.711477 0.413042 -0.568504
vn 0.711476 0.568505 -0.413043
vn 0.711476 0.568505 -0.413042
vn 0.711474 0.668320 -0.217150
vn 0.711474 0.668320 -0.217150
vn 0.711473 0.702714 0.000000
vn 0.711473 0.702714 -0.000000
vn 0.711473 0.668321 0.217150
vn 0.711473 0.668320 0.217150
vn 0.711473 0.568507 0.413045
vn 0.711473 0.568507 0.413045
vn 0.711474 0.413045 0.568506
vn 0.711474 0.413044 0.568506
vn 0.711475 0.217149 0.668318
vn 0.711475 0.217149 0.668318
vn 0.711475 0.000000 0.702711
vn 0.711476 0.000000 0.702711
vn 0.711475 -0.217149 0.668318
vn 0.711475 -0.217149 0.668318
vn 0.711474 -0.413045 0.568506
vn 0.711474 -0.413045 0.568506
vn 0.711473 -0.568508 0.413045
vn 0.711473 -0.568507 0.413045
vn 0.711473 -0.668321 0.217150
vn 0.711473 -0.668320 0.217150
vn -0.711473 -0.668321 -0.217150
vn -0.711473 -0.702714 0.000001
vn -0.711473 -0.702714 0.000001
vn -0.711473 -0.668321 -0.217150
vn -0.711475 -0.568506 -0.413043
vn -0.711475 -0.568505 -0.413044
vn -0.711476 -0.413043 -0.568505
vn -0.711476 -0.413042 -0.568505
vn -0.711475 -0.217150 -0.668319
vn -0.711475 -0.217150 -0.668319
vn -0.711473 0.000000 -0.702714
vn -0.711473 0.000000 -0.702714
vn -0.711474 0.217150 -0.668319
vn -0.711474 0.217150 -0.668319
vn -0.711476 0.413042 -0.568505
vn -0.711476 0.413042 -0.568505
vn -0.711475 0.568506 -0.413042
vn -0.711475 0.568505 -0.413043
vn -0.711473 0.668321 -0.217150
vn -0.711473 0.668321 -0.217150
vn -0.711472 0.702714 0.000000
vn -0.711472 0.702714 0.000000
vn -0.711473 0.668320 0.217151
vn -0.711473 0.668320 0.217150
vn -0.711472 0.568508 0.413045
vn -0.711472 0.568508 0.413045
vn -0.711474 0.413045 0.568506
vn -0.711474 0.413045 0.568506
vn -0.711475 0.217149 0.668318
vn -0.711475 0.217149 0.668318
vn -0.711475 0.000000 0.702712
vn -0.711475 0.000000 0.702712
vn -0.711475 -0.217149 0.668318
vn -0.711475 -0.217149 0.668318
vn -0.711474 -0.413045 0.568506
vn -0.711474 -0.413045 0.568506
vn -0.711471 -0.568508 0.413046
vn -0.711471 -0.568509 0.413045
vn -0.711473 -0.668321 0.217151
vn -0.711473 -0.668321 0.217151
vn 0.000000 -0.951057 -0.309016
vn 0.000000 -0.951057 -0.309016
vn 0.000000 -0.809017 -0.587785
vn 0.000000 -0.809017 -0.587785
vn 0.000000 -0.587785 -0.809017
vn 0.000000 -0.587785 -0.809017
vn 0.000000 -0.309016 -0.951057
vn 0.000000 -0.309016 -0.951057
vn 0.000000 -0.000000 -1.000000
vn 0.000000 -0.000000 -1.000000
vn 0.000000 0.309016 -0.951057
vn 0.000000 0.309016 -0.951057
vn 0.000000 0.587785 -0.809017
vn 0.000000 0.587785 -0.809017
vn 0.000000 0.809018 -0.587784
vn 0.000000 0.809018 -0.587784
vn 0.000000 0.951057 -0.309016
vn 0.000000 0.951057 -0.309016
vn 0.000000 1.000000 0.000000
vn 0.000000 1.000000 0.000000
vn 0.000000 0.951057 0.309016
vn 0.000000 0.951057 0.309016
vn 0.000000 0.809017 0.587785
vn 0.000000 0.809017 0.587785
vn 0.000000 0.587786 0.809016
vn 0.000000 0.587786 0.809016
vn 0.000000 0.309016 0.951057
vn 0.000000 0.309016 0.951057
vn 0.000000 0.000000 1.000000
vn 0.000000 0.000000 1.000000
vn 0.000000 -0.309016 0.951057
vn 0.000000 -0.309016 0.951057
vn 0.000000 -0.587786 0.809016
vn 0.000000 -0.587786 0.809016
vn 0.000000 -0.809017 0.587785
vn 0.000000 -0.809017 0.587785
vn 0.000000 -0.951057 0.309017
vn 0.000000 -0.951057 0.309017
vn 0.000000 -1.000000 0.000001
vn 0.000000 -1.000000 0.000001
vn 1.000000 -0.000000 0.000000
vn 1.000000 0.000000 0.000000
vn 1.000000 -0.000000 0.000000
vn 1.000000 -0.000000 0.000000
vn 1.000000 -0.000000 0.000000
vn 1.000000 0.000000 0.000000
vn 1.000000 0.000000 0.000000
vn 1.000000 0.000000 0.000000
vn 1.000000 0.000000 0.000000
vn 1.000000 0.000000 0.000000
vn 1.000000 0.000000 0.000000
vn 1.000000 0.000000 0.000000
vn 1.000000 0.000000 0.000000
vn 1.000000 0.000000 0.000000
vn 1.000000 0.000000 0.000000
vn 1.000000 0.000000 0.000000
vn 1.000000 -0.000000 0.000000
vn 1.000000 -0.000000 0.000000
vn 1.000000 -0.000000 0.000000
vn 1.000000 0.000000 0.000000
vn 1.000000 0.000000 0.000000
vn -1.000000 -0.000002 -0.000000
vn -1.000000 -0.000000 -0.000000
vn -1.000000 -0.000002 -0.000001
vn -1.000000 -0.000002 -0.000001
vn -1.000000 -0.000001 -0.000001
vn -1.000000 -0.000000 -0.000001
vn -1.000000 0.000001 -0.000001
vn -1.000000 0.000002 -0.000001
vn -1.000000 0.000002 -0.000001
vn -1.000000 0.000002 -0.000000
vn -1.000000 0.000002 0.000000
vn -1.000000 0.000002 0.000000
vn -1.000000 0.000001 0.000001
vn -1.000000 0.000001 0.000001
vn -1.000000 0.000001 0.000001
vn -1.000000 0.000000 0.000001
vn -1.000000 -0.000001 0.000001
vn -1.000000 -0.000001 0.000001
vn -1.000000 -0.000001 0.000001
vn -1.000000 -0.000002 0.000000
vn -1.000000 -0.000002 0.000000
vn -1.000000 0.000000 0.000000
vn -1.000000 0.000000 0.000000
vn -1.000000 0.000000 0.000000
vn -1.000000 0.000000 0.000000
vn -1.000000 0.000000 0.000000
vn -1.000000 0.000000 0.000000
vn -1.000000 0.000000 0.000000
vn -1.000000 0.000000 0.000000
vn -1.000000 0.000000 0.000000
vn -1.000000 0.000000 0.000000
vn -1.000000 0.000000 0.000000
vn -1.000000 0.000000 0.000000
vn -1.000000 0.000000 0.000000
vn -1.000000 0.000000 0.000000
vn -1.000000 0.000000 0.000000
vn -1.000000 0.000000 0.000000
vn -1.000000 0.000000 0.000000
vn -1.000000 0.000000 0.000000
vn -1.000000 0.000000 0.000000
vn -1.000000 0.000000 0.000000
vn -1.000000 0.000000 0.000000
vn -1.000000 0.000000 0.000000
vn -1.000000 0.000000 0.000000
vn -1.000000 0.000000 0.000000
vn -1.000000 0.000000 0.000000
vn -1.000000 0.000000 0.000000
vn -1.000000 -0.000000 0.000000
vn -1.000000 0.000000 0.000000
vn -1.000000 0.000000 0.000000
vn -1.000000 0.000000 0.000000
vn -1.000000 0.000000 0.000000
vn -1.000000 -0.000000 0.000000
vn -1.000000 -0.000000 0.000000
vn -1.000000 -0.000000 0.000000
vn -1.000000 -0.000001 0.000000
vn -1.000000 -0.000001 0.000000
vn -1.000000 -0.000001 0.000000
vn -1.000000 -0.000001 0.000000
vn -1.000000 0.000000 0.000000
vn -1.000000 0.000000 0.000000
vn -0.549737 -0.794454 -0.258133
vn -0.549737 -0.794453 -0.258133
vn -0.549737 -0.675803 -0.490999
vn -0.549737 -0.675803 -0.490999
vn -0.549738 -0.490998 -0.675802
vn -0.549738 -0.490998 -0.675803
vn -0.549737 -0.258135 -0.794453
vn -0.549737 -0.258135 -0.794453
vn -0.549737 0.000000 -0.835338
vn -0.549737 0.000000 -0.835338
vn -0.549738 0.258135 -0.794453
vn -0.549738 0.258135 -0.794453
vn -0.549739 0.490998 -0.675802
vn -0.549739 0.490998 -0.675802
vn -0.549738 0.675802 -0.490999
vn -0.549738 0.675802 -0.490999
vn -0.549737 0.794453 -0.258135
vn -0.549737 0.794453 -0.258135
vn -0.549737 0.835338 0.000000
vn -0.549737 0.835338 0.000000
vn -0.549738 0.794453 0.258133
vn -0.549738 0.794453 0.258133
vn -0.549738 0.675802 0.490999
vn -0.549738 0.675802 0.490999
vn -0.549738 0.490998 0.675802
vn -0.549738 0.490998 0.675802
vn -0.549739 0.258132 0.794453
vn -0.549739 0.258132 0.794453
vn -0.549738 -0.000000 0.835337
vn -0.549738 0.000000 0.835337
vn -0.549738 -0.258133 0.794453
vn -0.549738 -0.258133 0.794453
vn -0.549738 -0.490999 0.675803
vn -0.549738 -0.490999 0.675803
vn -0.549737 -0.675802 0.490999
vn -0.549737 -0.675802 0.490999
vn -0.549738 -0.794453 0.258133
vn -0.549738 -0.794453 0.258133
vn -0.549738 -0.835337 0.000001
vn -0.549738 -0.835337 0.000001
s 1
g Wheel_B_R_geo
usemtl lambert4SG
f 3006/3538/5125 3008/3539/5126 3009/3540/5127 3007/3541/5128
f 3007/3541/5128 3045/3542/5129 3044/3543/5130 3006/3538/5125
f 3008/3539/5126 3010/3544/5131 3011/3545/5132 3009/3540/5127
f 3010/3544/5131 3012/3546/5133 3013/3547/5134 3011/3545/5132
f 3012/3546/5133 3014/3548/5135 3015/3549/5136 3013/3547/5134
f 3014/3548/5135 3016/3550/5137 3017/3551/5138 3015/3549/5136
f 3016/3550/5137 3018/3552/5139 3019/3553/5140 3017/3551/5138
f 3018/3552/5139 3020/3554/5141 3021/3555/5142 3019/3553/5140
f 3020/3554/5141 3022/3556/5143 3023/3557/5144 3021/3555/5142
f 3022/3556/5143 3024/3558/5145 3025/3559/5146 3023/3557/5144
f 3024/3558/5145 3026/3560/5147 3027/3561/5148 3025/3559/5146
f 3026/3560/5147 3028/3562/5149 3029/3563/5150 3027/3561/5148
f 3028/3562/5149 3030/3564/5151 3031/3565/5152 3029/3563/5150
f 3030/3564/5151 3032/3566/5153 3033/3567/5154 3031/3565/5152
f 3032/3566/5153 3034/3568/5155 3035/3569/5156 3033/3567/5154
f 3034/3568/5155 3036/3570/5157 3037/3571/5158 3035/3569/5156
f 3036/3570/5157 3038/3572/5159 3039/3573/5160 3037/3571/5158
f 3038/3572/5159 3040/3574/5161 3041/3575/5162 3039/3573/5160
f 3040/3574/5161 3042/3576/5163 3043/3577/5164 3041/3575/5162
f 3042/3576/5163 3044/3543/5130 3045/3542/5129 3043/3577/5164
s 2
f 3046/3578/5165 3084/3579/5166 3085/3580/5167 3047/3581/5168
f 3047/3581/5168 3049/3582/5169 3048/3583/5170 3046/3578/5165
f 3049/3582/5169 3051/3584/5171 3050/3585/5172 3048/3583/5170
f 3051/3584/5171 3053/3586/5173 3052/3587/5174 3050/3585/5172
f 3053/3586/5173 3055/3588/5175 3054/3589/5176 3052/3587/5174
f 3055/3588/5175 3057/3590/5177 3056/3591/5178 3054/3589/5176
f 3057/3590/5177 3059/3592/5179 3058/3593/5180 3056/3591/5178
f 3059/3592/5179 3061/3594/5181 3060/3595/5182 3058/3593/5180
f 3061/3594/5181 3063/3596/5183 3062/3597/5184 3060/3595/5182
f 3063/3596/5183 3065/3598/5185 3064/3599/5186 3062/3597/5184
f 3065/3598/5185 3067/3600/5187 3066/3601/5188 3064/3599/5186
f 3067/3600/5187 3069/3602/5189 3068/3603/5190 3066/3601/5188
f 3069/3602/5189 3071/3604/5191 3070/3605/5192 3068/3603/5190
f 3071/3604/5191 3073/3606/5193 3072/3607/5194 3070/3605/5192
f 3073/3606/5193 3075/3608/5195 3074/3609/5196 3072/3607/5194
f 3075/3608/5195 3077/3610/5197 3076/3611/5198 3074/3609/5196
f 3077/3610/5197 3079/3612/5199 3078/3613/5200 3076/3611/5198
f 3079/3612/5199 3081/3614/5201 3080/3615/5202 3078/3613/5200
f 3081/3614/5201 3083/3616/5203 3082/3617/5204 3080/3615/5202
f 3083/3616/5203 3085/3580/5167 3084/3579/5166 3082/3617/5204
s 3
f 3006/3618/5205 3046/3578/5206 3048/3583/5207 3008/3619/5208
f 3008/3619/5208 3048/3583/5207 3050/3585/5209 3010/3620/5210
f 3010/3620/5210 3050/3585/5209 3052/3587/5211 3012/3621/5212
f 3012/3621/5212 3052/3587/5211 3054/3589/5213 3014/3622/5214
f 3014/3622/5214 3054/3589/5213 3056/3591/5215 3016/3623/5216
f 3016/3623/5216 3056/3591/5215 3058/3593/5217 3018/3624/5218
f 3018/3624/5218 3058/3593/5217 3060/3595/5219 3020/3625/5220
f 3020/3625/5220 3060/3595/5219 3062/3597/5221 3022/3626/5222
f 3022/3626/5222 3062/3597/5221 3064/3599/5223 3024/3627/5224
f 3024/3627/5224 3064/3599/5223 3066/3601/5225 3026/3628/5226
f 3026/3628/5226 3066/3601/5225 3068/3603/5227 3028/3629/5228
f 3028/3629/5228 3068/3603/5227 3070/3605/5229 3030/3630/5230
f 3030/3630/5230 3070/3605/5229 3072/3607/5231 3032/3631/5232
f 3032/3631/5232 3072/3607/5231 3074/3609/5233 3034/3632/5234
f 3034/3632/5234 3074/3609/5233 3076/3611/5235 3036/3633/5236
f 3036/3633/5236 3076/3611/5235 3078/3613/5237 3038/3634/5238
f 3038/3634/5238 3078/3613/5237 3080/3615/5239 3040/3635/5240
f 3040/3635/5240 3080/3615/5239 3082/3617/5241 3042/3636/5242
f 3042/3636/5242 3082/3617/5241 3084/3579/5243 3044/3637/5244
f 3044/3637/5244 3084/3579/5243 3046/3578/5206 3006/3618/5205
s 4
f 3009/3540/5245 3005/3638/5246 3007/3541/5247
f 3011/3545/5248 3005/3638/5246 3009/3540/5245
f 3013/3547/5249 3005/3638/5246 3011/3545/5248
f 3015/3549/5250 3005/3638/5246 3013/3547/5249
f 3017/3551/5251 3005/3638/5246 3015/3549/5250
f 3019/3553/5252 3005/3638/5246 3017/3551/5251
f 3021/3555/5253 3005/3638/5246 3019/3553/5252
f 3023/3557/5254 3005/3638/5246 3021/3555/5253
f 3025/3559/5255 3005/3638/5246 3023/3557/5254
f 3027/3561/5256 3005/3638/5246 3025/3559/5255
f 3029/3563/5257 3005/3638/5246 3027/3561/5256
f 3031/3565/5258 3005/3638/5246 3029/3563/5257
f 3033/3567/5259 3005/3638/5246 3031/3565/5258
f 3035/3569/5260 3005/3638/5246 3033/3567/5259
f 3037/3571/5261 3005/3638/5246 3035/3569/5260
f 3039/3573/5262 3005/3638/5246 3037/3571/5261
f 3041/3575/5263 3005/3638/5246 3039/3573/5262
f 3043/3577/5264 3005/3638/5246 3041/3575/5263
f 3045/3542/5265 3005/3638/5246 3043/3577/5264
f 3007/3541/5247 3005/3638/5246 3045/3542/5265
s 5
f 3107/3639/5266 3108/3640/5267 3106/3641/5268
f 3106/3641/5268 3108/3640/5267 3109/3642/5269
f 3109/3642/5269 3108/3640/5267 3110/3643/5270
f 3110/3643/5270 3108/3640/5267 3111/3644/5271
f 3111/3644/5271 3108/3640/5267 3112/3645/5272
f 3112/3645/5272 3108/3640/5267 3113/3646/5273
f 3113/3646/5273 3108/3640/5267 3114/3647/5274
f 3114/3647/5274 3108/3640/5267 3115/3648/5275
f 3115/3648/5275 3108/3640/5267 3116/3649/5276
f 3116/3649/5276 3108/3640/5267 3117/3650/5277
f 3117/3650/5277 3108/3640/5267 3118/3651/5278
f 3118/3651/5278 3108/3640/5267 3119/3652/5279
f 3119/3652/5279 3108/3640/5267 3120/3653/5280
f 3120/3653/5280 3108/3640/5267 3121/3654/5281
f 3121/3654/5281 3108/3640/5267 3122/3655/5282
f 3122/3655/5282 3108/3640/5267 3123/3656/5283
f 3123/3656/5283 3108/3640/5267 3124/3657/5284
f 3124/3657/5284 3108/3640/5267 3125/3658/5285
f 3125/3658/5285 3108/3640/5267 3126/3659/5286
f 3126/3659/5286 3108/3640/5267 3107/3639/5266
s 6
f 3047/3581/5287 3087/3660/5288 3086/3661/5289 3049/3582/5290
f 3049/3582/5290 3086/3661/5289 3088/3662/5291 3051/3584/5292
f 3051/3584/5292 3088/3662/5291 3089/3663/5293 3053/3586/5294
f 3053/3586/5294 3089/3663/5293 3090/3664/5295 3055/3588/5296
f 3055/3588/5296 3090/3664/5295 3091/3665/5297 3057/3590/5298
f 3057/3590/5298 3091/3665/5297 3092/3666/5299 3059/3592/5300
f 3059/3592/5300 3092/3666/5299 3093/3667/5301 3061/3594/5302
f 3061/3594/5302 3093/3667/5301 3094/3668/5303 3063/3596/5304
f 3063/3596/5304 3094/3668/5303 3095/3669/5305 3065/3598/5306
f 3065/3598/5306 3095/3669/5305 3096/3670/5307 3067/3600/5308
f 3067/3600/5308 3096/3670/5307 3097/3671/5309 3069/3602/5310
f 3069/3602/5310 3097/3671/5309 3098/3672/5311 3071/3604/5312
f 3071/3604/5312 3098/3672/5311 3099/3673/5313 3073/3606/5314
f 3073/3606/5314 3099/3673/5313 3100/3674/5315 3075/3608/5316
f 3075/3608/5316 3100/3674/5315 3101/3675/5317 3077/3610/5318
f 3077/3610/5318 3101/3675/5317 3102/3676/5319 3079/3612/5320
f 3079/3612/5320 3102/3676/5319 3103/3677/5321 3081/3614/5322
f 3081/3614/5322 3103/3677/5321 3104/3678/5323 3083/3616/5324
f 3083/3616/5324 3104/3678/5323 3105/3679/5325 3085/3580/5326
f 3085/3580/5326 3105/3679/5325 3087/3660/5288 3047/3581/5287
s 7
f 3087/3660/5327 3107/3639/5328 3106/3641/5329 3086/3661/5330
f 3086/3661/5330 3106/3641/5329 3109/3642/5331 3088/3662/5332
f 3088/3662/5332 3109/3642/5331 3110/3643/5333 3089/3663/5334
f 3089/3663/5334 3110/3643/5333 3111/3644/5335 3090/3664/5336
f 3090/3664/5336 3111/3644/5335 3112/3645/5337 3091/3665/5338
f 3091/3665/5338 3112/3645/5337 3113/3646/5339 3092/3666/5340
f 3092/3666/5340 3113/3646/5339 3114/3647/5341 3093/3667/5342
f 3093/3667/5342 3114/3647/5341 3115/3648/5343 3094/3668/5344
f 3094/3668/5344 3115/3648/5343 3116/3649/5345 3095/3669/5346
f 3095/3669/5346 3116/3649/5345 3117/3650/5347 3096/3670/5348
f 3096/3670/5348 3117/3650/5347 3118/3651/5349 3097/3671/5350
f 3097/3671/5350 3118/3651/5349 3119/3652/5351 3098/3672/5352
f 3098/3672/5352 3119/3652/5351 3120/3653/5353 3099/3673/5354
f 3099/3673/5354 3120/3653/5353 3121/3654/5355 3100/3674/5356
f 3100/3674/5356 3121/3654/5355 3122/3655/5357 3101/3675/5358
f 3101/3675/5358 3122/3655/5357 3123/3656/5359 3102/3676/5360
f 3102/3676/5360 3123/3656/5359 3124/3657/5361 3103/3677/5362
f 3103/3677/5362 3124/3657/5361 3125/3658/5363 3104/3678/5364
f 3104/3678/5364 3125/3658/5363 3126/3659/5365 3105/3679/5366
f 3105/3679/5366 3126/3659/5365 3107/3639/5328 3087/3660/5327
