# This file uses centimeters as units for non-parametric coordinates.

mtllib Apartment02_geo.mtl
g default
v 721.953857 0.000000 459.509216
v 721.953857 2585.341309 459.509216
v 721.953857 2585.341309 -459.509216
v 721.953857 0.000000 -459.509216
v 721.953857 1324.984131 459.509216
v 721.953857 1260.357300 459.509216
v 721.953857 1260.357300 -459.509216
v 721.953857 1324.984131 -459.509216
v 721.953857 678.649170 459.509216
v 721.953857 614.021729 459.509216
v 721.953857 614.021729 -459.509216
v 721.953857 678.649170 -459.509216
v 721.953857 1906.693481 -459.509216
v 721.953857 1971.320435 -459.509216
v 721.953857 1971.320435 459.509216
v 721.953857 1906.693481 459.509216
v 721.953857 2294.487305 -459.509216
v 721.953857 2229.860840 -459.509216
v 721.953857 2229.860840 459.509216
v 721.953857 2294.487305 459.509216
v 721.953857 1583.525391 459.509216
v 721.953857 1648.152222 459.509216
v 721.953857 1648.152222 -459.509216
v 721.953857 1583.525391 -459.509216
v 721.953857 937.189575 459.509216
v 721.953857 1001.816528 459.509216
v 721.953857 937.189575 -459.509216
v 721.953857 1001.816528 -459.509216
v 721.953857 290.854126 459.509216
v 721.953857 355.481323 459.509216
v 721.953857 355.481323 -459.509216
v 721.953857 290.854126 -459.509216
v 751.953857 1318.984131 489.509277
v 751.953857 1266.357300 489.509277
v 751.953857 1318.984131 -489.509277
v 751.953857 1266.357300 -489.509277
v 751.953857 672.649292 489.509277
v 751.953857 620.021729 489.509277
v 751.953857 672.649292 -489.509277
v 751.953857 620.021729 -489.509277
v 751.953857 1912.692383 -489.509277
v 751.953857 1965.319702 -489.509277
v 751.953857 1912.692383 489.509277
v 751.953857 1965.319702 489.509277
v 751.953857 2288.487061 -489.509277
v 751.953857 2235.860352 -489.509277
v 751.953857 2235.860352 489.509277
v 751.953857 2288.487061 489.509277
v 751.953857 1589.524780 489.509277
v 751.953857 1642.151733 489.509277
v 751.953857 1642.151733 -489.509277
v 751.953857 1589.524780 -489.509277
v 751.953857 943.189575 -489.509277
v 751.953857 995.816650 -489.509277
v 751.953857 995.816650 489.509277
v 751.953857 943.189575 489.509277
v 751.953857 296.854126 489.509277
v 751.953857 349.481201 489.509277
v 751.953857 349.481201 -489.509277
v 751.953857 296.854126 -489.509277
v 721.953857 0.000000 -155.302704
v 721.953857 2585.341309 -155.302704
v 721.953857 2294.487305 -155.302704
v 751.953857 2288.487061 -170.302704
v 751.953857 2235.860352 -170.302704
v 721.953857 2229.860840 -155.302704
v 721.953857 1971.320435 -155.302704
v 751.953857 1965.319702 -170.302704
v 751.953857 1912.692383 -170.302704
v 721.953857 1906.693481 -155.302704
v 721.953857 1648.152222 -155.302704
v 751.953857 1642.151733 -170.302704
v 751.953857 1589.524780 -170.302704
v 721.953857 1583.525391 -155.302704
v 721.953857 1324.984131 -155.302704
v 751.953857 1318.984131 -170.302704
v 751.953857 1266.357300 -170.302704
v 721.953857 1260.357300 -155.302704
v 721.953857 1001.816528 -155.302704
v 751.953857 995.816650 -170.302704
v 751.953857 943.189575 -170.302704
v 721.953857 937.189575 -155.302704
v 721.953857 678.649170 -155.302704
v 751.953857 672.649292 -170.302704
v 751.953857 620.021729 -170.302704
v 721.953857 614.021729 -155.302704
v 721.953857 355.481323 -155.302704
v 751.953857 349.481201 -170.302704
v 751.953857 296.854126 -170.302704
v 721.953857 290.854126 -155.302704
v 721.953857 2674.220703 -155.302704
v 721.953857 2674.220703 459.509216
v 721.953857 2674.220703 -459.509216
v 773.253784 2585.341309 510.809204
v 773.253784 2585.341309 -155.302704
v 773.253784 2674.220703 510.809204
v 773.253784 2674.220703 -155.302704
v 773.253784 2585.341309 -510.809204
v 773.253784 2674.220703 -510.809204
v 688.953918 1892.692993 -141.302704
v 688.953918 1662.152710 -141.302704
v 688.953918 923.189880 -141.302704
v 688.953918 692.649048 -141.302704
v 688.953918 600.021790 -141.302704
v 688.953918 369.481445 -141.302704
v 688.953918 2215.861816 -141.302704
v 688.953918 1985.320801 -141.302704
v 688.953918 2571.341309 -141.302704
v 688.953918 2308.488281 -141.302704
v 688.953918 1569.525146 -141.302704
v 688.953918 1338.984619 -141.302704
v 688.953918 1246.357422 -141.302704
v 688.953918 1015.817017 -141.302704
v 721.953918 62.837864 -459.509216
v 721.953857 62.837864 -155.302704
v 721.953857 62.837864 459.509216
v -0.001575 0.000000 -459.509216
v 0.000002 62.837864 -459.509216
v 0.000000 290.854126 -459.509216
v 0.000000 296.854126 -489.509277
v 0.000000 349.481201 -489.509277
v 0.000000 355.481323 -459.509216
v 0.000000 614.021729 -459.509216
v 0.000000 620.021729 -489.509277
v 0.000000 672.649292 -489.509277
v 0.000000 678.649170 -459.509216
v 0.000000 937.189575 -459.509216
v 0.000000 943.189575 -489.509277
v 0.000000 995.816650 -489.509277
v 0.000000 1001.816528 -459.509216
v 0.000000 1260.357300 -459.509216
v 0.000000 1266.357300 -489.509277
v 0.000000 1318.984131 -489.509277
v 0.000000 1324.984131 -459.509216
v 0.000000 1583.525391 -459.509216
v 0.000000 1589.524780 -489.509277
v 0.000000 1642.151733 -489.509277
v 0.000000 1648.152222 -459.509216
v 0.000000 1906.693481 -459.509216
v 0.000000 1912.692383 -489.509277
v 0.000000 1965.319702 -489.509277
v 0.000000 1971.320435 -459.509216
v 0.000000 2229.860840 -459.509216
v 0.000000 2235.860352 -489.509277
v 0.000000 2288.487061 -489.509277
v 0.000000 2294.487305 -459.509216
v 0.000000 2585.341309 -459.509216
v 0.000000 2585.341309 -510.809204
v 0.000000 2674.220703 -510.809204
v 0.000000 2674.220703 -459.509216
v 0.000000 2674.220703 -155.302704
v 0.000000 2674.220703 459.509216
v 0.000000 2674.220703 510.809204
v 0.000000 2585.341309 510.809204
v 0.000000 2585.341309 459.509216
v 0.000000 2571.341309 426.509216
v 0.000000 2308.488281 426.509216
v 0.000000 2294.487305 459.509216
v 0.000000 2288.487061 489.509277
v 0.000000 2235.860352 489.509277
v 0.000000 2229.860840 459.509216
v 0.000000 2215.861816 426.509216
v 0.000000 1985.320801 426.509216
v 0.000000 1971.320435 459.509216
v 0.000000 1965.319702 489.509277
v 0.000000 1912.692383 489.509277
v 0.000000 1906.693481 459.509216
v 0.000000 1892.692993 426.509216
v 0.000000 1662.152710 426.509216
v 0.000000 1648.152222 459.509216
v 0.000000 1642.151733 489.509277
v 0.000000 1589.524780 489.509277
v 0.000000 1583.525391 459.509216
v 0.000000 1569.525146 426.509216
v 0.000000 1338.984619 426.509216
v 0.000000 1324.984131 459.509216
v 0.000000 1318.984131 489.509277
v 0.000000 1266.357300 489.509277
v 0.000000 1260.357300 459.509216
v 0.000000 1246.357422 426.509216
v 0.000000 1015.817017 426.509216
v 0.000000 1001.816528 459.509216
v 0.000000 995.816650 489.509277
v 0.000000 943.189575 489.509277
v 0.000000 937.189575 459.509216
v 0.000000 923.189880 426.509216
v 0.000000 692.649048 426.509216
v 0.000000 678.649170 459.509216
v 0.000000 672.649292 489.509277
v 0.000000 620.021729 489.509277
v 0.000000 614.021729 459.509216
v 0.000000 600.021790 426.509216
v 0.000000 369.481445 426.509216
v 0.000000 355.481323 459.509216
v 0.000000 349.481201 489.509277
v 0.000000 296.854126 489.509277
v 0.000000 290.854126 459.509216
v 157.426056 62.837864 -459.509216
v 157.426041 0.000000 -459.509216
v 157.426041 0.000000 -155.302704
v 157.426041 0.000000 459.509216
v 157.426041 62.837864 459.509216
v 157.426041 290.854126 459.509216
v 163.967712 296.854126 489.509277
v 163.967712 349.481201 489.509277
v 157.426041 355.481323 459.509216
v 150.230240 369.481445 426.509216
v 150.230240 600.021790 426.509216
v 157.426041 614.021729 459.509216
v 163.967712 620.021729 489.509277
v 163.967712 672.649292 489.509277
v 157.426041 678.649170 459.509216
v 150.230240 692.649048 426.509216
v 150.230240 923.189880 426.509216
v 157.426041 937.189575 459.509216
v 163.967712 943.189575 489.509277
v 163.967712 995.816650 489.509277
v 157.426041 1001.816528 459.509216
v 150.230240 1015.817017 426.509216
v 150.230240 1246.357422 426.509216
v 157.426041 1260.357300 459.509216
v 163.967712 1266.357300 489.509277
v 163.967712 1318.984131 489.509277
v 157.426041 1324.984131 459.509216
v 150.230240 1338.984619 426.509216
v 150.230240 1569.525146 426.509216
v 157.426041 1583.525391 459.509216
v 163.967712 1589.524780 489.509277
v 163.967712 1642.151733 489.509277
v 157.426041 1648.152222 459.509216
v 150.230240 1662.152710 426.509216
v 150.230240 1892.692993 426.509216
v 157.426041 1906.693481 459.509216
v 163.967712 1912.692383 489.509277
v 163.967712 1965.319702 489.509277
v 157.426041 1971.320435 459.509216
v 150.230240 1985.320801 426.509216
v 150.230240 2215.861816 426.509216
v 157.426041 2229.860840 459.509216
v 163.967712 2235.860352 489.509277
v 163.967712 2288.487061 489.509277
v 157.426041 2294.487305 459.509216
v 150.230240 2308.488281 426.509216
v 150.230240 2571.341309 426.509216
v 157.426041 2585.341309 459.509216
v 168.612289 2585.341309 510.809204
v 168.612289 2674.220703 510.809204
v 157.426041 2674.220703 459.509216
v 157.426041 2674.220703 -155.302704
v 157.426041 2674.220703 -459.509216
v 168.612289 2674.220703 -510.809204
v 168.612289 2585.341309 -510.809204
v 157.426041 2585.341309 -459.509216
v 157.426041 2294.487305 -459.509216
v 163.967712 2288.487061 -489.509277
v 163.967712 2235.860352 -489.509277
v 157.426041 2229.860840 -459.509216
v 157.426041 1971.320435 -459.509216
v 163.967712 1965.319702 -489.509277
v 163.967712 1912.692383 -489.509277
v 157.426041 1906.693481 -459.509216
v 157.426041 1648.152222 -459.509216
v 163.967712 1642.151733 -489.509277
v 163.967712 1589.524780 -489.509277
v 157.426041 1583.525391 -459.509216
v 157.426041 1324.984131 -459.509216
v 163.967712 1318.984131 -489.509277
v 163.967712 1266.357300 -489.509277
v 157.426041 1260.357300 -459.509216
v 157.426041 1001.816528 -459.509216
v 163.967712 995.816650 -489.509277
v 163.967712 943.189575 -489.509277
v 157.426041 937.189575 -459.509216
v 157.426041 678.649170 -459.509216
v 163.967712 672.649292 -489.509277
v 163.967712 620.021729 -489.509277
v 157.426041 614.021729 -459.509216
v 157.426041 355.481323 -459.509216
v 163.967712 349.481201 -489.509277
v 163.967712 296.854126 -489.509277
v 157.426041 290.854126 -459.509216
v 721.953857 213.165817 -155.302704
v 721.953857 213.165817 -459.509216
v 157.426056 213.165817 -459.509216
v 0.000000 213.165817 -459.509216
v 703.953796 213.165817 -152.302689
v 703.953796 65.837860 -152.302689
v 154.809387 65.837860 441.509216
v 157.426041 213.165817 441.509216
v 154.809387 0.000066 441.509216
v -0.001545 0.000066 441.509216
v 0.000000 213.165817 441.509216
v 703.953796 287.854126 -152.302689
v 0.000000 287.854126 441.509216
v 157.426041 287.854126 441.509216
v 146.959335 0.000066 441.509216
v 146.959381 65.929497 441.509216
v 0.000000 62.837864 441.509216
v 0.000000 204.165833 441.509216
v 149.414566 204.165833 441.509216
v 153.609375 1.200081 444.509216
v 153.609375 65.848564 444.509216
v 148.159317 1.200081 444.509216
v 148.159378 65.918839 444.509216
v 0.000000 211.965866 444.509216
v 156.204544 211.965866 444.509216
v 150.636063 205.365845 444.509216
v 0.000000 205.365845 444.509216
v 439.690002 2585.341309 459.509216
v 419.592133 2571.341309 426.509216
v 419.592133 2308.488281 426.509216
v 439.690002 2294.487305 459.509216
v 457.960785 2288.487061 489.509277
v 457.960785 2235.860352 489.509277
v 439.690002 2229.860840 459.509216
v 419.592133 2215.861816 426.509216
v 419.592133 1985.320801 426.509216
v 439.690002 1971.320435 459.509216
v 457.960785 1965.319702 489.509277
v 457.960785 1912.692383 489.509277
v 439.690002 1906.693481 459.509216
v 419.592133 1892.692993 426.509216
v 419.592133 1662.152710 426.509216
v 439.690002 1648.152222 459.509216
v 457.960785 1642.151733 489.509277
v 457.960785 1589.524780 489.509277
v 439.690002 1583.525391 459.509216
v 419.592133 1569.525146 426.509216
v 419.592133 1338.984619 426.509216
v 439.690002 1324.984131 459.509216
v 457.960785 1318.984131 489.509277
v 457.960785 1266.357300 489.509277
v 439.690002 1260.357300 459.509216
v 419.592133 1246.357422 426.509216
v 419.592133 1015.817017 426.509216
v 439.690002 1001.816528 459.509216
v 457.960785 995.816650 489.509277
v 457.960785 943.189575 489.509277
v 439.690002 937.189575 459.509216
v 419.592133 923.189880 426.509216
v 419.592133 692.649048 426.509216
v 439.690002 678.649170 459.509216
v 457.960785 672.649292 489.509277
v 457.960785 620.021729 489.509277
v 439.690002 614.021729 459.509216
v 419.592133 600.021790 426.509216
v 419.592133 369.481445 426.509216
v 439.690002 355.481323 459.509216
v 457.960785 349.481201 489.509277
v 457.960785 296.854126 489.509277
v 439.690002 290.854126 459.509216
v 430.689911 287.854126 441.509216
v 430.689911 213.165817 441.509216
v 429.381653 65.837860 441.509216
v 439.690002 62.837864 459.509216
v 439.690002 0.000000 459.509216
v 438.381622 0.000066 450.509247
v 439.690002 0.000000 -155.302704
v 439.690002 0.000000 -459.509216
v 439.690002 62.837864 -459.509216
v 439.690002 213.165817 -459.509216
v 439.690002 290.854126 -459.509216
v 457.960785 296.854126 -489.509277
v 457.960785 349.481201 -489.509277
v 439.690002 355.481323 -459.509216
v 439.690002 614.021729 -459.509216
v 457.960785 620.021729 -489.509277
v 457.960785 672.649292 -489.509277
v 439.690002 678.649170 -459.509216
v 439.690002 937.189575 -459.509216
v 457.960785 943.189575 -489.509277
v 457.960785 995.816650 -489.509277
v 439.690002 1001.816528 -459.509216
v 439.690002 1260.357300 -459.509216
v 457.960785 1266.357300 -489.509277
v 457.960785 1318.984131 -489.509277
v 439.690002 1324.984131 -459.509216
v 439.690002 1583.525391 -459.509216
v 457.960785 1589.524780 -489.509277
v 457.960785 1642.151733 -489.509277
v 439.690002 1648.152222 -459.509216
v 439.690002 1906.693481 -459.509216
v 457.960785 1912.692383 -489.509277
v 457.960785 1965.319702 -489.509277
v 439.690002 1971.320435 -459.509216
v 439.690002 2229.860840 -459.509216
v 457.960785 2235.860352 -489.509277
v 457.960785 2288.487061 -489.509277
v 439.690002 2294.487305 -459.509216
v 439.690002 2585.341309 -459.509216
v 470.933075 2585.341309 -510.809204
v 470.933075 2674.220703 -510.809204
v 439.690002 2674.220703 -459.509216
v 439.690002 2674.220703 -155.302704
v 439.690002 2674.220703 459.509216
v 470.933075 2674.220703 510.809204
v 470.933075 2585.341309 510.809204
v 580.821899 2585.341309 459.509216
v 554.273010 2571.341309 426.509216
v 554.273010 2308.488281 426.509216
v 580.821899 2294.487305 459.509216
v 604.957275 2288.487061 489.509277
v 604.957275 2235.860352 489.509277
v 580.821899 2229.860840 459.509216
v 554.273010 2215.861816 426.509216
v 554.273010 1985.320801 426.509216
v 580.821899 1971.320435 459.509216
v 604.957275 1965.319702 489.509277
v 604.957275 1912.692383 489.509277
v 580.821899 1906.693481 459.509216
v 554.273010 1892.692993 426.509216
v 554.273010 1662.152710 426.509216
v 580.821899 1648.152222 459.509216
v 604.957275 1642.151733 489.509277
v 604.957275 1589.524780 489.509277
v 580.821899 1583.525391 459.509216
v 554.273010 1569.525146 426.509216
v 554.273010 1338.984619 426.509216
v 580.821899 1324.984131 459.509216
v 604.957275 1318.984131 489.509277
v 604.957275 1266.357300 489.509277
v 580.821899 1260.357300 459.509216
v 554.273010 1246.357422 426.509216
v 554.273010 1015.817017 426.509216
v 580.821899 1001.816528 459.509216
v 604.957275 995.816650 489.509277
v 604.957275 943.189575 489.509277
v 580.821899 937.189575 459.509216
v 554.273010 923.189880 426.509216
v 554.273010 692.649048 426.509216
v 580.821899 678.649170 459.509216
v 604.957275 672.649292 489.509277
v 604.957275 620.021729 489.509277
v 580.821899 614.021729 459.509216
v 554.273010 600.021790 426.509216
v 554.273010 369.481445 426.509216
v 580.821899 355.481323 459.509216
v 604.957275 349.481201 489.509277
v 604.957275 296.854126 489.509277
v 580.821899 290.854126 459.509216
v 567.321838 287.854126 441.509216
v 567.321838 213.165817 441.509216
v 566.667664 65.837860 441.509216
v 580.821899 62.837864 459.509216
v 580.821899 0.000000 459.509216
v 580.167725 0.000000 455.009247
v 580.821899 0.000000 -155.302704
v 580.821899 0.000000 -459.509216
v 580.821960 62.837864 -459.509216
v 580.821899 213.165817 -459.509216
v 580.821899 290.854126 -459.509216
v 604.957275 296.854126 -489.509277
v 604.957275 349.481201 -489.509277
v 580.821899 355.481323 -459.509216
v 580.821899 614.021729 -459.509216
v 604.957275 620.021729 -489.509277
v 604.957275 672.649292 -489.509277
v 580.821899 678.649170 -459.509216
v 580.821899 937.189575 -459.509216
v 604.957275 943.189575 -489.509277
v 604.957275 995.816650 -489.509277
v 580.821899 1001.816528 -459.509216
v 580.821899 1260.357300 -459.509216
v 604.957275 1266.357300 -489.509277
v 604.957275 1318.984131 -489.509277
v 580.821899 1324.984131 -459.509216
v 580.821899 1583.525391 -459.509216
v 604.957275 1589.524780 -489.509277
v 604.957275 1642.151733 -489.509277
v 580.821899 1648.152222 -459.509216
v 580.821899 1906.693481 -459.509216
v 604.957275 1912.692383 -489.509277
v 604.957275 1965.319702 -489.509277
v 580.821899 1971.320435 -459.509216
v 580.821899 2229.860840 -459.509216
v 604.957275 2235.860352 -489.509277
v 604.957275 2288.487061 -489.509277
v 580.821899 2294.487305 -459.509216
v 580.821899 2585.341309 -459.509216
v 622.093506 2585.341309 -510.809204
v 622.093506 2674.220703 -510.809204
v 580.821899 2674.220703 -459.509216
v 580.821899 2674.220703 -155.302704
v 580.821899 2674.220703 459.509216
v 622.093506 2674.220703 510.809204
v 622.093506 2585.341309 510.809204
v 298.558044 62.837864 -459.509216
v 298.558044 0.000000 -459.509216
v 298.558044 0.000000 -155.302704
v 296.595520 0.000066 446.009308
v 298.558044 0.000000 459.509216
v 298.558044 62.837864 459.509216
v 292.095490 65.837860 441.509216
v 294.057983 213.165817 441.509216
v 294.057983 287.854126 441.509216
v 298.558044 290.854126 459.509216
v 310.964264 296.854126 489.509277
v 310.964264 349.481201 489.509277
v 298.558044 355.481323 459.509216
v 284.911194 369.481445 426.509216
v 284.911194 600.021790 426.509216
v 298.558044 614.021729 459.509216
v 310.964264 620.021729 489.509277
v 310.964264 672.649292 489.509277
v 298.558044 678.649170 459.509216
v 284.911194 692.649048 426.509216
v 284.911194 923.189880 426.509216
v 298.558044 937.189575 459.509216
v 310.964264 943.189575 489.509277
v 310.964264 995.816650 489.509277
v 298.558044 1001.816528 459.509216
v 284.911194 1015.817017 426.509216
v 284.911194 1246.357422 426.509216
v 298.558044 1260.357300 459.509216
v 310.964264 1266.357300 489.509277
v 310.964264 1318.984131 489.509277
v 298.558044 1324.984131 459.509216
v 284.911194 1338.984619 426.509216
v 284.911194 1569.525146 426.509216
v 298.558044 1583.525391 459.509216
v 310.964264 1589.524780 489.509277
v 310.964264 1642.151733 489.509277
v 298.558044 1648.152222 459.509216
v 284.911194 1662.152710 426.509216
v 284.911194 1892.692993 426.509216
v 298.558044 1906.693481 459.509216
v 310.964264 1912.692383 489.509277
v 310.964264 1965.319702 489.509277
v 298.558044 1971.320435 459.509216
v 284.911194 1985.320801 426.509216
v 284.911194 2215.861816 426.509216
v 298.558044 2229.860840 459.509216
v 310.964264 2235.860352 489.509277
v 310.964264 2288.487061 489.509277
v 298.558044 2294.487305 459.509216
v 284.911194 2308.488281 426.509216
v 284.911194 2571.341309 426.509216
v 298.558044 2585.341309 459.509216
v 319.772766 2585.341309 510.809204
v 319.772766 2674.220703 510.809204
v 298.558044 2674.220703 459.509216
v 298.558044 2674.220703 -155.302704
v 298.558044 2674.220703 -459.509216
v 319.772766 2674.220703 -510.809204
v 319.772766 2585.341309 -510.809204
v 298.558044 2585.341309 -459.509216
v 298.558044 2294.487305 -459.509216
v 310.964264 2288.487061 -489.509277
v 310.964264 2235.860352 -489.509277
v 298.558044 2229.860840 -459.509216
v 298.558044 1971.320435 -459.509216
v 310.964264 1965.319702 -489.509277
v 310.964264 1912.692383 -489.509277
v 298.558044 1906.693481 -459.509216
v 298.558044 1648.152222 -459.509216
v 310.964264 1642.151733 -489.509277
v 310.964264 1589.524780 -489.509277
v 298.558044 1583.525391 -459.509216
v 298.558044 1324.984131 -459.509216
v 310.964264 1318.984131 -489.509277
v 310.964264 1266.357300 -489.509277
v 298.558044 1260.357300 -459.509216
v 298.558044 1001.816528 -459.509216
v 310.964264 995.816650 -489.509277
v 310.964264 943.189575 -489.509277
v 298.558044 937.189575 -459.509216
v 298.558044 678.649170 -459.509216
v 310.964264 672.649292 -489.509277
v 310.964264 620.021729 -489.509277
v 298.558044 614.021729 -459.509216
v 298.558044 355.481323 -459.509216
v 310.964264 349.481201 -489.509277
v 310.964264 296.854126 -489.509277
v 298.558044 290.854126 -459.509216
v 298.558044 213.165817 -459.509216
v 156.117706 0.000066 143.103271
v 297.576782 0.000066 145.353271
v 439.035797 0.000000 147.603317
v 580.494934 0.000000 149.853271
v 721.953857 0.000000 152.103271
v 721.953857 62.837864 152.103271
v 703.953796 65.837860 144.603317
v 703.953796 213.165817 144.603317
v 703.953796 287.854126 144.603317
v 721.953857 290.854126 152.103271
v 751.953857 296.854126 159.603271
v 751.953857 349.481201 159.603271
v 721.953857 355.481323 152.103271
v 688.953918 369.481445 142.603256
v 688.953918 600.021790 142.603256
v 721.953857 614.021729 152.103271
v 751.953857 620.021729 159.603271
v 751.953857 672.649292 159.603271
v 721.953857 678.649170 152.103271
v 688.953918 692.649048 142.603256
v 688.953918 923.189880 142.603256
v 721.953857 937.189575 152.103271
v 751.953857 943.189575 159.603271
v 751.953857 995.816650 159.603271
v 721.953857 1001.816528 152.103271
v 688.953918 1015.817017 142.603256
v 688.953918 1246.357422 142.603256
v 721.953857 1260.357300 152.103271
v 751.953857 1266.357300 159.603271
v 751.953857 1318.984131 159.603271
v 721.953857 1324.984131 152.103271
v 688.953918 1338.984619 142.603256
v 688.953918 1569.525146 142.603256
v 721.953857 1583.525391 152.103271
v 751.953857 1589.524780 159.603271
v 751.953857 1642.151733 159.603271
v 721.953857 1648.152222 152.103271
v 688.953918 1662.152710 142.603256
v 688.953918 1892.692993 142.603256
v 721.953857 1906.693481 152.103271
v 751.953857 1912.692383 159.603271
v 751.953857 1965.319702 159.603271
v 721.953857 1971.320435 152.103271
v 688.953918 1985.320801 142.603256
v 688.953918 2215.861816 142.603256
v 721.953857 2229.860840 152.103271
v 751.953857 2235.860352 159.603271
v 751.953857 2288.487061 159.603271
v 721.953857 2294.487305 152.103271
v 688.953918 2308.488281 142.603256
v 688.953918 2571.341309 142.603256
v 721.953857 2585.341309 152.103271
v 773.253784 2585.341309 177.753265
v 773.253784 2674.220703 177.753265
v 721.953857 2674.220703 152.103271
v 580.821899 2674.220703 152.103271
v 439.690002 2674.220703 152.103271
v 298.558044 2674.220703 152.103271
v 157.426041 2674.220703 152.103271
v 0.000000 2674.220703 152.103271
v 155.463547 0.000066 292.306244
v 297.086151 0.000066 295.681244
v 438.708771 0.000000 299.056305
v 580.331421 0.000000 302.431244
v 721.953857 0.000000 305.806274
v 721.953857 62.837864 305.806274
v 703.953796 65.837860 293.056305
v 703.953796 213.165817 293.056305
v 703.953796 287.854126 293.056305
v 721.953857 290.854126 305.806274
v 751.953857 296.854126 324.556244
v 751.953857 349.481201 324.556244
v 721.953857 355.481323 305.806274
v 688.953918 369.481445 284.556274
v 688.953918 600.021790 284.556274
v 721.953857 614.021729 305.806274
v 751.953857 620.021729 324.556244
v 751.953857 672.649292 324.556244
v 721.953857 678.649170 305.806274
v 688.953918 692.649048 284.556274
v 688.953918 923.189880 284.556274
v 721.953857 937.189575 305.806274
v 751.953857 943.189575 324.556244
v 751.953857 995.816650 324.556244
v 721.953857 1001.816528 305.806274
v 688.953918 1015.817017 284.556274
v 688.953918 1246.357422 284.556274
v 721.953857 1260.357300 305.806274
v 751.953857 1266.357300 324.556244
v 751.953857 1318.984131 324.556244
v 721.953857 1324.984131 305.806274
v 688.953918 1338.984619 284.556274
v 688.953918 1569.525146 284.556274
v 721.953857 1583.525391 305.806274
v 751.953857 1589.524780 324.556244
v 751.953857 1642.151733 324.556244
v 721.953857 1648.152222 305.806274
v 688.953918 1662.152710 284.556274
v 688.953918 1892.692993 284.556274
v 721.953857 1906.693481 305.806274
v 751.953857 1912.692383 324.556244
v 751.953857 1965.319702 324.556244
v 721.953857 1971.320435 305.806274
v 688.953918 1985.320801 284.556274
v 688.953918 2215.861816 284.556274
v 721.953857 2229.860840 305.806274
v 751.953857 2235.860352 324.556244
v 751.953857 2288.487061 324.556244
v 721.953857 2294.487305 305.806274
v 688.953918 2308.488281 284.556274
v 688.953918 2571.341309 284.556274
v 721.953857 2585.341309 305.806274
v 773.253784 2585.341309 344.281219
v 773.253784 2674.220703 344.281219
v 721.953857 2674.220703 305.806274
v 580.821899 2674.220703 305.806274
v 439.690002 2674.220703 305.806274
v 298.558044 2674.220703 305.806274
v 157.426041 2674.220703 305.806274
v 0.000000 2674.220703 305.806274
v 721.953857 0.000000 -1.599716
v 580.658386 0.000000 -2.724715
v 439.362854 0.000000 -3.849713
v 298.067383 0.000000 -4.974711
v 156.771896 0.000000 -6.099717
v 0.000000 2674.220703 -1.599716
v 157.426041 2674.220703 -1.599716
v 298.558044 2674.220703 -1.599716
v 439.690002 2674.220703 -1.599716
v 580.821899 2674.220703 -1.599716
v 721.953857 2674.220703 -1.599716
v 773.253784 2674.220703 11.225280
v 773.253784 2585.341309 11.225280
v 721.953857 2585.341309 -1.599716
v 688.953918 2571.341309 0.650281
v 688.953918 2308.488281 0.650281
v 721.953857 2294.487305 -1.599716
v 751.953857 2288.487061 -5.349720
v 751.953857 2235.860352 -5.349720
v 721.953857 2229.860840 -1.599716
v 688.953918 2215.861816 0.650281
v 688.953918 1985.320801 0.650281
v 721.953857 1971.320435 -1.599716
v 751.953857 1965.319702 -5.349720
v 751.953857 1912.692383 -5.349720
v 721.953857 1906.693481 -1.599716
v 688.953918 1892.692993 0.650281
v 688.953918 1662.152710 0.650281
v 721.953857 1648.152222 -1.599716
v 751.953857 1642.151733 -5.349720
v 751.953857 1589.524780 -5.349720
v 721.953857 1583.525391 -1.599716
v 688.953918 1569.525146 0.650281
v 688.953918 1338.984619 0.650281
v 721.953857 1324.984131 -1.599716
v 751.953857 1318.984131 -5.349720
v 751.953857 1266.357300 -5.349720
v 721.953857 1260.357300 -1.599716
v 688.953918 1246.357422 0.650281
v 688.953918 1015.817017 0.650281
v 721.953857 1001.816528 -1.599716
v 751.953857 995.816650 -5.349720
v 751.953857 943.189575 -5.349720
v 721.953857 937.189575 -1.599716
v 688.953918 923.189880 0.650281
v 688.953918 692.649048 0.650281
v 721.953857 678.649170 -1.599716
v 751.953857 672.649292 -5.349720
v 751.953857 620.021729 -5.349720
v 721.953857 614.021729 -1.599716
v 688.953918 600.021790 0.650281
v 688.953918 369.481445 0.650281
v 721.953857 355.481323 -1.599716
v 751.953857 349.481201 -5.349720
v 751.953857 296.854126 -5.349720
v 721.953857 290.854126 -1.599716
v 703.953796 287.854126 -3.849706
v 703.953796 213.165817 -3.849706
v 703.953796 65.837860 -3.849706
v 721.953857 62.837864 -1.599716
v 651.387878 2585.341309 459.509216
v 621.613586 2571.341309 426.509216
v 621.613586 2308.488281 426.509216
v 651.387878 2294.487305 459.509216
v 678.455505 2288.487061 489.509277
v 678.455505 2235.860352 489.509277
v 651.387878 2229.860840 459.509216
v 621.613586 2215.861816 426.509216
v 621.613586 1985.320801 426.509216
v 651.387878 1971.320435 459.509216
v 678.455505 1965.319702 489.509277
v 678.455505 1912.692383 489.509277
v 651.387878 1906.693481 459.509216
v 621.613586 1892.692993 426.509216
v 621.613586 1662.152710 426.509216
v 651.387878 1648.152222 459.509216
v 678.455505 1642.151733 489.509277
v 678.455505 1589.524780 489.509277
v 651.387878 1583.525391 459.509216
v 621.613586 1569.525146 426.509216
v 621.613586 1338.984619 426.509216
v 651.387878 1324.984131 459.509216
v 678.455505 1318.984131 489.509277
v 678.455505 1266.357300 489.509277
v 651.387878 1260.357300 459.509216
v 621.613586 1246.357422 426.509216
v 621.613586 1015.817017 426.509216
v 651.387878 1001.816528 459.509216
v 678.455505 995.816650 489.509277
v 678.455505 943.189575 489.509277
v 651.387878 937.189575 459.509216
v 621.613586 923.189880 426.509216
v 621.613586 692.649048 426.509216
v 651.387878 678.649170 459.509216
v 678.455505 672.649292 489.509277
v 678.455505 620.021729 489.509277
v 651.387878 614.021729 459.509216
v 621.613586 600.021790 426.509216
v 621.613586 369.481445 426.509216
v 651.387878 355.481323 459.509216
v 678.455505 349.481201 489.509277
v 678.455505 296.854126 489.509277
v 651.387878 290.854126 459.509216
v 635.637817 287.854126 441.509216
v 635.637756 213.165817 441.509216
v 635.310730 65.837860 441.509216
v 651.387878 62.837864 459.509216
v 651.387878 0.000000 459.509216
v 651.060913 0.000000 457.259247
v 651.142578 0.000000 304.118744
v 651.224426 0.000000 150.978256
v 651.306091 0.000000 -2.162215
v 651.387878 0.000000 -155.302704
v 651.387878 0.000000 -459.509216
v 651.387939 62.837864 -459.509216
v 651.387878 213.165817 -459.509216
v 651.387878 290.854126 -459.509216
v 678.455505 296.854126 -489.509277
v 678.455505 349.481201 -489.509277
v 651.387878 355.481323 -459.509216
v 651.387878 614.021729 -459.509216
v 678.455505 620.021729 -489.509277
v 678.455505 672.649292 -489.509277
v 651.387878 678.649170 -459.509216
v 651.387878 937.189575 -459.509216
v 678.455505 943.189575 -489.509277
v 678.455505 995.816650 -489.509277
v 651.387878 1001.816528 -459.509216
v 651.387878 1260.357300 -459.509216
v 678.455505 1266.357300 -489.509277
v 678.455505 1318.984131 -489.509277
v 651.387878 1324.984131 -459.509216
v 651.387878 1583.525391 -459.509216
v 678.455505 1589.524780 -489.509277
v 678.455505 1642.151733 -489.509277
v 651.387878 1648.152222 -459.509216
v 651.387878 1906.693481 -459.509216
v 678.455505 1912.692383 -489.509277
v 678.455505 1965.319702 -489.509277
v 651.387878 1971.320435 -459.509216
v 651.387878 2229.860840 -459.509216
v 678.455505 2235.860352 -489.509277
v 678.455505 2288.487061 -489.509277
v 651.387878 2294.487305 -459.509216
v 651.387878 2585.341309 -459.509216
v 697.673645 2585.341309 -510.809204
v 697.673645 2674.220703 -510.809204
v 651.387878 2674.220703 -459.509216
v 651.387878 2674.220703 -155.302704
v 651.387878 2674.220703 -1.599716
v 651.387878 2674.220703 152.103271
v 651.387878 2674.220703 305.806274
v 651.387878 2674.220703 459.509216
v 697.673645 2674.220703 510.809204
v 697.673645 2585.341309 510.809204
v 155.136520 0.000066 366.907715
v 296.840820 0.000066 370.845337
v 438.545166 0.000000 374.782745
v 580.249695 0.000000 378.720215
v 651.101746 0.000000 380.689026
v 721.953857 0.000000 382.657806
v 721.953857 62.837864 382.657806
v 703.953796 65.837860 367.282837
v 703.953796 213.165817 367.282837
v 703.953796 287.854126 367.282837
v 721.953857 290.854126 382.657806
v 751.953857 296.854126 407.032745
v 751.953857 349.481201 407.032745
v 721.953857 355.481323 382.657806
v 688.953918 369.481445 355.532745
v 688.953918 600.021790 355.532745
v 721.953857 614.021729 382.657806
v 751.953857 620.021729 407.032745
v 751.953857 672.649292 407.032745
v 721.953857 678.649170 382.657806
v 688.953918 692.649048 355.532745
v 688.953918 923.189880 355.532745
v 721.953857 937.189575 382.657806
v 751.953857 943.189575 407.032745
v 751.953857 995.816650 407.032745
v 721.953857 1001.816528 382.657806
v 688.953918 1015.817017 355.532745
v 688.953918 1246.357422 355.532745
v 721.953857 1260.357300 382.657806
v 751.953857 1266.357300 407.032745
v 751.953857 1318.984131 407.032745
v 721.953857 1324.984131 382.657806
v 688.953918 1338.984619 355.532745
v 688.953918 1569.525146 355.532745
v 721.953857 1583.525391 382.657806
v 751.953857 1589.524780 407.032745
v 751.953857 1642.151733 407.032745
v 721.953857 1648.152222 382.657806
v 688.953918 1662.152710 355.532745
v 688.953918 1892.692993 355.532745
v 721.953857 1906.693481 382.657806
v 751.953857 1912.692383 407.032745
v 751.953857 1965.319702 407.032745
v 721.953857 1971.320435 382.657806
v 688.953918 1985.320801 355.532745
v 688.953918 2215.861816 355.532745
v 721.953857 2229.860840 382.657806
v 751.953857 2235.860352 407.032745
v 751.953857 2288.487061 407.032745
v 721.953857 2294.487305 382.657806
v 688.953918 2308.488281 355.532745
v 688.953918 2571.341309 355.532745
v 721.953857 2585.341309 382.657806
v 773.253784 2585.341309 427.545197
v 773.253784 2674.220703 427.545197
v 721.953857 2674.220703 382.657806
v 651.387878 2674.220703 382.657806
v 580.821899 2674.220703 382.657806
v 439.690002 2674.220703 382.657806
v 298.558044 2674.220703 382.657806
v 157.426041 2674.220703 382.657806
v 0.000000 2674.220703 382.657806
v 651.387878 213.165878 459.509216
v 721.953857 213.165878 459.509216
v 721.953857 213.165878 382.657806
v -0.001575 0.000000 -155.302704
v -0.001562 0.000000 -6.099717
v -0.001562 0.000066 143.103271
v -0.001562 0.000066 292.306244
v -0.001547 0.000066 366.907715
v -721.953857 0.000000 459.509216
v -721.953857 2585.341309 459.509216
v -721.953857 2585.341309 -459.509216
v -721.953857 0.000000 -459.509216
v -721.953857 1324.984131 459.509216
v -721.953857 1260.357300 459.509216
v -721.953857 1260.357300 -459.509216
v -721.953857 1324.984131 -459.509216
v -721.953857 678.649170 459.509216
v -721.953857 614.021729 459.509216
v -721.953857 614.021729 -459.509216
v -721.953857 678.649170 -459.509216
v -721.953857 1906.693481 -459.509216
v -721.953857 1971.320435 -459.509216
v -721.953857 1971.320435 459.509216
v -721.953857 1906.693481 459.509216
v -721.953857 2294.487305 -459.509216
v -721.953857 2229.860840 -459.509216
v -721.953857 2229.860840 459.509216
v -721.953857 2294.487305 459.509216
v -721.953857 1583.525391 459.509216
v -721.953857 1648.152222 459.509216
v -721.953857 1648.152222 -459.509216
v -721.953857 1583.525391 -459.509216
v -721.953857 937.189575 459.509216
v -721.953857 1001.816528 459.509216
v -721.953857 937.189575 -459.509216
v -721.953857 1001.816528 -459.509216
v -721.953857 290.854126 459.509216
v -721.953857 355.481323 459.509216
v -721.953857 355.481323 -459.509216
v -721.953857 290.854126 -459.509216
v -751.953857 1318.984131 489.509277
v -751.953857 1266.357300 489.509277
v -751.953857 1318.984131 -489.509277
v -751.953857 1266.357300 -489.509277
v -751.953857 672.649292 489.509277
v -751.953857 620.021729 489.509277
v -751.953857 672.649292 -489.509277
v -751.953857 620.021729 -489.509277
v -751.953857 1912.692383 -489.509277
v -751.953857 1965.319702 -489.509277
v -751.953857 1912.692383 489.509277
v -751.953857 1965.319702 489.509277
v -751.953857 2288.487061 -489.509277
v -751.953857 2235.860352 -489.509277
v -751.953857 2235.860352 489.509277
v -751.953857 2288.487061 489.509277
v -751.953857 1589.524780 489.509277
v -751.953857 1642.151733 489.509277
v -751.953857 1642.151733 -489.509277
v -751.953857 1589.524780 -489.509277
v -751.953857 943.189575 -489.509277
v -751.953857 995.816650 -489.509277
v -751.953857 995.816650 489.509277
v -751.953857 943.189575 489.509277
v -751.953857 296.854126 489.509277
v -751.953857 349.481201 489.509277
v -751.953857 349.481201 -489.509277
v -751.953857 296.854126 -489.509277
v -721.953857 0.000000 -155.302704
v -721.953857 2585.341309 -155.302704
v -721.953857 2294.487305 -155.302704
v -751.953857 2288.487061 -170.302704
v -751.953857 2235.860352 -170.302704
v -721.953857 2229.860840 -155.302704
v -721.953857 1971.320435 -155.302704
v -751.953857 1965.319702 -170.302704
v -751.953857 1912.692383 -170.302704
v -721.953857 1906.693481 -155.302704
v -721.953857 1648.152222 -155.302704
v -751.953857 1642.151733 -170.302704
v -751.953857 1589.524780 -170.302704
v -721.953857 1583.525391 -155.302704
v -721.953857 1324.984131 -155.302704
v -751.953857 1318.984131 -170.302704
v -751.953857 1266.357300 -170.302704
v -721.953857 1260.357300 -155.302704
v -721.953857 1001.816528 -155.302704
v -751.953857 995.816650 -170.302704
v -751.953857 943.189575 -170.302704
v -721.953857 937.189575 -155.302704
v -721.953857 678.649170 -155.302704
v -751.953857 672.649292 -170.302704
v -751.953857 620.021729 -170.302704
v -721.953857 614.021729 -155.302704
v -721.953857 355.481323 -155.302704
v -751.953857 349.481201 -170.302704
v -751.953857 296.854126 -170.302704
v -721.953857 290.854126 -155.302704
v -721.953857 2674.220703 -155.302704
v -721.953857 2674.220703 459.509216
v -721.953857 2674.220703 -459.509216
v -773.253784 2585.341309 510.809204
v -773.253784 2585.341309 -155.302704
v -773.253784 2674.220703 510.809204
v -773.253784 2674.220703 -155.302704
v -773.253784 2585.341309 -510.809204
v -773.253784 2674.220703 -510.809204
v -688.953918 1892.692993 -141.302704
v -688.953918 1662.152710 -141.302704
v -688.953918 923.189880 -141.302704
v -688.953918 692.649048 -141.302704
v -688.953918 600.021790 -141.302704
v -688.953918 369.481445 -141.302704
v -688.953918 2215.861816 -141.302704
v -688.953918 1985.320801 -141.302704
v -688.953918 2571.341309 -141.302704
v -688.953918 2308.488281 -141.302704
v -688.953918 1569.525146 -141.302704
v -688.953918 1338.984619 -141.302704
v -688.953918 1246.357422 -141.302704
v -688.953918 1015.817017 -141.302704
v -721.953918 62.837864 -459.509216
v -721.953857 62.837864 -155.302704
v -721.953857 62.837864 459.509216
v -157.426056 62.837864 -459.509216
v -157.426041 0.000000 -459.509216
v -157.426041 0.000000 -155.302704
v -157.426041 0.000000 459.509216
v -157.426041 62.837864 459.509216
v -157.426041 290.854126 459.509216
v -163.967712 296.854126 489.509277
v -163.967712 349.481201 489.509277
v -157.426041 355.481323 459.509216
v -150.230240 369.481445 426.509216
v -150.230240 600.021790 426.509216
v -157.426041 614.021729 459.509216
v -163.967712 620.021729 489.509277
v -163.967712 672.649292 489.509277
v -157.426041 678.649170 459.509216
v -150.230240 692.649048 426.509216
v -150.230240 923.189880 426.509216
v -157.426041 937.189575 459.509216
v -163.967712 943.189575 489.509277
v -163.967712 995.816650 489.509277
v -157.426041 1001.816528 459.509216
v -150.230240 1015.817017 426.509216
v -150.230240 1246.357422 426.509216
v -157.426041 1260.357300 459.509216
v -163.967712 1266.357300 489.509277
v -163.967712 1318.984131 489.509277
v -157.426041 1324.984131 459.509216
v -150.230240 1338.984619 426.509216
v -150.230240 1569.525146 426.509216
v -157.426041 1583.525391 459.509216
v -163.967712 1589.524780 489.509277
v -163.967712 1642.151733 489.509277
v -157.426041 1648.152222 459.509216
v -150.230240 1662.152710 426.509216
v -150.230240 1892.692993 426.509216
v -157.426041 1906.693481 459.509216
v -163.967712 1912.692383 489.509277
v -163.967712 1965.319702 489.509277
v -157.426041 1971.320435 459.509216
v -150.230240 1985.320801 426.509216
v -150.230240 2215.861816 426.509216
v -157.426041 2229.860840 459.509216
v -163.967712 2235.860352 489.509277
v -163.967712 2288.487061 489.509277
v -157.426041 2294.487305 459.509216
v -150.230240 2308.488281 426.509216
v -150.230240 2571.341309 426.509216
v -157.426041 2585.341309 459.509216
v -168.612289 2585.341309 510.809204
v -168.612289 2674.220703 510.809204
v -157.426041 2674.220703 459.509216
v -157.426041 2674.220703 -155.302704
v -157.426041 2674.220703 -459.509216
v -168.612289 2674.220703 -510.809204
v -168.612289 2585.341309 -510.809204
v -157.426041 2585.341309 -459.509216
v -157.426041 2294.487305 -459.509216
v -163.967712 2288.487061 -489.509277
v -163.967712 2235.860352 -489.509277
v -157.426041 2229.860840 -459.509216
v -157.426041 1971.320435 -459.509216
v -163.967712 1965.319702 -489.509277
v -163.967712 1912.692383 -489.509277
v -157.426041 1906.693481 -459.509216
v -157.426041 1648.152222 -459.509216
v -163.967712 1642.151733 -489.509277
v -163.967712 1589.524780 -489.509277
v -157.426041 1583.525391 -459.509216
v -157.426041 1324.984131 -459.509216
v -163.967712 1318.984131 -489.509277
v -163.967712 1266.357300 -489.509277
v -157.426041 1260.357300 -459.509216
v -157.426041 1001.816528 -459.509216
v -163.967712 995.816650 -489.509277
v -163.967712 943.189575 -489.509277
v -157.426041 937.189575 -459.509216
v -157.426041 678.649170 -459.509216
v -163.967712 672.649292 -489.509277
v -163.967712 620.021729 -489.509277
v -157.426041 614.021729 -459.509216
v -157.426041 355.481323 -459.509216
v -163.967712 349.481201 -489.509277
v -163.967712 296.854126 -489.509277
v -157.426041 290.854126 -459.509216
v -721.953857 213.165817 -155.302704
v -721.953857 213.165817 -459.509216
v -157.426056 213.165817 -459.509216
v -703.953796 213.165817 -152.302689
v -703.953796 65.837860 -152.302689
v -154.809387 65.837860 441.509216
v -157.426041 213.165817 441.509216
v -154.809387 0.000066 441.509216
v -703.953796 287.854126 -152.302689
v -157.426041 287.854126 441.509216
v -146.959335 0.000066 441.509216
v -146.959381 65.929497 441.509216
v -149.414566 204.165833 441.509216
v -153.609375 1.200081 444.509216
v -153.609375 65.848564 444.509216
v -148.159317 1.200081 444.509216
v -148.159378 65.918839 444.509216
v -156.204544 211.965866 444.509216
v -150.636063 205.365845 444.509216
v -439.690002 2585.341309 459.509216
v -419.592133 2571.341309 426.509216
v -419.592133 2308.488281 426.509216
v -439.690002 2294.487305 459.509216
v -457.960785 2288.487061 489.509277
v -457.960785 2235.860352 489.509277
v -439.690002 2229.860840 459.509216
v -419.592133 2215.861816 426.509216
v -419.592133 1985.320801 426.509216
v -439.690002 1971.320435 459.509216
v -457.960785 1965.319702 489.509277
v -457.960785 1912.692383 489.509277
v -439.690002 1906.693481 459.509216
v -419.592133 1892.692993 426.509216
v -419.592133 1662.152710 426.509216
v -439.690002 1648.152222 459.509216
v -457.960785 1642.151733 489.509277
v -457.960785 1589.524780 489.509277
v -439.690002 1583.525391 459.509216
v -419.592133 1569.525146 426.509216
v -419.592133 1338.984619 426.509216
v -439.690002 1324.984131 459.509216
v -457.960785 1318.984131 489.509277
v -457.960785 1266.357300 489.509277
v -439.690002 1260.357300 459.509216
v -419.592133 1246.357422 426.509216
v -419.592133 1015.817017 426.509216
v -439.690002 1001.816528 459.509216
v -457.960785 995.816650 489.509277
v -457.960785 943.189575 489.509277
v -439.690002 937.189575 459.509216
v -419.592133 923.189880 426.509216
v -419.592133 692.649048 426.509216
v -439.690002 678.649170 459.509216
v -457.960785 672.649292 489.509277
v -457.960785 620.021729 489.509277
v -439.690002 614.021729 459.509216
v -419.592133 600.021790 426.509216
v -419.592133 369.481445 426.509216
v -439.690002 355.481323 459.509216
v -457.960785 349.481201 489.509277
v -457.960785 296.854126 489.509277
v -439.690002 290.854126 459.509216
v -430.689911 287.854126 441.509216
v -430.689911 213.165817 441.509216
v -429.381653 65.837860 441.509216
v -439.690002 62.837864 459.509216
v -439.690002 0.000000 459.509216
v -438.381622 0.000066 450.509247
v -439.690002 0.000000 -155.302704
v -439.690002 0.000000 -459.509216
v -439.690002 62.837864 -459.509216
v -439.690002 213.165817 -459.509216
v -439.690002 290.854126 -459.509216
v -457.960785 296.854126 -489.509277
v -457.960785 349.481201 -489.509277
v -439.690002 355.481323 -459.509216
v -439.690002 614.021729 -459.509216
v -457.960785 620.021729 -489.509277
v -457.960785 672.649292 -489.509277
v -439.690002 678.649170 -459.509216
v -439.690002 937.189575 -459.509216
v -457.960785 943.189575 -489.509277
v -457.960785 995.816650 -489.509277
v -439.690002 1001.816528 -459.509216
v -439.690002 1260.357300 -459.509216
v -457.960785 1266.357300 -489.509277
v -457.960785 1318.984131 -489.509277
v -439.690002 1324.984131 -459.509216
v -439.690002 1583.525391 -459.509216
v -457.960785 1589.524780 -489.509277
v -457.960785 1642.151733 -489.509277
v -439.690002 1648.152222 -459.509216
v -439.690002 1906.693481 -459.509216
v -457.960785 1912.692383 -489.509277
v -457.960785 1965.319702 -489.509277
v -439.690002 1971.320435 -459.509216
v -439.690002 2229.860840 -459.509216
v -457.960785 2235.860352 -489.509277
v -457.960785 2288.487061 -489.509277
v -439.690002 2294.487305 -459.509216
v -439.690002 2585.341309 -459.509216
v -470.933075 2585.341309 -510.809204
v -470.933075 2674.220703 -510.809204
v -439.690002 2674.220703 -459.509216
v -439.690002 2674.220703 -155.302704
v -439.690002 2674.220703 459.509216
v -470.933075 2674.220703 510.809204
v -470.933075 2585.341309 510.809204
v -580.821899 2585.341309 459.509216
v -554.273010 2571.341309 426.509216
v -554.273010 2308.488281 426.509216
v -580.821899 2294.487305 459.509216
v -604.957275 2288.487061 489.509277
v -604.957275 2235.860352 489.509277
v -580.821899 2229.860840 459.509216
v -554.273010 2215.861816 426.509216
v -554.273010 1985.320801 426.509216
v -580.821899 1971.320435 459.509216
v -604.957275 1965.319702 489.509277
v -604.957275 1912.692383 489.509277
v -580.821899 1906.693481 459.509216
v -554.273010 1892.692993 426.509216
v -554.273010 1662.152710 426.509216
v -580.821899 1648.152222 459.509216
v -604.957275 1642.151733 489.509277
v -604.957275 1589.524780 489.509277
v -580.821899 1583.525391 459.509216
v -554.273010 1569.525146 426.509216
v -554.273010 1338.984619 426.509216
v -580.821899 1324.984131 459.509216
v -604.957275 1318.984131 489.509277
v -604.957275 1266.357300 489.509277
v -580.821899 1260.357300 459.509216
v -554.273010 1246.357422 426.509216
v -554.273010 1015.817017 426.509216
v -580.821899 1001.816528 459.509216
v -604.957275 995.816650 489.509277
v -604.957275 943.189575 489.509277
v -580.821899 937.189575 459.509216
v -554.273010 923.189880 426.509216
v -554.273010 692.649048 426.509216
v -580.821899 678.649170 459.509216
v -604.957275 672.649292 489.509277
v -604.957275 620.021729 489.509277
v -580.821899 614.021729 459.509216
v -554.273010 600.021790 426.509216
v -554.273010 369.481445 426.509216
v -580.821899 355.481323 459.509216
v -604.957275 349.481201 489.509277
v -604.957275 296.854126 489.509277
v -580.821899 290.854126 459.509216
v -567.321838 287.854126 441.509216
v -567.321838 213.165817 441.509216
v -566.667664 65.837860 441.509216
v -580.821899 62.837864 459.509216
v -580.821899 0.000000 459.509216
v -580.167725 0.000000 455.009247
v -580.821899 0.000000 -155.302704
v -580.821899 0.000000 -459.509216
v -580.821960 62.837864 -459.509216
v -580.821899 213.165817 -459.509216
v -580.821899 290.854126 -459.509216
v -604.957275 296.854126 -489.509277
v -604.957275 349.481201 -489.509277
v -580.821899 355.481323 -459.509216
v -580.821899 614.021729 -459.509216
v -604.957275 620.021729 -489.509277
v -604.957275 672.649292 -489.509277
v -580.821899 678.649170 -459.509216
v -580.821899 937.189575 -459.509216
v -604.957275 943.189575 -489.509277
v -604.957275 995.816650 -489.509277
v -580.821899 1001.816528 -459.509216
v -580.821899 1260.357300 -459.509216
v -604.957275 1266.357300 -489.509277
v -604.957275 1318.984131 -489.509277
v -580.821899 1324.984131 -459.509216
v -580.821899 1583.525391 -459.509216
v -604.957275 1589.524780 -489.509277
v -604.957275 1642.151733 -489.509277
v -580.821899 1648.152222 -459.509216
v -580.821899 1906.693481 -459.509216
v -604.957275 1912.692383 -489.509277
v -604.957275 1965.319702 -489.509277
v -580.821899 1971.320435 -459.509216
v -580.821899 2229.860840 -459.509216
v -604.957275 2235.860352 -489.509277
v -604.957275 2288.487061 -489.509277
v -580.821899 2294.487305 -459.509216
v -580.821899 2585.341309 -459.509216
v -622.093506 2585.341309 -510.809204
v -622.093506 2674.220703 -510.809204
v -580.821899 2674.220703 -459.509216
v -580.821899 2674.220703 -155.302704
v -580.821899 2674.220703 459.509216
v -622.093506 2674.220703 510.809204
v -622.093506 2585.341309 510.809204
v -298.558044 62.837864 -459.509216
v -298.558044 0.000000 -459.509216
v -298.558044 0.000000 -155.302704
v -296.595520 0.000066 446.009308
v -298.558044 0.000000 459.509216
v -298.558044 62.837864 459.509216
v -292.095490 65.837860 441.509216
v -294.057983 213.165817 441.509216
v -294.057983 287.854126 441.509216
v -298.558044 290.854126 459.509216
v -310.964264 296.854126 489.509277
v -310.964264 349.481201 489.509277
v -298.558044 355.481323 459.509216
v -284.911194 369.481445 426.509216
v -284.911194 600.021790 426.509216
v -298.558044 614.021729 459.509216
v -310.964264 620.021729 489.509277
v -310.964264 672.649292 489.509277
v -298.558044 678.649170 459.509216
v -284.911194 692.649048 426.509216
v -284.911194 923.189880 426.509216
v -298.558044 937.189575 459.509216
v -310.964264 943.189575 489.509277
v -310.964264 995.816650 489.509277
v -298.558044 1001.816528 459.509216
v -284.911194 1015.817017 426.509216
v -284.911194 1246.357422 426.509216
v -298.558044 1260.357300 459.509216
v -310.964264 1266.357300 489.509277
v -310.964264 1318.984131 489.509277
v -298.558044 1324.984131 459.509216
v -284.911194 1338.984619 426.509216
v -284.911194 1569.525146 426.509216
v -298.558044 1583.525391 459.509216
v -310.964264 1589.524780 489.509277
v -310.964264 1642.151733 489.509277
v -298.558044 1648.152222 459.509216
v -284.911194 1662.152710 426.509216
v -284.911194 1892.692993 426.509216
v -298.558044 1906.693481 459.509216
v -310.964264 1912.692383 489.509277
v -310.964264 1965.319702 489.509277
v -298.558044 1971.320435 459.509216
v -284.911194 1985.320801 426.509216
v -284.911194 2215.861816 426.509216
v -298.558044 2229.860840 459.509216
v -310.964264 2235.860352 489.509277
v -310.964264 2288.487061 489.509277
v -298.558044 2294.487305 459.509216
v -284.911194 2308.488281 426.509216
v -284.911194 2571.341309 426.509216
v -298.558044 2585.341309 459.509216
v -319.772766 2585.341309 510.809204
v -319.772766 2674.220703 510.809204
v -298.558044 2674.220703 459.509216
v -298.558044 2674.220703 -155.302704
v -298.558044 2674.220703 -459.509216
v -319.772766 2674.220703 -510.809204
v -319.772766 2585.341309 -510.809204
v -298.558044 2585.341309 -459.509216
v -298.558044 2294.487305 -459.509216
v -310.964264 2288.487061 -489.509277
v -310.964264 2235.860352 -489.509277
v -298.558044 2229.860840 -459.509216
v -298.558044 1971.320435 -459.509216
v -310.964264 1965.319702 -489.509277
v -310.964264 1912.692383 -489.509277
v -298.558044 1906.693481 -459.509216
v -298.558044 1648.152222 -459.509216
v -310.964264 1642.151733 -489.509277
v -310.964264 1589.524780 -489.509277
v -298.558044 1583.525391 -459.509216
v -298.558044 1324.984131 -459.509216
v -310.964264 1318.984131 -489.509277
v -310.964264 1266.357300 -489.509277
v -298.558044 1260.357300 -459.509216
v -298.558044 1001.816528 -459.509216
v -310.964264 995.816650 -489.509277
v -310.964264 943.189575 -489.509277
v -298.558044 937.189575 -459.509216
v -298.558044 678.649170 -459.509216
v -310.964264 672.649292 -489.509277
v -310.964264 620.021729 -489.509277
v -298.558044 614.021729 -459.509216
v -298.558044 355.481323 -459.509216
v -310.964264 349.481201 -489.509277
v -310.964264 296.854126 -489.509277
v -298.558044 290.854126 -459.509216
v -298.558044 213.165817 -459.509216
v -156.117706 0.000066 143.103271
v -297.576782 0.000066 145.353271
v -439.035797 0.000000 147.603317
v -580.494934 0.000000 149.853271
v -721.953857 0.000000 152.103271
v -721.953857 62.837864 152.103271
v -703.953796 65.837860 144.603317
v -703.953796 213.165817 144.603317
v -703.953796 287.854126 144.603317
v -721.953857 290.854126 152.103271
v -751.953857 296.854126 159.603271
v -751.953857 349.481201 159.603271
v -721.953857 355.481323 152.103271
v -688.953918 369.481445 142.603256
v -688.953918 600.021790 142.603256
v -721.953857 614.021729 152.103271
v -751.953857 620.021729 159.603271
v -751.953857 672.649292 159.603271
v -721.953857 678.649170 152.103271
v -688.953918 692.649048 142.603256
v -688.953918 923.189880 142.603256
v -721.953857 937.189575 152.103271
v -751.953857 943.189575 159.603271
v -751.953857 995.816650 159.603271
v -721.953857 1001.816528 152.103271
v -688.953918 1015.817017 142.603256
v -688.953918 1246.357422 142.603256
v -721.953857 1260.357300 152.103271
v -751.953857 1266.357300 159.603271
v -751.953857 1318.984131 159.603271
v -721.953857 1324.984131 152.103271
v -688.953918 1338.984619 142.603256
v -688.953918 1569.525146 142.603256
v -721.953857 1583.525391 152.103271
v -751.953857 1589.524780 159.603271
v -751.953857 1642.151733 159.603271
v -721.953857 1648.152222 152.103271
v -688.953918 1662.152710 142.603256
v -688.953918 1892.692993 142.603256
v -721.953857 1906.693481 152.103271
v -751.953857 1912.692383 159.603271
v -751.953857 1965.319702 159.603271
v -721.953857 1971.320435 152.103271
v -688.953918 1985.320801 142.603256
v -688.953918 2215.861816 142.603256
v -721.953857 2229.860840 152.103271
v -751.953857 2235.860352 159.603271
v -751.953857 2288.487061 159.603271
v -721.953857 2294.487305 152.103271
v -688.953918 2308.488281 142.603256
v -688.953918 2571.341309 142.603256
v -721.953857 2585.341309 152.103271
v -773.253784 2585.341309 177.753265
v -773.253784 2674.220703 177.753265
v -721.953857 2674.220703 152.103271
v -580.821899 2674.220703 152.103271
v -439.690002 2674.220703 152.103271
v -298.558044 2674.220703 152.103271
v -157.426041 2674.220703 152.103271
v -155.463547 0.000066 292.306244
v -297.086151 0.000066 295.681244
v -438.708771 0.000000 299.056305
v -580.331421 0.000000 302.431244
v -721.953857 0.000000 305.806274
v -721.953857 62.837864 305.806274
v -703.953796 65.837860 293.056305
v -703.953796 213.165817 293.056305
v -703.953796 287.854126 293.056305
v -721.953857 290.854126 305.806274
v -751.953857 296.854126 324.556244
v -751.953857 349.481201 324.556244
v -721.953857 355.481323 305.806274
v -688.953918 369.481445 284.556274
v -688.953918 600.021790 284.556274
v -721.953857 614.021729 305.806274
v -751.953857 620.021729 324.556244
v -751.953857 672.649292 324.556244
v -721.953857 678.649170 305.806274
v -688.953918 692.649048 284.556274
v -688.953918 923.189880 284.556274
v -721.953857 937.189575 305.806274
v -751.953857 943.189575 324.556244
v -751.953857 995.816650 324.556244
v -721.953857 1001.816528 305.806274
v -688.953918 1015.817017 284.556274
v -688.953918 1246.357422 284.556274
v -721.953857 1260.357300 305.806274
v -751.953857 1266.357300 324.556244
v -751.953857 1318.984131 324.556244
v -721.953857 1324.984131 305.806274
v -688.953918 1338.984619 284.556274
v -688.953918 1569.525146 284.556274
v -721.953857 1583.525391 305.806274
v -751.953857 1589.524780 324.556244
v -751.953857 1642.151733 324.556244
v -721.953857 1648.152222 305.806274
v -688.953918 1662.152710 284.556274
v -688.953918 1892.692993 284.556274
v -721.953857 1906.693481 305.806274
v -751.953857 1912.692383 324.556244
v -751.953857 1965.319702 324.556244
v -721.953857 1971.320435 305.806274
v -688.953918 1985.320801 284.556274
v -688.953918 2215.861816 284.556274
v -721.953857 2229.860840 305.806274
v -751.953857 2235.860352 324.556244
v -751.953857 2288.487061 324.556244
v -721.953857 2294.487305 305.806274
v -688.953918 2308.488281 284.556274
v -688.953918 2571.341309 284.556274
v -721.953857 2585.341309 305.806274
v -773.253784 2585.341309 344.281219
v -773.253784 2674.220703 344.281219
v -721.953857 2674.220703 305.806274
v -580.821899 2674.220703 305.806274
v -439.690002 2674.220703 305.806274
v -298.558044 2674.220703 305.806274
v -157.426041 2674.220703 305.806274
v -721.953857 0.000000 -1.599716
v -580.658386 0.000000 -2.724715
v -439.362854 0.000000 -3.849713
v -298.067383 0.000000 -4.974711
v -156.771896 0.000000 -6.099717
v -157.426041 2674.220703 -1.599716
v -298.558044 2674.220703 -1.599716
v -439.690002 2674.220703 -1.599716
v -580.821899 2674.220703 -1.599716
v -721.953857 2674.220703 -1.599716
v -773.253784 2674.220703 11.225280
v -773.253784 2585.341309 11.225280
v -721.953857 2585.341309 -1.599716
v -688.953918 2571.341309 0.650281
v -688.953918 2308.488281 0.650281
v -721.953857 2294.487305 -1.599716
v -751.953857 2288.487061 -5.349720
v -751.953857 2235.860352 -5.349720
v -721.953857 2229.860840 -1.599716
v -688.953918 2215.861816 0.650281
v -688.953918 1985.320801 0.650281
v -721.953857 1971.320435 -1.599716
v -751.953857 1965.319702 -5.349720
v -751.953857 1912.692383 -5.349720
v -721.953857 1906.693481 -1.599716
v -688.953918 1892.692993 0.650281
v -688.953918 1662.152710 0.650281
v -721.953857 1648.152222 -1.599716
v -751.953857 1642.151733 -5.349720
v -751.953857 1589.524780 -5.349720
v -721.953857 1583.525391 -1.599716
v -688.953918 1569.525146 0.650281
v -688.953918 1338.984619 0.650281
v -721.953857 1324.984131 -1.599716
v -751.953857 1318.984131 -5.349720
v -751.953857 1266.357300 -5.349720
v -721.953857 1260.357300 -1.599716
v -688.953918 1246.357422 0.650281
v -688.953918 1015.817017 0.650281
v -721.953857 1001.816528 -1.599716
v -751.953857 995.816650 -5.349720
v -751.953857 943.189575 -5.349720
v -721.953857 937.189575 -1.599716
v -688.953918 923.189880 0.650281
v -688.953918 692.649048 0.650281
v -721.953857 678.649170 -1.599716
v -751.953857 672.649292 -5.349720
v -751.953857 620.021729 -5.349720
v -721.953857 614.021729 -1.599716
v -688.953918 600.021790 0.650281
v -688.953918 369.481445 0.650281
v -721.953857 355.481323 -1.599716
v -751.953857 349.481201 -5.349720
v -751.953857 296.854126 -5.349720
v -721.953857 290.854126 -1.599716
v -703.953796 287.854126 -3.849706
v -703.953796 213.165817 -3.849706
v -703.953796 65.837860 -3.849706
v -721.953857 62.837864 -1.599716
v -651.387878 2585.341309 459.509216
v -621.613586 2571.341309 426.509216
v -621.613586 2308.488281 426.509216
v -651.387878 2294.487305 459.509216
v -678.455505 2288.487061 489.509277
v -678.455505 2235.860352 489.509277
v -651.387878 2229.860840 459.509216
v -621.613586 2215.861816 426.509216
v -621.613586 1985.320801 426.509216
v -651.387878 1971.320435 459.509216
v -678.455505 1965.319702 489.509277
v -678.455505 1912.692383 489.509277
v -651.387878 1906.693481 459.509216
v -621.613586 1892.692993 426.509216
v -621.613586 1662.152710 426.509216
v -651.387878 1648.152222 459.509216
v -678.455505 1642.151733 489.509277
v -678.455505 1589.524780 489.509277
v -651.387878 1583.525391 459.509216
v -621.613586 1569.525146 426.509216
v -621.613586 1338.984619 426.509216
v -651.387878 1324.984131 459.509216
v -678.455505 1318.984131 489.509277
v -678.455505 1266.357300 489.509277
v -651.387878 1260.357300 459.509216
v -621.613586 1246.357422 426.509216
v -621.613586 1015.817017 426.509216
v -651.387878 1001.816528 459.509216
v -678.455505 995.816650 489.509277
v -678.455505 943.189575 489.509277
v -651.387878 937.189575 459.509216
v -621.613586 923.189880 426.509216
v -621.613586 692.649048 426.509216
v -651.387878 678.649170 459.509216
v -678.455505 672.649292 489.509277
v -678.455505 620.021729 489.509277
v -651.387878 614.021729 459.509216
v -621.613586 600.021790 426.509216
v -621.613586 369.481445 426.509216
v -651.387878 355.481323 459.509216
v -678.455505 349.481201 489.509277
v -678.455505 296.854126 489.509277
v -651.387878 290.854126 459.509216
v -635.637817 287.854126 441.509216
v -635.637756 213.165817 441.509216
v -635.310730 65.837860 441.509216
v -651.387878 62.837864 459.509216
v -651.387878 0.000000 459.509216
v -651.060913 0.000000 457.259247
v -651.142578 0.000000 304.118744
v -651.224426 0.000000 150.978256
v -651.306091 0.000000 -2.162215
v -651.387878 0.000000 -155.302704
v -651.387878 0.000000 -459.509216
v -651.387939 62.837864 -459.509216
v -651.387878 213.165817 -459.509216
v -651.387878 290.854126 -459.509216
v -678.455505 296.854126 -489.509277
v -678.455505 349.481201 -489.509277
v -651.387878 355.481323 -459.509216
v -651.387878 614.021729 -459.509216
v -678.455505 620.021729 -489.509277
v -678.455505 672.649292 -489.509277
v -651.387878 678.649170 -459.509216
v -651.387878 937.189575 -459.509216
v -678.455505 943.189575 -489.509277
v -678.455505 995.816650 -489.509277
v -651.387878 1001.816528 -459.509216
v -651.387878 1260.357300 -459.509216
v -678.455505 1266.357300 -489.509277
v -678.455505 1318.984131 -489.509277
v -651.387878 1324.984131 -459.509216
v -651.387878 1583.525391 -459.509216
v -678.455505 1589.524780 -489.509277
v -678.455505 1642.151733 -489.509277
v -651.387878 1648.152222 -459.509216
v -651.387878 1906.693481 -459.509216
v -678.455505 1912.692383 -489.509277
v -678.455505 1965.319702 -489.509277
v -651.387878 1971.320435 -459.509216
v -651.387878 2229.860840 -459.509216
v -678.455505 2235.860352 -489.509277
v -678.455505 2288.487061 -489.509277
v -651.387878 2294.487305 -459.509216
v -651.387878 2585.341309 -459.509216
v -697.673645 2585.341309 -510.809204
v -697.673645 2674.220703 -510.809204
v -651.387878 2674.220703 -459.509216
v -651.387878 2674.220703 -155.302704
v -651.387878 2674.220703 -1.599716
v -651.387878 2674.220703 152.103271
v -651.387878 2674.220703 305.806274
v -651.387878 2674.220703 459.509216
v -697.673645 2674.220703 510.809204
v -697.673645 2585.341309 510.809204
v -155.136520 0.000066 366.907715
v -296.840820 0.000066 370.845337
v -438.545166 0.000000 374.782745
v -580.249695 0.000000 378.720215
v -651.101746 0.000000 380.689026
v -721.953857 0.000000 382.657806
v -721.953857 62.837864 382.657806
v -703.953796 65.837860 367.282837
v -703.953796 213.165817 367.282837
v -703.953796 287.854126 367.282837
v -721.953857 290.854126 382.657806
v -751.953857 296.854126 407.032745
v -751.953857 349.481201 407.032745
v -721.953857 355.481323 382.657806
v -688.953918 369.481445 355.532745
v -688.953918 600.021790 355.532745
v -721.953857 614.021729 382.657806
v -751.953857 620.021729 407.032745
v -751.953857 672.649292 407.032745
v -721.953857 678.649170 382.657806
v -688.953918 692.649048 355.532745
v -688.953918 923.189880 355.532745
v -721.953857 937.189575 382.657806
v -751.953857 943.189575 407.032745
v -751.953857 995.816650 407.032745
v -721.953857 1001.816528 382.657806
v -688.953918 1015.817017 355.532745
v -688.953918 1246.357422 355.532745
v -721.953857 1260.357300 382.657806
v -751.953857 1266.357300 407.032745
v -751.953857 1318.984131 407.032745
v -721.953857 1324.984131 382.657806
v -688.953918 1338.984619 355.532745
v -688.953918 1569.525146 355.532745
v -721.953857 1583.525391 382.657806
v -751.953857 1589.524780 407.032745
v -751.953857 1642.151733 407.032745
v -721.953857 1648.152222 382.657806
v -688.953918 1662.152710 355.532745
v -688.953918 1892.692993 355.532745
v -721.953857 1906.693481 382.657806
v -751.953857 1912.692383 407.032745
v -751.953857 1965.319702 407.032745
v -721.953857 1971.320435 382.657806
v -688.953918 1985.320801 355.532745
v -688.953918 2215.861816 355.532745
v -721.953857 2229.860840 382.657806
v -751.953857 2235.860352 407.032745
v -751.953857 2288.487061 407.032745
v -721.953857 2294.487305 382.657806
v -688.953918 2308.488281 355.532745
v -688.953918 2571.341309 355.532745
v -721.953857 2585.341309 382.657806
v -773.253784 2585.341309 427.545197
v -773.253784 2674.220703 427.545197
v -721.953857 2674.220703 382.657806
v -651.387878 2674.220703 382.657806
v -580.821899 2674.220703 382.657806
v -439.690002 2674.220703 382.657806
v -298.558044 2674.220703 382.657806
v -157.426041 2674.220703 382.657806
v -651.387878 213.165878 459.509216
v -721.953857 213.165878 459.509216
v -721.953857 213.165878 382.657806
vt 0.955479 0.699123
vt 0.957158 0.709910
vt 0.953698 0.710472
vt 0.952029 0.699573
vt 0.913428 0.346123
vt 0.915105 0.356911
vt 0.911644 0.357472
vt 0.909978 0.346572
vt 0.841932 0.346120
vt 0.843607 0.356908
vt 0.840147 0.357468
vt 0.838482 0.346569
vt 0.850037 0.699292
vt 0.851574 0.710109
vt 0.848109 0.710627
vt 0.846583 0.699682
vt 0.920566 0.699113
vt 0.922245 0.709900
vt 0.918784 0.710461
vt 0.917116 0.699562
vt 0.878498 0.346131
vt 0.880181 0.356917
vt 0.876721 0.357480
vt 0.875048 0.346582
vt 0.884770 0.699155
vt 0.886483 0.709945
vt 0.883024 0.710516
vt 0.881319 0.699613
vt 0.940299 0.696208
vt 0.941808 0.705789
vt 0.926481 0.708078
vt 0.925026 0.699009
vt 0.933162 0.343223
vt 0.934669 0.352804
vt 0.919342 0.355089
vt 0.917888 0.346020
vt 0.904502 0.696210
vt 0.906035 0.705795
vt 0.890714 0.708112
vt 0.889233 0.699040
vt 0.861666 0.343222
vt 0.863172 0.352803
vt 0.847845 0.355087
vt 0.846392 0.346018
vt 0.871920 0.696331
vt 0.754872 0.636860
vt 0.855829 0.708342
vt 0.854495 0.699272
vt 0.975211 0.696217
vt 0.976721 0.705798
vt 0.961395 0.708088
vt 0.959939 0.699019
vt 0.898230 0.343218
vt 0.899742 0.352798
vt 0.884417 0.355093
vt 0.882958 0.346025
vt 0.697760 0.859328
vt 0.698081 0.848871
vt 0.708357 0.849403
vt 0.708129 0.859559
vt 0.957508 0.699143
vt 0.959103 0.709090
vt 0.951607 0.710296
vt 0.950054 0.700087
vt 0.915457 0.346144
vt 0.917050 0.356091
vt 0.909553 0.357296
vt 0.908003 0.347086
vt 0.838056 0.357292
vt 0.836508 0.347082
vt 0.843961 0.346141
vt 0.845553 0.356088
vt 0.846020 0.710424
vt 0.844602 0.700164
vt 0.852064 0.699349
vt 0.853527 0.709314
vt 0.922595 0.699133
vt 0.924190 0.709080
vt 0.916693 0.710285
vt 0.915142 0.700076
vt 0.880527 0.346150
vt 0.882126 0.356096
vt 0.874630 0.357305
vt 0.873074 0.347096
vt 0.886801 0.699170
vt 0.888425 0.709119
vt 0.880934 0.710346
vt 0.879345 0.700134
vt 0.847524 0.668652
vt 0.822975 0.655653
vt 0.780396 0.639680
vt 0.851136 0.688854
vt 0.848933 0.688114
vt 0.845206 0.666982
vt 0.845432 0.688573
vt 0.841998 0.986446
vt 0.856100 0.633110
vt 0.843557 0.689837
vt 0.838803 0.315555
vt 0.842838 0.335687
vt 0.840620 0.334989
vt 0.836450 0.313935
vt 0.837129 0.335514
vt 0.833301 0.633281
vt 0.934725 0.986103
vt 0.835279 0.336813
vt 0.917427 0.668548
vt 0.921469 0.688679
vt 0.919251 0.687982
vt 0.915074 0.666930
vt 0.915759 0.688508
vt 0.911925 0.986274
vt 0.969635 0.986107
vt 0.913910 0.689808
vt 0.952337 0.668559
vt 0.956380 0.688690
vt 0.954162 0.687993
vt 0.949983 0.666941
vt 0.950671 0.688519
vt 0.946835 0.986280
vt 0.892643 0.633113
vt 0.948821 0.689819
vt 0.875346 0.315568
vt 0.879396 0.335697
vt 0.877178 0.335001
vt 0.872992 0.313950
vt 0.873686 0.335529
vt 0.869844 0.633278
vt 0.927595 0.633111
vt 0.871838 0.336829
vt 0.910298 0.315557
vt 0.914333 0.335690
vt 0.912115 0.334992
vt 0.907945 0.313938
vt 0.908624 0.335518
vt 0.904795 0.633283
vt 0.898861 0.986178
vt 0.906774 0.336816
vt 0.881562 0.668590
vt 0.885648 0.688714
vt 0.883428 0.688020
vt 0.879205 0.666977
vt 0.879936 0.688553
vt 0.876059 0.986316
vt 0.713081 0.911887
vt 0.878089 0.689855
vt 0.713306 0.896085
vt 0.713159 0.906510
vt 0.698162 0.871178
vt 0.708746 0.870205
vt 0.766262 0.651815
vt 0.752011 0.651953
vt 0.751937 0.644347
vt 0.766188 0.644208
vt 0.810862 0.643774
vt 0.810936 0.651380
vt 0.780513 0.651676
vt 0.780439 0.644070
vt 0.754089 0.639936
vt 0.767243 0.639808
vt 0.767402 0.656194
vt 0.754249 0.656322
vt 0.780556 0.656066
vt 0.806589 0.655813
vt 0.833024 0.338036
vt 0.923648 0.690269
vt 0.869583 0.338053
vt 0.916512 0.337280
vt 0.904519 0.338040
vt 0.887832 0.690299
vt 0.841281 0.691025
vt 0.845017 0.337277
vt 0.779168 0.636624
vt 0.853269 0.690504
vt 0.911655 0.691032
vt 0.958560 0.690279
vt 0.946567 0.691043
vt 0.881576 0.337285
vt 0.713387 0.891703
vt 0.713194 0.870465
vt 0.709415 0.859516
vt 0.709650 0.848944
vt 0.714012 0.849142
vt 0.713738 0.859750
vt 0.733327 0.860696
vt 0.733575 0.850285
vt 0.743414 0.850698
vt 0.743181 0.861007
vt 0.742706 0.892290
vt 0.732882 0.892095
vt 0.733061 0.871107
vt 0.742947 0.871331
vt 0.742653 0.896628
vt 0.732837 0.896439
vt 0.742518 0.907018
vt 0.732708 0.906839
vt 0.732629 0.912214
vt 0.742439 0.912391
vt 0.878443 0.957104
vt 0.877649 0.966842
vt 0.881930 0.957389
vt 0.881135 0.967127
vt 0.884023 0.956733
vt 0.883261 0.966082
vt 0.901153 0.958132
vt 0.900389 0.967480
vt 0.907137 0.604070
vt 0.906357 0.613808
vt 0.910623 0.604350
vt 0.909843 0.614087
vt 0.912716 0.603691
vt 0.911967 0.613039
vt 0.929846 0.605064
vt 0.929095 0.614413
vt 0.872195 0.604065
vt 0.871412 0.613803
vt 0.875681 0.604346
vt 0.874898 0.614084
vt 0.877774 0.603688
vt 0.877022 0.613037
vt 0.894903 0.605067
vt 0.894149 0.614416
vt 0.949175 0.957067
vt 0.948395 0.966805
vt 0.952661 0.957346
vt 0.951881 0.967084
vt 0.954754 0.956687
vt 0.954005 0.966036
vt 0.971884 0.958061
vt 0.971133 0.967409
vt 0.914267 0.957061
vt 0.913487 0.966799
vt 0.917754 0.957341
vt 0.916973 0.967079
vt 0.919846 0.956682
vt 0.919097 0.966031
vt 0.936976 0.958056
vt 0.936225 0.967405
vt 0.835643 0.604068
vt 0.834862 0.613806
vt 0.839129 0.604348
vt 0.838349 0.614086
vt 0.841222 0.603689
vt 0.840473 0.613038
vt 0.858352 0.605063
vt 0.857601 0.614412
vt 0.844315 0.957236
vt 0.843543 0.966973
vt 0.847801 0.957514
vt 0.847029 0.967250
vt 0.849892 0.956853
vt 0.849151 0.966201
vt 0.869161 0.958383
vt 0.823210 0.679809
vt 0.818920 0.690114
vt 0.818794 0.677178
vt 0.811314 0.690188
vt 0.811188 0.677252
vt 0.806941 0.692046
vt 0.806824 0.679968
vt 0.780908 0.692299
vt 0.780791 0.680221
vt 0.754484 0.680477
vt 0.767637 0.680349
vt 0.767755 0.692427
vt 0.754601 0.692555
vt 0.723886 0.691038
vt 0.723761 0.678102
vt 0.728177 0.680733
vt 0.728294 0.692811
vt 0.716280 0.691112
vt 0.716155 0.678176
vt 0.711908 0.692970
vt 0.711790 0.680893
vt 0.708852 0.694168
vt 0.877503 0.749602
vt 0.860379 0.759582
vt 0.860003 0.750730
vt 0.857943 0.758776
vt 0.857550 0.749488
vt 0.855864 0.758028
vt 0.855468 0.748328
vt 0.852357 0.758135
vt 0.851976 0.748392
vt 0.850355 0.759018
vt 0.849984 0.749640
vt 0.848010 0.759995
vt 0.867654 0.396490
vt 0.852681 0.406362
vt 0.852291 0.397498
vt 0.850246 0.405561
vt 0.849835 0.396267
vt 0.848166 0.404819
vt 0.847748 0.395117
vt 0.844658 0.404935
vt 0.844254 0.395196
vt 0.842657 0.405824
vt 0.842265 0.396451
vt 0.840313 0.406807
vt 0.946293 0.749481
vt 0.931319 0.759352
vt 0.930931 0.750488
vt 0.928883 0.758550
vt 0.928475 0.749257
vt 0.926804 0.757807
vt 0.926388 0.748106
vt 0.923296 0.757923
vt 0.922895 0.748184
vt 0.921295 0.758810
vt 0.920905 0.749439
vt 0.918951 0.759791
vt 0.981212 0.749487
vt 0.966239 0.759361
vt 0.965849 0.750498
vt 0.963804 0.758560
vt 0.963393 0.749267
vt 0.961724 0.757818
vt 0.961306 0.748117
vt 0.958216 0.757934
vt 0.957813 0.748195
vt 0.956215 0.758822
vt 0.955823 0.749450
vt 0.953871 0.759805
vt 0.904246 0.396488
vt 0.889276 0.406365
vt 0.888885 0.397502
vt 0.886841 0.405564
vt 0.886428 0.396271
vt 0.884761 0.404822
vt 0.884341 0.395122
vt 0.881253 0.404939
vt 0.880847 0.395201
vt 0.879252 0.405827
vt 0.878858 0.396456
vt 0.876908 0.406810
vt 0.939155 0.396491
vt 0.924183 0.406363
vt 0.923793 0.397500
vt 0.921747 0.405562
vt 0.921336 0.396269
vt 0.919668 0.404820
vt 0.919249 0.395119
vt 0.916160 0.404937
vt 0.915756 0.395199
vt 0.914159 0.405826
vt 0.913767 0.396454
vt 0.911815 0.406809
vt 0.910590 0.749505
vt 0.895629 0.759392
vt 0.895227 0.750528
vt 0.893193 0.758592
vt 0.892769 0.749298
vt 0.891113 0.757852
vt 0.890680 0.748150
vt 0.887606 0.757972
vt 0.887185 0.748232
vt 0.885607 0.758862
vt 0.885197 0.749488
vt 0.744264 0.823821
vt 0.735016 0.823340
vt 0.735538 0.813136
vt 0.744846 0.813878
vt 0.734274 0.824572
vt 0.743720 0.825048
vt 0.743476 0.829401
vt 0.734063 0.828899
vt 0.752543 0.892461
vt 0.763522 0.892623
vt 0.763463 0.896960
vt 0.752486 0.896798
vt 0.754260 0.825332
vt 0.764428 0.825842
vt 0.764368 0.830283
vt 0.754103 0.830207
vt 0.764560 0.815994
vt 0.754801 0.815732
vt 0.888041 0.767706
vt 0.888490 0.778565
vt 0.886456 0.778645
vt 0.886025 0.768216
vt 0.891545 0.767570
vt 0.891992 0.778426
vt 0.893604 0.767921
vt 0.894030 0.778345
vt 0.896014 0.768298
vt 0.896417 0.778250
vt 0.911383 0.767603
vt 0.912607 0.425705
vt 0.914565 0.415181
vt 0.914989 0.425612
vt 0.916583 0.414672
vt 0.917023 0.425532
vt 0.920089 0.414539
vt 0.920527 0.425395
vt 0.922148 0.414891
vt 0.922565 0.425315
vt 0.924559 0.415269
vt 0.924954 0.425222
vt 0.939928 0.414586
vt 0.877702 0.425704
vt 0.879659 0.415182
vt 0.880084 0.425612
vt 0.881677 0.414673
vt 0.882118 0.425533
vt 0.885183 0.414541
vt 0.885622 0.425396
vt 0.887242 0.414893
vt 0.887660 0.425317
vt 0.889653 0.415271
vt 0.890049 0.425224
vt 0.905023 0.414584
vt 0.954663 0.778700
vt 0.956621 0.768177
vt 0.957045 0.778608
vt 0.958639 0.767668
vt 0.959079 0.778528
vt 0.962145 0.767536
vt 0.962583 0.778392
vt 0.964204 0.767888
vt 0.964621 0.778313
vt 0.966614 0.768267
vt 0.967010 0.778220
vt 0.981985 0.767583
vt 0.919737 0.778685
vt 0.921698 0.768164
vt 0.922118 0.778594
vt 0.923716 0.767656
vt 0.924153 0.778516
vt 0.927222 0.767525
vt 0.927657 0.778382
vt 0.929281 0.767878
vt 0.929695 0.778303
vt 0.931692 0.768258
vt 0.932083 0.778211
vt 0.947061 0.767578
vt 0.841106 0.425703
vt 0.843063 0.415179
vt 0.843487 0.425610
vt 0.845081 0.414670
vt 0.845522 0.425530
vt 0.848587 0.414537
vt 0.849026 0.425394
vt 0.850646 0.414889
vt 0.851064 0.425314
vt 0.853057 0.415268
vt 0.853453 0.425221
vt 0.868427 0.414584
vt 0.848789 0.778896
vt 0.850752 0.768375
vt 0.851170 0.778804
vt 0.852770 0.767869
vt 0.853205 0.778726
vt 0.856277 0.767742
vt 0.856709 0.778591
vt 0.858336 0.768096
vt 0.858748 0.778512
vt 0.860748 0.768477
vt 0.861138 0.778420
vt 0.878281 0.767701
vt 0.709089 0.718550
vt 0.712025 0.705048
vt 0.712156 0.718520
vt 0.716406 0.704048
vt 0.716547 0.718477
vt 0.724012 0.703974
vt 0.724153 0.718403
vt 0.728412 0.704889
vt 0.728543 0.718361
vt 0.768003 0.717977
vt 0.754850 0.718105
vt 0.754719 0.704633
vt 0.767872 0.704505
vt 0.807059 0.704123
vt 0.807190 0.717596
vt 0.781157 0.717849
vt 0.781025 0.704377
vt 0.811439 0.703123
vt 0.811580 0.717553
vt 0.819045 0.703049
vt 0.819186 0.717479
vt 0.823445 0.703964
vt 0.870738 0.938612
vt 0.850633 0.947505
vt 0.851459 0.937078
vt 0.848572 0.947777
vt 0.849432 0.936915
vt 0.845086 0.947499
vt 0.845945 0.936634
vt 0.859104 0.595715
vt 0.859945 0.585288
vt 0.841971 0.594340
vt 0.842806 0.583913
vt 0.839909 0.594610
vt 0.840778 0.583748
vt 0.836422 0.594330
vt 0.837291 0.583464
vt 0.937728 0.948708
vt 0.938569 0.938280
vt 0.920595 0.947333
vt 0.921430 0.936905
vt 0.918533 0.947603
vt 0.919402 0.936740
vt 0.915047 0.947322
vt 0.915915 0.936457
vt 0.972636 0.948712
vt 0.973476 0.938285
vt 0.955502 0.947338
vt 0.956337 0.936911
vt 0.953440 0.947609
vt 0.954309 0.936746
vt 0.949954 0.947327
vt 0.950822 0.936462
vt 0.895658 0.595719
vt 0.896502 0.585292
vt 0.878526 0.594339
vt 0.879364 0.583912
vt 0.876464 0.594609
vt 0.877336 0.583746
vt 0.872977 0.594327
vt 0.873849 0.583461
vt 0.930598 0.595716
vt 0.931438 0.585289
vt 0.913464 0.594341
vt 0.914299 0.583914
vt 0.911403 0.594612
vt 0.912271 0.583749
vt 0.907916 0.594331
vt 0.908784 0.583465
vt 0.901918 0.948783
vt 0.902774 0.938356
vt 0.884786 0.947385
vt 0.885635 0.936958
vt 0.882723 0.947652
vt 0.883608 0.936790
vt 0.879237 0.947366
vt 0.880120 0.936501
vt 0.752271 0.912556
vt 0.763250 0.912718
vt 0.763323 0.907345
vt 0.752347 0.907184
vt 0.692594 0.859324
vt 0.692907 0.848606
vt 0.754367 0.809728
vt 0.885244 0.778693
vt 0.764573 0.815070
vt 0.754139 0.814892
vt 0.735926 0.807976
vt 0.884408 0.759201
vt 0.698024 0.869901
vt 0.707807 0.869315
vt 0.752621 0.825889
vt 0.753443 0.825118
vt 0.753477 0.830302
vt 0.752569 0.829521
vt 0.876909 0.690204
vt 0.743634 0.830337
vt 0.734119 0.829523
vt 0.753664 0.825181
vt 0.754039 0.825269
vt 0.753933 0.830068
vt 0.753629 0.830091
vt 0.764564 0.815764
vt 0.754638 0.815546
vt 0.754302 0.815080
vt 0.764570 0.815298
vt 0.876879 0.740444
vt 0.711673 0.668815
vt 0.859659 0.741965
vt 0.857273 0.740206
vt 0.855333 0.738581
vt 0.851789 0.738651
vt 0.849776 0.740246
vt 0.867019 0.387321
vt 0.851920 0.388728
vt 0.849522 0.386986
vt 0.847570 0.385375
vt 0.844024 0.385461
vt 0.842018 0.387065
vt 0.945660 0.740310
vt 0.930561 0.741718
vt 0.928163 0.739976
vt 0.926212 0.738364
vt 0.922666 0.738450
vt 0.920660 0.740053
vt 0.980577 0.740318
vt 0.965478 0.741727
vt 0.963080 0.739986
vt 0.961128 0.738374
vt 0.957582 0.738461
vt 0.955576 0.740064
vt 0.903609 0.387318
vt 0.888511 0.388731
vt 0.886112 0.386991
vt 0.884161 0.385380
vt 0.880615 0.385467
vt 0.878609 0.387071
vt 0.938520 0.387322
vt 0.923421 0.388729
vt 0.921023 0.386988
vt 0.919072 0.385376
vt 0.915526 0.385464
vt 0.913519 0.387067
vt 0.909944 0.740333
vt 0.894844 0.741756
vt 0.892443 0.740017
vt 0.890489 0.738406
vt 0.886941 0.738496
vt 0.884936 0.740099
vt 0.726324 0.807549
vt 0.726137 0.812702
vt 0.725840 0.822900
vt 0.724771 0.824105
vt 0.724469 0.828377
vt 0.724492 0.828687
vt 0.723501 0.860290
vt 0.723781 0.849744
vt 0.723091 0.891885
vt 0.723151 0.870825
vt 0.723052 0.896245
vt 0.722924 0.906662
vt 0.874958 0.974815
vt 0.876854 0.976579
vt 0.880340 0.976864
vt 0.882497 0.975431
vt 0.903678 0.621784
vt 0.905576 0.623545
vt 0.909062 0.623825
vt 0.911217 0.622388
vt 0.868730 0.621778
vt 0.870628 0.623540
vt 0.874114 0.623821
vt 0.876269 0.622386
vt 0.945716 0.974781
vt 0.947615 0.976543
vt 0.951101 0.976822
vt 0.953256 0.975386
vt 0.910808 0.974775
vt 0.912706 0.976536
vt 0.916192 0.976816
vt 0.918347 0.975380
vt 0.832183 0.621782
vt 0.834082 0.623544
vt 0.837568 0.623823
vt 0.839723 0.622387
vt 0.840871 0.974950
vt 0.842771 0.976710
vt 0.846257 0.976986
vt 0.848410 0.975548
vt 0.823092 0.667731
vt 0.818668 0.664242
vt 0.811062 0.664316
vt 0.806706 0.667890
vt 0.780673 0.668144
vt 0.754366 0.668400
vt 0.767520 0.668272
vt 0.723635 0.665166
vt 0.728059 0.668656
vt 0.716029 0.665240
vt 0.876396 0.735843
vt 0.876949 0.732729
vt 0.859441 0.737665
vt 0.857602 0.735085
vt 0.855498 0.733874
vt 0.851804 0.734080
vt 0.867016 0.379584
vt 0.866501 0.382708
vt 0.851683 0.384435
vt 0.849818 0.381880
vt 0.847706 0.380663
vt 0.844012 0.380887
vt 0.945656 0.732573
vt 0.945141 0.735697
vt 0.930324 0.737425
vt 0.928460 0.734870
vt 0.926347 0.733653
vt 0.922654 0.733877
vt 0.980572 0.732580
vt 0.980058 0.735705
vt 0.965240 0.737435
vt 0.963376 0.734880
vt 0.961263 0.733664
vt 0.957570 0.733887
vt 0.903602 0.379580
vt 0.903089 0.382705
vt 0.888272 0.384439
vt 0.886407 0.381885
vt 0.884294 0.380669
vt 0.880601 0.380894
vt 0.938516 0.379586
vt 0.938001 0.382710
vt 0.923184 0.384436
vt 0.921319 0.381881
vt 0.919206 0.380665
vt 0.915513 0.380890
vt 0.909930 0.732593
vt 0.909419 0.735719
vt 0.894601 0.737463
vt 0.892733 0.734910
vt 0.890617 0.733696
vt 0.886921 0.733924
vt 0.719770 0.807331
vt 0.721456 0.807528
vt 0.721371 0.812679
vt 0.721401 0.822630
vt 0.719906 0.823396
vt 0.719612 0.827946
vt 0.719626 0.828108
vt 0.718896 0.849445
vt 0.718611 0.860043
vt 0.718223 0.891789
vt 0.718179 0.870655
vt 0.718177 0.896158
vt 0.718040 0.906582
vt 0.874577 0.979489
vt 0.876457 0.981447
vt 0.879943 0.981732
vt 0.882116 0.980105
vt 0.903303 0.626458
vt 0.905186 0.628414
vt 0.908672 0.628694
vt 0.910842 0.627063
vt 0.868354 0.626453
vt 0.870236 0.628409
vt 0.873722 0.628690
vt 0.875893 0.627060
vt 0.945342 0.979456
vt 0.947225 0.981411
vt 0.950711 0.981691
vt 0.952881 0.980060
vt 0.910433 0.979450
vt 0.912315 0.981405
vt 0.915802 0.981685
vt 0.917972 0.980054
vt 0.831808 0.626457
vt 0.833691 0.628412
vt 0.837177 0.628692
vt 0.839348 0.627062
vt 0.840500 0.979624
vt 0.842385 0.981578
vt 0.845870 0.981854
vt 0.848039 0.980222
vt 0.823034 0.661692
vt 0.818605 0.657774
vt 0.810999 0.657848
vt 0.806647 0.661852
vt 0.780614 0.662105
vt 0.767461 0.662233
vt 0.754307 0.662361
vt 0.723572 0.658698
vt 0.728000 0.662617
vt 0.715966 0.658772
vt 0.752815 0.871503
vt 0.753258 0.850953
vt 0.753033 0.861234
vt 0.743612 0.840443
vt 0.753463 0.840646
vt 0.733809 0.839901
vt 0.724065 0.839202
vt 0.719208 0.838829
vt 0.710145 0.838384
vt 0.714378 0.838474
vt 0.708850 0.839255
vt 0.698726 0.838408
vt 0.881402 0.719872
vt 0.882749 0.720496
vt 0.884980 0.721353
vt 0.888453 0.720757
vt 0.890122 0.719110
vt 0.892189 0.717229
vt 0.908743 0.366463
vt 0.911344 0.367450
vt 0.913576 0.368312
vt 0.917052 0.367722
vt 0.918725 0.366079
vt 0.920797 0.364203
vt 0.873825 0.366471
vt 0.876426 0.367457
vt 0.878659 0.368318
vt 0.882135 0.367727
vt 0.883806 0.366084
vt 0.885877 0.364206
vt 0.950799 0.719462
vt 0.953400 0.720448
vt 0.955633 0.721310
vt 0.959108 0.720721
vt 0.960780 0.719078
vt 0.962852 0.717201
vt 0.915884 0.719451
vt 0.918485 0.720438
vt 0.920718 0.721300
vt 0.924194 0.720711
vt 0.925866 0.719068
vt 0.927938 0.717191
vt 0.837244 0.366458
vt 0.839845 0.367445
vt 0.842077 0.368308
vt 0.845553 0.367720
vt 0.847226 0.366077
vt 0.849298 0.364201
vt 0.845131 0.719598
vt 0.847723 0.720614
vt 0.849949 0.721499
vt 0.853431 0.720945
vt 0.855115 0.719317
vt 0.857198 0.717456
vt 0.742724 0.636978
vt 0.740936 0.640064
vt 0.737686 0.644486
vt 0.737760 0.652092
vt 0.741095 0.656450
vt 0.741213 0.668527
vt 0.741154 0.662489
vt 0.741330 0.680605
vt 0.741448 0.692683
vt 0.741565 0.704761
vt 0.741696 0.718233
vt 0.743675 0.835369
vt 0.753523 0.835462
vt 0.733938 0.834717
vt 0.724235 0.833935
vt 0.719355 0.833488
vt 0.710006 0.832874
vt 0.714442 0.833111
vt 0.709098 0.834271
vt 0.699268 0.833211
vt 0.882306 0.724736
vt 0.694161 0.830920
vt 0.886012 0.726478
vt 0.889738 0.726093
vt 0.891615 0.724493
vt 0.892880 0.721691
vt 0.909609 0.371141
vt 0.908805 0.722978
vt 0.914608 0.373441
vt 0.918334 0.373060
vt 0.920212 0.371463
vt 0.921481 0.368664
vt 0.874692 0.371148
vt 0.937404 0.369974
vt 0.879693 0.373446
vt 0.883419 0.373064
vt 0.885296 0.371467
vt 0.886564 0.368667
vt 0.951665 0.724139
vt 0.902487 0.369969
vt 0.956664 0.726439
vt 0.960390 0.726058
vt 0.962268 0.724462
vt 0.963537 0.721663
vt 0.916750 0.724129
vt 0.979460 0.722969
vt 0.921749 0.726428
vt 0.925475 0.726048
vt 0.927354 0.724452
vt 0.928622 0.721653
vt 0.838109 0.371136
vt 0.944545 0.722961
vt 0.843108 0.373438
vt 0.846834 0.373057
vt 0.848713 0.371462
vt 0.849982 0.368663
vt 0.845959 0.724291
vt 0.865905 0.369973
vt 0.850946 0.726637
vt 0.854678 0.726291
vt 0.856573 0.724726
vt 0.857852 0.721928
vt 0.736651 0.637037
vt 0.875916 0.723091
vt 0.730561 0.644555
vt 0.730635 0.652161
vt 0.734519 0.656514
vt 0.734577 0.662553
vt 0.734636 0.668591
vt 0.734753 0.680669
vt 0.734871 0.692747
vt 0.734988 0.704825
vt 0.735120 0.718297
vt 0.854801 0.730180
vt 0.856759 0.730139
vt 0.852091 0.730855
vt 0.866370 0.374959
vt 0.846985 0.376961
vt 0.848941 0.376905
vt 0.844280 0.377653
vt 0.945011 0.727947
vt 0.925627 0.729951
vt 0.927583 0.729896
vt 0.922922 0.730643
vt 0.979926 0.727955
vt 0.960542 0.729961
vt 0.962498 0.729905
vt 0.957837 0.730654
vt 0.902955 0.374955
vt 0.883572 0.376967
vt 0.885527 0.376911
vt 0.880867 0.377660
vt 0.937871 0.374960
vt 0.918485 0.376963
vt 0.920441 0.376907
vt 0.915780 0.377656
vt 0.909279 0.727966
vt 0.889892 0.729994
vt 0.891849 0.729937
vt 0.887187 0.730690
vt 0.714858 0.807378
vt 0.714806 0.827724
vt 0.710589 0.827560
vt 0.723509 0.652231
vt 0.727942 0.656578
vt 0.715903 0.652304
vt 0.876358 0.728091
vt 0.699513 0.831550
vt 0.700273 0.826271
vt 0.719702 0.812717
vt 0.763806 0.871665
vt 0.763946 0.861371
vt 0.764227 0.840681
vt 0.764086 0.851047
vt 0.764297 0.835478
vt 0.961692 0.858022
vt 0.958220 0.857830
vt 0.959025 0.846813
vt 0.962513 0.847107
vt 0.919645 0.505025
vt 0.916173 0.504835
vt 0.916977 0.493818
vt 0.920465 0.494111
vt 0.848150 0.505024
vt 0.844677 0.504834
vt 0.845480 0.493817
vt 0.848968 0.494110
vt 0.856178 0.858216
vt 0.852707 0.858073
vt 0.853379 0.847025
vt 0.856867 0.847282
vt 0.926773 0.858017
vt 0.923300 0.857828
vt 0.924101 0.846811
vt 0.927589 0.847102
vt 0.884730 0.505025
vt 0.881257 0.504835
vt 0.882061 0.493818
vt 0.885549 0.494111
vt 0.891092 0.858065
vt 0.887617 0.857867
vt 0.888443 0.846845
vt 0.891931 0.847144
vt 0.946636 0.859250
vt 0.931219 0.857754
vt 0.931948 0.848584
vt 0.840986 0.494598
vt 0.939510 0.506262
vt 0.924092 0.504763
vt 0.924824 0.495594
vt 0.877567 0.494600
vt 0.910959 0.859322
vt 0.895541 0.857810
vt 0.896288 0.848634
vt 0.912483 0.494598
vt 0.868014 0.506259
vt 0.852597 0.504762
vt 0.853327 0.495592
vt 0.848896 0.847855
vt 0.878163 0.859358
vt 0.860612 0.857884
vt 0.861236 0.848718
vt 0.878824 0.849731
vt 0.981557 0.859259
vt 0.966139 0.857761
vt 0.966872 0.848592
vt 0.919607 0.847595
vt 0.904594 0.506265
vt 0.889177 0.504763
vt 0.889908 0.495594
vt 0.954531 0.847592
vt 0.830160 0.861126
vt 0.819789 0.861073
vt 0.819838 0.850915
vt 0.830124 0.850664
vt 0.963710 0.857837
vt 0.964513 0.847774
vt 0.956214 0.857456
vt 0.956958 0.847147
vt 0.921663 0.504839
vt 0.922465 0.494776
vt 0.914167 0.504462
vt 0.914909 0.494152
vt 0.842671 0.504461
vt 0.843412 0.494152
vt 0.850167 0.504838
vt 0.850968 0.494775
vt 0.850698 0.857725
vt 0.851317 0.847382
vt 0.858188 0.858000
vt 0.858871 0.847926
vt 0.928790 0.857830
vt 0.929589 0.847767
vt 0.921294 0.857455
vt 0.922033 0.847147
vt 0.886747 0.504839
vt 0.887549 0.494776
vt 0.879251 0.504462
vt 0.879994 0.494153
vt 0.893111 0.857882
vt 0.893930 0.847813
vt 0.885610 0.857488
vt 0.886375 0.847175
vt 0.855515 0.888871
vt 0.858131 0.868582
vt 0.781917 0.796018
vt 0.807950 0.795765
vt 0.855995 0.869419
vt 0.853611 0.889367
vt 0.850508 0.888695
vt 0.852374 0.869232
vt 0.848724 0.887744
vt 0.850398 0.868135
vt 0.846956 0.535642
vt 0.849931 0.515382
vt 0.847777 0.516194
vt 0.845041 0.536128
vt 0.841949 0.535430
vt 0.844158 0.515963
vt 0.840186 0.534460
vt 0.842201 0.514841
vt 0.925581 0.888635
vt 0.928555 0.868375
vt 0.926401 0.869186
vt 0.923666 0.889120
vt 0.922782 0.868956
vt 0.920574 0.888423
vt 0.918810 0.887453
vt 0.920825 0.867835
vt 0.960492 0.888640
vt 0.963471 0.868381
vt 0.961317 0.869192
vt 0.958578 0.889125
vt 0.957698 0.868960
vt 0.955486 0.888426
vt 0.953722 0.887455
vt 0.955741 0.867837
vt 0.883529 0.535643
vt 0.886509 0.515383
vt 0.884355 0.516194
vt 0.881614 0.536127
vt 0.880737 0.515963
vt 0.878522 0.535429
vt 0.876758 0.534459
vt 0.878779 0.514841
vt 0.918449 0.535643
vt 0.921425 0.515383
vt 0.919272 0.516195
vt 0.916534 0.536128
vt 0.915653 0.515964
vt 0.913442 0.535431
vt 0.911679 0.534461
vt 0.913695 0.514842
vt 0.889855 0.888690
vt 0.892859 0.868433
vt 0.890704 0.869242
vt 0.887940 0.889172
vt 0.887086 0.869008
vt 0.884849 0.888469
vt 0.883086 0.887497
vt 0.885130 0.867884
vt 0.813625 0.897442
vt 0.818883 0.871698
vt 0.829436 0.872959
vt 0.813490 0.907867
vt 0.767549 0.784160
vt 0.767623 0.791766
vt 0.753372 0.791905
vt 0.753298 0.784299
vt 0.812297 0.791332
vt 0.781874 0.791628
vt 0.781800 0.784022
vt 0.812223 0.783726
vt 0.768763 0.796146
vt 0.755610 0.796274
vt 0.768604 0.779760
vt 0.755451 0.779887
vt 0.781757 0.779632
vt 0.807791 0.779378
vt 0.930578 0.866594
vt 0.945179 0.868930
vt 0.923449 0.513603
vt 0.938051 0.515940
vt 0.894886 0.866654
vt 0.909486 0.869006
vt 0.851954 0.513602
vt 0.866556 0.515938
vt 0.860106 0.866747
vt 0.876853 0.869035
vt 0.965495 0.866601
vt 0.980096 0.868938
vt 0.888533 0.513603
vt 0.903133 0.515944
vt 0.813661 0.893061
vt 0.814430 0.871836
vt 0.818505 0.860995
vt 0.814177 0.861111
vt 0.814192 0.850500
vt 0.818558 0.850420
vt 0.794571 0.861525
vt 0.784712 0.861569
vt 0.784759 0.851257
vt 0.794605 0.851110
vt 0.784339 0.892853
vt 0.784665 0.871895
vt 0.794554 0.871939
vt 0.794163 0.892924
vt 0.794091 0.897268
vt 0.784274 0.897191
vt 0.793940 0.907668
vt 0.784129 0.907581
vt 0.880510 0.907090
vt 0.882640 0.906066
vt 0.881808 0.915859
vt 0.784062 0.912954
vt 0.885296 0.916174
vt 0.886140 0.906411
vt 0.887257 0.917180
vt 0.888061 0.907828
vt 0.909131 0.554057
vt 0.904417 0.918607
vt 0.911260 0.553029
vt 0.910442 0.562823
vt 0.913930 0.563132
vt 0.914760 0.553369
vt 0.915892 0.564135
vt 0.916682 0.554783
vt 0.874205 0.554054
vt 0.933053 0.565539
vt 0.876334 0.553026
vt 0.875513 0.562820
vt 0.879002 0.563130
vt 0.879835 0.553368
vt 0.880963 0.564134
vt 0.881756 0.554782
vt 0.951171 0.907052
vt 0.898123 0.565543
vt 0.953300 0.906025
vt 0.952481 0.915819
vt 0.955969 0.916129
vt 0.956801 0.906366
vt 0.957931 0.917132
vt 0.958722 0.907780
vt 0.916263 0.907049
vt 0.975092 0.918536
vt 0.918392 0.906021
vt 0.917573 0.915815
vt 0.921062 0.916124
vt 0.921892 0.906361
vt 0.923023 0.917127
vt 0.923814 0.907775
vt 0.837638 0.554056
vt 0.940184 0.918530
vt 0.839767 0.553028
vt 0.838949 0.562822
vt 0.842437 0.563131
vt 0.843268 0.553368
vt 0.844399 0.564134
vt 0.845190 0.554782
vt 0.846270 0.907237
vt 0.861560 0.565538
vt 0.848397 0.906207
vt 0.847588 0.915993
vt 0.851076 0.916298
vt 0.851897 0.906538
vt 0.853038 0.917299
vt 0.853821 0.907946
vt 0.872337 0.918868
vt 0.873104 0.909561
vt 0.819452 0.744844
vt 0.819578 0.757780
vt 0.811846 0.744918
vt 0.811972 0.757854
vt 0.807438 0.743145
vt 0.807556 0.755223
vt 0.781523 0.755476
vt 0.781405 0.743399
vt 0.755216 0.755732
vt 0.755098 0.743654
vt 0.768252 0.743527
vt 0.768369 0.755604
vt 0.724419 0.745769
vt 0.728791 0.743910
vt 0.728909 0.755988
vt 0.724545 0.758704
vt 0.716813 0.745843
vt 0.716939 0.758778
vt 0.712405 0.744070
vt 0.712522 0.756148
vt 0.709326 0.742932
vt 0.709438 0.754457
vt 0.862136 0.806115
vt 0.861830 0.797260
vt 0.859787 0.807542
vt 0.859464 0.798252
vt 0.857800 0.808859
vt 0.857449 0.799157
vt 0.853944 0.799321
vt 0.854314 0.809064
vt 0.851880 0.798595
vt 0.852232 0.807974
vt 0.849467 0.797801
vt 0.849796 0.806776
vt 0.854454 0.452949
vt 0.854152 0.444082
vt 0.852101 0.454368
vt 0.851787 0.445071
vt 0.850110 0.455677
vt 0.849771 0.445973
vt 0.846265 0.446130
vt 0.846621 0.455871
vt 0.844201 0.445401
vt 0.844540 0.454775
vt 0.841788 0.444604
vt 0.842106 0.453572
vt 0.933070 0.805941
vt 0.932773 0.797073
vt 0.930716 0.807359
vt 0.930407 0.798061
vt 0.928724 0.808666
vt 0.928391 0.798962
vt 0.924884 0.799116
vt 0.925235 0.808859
vt 0.922821 0.798385
vt 0.923154 0.807761
vt 0.920408 0.797585
vt 0.920720 0.806555
vt 0.968009 0.805949
vt 0.967708 0.797082
vt 0.965655 0.807368
vt 0.965342 0.798070
vt 0.963664 0.808676
vt 0.963327 0.798972
vt 0.959820 0.799128
vt 0.960176 0.808869
vt 0.957756 0.798398
vt 0.958095 0.807772
vt 0.955343 0.797600
vt 0.955661 0.806568
vt 0.891047 0.452952
vt 0.890747 0.444085
vt 0.888693 0.454371
vt 0.888381 0.445073
vt 0.886702 0.455679
vt 0.886365 0.445975
vt 0.882859 0.446131
vt 0.883213 0.455871
vt 0.880795 0.445401
vt 0.881132 0.454775
vt 0.878382 0.444602
vt 0.878698 0.453570
vt 0.925955 0.452951
vt 0.925653 0.444084
vt 0.923601 0.454370
vt 0.923287 0.445072
vt 0.921610 0.455679
vt 0.921272 0.445974
vt 0.917765 0.446131
vt 0.918122 0.455872
vt 0.915701 0.445402
vt 0.916040 0.454777
vt 0.913288 0.444605
vt 0.913606 0.453573
vt 0.897426 0.805980
vt 0.897124 0.797112
vt 0.895072 0.807401
vt 0.894759 0.798102
vt 0.893081 0.808711
vt 0.892744 0.799005
vt 0.889239 0.799163
vt 0.889591 0.808906
vt 0.887176 0.798433
vt 0.887509 0.807811
vt 0.784639 0.824366
vt 0.784326 0.814411
vt 0.793652 0.813921
vt 0.793897 0.824135
vt 0.794606 0.825387
vt 0.794700 0.829718
vt 0.785276 0.829965
vt 0.785150 0.825607
vt 0.774501 0.892758
vt 0.774440 0.897095
vt 0.774605 0.825607
vt 0.774631 0.830484
vt 0.774324 0.815996
vt 0.888902 0.789425
vt 0.886852 0.789076
vt 0.892406 0.789282
vt 0.894430 0.788770
vt 0.896803 0.788204
vt 0.912979 0.435664
vt 0.915378 0.436044
vt 0.917429 0.436394
vt 0.920935 0.436252
vt 0.922960 0.435741
vt 0.925334 0.435176
vt 0.878074 0.435663
vt 0.880473 0.436043
vt 0.882524 0.436394
vt 0.886030 0.436253
vt 0.888055 0.435742
vt 0.890429 0.435177
vt 0.955035 0.788660
vt 0.957434 0.789039
vt 0.959485 0.789390
vt 0.962991 0.789249
vt 0.965015 0.788739
vt 0.967390 0.788174
vt 0.920104 0.788644
vt 0.922503 0.789026
vt 0.924554 0.789378
vt 0.928060 0.789239
vt 0.930085 0.788729
vt 0.932459 0.788165
vt 0.841478 0.435663
vt 0.843877 0.436042
vt 0.845928 0.436392
vt 0.849434 0.436251
vt 0.851459 0.435739
vt 0.853833 0.435174
vt 0.849157 0.788857
vt 0.851556 0.789235
vt 0.853606 0.789584
vt 0.857113 0.789441
vt 0.859138 0.788928
vt 0.861514 0.788363
vt 0.709214 0.731406
vt 0.712287 0.731992
vt 0.716687 0.732907
vt 0.724293 0.732833
vt 0.728674 0.731833
vt 0.768134 0.731449
vt 0.754981 0.731577
vt 0.807321 0.731068
vt 0.781288 0.731321
vt 0.811720 0.731982
vt 0.819326 0.731908
vt 0.871577 0.928195
vt 0.852287 0.926649
vt 0.850293 0.926048
vt 0.846806 0.925759
vt 0.860792 0.574868
vt 0.843641 0.573484
vt 0.841648 0.572881
vt 0.838160 0.572589
vt 0.939416 0.927860
vt 0.922266 0.926476
vt 0.920272 0.925873
vt 0.916785 0.925582
vt 0.974324 0.927866
vt 0.957173 0.926482
vt 0.955179 0.925879
vt 0.951692 0.925587
vt 0.897353 0.574873
vt 0.880203 0.573483
vt 0.878209 0.572880
vt 0.874721 0.572587
vt 0.932285 0.574869
vt 0.915135 0.573485
vt 0.913141 0.572882
vt 0.909653 0.572591
vt 0.903636 0.927937
vt 0.886486 0.926529
vt 0.884493 0.925923
vt 0.881005 0.925627
vt 0.774230 0.912853
vt 0.774299 0.907481
vt 0.835324 0.861263
vt 0.885124 0.847576
vt 0.885640 0.789126
vt 0.775008 0.815174
vt 0.886273 0.807281
vt 0.885953 0.798191
vt 0.819845 0.870834
vt 0.829608 0.871686
vt 0.776229 0.826208
vt 0.776183 0.829839
vt 0.775253 0.830596
vt 0.775428 0.825415
vt 0.834713 0.872035
vt 0.794627 0.830340
vt 0.785093 0.830897
vt 0.775206 0.825472
vt 0.775107 0.830381
vt 0.774804 0.830350
vt 0.774828 0.825549
vt 0.774840 0.815357
vt 0.774492 0.815814
vt 0.712640 0.768225
vt 0.709550 0.765983
vt 0.862468 0.814881
vt 0.860225 0.816819
vt 0.858417 0.818588
vt 0.854878 0.818791
vt 0.852748 0.817356
vt 0.850267 0.815768
vt 0.854767 0.461722
vt 0.852513 0.463645
vt 0.850693 0.465405
vt 0.847151 0.465595
vt 0.845026 0.464153
vt 0.842551 0.462557
vt 0.933379 0.814713
vt 0.931124 0.816636
vt 0.929304 0.818396
vt 0.925761 0.818586
vt 0.923636 0.817143
vt 0.921161 0.815544
vt 0.968320 0.814722
vt 0.966065 0.816645
vt 0.964246 0.818404
vt 0.960704 0.818593
vt 0.958579 0.817150
vt 0.956104 0.815553
vt 0.891357 0.461725
vt 0.889102 0.463647
vt 0.887282 0.465406
vt 0.883740 0.465595
vt 0.881615 0.464152
vt 0.879140 0.462555
vt 0.926267 0.461724
vt 0.924012 0.463647
vt 0.922192 0.465406
vt 0.918651 0.465596
vt 0.916526 0.464154
vt 0.914050 0.462558
vt 0.897738 0.814755
vt 0.895483 0.816679
vt 0.893662 0.818440
vt 0.890119 0.818631
vt 0.887993 0.817191
vt 0.886734 0.816384
vt 0.803062 0.813741
vt 0.803083 0.823944
vt 0.804119 0.825177
vt 0.804305 0.829456
vt 0.804273 0.829765
vt 0.804403 0.861386
vt 0.804411 0.850835
vt 0.804467 0.871926
vt 0.803956 0.892980
vt 0.803878 0.897338
vt 0.803725 0.907755
vt 0.881330 0.897655
vt 0.883503 0.896290
vt 0.887093 0.896669
vt 0.888989 0.898456
vt 0.909937 0.544622
vt 0.912108 0.543254
vt 0.915698 0.543626
vt 0.917597 0.545411
vt 0.875014 0.544619
vt 0.877186 0.543251
vt 0.880776 0.543625
vt 0.882673 0.545410
vt 0.951979 0.897616
vt 0.954150 0.896248
vt 0.957740 0.896623
vt 0.959638 0.898407
vt 0.917069 0.897614
vt 0.919240 0.896245
vt 0.922830 0.896618
vt 0.924728 0.898402
vt 0.838444 0.544621
vt 0.840616 0.543253
vt 0.844205 0.543625
vt 0.846104 0.545410
vt 0.847052 0.897827
vt 0.849218 0.896458
vt 0.852809 0.896807
vt 0.854716 0.898574
vt 0.873864 0.900288
vt 0.819704 0.770716
vt 0.812098 0.770790
vt 0.807673 0.767301
vt 0.781640 0.767554
vt 0.755333 0.767810
vt 0.768487 0.767682
vt 0.729026 0.768066
vt 0.724671 0.771640
vt 0.717064 0.771714
vt 0.880411 0.822757
vt 0.879622 0.819696
vt 0.862582 0.819185
vt 0.860948 0.821899
vt 0.858943 0.823269
vt 0.855245 0.823348
vt 0.870526 0.469660
vt 0.869770 0.466587
vt 0.854865 0.466020
vt 0.853206 0.468714
vt 0.851195 0.470092
vt 0.847497 0.470157
vt 0.949140 0.822651
vt 0.948385 0.819578
vt 0.933477 0.819011
vt 0.931818 0.821704
vt 0.929807 0.823083
vt 0.926107 0.823149
vt 0.984077 0.822661
vt 0.983322 0.819587
vt 0.968418 0.819021
vt 0.966758 0.821714
vt 0.964747 0.823091
vt 0.961048 0.823154
vt 0.907114 0.469667
vt 0.906360 0.466593
vt 0.891454 0.466023
vt 0.889794 0.468716
vt 0.887783 0.470093
vt 0.884083 0.470157
vt 0.942025 0.469663
vt 0.941269 0.466590
vt 0.926365 0.466022
vt 0.924705 0.468715
vt 0.922695 0.470093
vt 0.918995 0.470158
vt 0.913498 0.822692
vt 0.912742 0.819617
vt 0.897836 0.819054
vt 0.896176 0.821748
vt 0.894163 0.823126
vt 0.890461 0.823191
vt 0.809572 0.808545
vt 0.807880 0.808696
vt 0.807826 0.813847
vt 0.807528 0.823794
vt 0.809002 0.824601
vt 0.809173 0.829157
vt 0.809154 0.829319
vt 0.809301 0.850669
vt 0.809298 0.861271
vt 0.809442 0.871892
vt 0.808825 0.893015
vt 0.808753 0.897384
vt 0.808608 0.907807
vt 0.881736 0.892836
vt 0.883998 0.891627
vt 0.887722 0.892056
vt 0.889559 0.893716
vt 0.910336 0.539803
vt 0.912597 0.538589
vt 0.916321 0.539013
vt 0.918160 0.540670
vt 0.875414 0.539800
vt 0.877676 0.538587
vt 0.881400 0.539012
vt 0.883238 0.540670
vt 0.952379 0.892797
vt 0.954640 0.891584
vt 0.958364 0.892009
vt 0.960202 0.893667
vt 0.917467 0.892795
vt 0.919728 0.891581
vt 0.923452 0.892004
vt 0.925291 0.893662
vt 0.838843 0.539802
vt 0.841104 0.538588
vt 0.844828 0.539012
vt 0.846667 0.540669
vt 0.847428 0.893040
vt 0.849679 0.891828
vt 0.853404 0.892219
vt 0.855246 0.893834
vt 0.824118 0.773180
vt 0.819766 0.777184
vt 0.812161 0.777258
vt 0.807732 0.773339
vt 0.781699 0.773593
vt 0.768545 0.773721
vt 0.755392 0.773849
vt 0.729085 0.774104
vt 0.724734 0.778108
vt 0.717127 0.778182
vt 0.774797 0.871800
vt 0.774857 0.861529
vt 0.774913 0.851245
vt 0.774987 0.840936
vt 0.784840 0.841000
vt 0.794654 0.840723
vt 0.804415 0.840289
vt 0.809280 0.840048
vt 0.814118 0.839825
vt 0.818352 0.839851
vt 0.819623 0.840758
vt 0.829766 0.840189
vt 0.886079 0.837637
vt 0.887371 0.836909
vt 0.889527 0.835879
vt 0.893033 0.836200
vt 0.894826 0.837710
vt 0.897034 0.839422
vt 0.913381 0.485070
vt 0.915895 0.483885
vt 0.918051 0.482853
vt 0.921559 0.483170
vt 0.923353 0.484678
vt 0.925563 0.486386
vt 0.878466 0.485070
vt 0.880980 0.483885
vt 0.883136 0.482853
vt 0.886644 0.483170
vt 0.888438 0.484678
vt 0.890648 0.486387
vt 0.955431 0.838063
vt 0.957945 0.836880
vt 0.960101 0.835848
vt 0.963609 0.836167
vt 0.965403 0.837675
vt 0.967613 0.839385
vt 0.920501 0.838067
vt 0.923015 0.836881
vt 0.925170 0.835846
vt 0.928679 0.836161
vt 0.930473 0.837668
vt 0.932683 0.839376
vt 0.841883 0.485069
vt 0.844397 0.483885
vt 0.846553 0.482852
vt 0.850061 0.483169
vt 0.851855 0.484676
vt 0.854065 0.486385
vt 0.849717 0.838296
vt 0.852222 0.837089
vt 0.854371 0.836037
vt 0.857880 0.836324
vt 0.859682 0.837819
vt 0.861900 0.839514
vt 0.879233 0.840120
vt 0.742456 0.796402
vt 0.739121 0.792044
vt 0.739047 0.784437
vt 0.742297 0.780015
vt 0.742238 0.773977
vt 0.742180 0.767938
vt 0.742062 0.755860
vt 0.741945 0.743782
vt 0.741827 0.731705
vt 0.775068 0.835753
vt 0.784915 0.835926
vt 0.794667 0.835537
vt 0.804388 0.835019
vt 0.809279 0.834705
vt 0.814200 0.834462
vt 0.818643 0.834347
vt 0.819511 0.835768
vt 0.829368 0.834979
vt 0.834503 0.834534
vt 0.834536 0.832830
vt 0.890146 0.830686
vt 0.893890 0.830777
vt 0.895887 0.832223
vt 0.897369 0.834916
vt 0.912287 0.835202
vt 0.913135 0.832361
vt 0.918677 0.477657
vt 0.922419 0.477746
vt 0.924415 0.479191
vt 0.925897 0.481883
vt 0.940813 0.482164
vt 0.941661 0.479326
vt 0.883762 0.477656
vt 0.887505 0.477746
vt 0.889501 0.479191
vt 0.890983 0.481883
vt 0.905900 0.482167
vt 0.906748 0.479330
vt 0.960728 0.830653
vt 0.964470 0.830743
vt 0.966466 0.832189
vt 0.967947 0.834881
vt 0.982864 0.835162
vt 0.983712 0.832324
vt 0.925793 0.830650
vt 0.929535 0.830736
vt 0.931532 0.832180
vt 0.933016 0.834872
vt 0.947932 0.835150
vt 0.948780 0.832313
vt 0.847178 0.477656
vt 0.850920 0.477745
vt 0.852916 0.479189
vt 0.854399 0.481881
vt 0.869315 0.482161
vt 0.870163 0.479324
vt 0.854966 0.830836
vt 0.858711 0.830895
vt 0.860718 0.832311
vt 0.862208 0.835002
vt 0.879262 0.835282
vt 0.880115 0.832441
vt 0.731996 0.792113
vt 0.731922 0.784507
vt 0.735720 0.780079
vt 0.735662 0.774041
vt 0.735603 0.768002
vt 0.735485 0.755924
vt 0.735368 0.743846
vt 0.735251 0.731769
vt 0.858533 0.827007
vt 0.860488 0.826897
vt 0.855780 0.826542
vt 0.870242 0.474320
vt 0.850766 0.473840
vt 0.852719 0.473743
vt 0.848016 0.473361
vt 0.948857 0.827310
vt 0.929379 0.826831
vt 0.931333 0.826733
vt 0.926628 0.826353
vt 0.983792 0.827320
vt 0.964317 0.826839
vt 0.966270 0.826742
vt 0.961567 0.826358
vt 0.906829 0.474326
vt 0.887352 0.473842
vt 0.889306 0.473745
vt 0.884602 0.473361
vt 0.941740 0.474323
vt 0.922265 0.473841
vt 0.924218 0.473744
vt 0.919515 0.473362
vt 0.913214 0.827354
vt 0.893734 0.826874
vt 0.895689 0.826776
vt 0.890983 0.826394
vt 0.833906 0.827471
vt 0.813983 0.829067
vt 0.813888 0.824622
vt 0.729144 0.780143
vt 0.724796 0.784576
vt 0.717190 0.784650
vt 0.880175 0.827425
vt 0.828554 0.828014
vt 0.829168 0.833312
vt 0.809494 0.813931
vt 0.886593 0.832715
vt 0.887903 0.831835
vt 0.888986 0.826535
vt 0.808540 0.913185
vt 0.833305 0.894143
vt 0.803013 0.808585
vt 0.884392 0.857562
vt 0.835303 0.850542
vt 0.834919 0.839867
vt 0.879713 0.916507
vt 0.793873 0.913042
vt 0.783992 0.809270
vt 0.774919 0.810005
vt 0.803657 0.913132
vt 0.793402 0.808752
vt 0.764642 0.809919
vt 0.878943 0.925890
vt 0.878094 0.936333
vt 0.694147 0.832624
vt 0.883683 0.725510
vt 0.885185 0.730707
vt 0.884845 0.735445
vt 0.883658 0.736475
vt 0.717963 0.911959
vt 0.874195 0.669901
vt 0.883745 0.741004
vt 0.878124 0.700145
vt 0.879653 0.710042
vt 0.693585 0.837944
vt 0.876484 0.956117
vt 0.875721 0.965466
vt 0.745318 0.808749
vt 0.884813 0.768262
vt 0.722846 0.912039
vt 0.884007 0.750114
vt 0.692912 0.870110
vt 0.692775 0.871418
vt 0.877245 0.946766
vt 0.913876 0.480338
vt 0.916433 0.478807
vt 0.917519 0.473503
vt 0.916811 0.468804
vt 0.914331 0.467042
vt 0.906346 0.895428
vt 0.906772 0.890900
vt 0.912901 0.814977
vt 0.911803 0.504164
vt 0.911725 0.849681
vt 0.912232 0.840053
vt 0.908348 0.563474
vt 0.905205 0.909302
vt 0.912526 0.796704
vt 0.912178 0.787680
vt 0.905979 0.900046
vt 0.912820 0.805783
vt 0.907592 0.572858
vt 0.911787 0.777641
vt 0.906758 0.583301
vt 0.907736 0.720212
vt 0.912279 0.372469
vt 0.913779 0.377671
vt 0.913440 0.382410
vt 0.911106 0.384361
vt 0.899243 0.981503
vt 0.902928 0.316850
vt 0.911176 0.388852
vt 0.905667 0.347546
vt 0.907097 0.357034
vt 0.907301 0.715373
vt 0.905176 0.603085
vt 0.904427 0.612435
vt 0.911015 0.758579
vt 0.912203 0.415746
vt 0.899625 0.976829
vt 0.911434 0.397844
vt 0.902237 0.686630
vt 0.905924 0.593735
vt 0.902457 0.684140
vt 0.878962 0.480338
vt 0.881519 0.478807
vt 0.882606 0.473502
vt 0.934948 0.542359
vt 0.935367 0.537832
vt 0.941428 0.461952
vt 0.876888 0.504165
vt 0.940262 0.496629
vt 0.940760 0.487011
vt 0.873419 0.563470
vt 0.933827 0.556234
vt 0.941055 0.443685
vt 0.940711 0.434662
vt 0.934587 0.546977
vt 0.941348 0.452762
vt 0.876438 0.513757
vt 0.872660 0.572854
vt 0.940325 0.424624
vt 0.871822 0.583297
vt 0.938467 0.518381
vt 0.936339 0.367209
vt 0.877364 0.372475
vt 0.878866 0.377675
vt 0.878529 0.382414
vt 0.876195 0.384364
vt 0.927970 0.628436
vt 0.867977 0.316865
vt 0.876266 0.388855
vt 0.870738 0.347557
vt 0.872173 0.357044
vt 0.935912 0.362375
vt 0.870234 0.603080
vt 0.869482 0.612429
vt 0.939569 0.405564
vt 0.877297 0.415746
vt 0.928345 0.623762
vt 0.876525 0.397846
vt 0.930923 0.333644
vt 0.870985 0.593730
vt 0.931150 0.331155
vt 0.955928 0.833332
vt 0.958485 0.831802
vt 0.959571 0.826499
vt 0.900025 0.542363
vt 0.900446 0.537835
vt 0.906519 0.461955
vt 0.953850 0.857158
vt 0.905347 0.496632
vt 0.905846 0.487014
vt 0.950387 0.916469
vt 0.898900 0.556238
vt 0.906150 0.443686
vt 0.905806 0.434662
vt 0.899663 0.546981
vt 0.906441 0.452764
vt 0.953399 0.866751
vt 0.949630 0.925853
vt 0.905420 0.424623
vt 0.948795 0.936297
vt 0.903550 0.518385
vt 0.901420 0.367204
vt 0.954336 0.725467
vt 0.955836 0.730668
vt 0.955497 0.735406
vt 0.953163 0.737356
vt 0.893020 0.628439
vt 0.944967 0.669854
vt 0.953233 0.741848
vt 0.947718 0.700547
vt 0.949150 0.710035
vt 0.900991 0.362369
vt 0.947214 0.956082
vt 0.946465 0.965432
vt 0.904662 0.405561
vt 0.954259 0.768742
vt 0.893396 0.623765
vt 0.953490 0.750839
vt 0.895984 0.333639
vt 0.947962 0.946731
vt 0.896209 0.331150
vt 0.920994 0.833335
vt 0.923550 0.831803
vt 0.924632 0.826497
vt 0.923921 0.821795
vt 0.921441 0.820031
vt 0.976990 0.895357
vt 0.977410 0.890830
vt 0.983481 0.814949
vt 0.918930 0.857159
vt 0.982310 0.849627
vt 0.982811 0.840009
vt 0.915480 0.916465
vt 0.975868 0.909231
vt 0.983110 0.796682
vt 0.982766 0.787659
vt 0.976629 0.899975
vt 0.983402 0.805759
vt 0.918483 0.866751
vt 0.914723 0.925849
vt 0.982381 0.777621
vt 0.913889 0.936292
vt 0.980513 0.871379
vt 0.978394 0.720204
vt 0.919421 0.725456
vt 0.920920 0.730657
vt 0.920582 0.735395
vt 0.918247 0.737345
vt 0.970009 0.981432
vt 0.910058 0.669843
vt 0.918316 0.741836
vt 0.912806 0.700536
vt 0.914237 0.710023
vt 0.977966 0.715369
vt 0.912306 0.956076
vt 0.911557 0.965426
vt 0.981626 0.758560
vt 0.919336 0.768728
vt 0.970384 0.976758
vt 0.918572 0.750827
vt 0.972969 0.686637
vt 0.913055 0.946726
vt 0.973194 0.684149
vt 0.842378 0.480338
vt 0.844935 0.478807
vt 0.846020 0.473503
vt 0.845311 0.468803
vt 0.842832 0.467041
vt 0.942079 0.895350
vt 0.942499 0.890822
vt 0.948543 0.814941
vt 0.840307 0.504164
vt 0.947386 0.849616
vt 0.947881 0.839997
vt 0.836855 0.563473
vt 0.940959 0.909225
vt 0.948176 0.796677
vt 0.947836 0.787655
vt 0.941719 0.899968
vt 0.948465 0.805753
vt 0.839859 0.513757
vt 0.836099 0.572856
vt 0.947454 0.777616
vt 0.835264 0.583300
vt 0.945596 0.871370
vt 0.943480 0.720195
vt 0.840779 0.372465
vt 0.842278 0.377668
vt 0.841939 0.382407
vt 0.839605 0.384357
vt 0.935100 0.981428
vt 0.831433 0.316847
vt 0.839675 0.388849
vt 0.834172 0.347541
vt 0.835599 0.357029
vt 0.943052 0.715361
vt 0.833682 0.603084
vt 0.832933 0.612433
vt 0.946705 0.758554
vt 0.840701 0.415744
vt 0.935475 0.976754
vt 0.839932 0.397841
vt 0.938057 0.686628
vt 0.834430 0.593733
vt 0.938284 0.684140
vt 0.850180 0.833554
vt 0.852728 0.832002
vt 0.853785 0.826695
vt 0.853053 0.822006
vt 0.850566 0.820253
vt 0.863455 0.542358
vt 0.863874 0.537830
vt 0.869929 0.461949
vt 0.848332 0.857458
vt 0.868765 0.496626
vt 0.869263 0.487008
vt 0.845496 0.916646
vt 0.862334 0.556233
vt 0.869555 0.443682
vt 0.869210 0.434660
vt 0.863094 0.546975
vt 0.869848 0.452759
vt 0.848038 0.867081
vt 0.844746 0.926028
vt 0.868823 0.424622
vt 0.843919 0.936471
vt 0.866973 0.518379
vt 0.864840 0.367208
vt 0.848622 0.725646
vt 0.850089 0.730856
vt 0.849722 0.735587
vt 0.847377 0.737526
vt 0.856475 0.628436
vt 0.840130 0.669785
vt 0.847425 0.742020
vt 0.842261 0.700586
vt 0.843567 0.710129
vt 0.864414 0.362374
vt 0.842354 0.956254
vt 0.841613 0.965602
vt 0.868068 0.405562
vt 0.848390 0.768937
vt 0.856850 0.623761
vt 0.847647 0.751021
vt 0.859428 0.333641
vt 0.843094 0.946904
vt 0.859654 0.331153
vt 0.738231 0.799511
vt 0.735880 0.796466
vt 0.744305 0.799452
vt 0.712699 0.774264
vt 0.709606 0.771746
vt 0.874236 0.895655
vt 0.824059 0.767141
vt 0.879751 0.815072
vt 0.768601 0.799215
vt 0.780749 0.799097
vt 0.756453 0.799333
vt 0.823824 0.742986
vt 0.823707 0.730908
vt 0.879390 0.796817
vt 0.879055 0.787789
vt 0.823942 0.755064
vt 0.879670 0.805894
vt 0.823576 0.717436
vt 0.878676 0.777745
vt 0.877330 0.871473
vt 0.874581 0.891042
vt 0.729303 0.796530
vt 0.874850 0.720322
vt 0.734359 0.640128
vt 0.874455 0.715493
vt 0.711614 0.662776
vt 0.708571 0.665354
vt 0.867304 0.981752
vt 0.867675 0.977078
vt 0.708627 0.671117
vt 0.767020 0.636742
vt 0.869844 0.686738
vt 0.873318 0.705918
vt 0.823327 0.691886
vt 0.869906 0.949037
vt 0.877921 0.758674
vt 0.708964 0.705693
vt 0.868418 0.967730
vt 0.708740 0.682642
vt 0.870134 0.684248
vt 0.866933 0.986425
vt 0.711555 0.656737
vt 0.699077 0.891979
vt 0.693721 0.892250
vt 0.874195 0.984163
vt 0.709139 0.891669
vt 0.818542 0.651306
vt 0.865912 0.665019
vt 0.806429 0.639427
vt 0.879545 0.986601
vt 0.875803 0.667587
vt 0.881734 0.984779
vt 0.869589 0.314554
vt 0.873330 0.633558
vt 0.875517 0.631734
vt 0.926582 0.312031
vt 0.867977 0.631127
vt 0.915411 0.986554
vt 0.911670 0.667532
vt 0.968620 0.665026
vt 0.910058 0.984124
vt 0.917597 0.984729
vt 0.845484 0.986722
vt 0.841791 0.667510
vt 0.855087 0.312029
vt 0.840130 0.984298
vt 0.847668 0.984896
vt 0.833047 0.314537
vt 0.836787 0.633561
vt 0.838973 0.631736
vt 0.933710 0.665017
vt 0.831433 0.631131
vt 0.908281 0.633562
vt 0.904541 0.314540
vt 0.897840 0.665024
vt 0.902928 0.631133
vt 0.910468 0.631737
vt 0.950321 0.986560
vt 0.946580 0.667544
vt 0.891628 0.312030
vt 0.944967 0.984131
vt 0.952507 0.984735
vt 0.814321 0.814151
vt 0.814481 0.808724
vt 0.818205 0.829018
vt 0.827958 0.893726
vt 0.813423 0.913244
vt 0.817908 0.893143
vt 0.714871 0.812806
vt 0.694938 0.825580
vt 0.715021 0.823284
vt 0.888270 0.821838
vt 0.887006 0.820905
vt 0.881898 0.468803
vt 0.879419 0.467039
vt 0.958863 0.821800
vt 0.956383 0.820037
vt 0.834815 0.873346
vt 0.883927 0.867610
vt 0.909900 0.871448
vt 0.911354 0.513757
vt 0.819829 0.783652
vt 0.824177 0.779219
vt 0.724870 0.792182
vt 0.712757 0.780303
vt 0.723435 0.644624
vt 0.727782 0.640191
vn 1.000000 0.000000 0.000000
vn 1.000000 0.000000 0.000000
vn 1.000000 0.000000 0.000000
vn 1.000000 0.000000 0.000000
vn 1.000000 0.000000 0.000000
vn 1.000000 0.000000 0.000000
vn 1.000000 0.000000 0.000000
vn 1.000000 0.000000 0.000000
vn 1.000000 0.000000 0.000000
vn 1.000000 0.000000 0.000000
vn 1.000000 0.000000 0.000000
vn 1.000000 0.000000 0.000000
vn 1.000000 0.000000 0.000000
vn 1.000000 0.000000 0.000000
vn 1.000000 0.000000 0.000000
vn 1.000000 0.000000 0.000000
vn 1.000000 0.000000 0.000000
vn 1.000000 0.000000 0.000000
vn 1.000000 0.000000 0.000000
vn 1.000000 0.000000 0.000000
vn 1.000000 0.000000 0.000000
vn 1.000000 0.000000 0.000000
vn 1.000000 0.000000 0.000000
vn 1.000000 0.000000 0.000000
vn 1.000000 0.000000 0.000000
vn 1.000000 0.000000 0.000000
vn 1.000000 0.000000 0.000000
vn 1.000000 0.000000 0.000000
vn 1.000000 0.000000 0.000000
vn 1.000000 0.000000 0.000000
vn 1.000000 0.000000 0.000000
vn 1.000000 0.000000 0.000000
vn 1.000000 0.000000 0.000000
vn 1.000000 0.000000 0.000000
vn 1.000000 0.000000 0.000000
vn 1.000000 0.000000 0.000000
vn 1.000000 0.000000 0.000000
vn 1.000000 0.000000 0.000000
vn 1.000000 0.000000 0.000000
vn 1.000000 0.000000 0.000000
vn 1.000000 0.000000 0.000000
vn 1.000000 0.000000 0.000000
vn 1.000000 0.000000 0.000000
vn 1.000000 0.000000 0.000000
vn 1.000000 0.000000 0.000000
vn 1.000000 0.000000 0.000000
vn 1.000000 0.000000 0.000000
vn 1.000000 0.000000 0.000000
vn 1.000000 0.000000 0.000000
vn 1.000000 0.000000 0.000000
vn 1.000000 0.000000 0.000000
vn 1.000000 0.000000 0.000000
vn 1.000000 0.000000 0.000000
vn 1.000000 0.000000 0.000000
vn 1.000000 0.000000 0.000000
vn 1.000000 0.000000 0.000000
vn 1.000000 0.000000 0.000000
vn 1.000000 0.000000 0.000000
vn 1.000000 0.000000 0.000000
vn 1.000000 0.000000 0.000000
vn 0.298946 0.954270 0.000000
vn 0.298946 0.954270 0.000000
vn 0.196116 0.980581 0.000000
vn 0.196116 0.980581 0.000000
vn 0.196116 -0.980581 0.000000
vn 0.196116 -0.980581 0.000000
vn 0.298938 -0.954273 0.000000
vn 0.298938 -0.954273 0.000000
vn 0.298936 0.954273 0.000000
vn 0.298936 0.954273 0.000000
vn 0.196112 0.980582 0.000000
vn 0.196112 0.980582 0.000000
vn 0.196116 -0.980581 0.000000
vn 0.196116 -0.980581 0.000000
vn 0.298939 -0.954272 0.000000
vn 0.298939 -0.954272 0.000000
vn 0.196082 -0.980588 0.000000
vn 0.196082 -0.980588 0.000000
vn 0.298931 -0.954275 0.000000
vn 0.298931 -0.954275 0.000000
vn 0.298955 0.954267 0.000000
vn 0.298955 0.954267 0.000000
vn 0.196139 0.980576 0.000000
vn 0.196139 0.980576 0.000000
vn 0.196101 -0.980584 0.000000
vn 0.196101 -0.980584 0.000000
vn 0.298920 -0.954278 0.000000
vn 0.298920 -0.954278 0.000000
vn 0.298956 0.954267 0.000000
vn 0.298956 0.954267 0.000000
vn 0.196124 0.980579 0.000000
vn 0.196124 0.980579 0.000000
vn 0.298953 0.954268 0.000000
vn 0.298953 0.954268 0.000000
vn 0.196132 0.980578 0.000000
vn 0.196132 0.980578 0.000000
vn 0.196097 -0.980585 0.000000
vn 0.196097 -0.980585 0.000000
vn 0.298934 -0.954274 0.000000
vn 0.298934 -0.954274 0.000000
vn 0.298945 0.954271 0.000000
vn 0.298945 0.954271 0.000000
vn 0.196112 0.980582 0.000000
vn 0.196112 0.980582 0.000000
vn 0.196116 -0.980581 0.000000
vn 0.196116 -0.980581 0.000000
vn 0.298936 -0.954273 0.000000
vn 0.298936 -0.954273 0.000000
vn 0.298943 0.954271 0.000000
vn 0.298943 0.954271 0.000000
vn 0.196120 0.980580 0.000000
vn 0.196120 0.980580 0.000000
vn 0.196116 -0.980581 0.000000
vn 0.196116 -0.980581 0.000000
vn 0.184680 -0.982799 0.000000
vn 0.184680 -0.982799 0.000000
vn 1.000000 0.000000 0.000000
vn 1.000000 0.000000 0.000000
vn 1.000000 0.000000 0.000000
vn 1.000000 0.000000 0.000000
vn 0.196124 0.980579 0.000000
vn 0.160252 0.986381 -0.037033
vn 0.160252 0.986381 -0.037033
vn 0.243007 0.970025 0.000000
vn 1.000000 0.000000 0.000000
vn 1.000000 0.000000 0.000000
vn 1.000000 0.000000 0.000000
vn 1.000000 0.000000 0.000000
vn 0.160233 -0.986385 -0.037028
vn 0.160232 -0.986385 -0.037028
vn 0.196101 -0.980584 0.000000
vn 0.242977 -0.970032 0.000000
vn 1.000000 0.000000 0.000000
vn 1.000000 0.000000 0.000000
vn 1.000000 0.000000 0.000000
vn 1.000000 0.000000 0.000000
vn 0.196139 0.980576 0.000000
vn 0.160264 0.986379 -0.037034
vn 0.160264 0.986379 -0.037034
vn 0.243014 0.970023 0.000000
vn 1.000000 0.000000 0.000000
vn 1.000000 0.000000 0.000000
vn 1.000000 0.000000 0.000000
vn 1.000000 0.000000 0.000000
vn 0.160217 -0.986387 -0.037025
vn 0.160217 -0.986387 -0.037025
vn 0.196082 -0.980588 0.000000
vn 0.242972 -0.970033 0.000000
vn 1.000000 0.000000 0.000000
vn 1.000000 0.000000 0.000000
vn 1.000000 0.000000 0.000000
vn 1.000000 0.000000 0.000000
vn 0.196131 0.980578 0.000000
vn 0.160258 0.986380 -0.037034
vn 0.160258 0.986380 -0.037034
vn 0.243009 0.970024 0.000000
vn 1.000000 0.000000 0.000000
vn 1.000000 0.000000 0.000000
vn 1.000000 0.000000 0.000000
vn 1.000000 0.000000 0.000000
vn 0.160229 -0.986385 -0.037028
vn 0.160229 -0.986385 -0.037028
vn 0.196097 -0.980585 0.000000
vn 0.242982 -0.970031 0.000000
vn 1.000000 0.000000 0.000000
vn 1.000000 0.000000 0.000000
vn 1.000000 0.000000 0.000000
vn 1.000000 0.000000 0.000000
vn 0.196116 0.980581 0.000000
vn 0.160245 0.986382 -0.037032
vn 0.160245 0.986382 -0.037032
vn 0.242998 0.970027 0.000000
vn 1.000000 0.000000 0.000000
vn 1.000000 0.000000 0.000000
vn 1.000000 0.000000 0.000000
vn 1.000000 0.000000 0.000000
vn 0.160245 -0.986382 -0.037031
vn 0.160245 -0.986382 -0.037031
vn 0.196116 -0.980581 0.000000
vn 0.242994 -0.970028 0.000000
vn 1.000000 0.000000 0.000000
vn 1.000000 0.000000 0.000000
vn 1.000000 0.000000 0.000000
vn 1.000000 0.000000 0.000000
vn 0.196112 0.980581 0.000000
vn 0.160242 0.986383 -0.037030
vn 0.160242 0.986383 -0.037030
vn 0.242995 0.970028 0.000000
vn 1.000000 0.000000 0.000000
vn 1.000000 0.000000 0.000000
vn 1.000000 0.000000 0.000000
vn 1.000000 0.000000 0.000000
vn 0.160245 -0.986382 -0.037031
vn 0.160245 -0.986382 -0.037031
vn 0.196116 -0.980581 0.000000
vn 0.242993 -0.970028 0.000000
vn 1.000000 0.000000 0.000000
vn 1.000000 0.000000 0.000000
vn 1.000000 0.000000 0.000000
vn 1.000000 0.000000 0.000000
vn 0.196112 0.980581 0.000000
vn 0.160242 0.986383 -0.037030
vn 0.160242 0.986383 -0.037030
vn 0.242991 0.970029 0.000000
vn 1.000000 0.000000 0.000000
vn 1.000000 0.000000 0.000000
vn 1.000000 0.000000 0.000000
vn 1.000000 0.000000 0.000000
vn 0.160245 -0.986382 -0.037031
vn 0.160245 -0.986382 -0.037031
vn 0.196116 -0.980581 0.000000
vn 0.242994 -0.970028 0.000000
vn 1.000000 0.000000 0.000000
vn 1.000000 0.000000 0.000000
vn 1.000000 0.000000 0.000000
vn 1.000000 0.000000 0.000000
vn 0.196120 0.980580 0.000000
vn 0.160248 0.986382 -0.037032
vn 0.160249 0.986382 -0.037032
vn 0.242998 0.970027 0.000000
vn 1.000000 0.000000 0.000000
vn 1.000000 0.000000 0.000000
vn 1.000000 0.000000 0.000000
vn 1.000000 0.000000 0.000000
vn 0.160245 -0.986382 -0.037031
vn 0.160245 -0.986382 -0.037031
vn 0.196116 -0.980581 0.000000
vn 0.191083 -0.981574 0.000000
vn 1.000000 0.000000 0.000000
vn 1.000000 0.000000 0.000000
vn 1.000000 0.000000 0.000000
vn 1.000000 0.000000 0.000000
vn 1.000000 0.000000 0.000000
vn 1.000000 0.000000 0.000000
vn 1.000000 0.000000 0.000000
vn 1.000000 0.000000 0.000000
vn 1.000000 0.000000 0.000000
vn 1.000000 0.000000 0.000000
vn 1.000000 0.000000 0.000000
vn 1.000000 0.000000 0.000000
vn 0.000000 -1.000000 0.000000
vn 0.000000 -1.000000 0.000000
vn 0.156139 -0.987735 0.000000
vn 0.156139 -0.987735 0.000000
vn 0.000000 1.000000 0.000000
vn 0.000000 1.000000 0.000000
vn 0.000000 1.000000 0.000000
vn 0.000000 1.000000 0.000000
vn 0.000000 -1.000000 -0.000000
vn 0.000000 -1.000000 -0.000000
vn 0.000000 -1.000000 0.000000
vn 0.054636 -0.998506 0.000000
vn 0.000000 1.000000 0.000000
vn 0.000000 1.000000 0.000000
vn 0.000000 1.000000 0.000000
vn 0.000000 1.000000 0.000000
vn 0.390562 -0.920577 0.000000
vn 0.390562 -0.920577 0.000000
vn 0.390551 0.000000 0.920581
vn 0.390551 0.000000 0.920581
vn 0.390551 0.000000 0.920581
vn 0.390551 0.000000 0.920581
vn 0.390562 0.920577 0.000000
vn 0.390562 0.920577 0.000000
vn 0.390543 -0.920585 0.000000
vn 0.390543 -0.920585 0.000000
vn 0.390551 0.000000 0.920581
vn 0.390551 0.000000 0.920582
vn 0.390551 0.000000 0.920581
vn 0.390551 0.000000 0.920582
vn 0.390547 0.920583 0.000000
vn 0.390547 0.920583 0.000000
vn 0.390549 -0.920582 0.000000
vn 0.390549 -0.920582 0.000000
vn 0.390550 0.000000 0.920582
vn 0.390550 0.000000 0.920582
vn 0.390550 0.000000 0.920582
vn 0.390550 0.000000 0.920582
vn 0.390553 0.920580 0.000000
vn 0.390553 0.920581 0.000000
vn 0.390527 -0.920591 0.000000
vn 0.390527 -0.920591 0.000000
vn 0.390550 0.000000 0.920582
vn 0.390550 0.000000 0.920582
vn 0.390550 0.000000 0.920582
vn 0.390550 0.000000 0.920582
vn 0.390559 0.920578 0.000000
vn 0.390559 0.920578 0.000000
vn 0.390550 -0.920582 0.000000
vn 0.390550 -0.920582 0.000000
vn 0.390550 0.000000 0.920582
vn 0.390550 0.000000 0.920582
vn 0.390550 0.000000 0.920582
vn 0.390550 0.000000 0.920582
vn 0.390573 0.920572 0.000000
vn 0.390573 0.920572 0.000000
vn 0.390556 -0.920579 0.000000
vn 0.390556 -0.920579 0.000000
vn 0.390551 0.000000 0.920582
vn 0.390551 0.000000 0.920581
vn 0.390551 0.000000 0.920582
vn 0.390551 0.000000 0.920582
vn 0.390562 0.920577 0.000000
vn 0.390562 0.920577 0.000000
vn 0.390547 -0.920583 0.000000
vn 0.390547 -0.920583 0.000000
vn 0.390551 0.000000 0.920582
vn 0.390551 0.000000 0.920582
vn 0.390551 0.000000 0.920582
vn 0.390550 0.000000 0.920582
vn 0.390562 0.920577 0.000000
vn 0.390562 0.920577 0.000000
vn 1.000000 0.000000 0.000000
vn 1.000000 0.000000 0.000000
vn 1.000000 0.000000 0.000000
vn 1.000000 0.000000 0.000000
vn 1.000000 0.000000 0.000000
vn 1.000000 0.000000 0.000000
vn -0.000000 -1.000000 0.000000
vn -0.000000 -1.000000 0.000000
vn -0.000000 -1.000000 0.000000
vn -0.000000 -1.000000 0.000000
vn 0.000000 -1.000000 0.000000
vn 0.000000 -1.000000 0.000000
vn 0.000000 -1.000000 0.000000
vn 0.000000 -1.000000 0.000000
vn 0.000000 0.000000 -1.000000
vn 0.000000 0.000000 -1.000000
vn 0.000000 0.000000 -1.000000
vn 0.000000 0.000000 -1.000000
vn 0.000000 0.000000 -1.000000
vn 0.000000 0.000000 -1.000000
vn 0.000000 -0.980581 -0.196116
vn 0.000000 -0.980581 -0.196115
vn 0.000000 -0.980581 -0.196115
vn 0.000000 -0.980581 -0.196116
vn 0.000000 0.000000 -1.000000
vn 0.000000 0.000000 -1.000000
vn 0.000000 0.000000 -1.000000
vn 0.000000 0.000000 -1.000000
vn 0.000000 0.980580 -0.196120
vn 0.000000 0.980580 -0.196120
vn 0.000000 0.980580 -0.196120
vn 0.000000 0.980580 -0.196120
vn 0.000000 0.000000 -1.000000
vn 0.000000 0.000000 -1.000000
vn 0.000000 0.000000 -1.000000
vn 0.000000 0.000000 -1.000000
vn 0.000000 -0.980581 -0.196116
vn 0.000000 -0.980581 -0.196116
vn 0.000000 -0.980581 -0.196116
vn 0.000000 -0.980581 -0.196115
vn 0.000000 0.000000 -1.000000
vn 0.000000 0.000000 -1.000000
vn 0.000000 0.000000 -1.000000
vn 0.000000 0.000000 -1.000000
vn 0.000000 0.980582 -0.196111
vn 0.000000 0.980582 -0.196111
vn 0.000000 0.980582 -0.196112
vn 0.000000 0.980582 -0.196111
vn 0.000000 0.000000 -1.000000
vn 0.000000 0.000000 -1.000000
vn 0.000000 0.000000 -1.000000
vn 0.000000 0.000000 -1.000000
vn 0.000000 -0.980581 -0.196116
vn 0.000000 -0.980581 -0.196116
vn 0.000000 -0.980581 -0.196116
vn 0.000000 -0.980581 -0.196116
vn 0.000000 0.000000 -1.000000
vn 0.000000 0.000000 -1.000000
vn 0.000000 0.000000 -1.000000
vn 0.000000 0.000000 -1.000000
vn 0.000000 0.980582 -0.196112
vn 0.000000 0.980581 -0.196112
vn 0.000000 0.980582 -0.196112
vn 0.000000 0.980582 -0.196112
vn 0.000000 0.000000 -1.000000
vn 0.000000 0.000000 -1.000000
vn 0.000000 0.000000 -1.000000
vn 0.000000 0.000000 -1.000000
vn 0.000000 -0.980580 -0.196118
vn 0.000000 -0.980581 -0.196117
vn 0.000000 -0.980581 -0.196117
vn 0.000000 -0.980580 -0.196118
vn 0.000000 0.000000 -1.000000
vn 0.000000 0.000000 -1.000000
vn 0.000000 0.000000 -1.000000
vn 0.000000 0.000000 -1.000000
vn 0.000000 0.980581 -0.196117
vn 0.000000 0.980581 -0.196118
vn 0.000000 0.980580 -0.196118
vn 0.000000 0.980581 -0.196117
vn 0.000000 0.000000 -1.000000
vn 0.000000 0.000000 -1.000000
vn 0.000000 0.000000 -1.000000
vn 0.000000 0.000000 -1.000000
vn 0.000000 -0.980584 -0.196098
vn 0.000000 -0.980585 -0.196097
vn 0.000000 -0.980584 -0.196097
vn 0.000000 -0.980584 -0.196098
vn 0.000000 0.000000 -1.000000
vn 0.000000 0.000000 -1.000000
vn 0.000000 0.000000 -1.000000
vn 0.000000 0.000000 -1.000000
vn 0.000000 0.980578 -0.196132
vn 0.000000 0.980578 -0.196130
vn 0.000000 0.980578 -0.196131
vn 0.000000 0.980578 -0.196131
vn 0.000000 0.000000 -1.000000
vn 0.000000 0.000000 -1.000000
vn 0.000000 0.000000 -1.000000
vn 0.000000 0.000000 -1.000000
vn 0.000000 -0.980588 -0.196080
vn 0.000000 -0.980588 -0.196082
vn 0.000000 -0.980588 -0.196082
vn 0.000000 -0.980588 -0.196078
vn 0.000000 0.000000 -1.000000
vn 0.000000 0.000000 -1.000000
vn 0.000000 0.000000 -1.000000
vn 0.000000 0.000000 -1.000000
vn 0.000000 0.980576 -0.196139
vn 0.000000 0.980576 -0.196140
vn 0.000000 0.980576 -0.196141
vn 0.000000 0.980576 -0.196139
vn 0.000000 0.000000 -1.000000
vn 0.000000 0.000000 -1.000000
vn 0.000000 0.000000 -1.000000
vn 0.000000 0.000000 -1.000000
vn 0.000000 -0.980583 -0.196103
vn 0.000000 -0.980583 -0.196103
vn 0.000000 -0.980583 -0.196103
vn 0.000000 -0.980584 -0.196102
vn 0.000000 0.000000 -1.000000
vn 0.000000 0.000000 -1.000000
vn 0.000000 0.000000 -1.000000
vn 0.000000 0.000000 -1.000000
vn 0.000000 0.980580 -0.196122
vn 0.000000 0.980579 -0.196125
vn 0.000000 0.980579 -0.196124
vn 0.000000 0.980579 -0.196123
vn 0.000000 0.000000 -1.000000
vn 0.000000 0.000000 -1.000000
vn 0.000000 0.000000 -1.000000
vn 0.000000 0.000000 -1.000000
vn 0.000000 -1.000000 -0.000001
vn 0.000000 -1.000000 -0.000001
vn 0.000000 -1.000000 -0.000002
vn 0.000000 -1.000000 0.000000
vn 0.000000 0.000000 -1.000000
vn 0.000000 0.000000 -1.000000
vn 0.000000 0.000000 -1.000000
vn 0.000000 0.000000 -1.000000
vn 0.000000 1.000000 0.000000
vn 0.000000 1.000000 0.000000
vn 0.000000 1.000000 0.000000
vn 0.000000 1.000000 0.000000
vn 0.000000 1.000000 0.000000
vn 0.000000 1.000000 0.000000
vn 0.000000 1.000000 0.000000
vn 0.000000 1.000000 0.000000
vn 0.000000 1.000000 0.000000
vn 0.000000 1.000000 0.000000
vn 0.000000 1.000000 -0.000000
vn 0.000000 1.000000 -0.000000
vn 0.000000 1.000000 -0.000000
vn 0.000000 1.000000 -0.000000
vn 0.000000 0.000000 1.000000
vn 0.000000 0.000000 1.000000
vn 0.000000 0.000000 1.000000
vn 0.000000 0.000000 1.000000
vn 0.000000 -0.987402 0.158231
vn 0.000000 -0.987402 0.158230
vn 0.000000 -1.000000 0.000001
vn 0.000000 -1.000000 0.000002
vn 0.000000 -0.920581 0.390552
vn 0.000000 -0.920581 0.390552
vn 0.000000 0.000000 1.000000
vn 0.000000 0.000000 1.000000
vn 0.000000 0.000000 1.000000
vn 0.000000 0.000000 1.000000
vn 0.000000 0.920573 0.390572
vn 0.000000 0.920572 0.390574
vn 0.000000 0.953789 0.300477
vn 0.000000 0.953789 0.300477
vn 0.000000 0.980578 0.196127
vn 0.000000 0.980579 0.196124
vn 0.000000 0.000000 1.000000
vn 0.000000 0.000000 1.000000
vn 0.000000 0.000000 1.000000
vn 0.000000 0.000000 1.000000
vn 0.000000 -0.953801 0.300439
vn 0.000000 -0.953801 0.300438
vn 0.000000 -0.980585 0.196096
vn 0.000000 -0.980584 0.196099
vn 0.000000 -0.920592 0.390526
vn 0.000000 -0.920591 0.390527
vn 0.000000 0.000000 1.000000
vn 0.000000 0.000000 1.000000
vn 0.000000 0.000000 1.000000
vn 0.000000 0.000000 1.000000
vn 0.000000 0.920578 0.390559
vn 0.000000 0.920577 0.390560
vn 0.000000 0.953789 0.300476
vn 0.000000 0.953790 0.300475
vn 0.000000 0.980576 0.196141
vn 0.000000 0.980576 0.196139
vn 0.000000 0.000000 1.000000
vn 0.000000 0.000000 1.000000
vn 0.000000 0.000000 1.000000
vn 0.000000 0.000000 1.000000
vn 0.000000 -0.953798 0.300449
vn 0.000000 -0.953797 0.300451
vn 0.000000 -0.980588 0.196078
vn 0.000000 -0.980588 0.196082
vn 0.000000 -0.920578 0.390559
vn 0.000000 -0.920577 0.390561
vn 0.000000 0.000000 1.000000
vn 0.000000 0.000000 1.000000
vn 0.000000 0.000000 1.000000
vn 0.000000 0.000000 1.000000
vn 0.000000 0.920577 0.390561
vn 0.000000 0.920577 0.390561
vn 0.000000 0.953791 0.300472
vn 0.000000 0.953790 0.300473
vn 0.000000 0.980577 0.196133
vn 0.000000 0.980578 0.196130
vn 0.000000 0.000000 1.000000
vn 0.000000 0.000000 1.000000
vn 0.000000 0.000000 1.000000
vn 0.000000 0.000000 1.000000
vn 0.000000 -0.953797 0.300453
vn 0.000000 -0.953797 0.300452
vn 0.000000 -0.980584 0.196098
vn 0.000000 -0.980585 0.196096
vn 0.000000 -0.920580 0.390555
vn 0.000000 -0.920580 0.390554
vn 0.000000 0.000000 1.000000
vn 0.000000 0.000000 1.000000
vn 0.000000 0.000000 1.000000
vn 0.000000 0.000000 1.000000
vn 0.000000 0.920577 0.390561
vn 0.000000 0.920577 0.390560
vn 0.000000 0.953793 0.300465
vn 0.000000 0.953793 0.300466
vn 0.000000 0.980581 0.196116
vn 0.000000 0.980580 0.196117
vn 0.000000 0.000000 1.000000
vn 0.000000 0.000000 1.000000
vn 0.000000 0.000000 1.000000
vn 0.000000 0.000000 1.000000
vn 0.000000 -0.953795 0.300458
vn 0.000000 -0.953795 0.300457
vn 0.000000 -0.980581 0.196117
vn 0.000000 -0.980581 0.196117
vn 0.000000 -0.920583 0.390547
vn 0.000000 -0.920584 0.390545
vn 0.000000 0.000000 1.000000
vn 0.000000 0.000000 1.000000
vn 0.000000 0.000000 1.000000
vn 0.000000 0.000000 1.000000
vn 0.000000 0.920577 0.390561
vn 0.000000 0.920577 0.390561
vn 0.000000 0.953793 0.300464
vn 0.000000 0.953793 0.300464
vn 0.000000 0.980582 0.196112
vn 0.000000 0.980581 0.196113
vn 0.000000 0.000000 1.000000
vn 0.000000 0.000000 1.000000
vn 0.000000 0.000000 1.000000
vn 0.000000 0.000000 1.000000
vn 0.000000 -0.953796 0.300455
vn 0.000000 -0.953796 0.300455
vn 0.000000 -0.980581 0.196117
vn 0.000000 -0.980581 0.196115
vn 0.000000 -0.920585 0.390543
vn 0.000000 -0.920584 0.390544
vn 0.000000 0.000000 1.000000
vn 0.000000 0.000000 1.000000
vn 0.000000 0.000000 1.000000
vn 0.000000 0.000000 1.000000
vn 0.000000 0.920583 0.390547
vn 0.000000 0.920583 0.390547
vn 0.000000 0.953796 0.300456
vn 0.000000 0.953796 0.300455
vn 0.000000 0.980582 0.196112
vn 0.000000 0.980582 0.196112
vn 0.000000 0.000000 1.000000
vn 0.000000 0.000000 1.000000
vn 0.000000 0.000000 1.000000
vn 0.000000 0.000000 1.000000
vn 0.000000 -0.953795 0.300458
vn 0.000000 -0.953795 0.300459
vn 0.000000 -0.980581 0.196115
vn 0.000000 -0.980581 0.196117
vn 0.000000 -0.920583 0.390548
vn 0.000000 -0.920583 0.390548
vn 0.000000 0.000000 1.000000
vn 0.000000 0.000000 1.000000
vn 0.000000 0.000000 1.000000
vn 0.000000 0.000000 1.000000
vn 0.000000 0.920581 0.390553
vn 0.000000 0.920581 0.390553
vn 0.000000 0.953794 0.300463
vn 0.000000 0.953794 0.300463
vn 0.000000 0.980580 0.196120
vn 0.000000 0.980580 0.196119
vn 0.000000 0.000000 1.000000
vn 0.000000 0.000000 1.000000
vn 0.000000 0.000000 1.000000
vn 0.000000 0.000000 1.000000
vn 0.000000 -0.982821 0.184559
vn 0.000000 -0.982822 0.184559
vn 0.000000 -0.980581 0.196116
vn 0.000000 -0.980581 0.196116
vn 0.000000 0.000000 1.000000
vn 0.000000 0.000000 1.000000
vn 0.000000 0.000000 1.000000
vn 0.000000 0.000000 1.000000
vn 0.000000 0.000000 1.000000
vn 0.000000 0.000000 1.000000
vn 0.000000 0.000000 1.000000
vn 0.000000 0.000000 1.000000
vn 0.000000 0.000000 -1.000000
vn 0.000000 0.000000 -1.000000
vn 0.000000 0.000000 -1.000000
vn 0.000000 0.000000 -1.000000
vn 0.000000 0.000000 1.000000
vn 0.000000 0.000000 1.000000
vn 0.000000 0.000000 1.000000
vn 0.000000 0.000000 1.000000
vn 0.000000 0.000000 1.000000
vn 0.000000 0.000000 1.000000
vn 0.000000 -0.980581 0.196116
vn 0.000000 -0.980581 0.196116
vn 0.000000 -0.982844 0.184441
vn 0.000000 -0.982823 0.184550
vn 0.000000 0.000000 1.000000
vn 0.000000 0.000000 1.000000
vn 0.000000 0.000000 1.000000
vn 0.000000 0.000000 1.000000
vn 0.000000 0.980580 0.196119
vn 0.000000 0.980580 0.196120
vn 0.000000 0.954011 0.299772
vn 0.000000 0.953794 0.300462
vn 0.000000 0.920581 0.390553
vn 0.000000 0.920581 0.390553
vn 0.000000 0.000000 1.000000
vn 0.000000 0.000000 1.000000
vn 0.000000 0.000000 1.000000
vn 0.000000 0.000000 1.000000
vn 0.000000 -0.920582 0.390549
vn 0.000000 -0.920582 0.390548
vn 0.000000 -0.954012 0.299768
vn 0.000000 -0.953795 0.300459
vn 0.000000 -0.980581 0.196116
vn 0.000000 -0.980581 0.196117
vn 0.000000 0.000000 1.000000
vn 0.000000 0.000000 1.000000
vn 0.000000 0.000000 1.000000
vn 0.000000 0.000000 1.000000
vn 0.000000 0.980582 0.196112
vn 0.000000 0.980582 0.196112
vn 0.000000 0.954013 0.299765
vn 0.000000 0.953796 0.300456
vn 0.000000 0.920583 0.390547
vn 0.000000 0.920583 0.390547
vn 0.000000 0.000000 1.000000
vn 0.000000 0.000000 1.000000
vn 0.000000 0.000000 1.000000
vn 0.000000 0.000000 1.000000
vn 0.000000 -0.920584 0.390545
vn 0.000000 -0.920584 0.390544
vn 0.000000 -0.954013 0.299765
vn 0.000000 -0.953796 0.300456
vn 0.000000 -0.980581 0.196115
vn 0.000000 -0.980581 0.196116
vn 0.000000 0.000000 1.000000
vn 0.000000 0.000000 1.000000
vn 0.000000 0.000000 1.000000
vn 0.000000 0.000000 1.000000
vn 0.000000 0.980581 0.196114
vn 0.000000 0.980581 0.196113
vn 0.000000 0.954010 0.299774
vn 0.000000 0.953793 0.300465
vn 0.000000 0.920577 0.390561
vn 0.000000 0.920577 0.390561
vn 0.000000 0.000000 1.000000
vn 0.000000 0.000000 1.000000
vn 0.000000 0.000000 1.000000
vn 0.000000 0.000000 1.000000
vn 0.000000 -0.920583 0.390547
vn 0.000000 -0.920583 0.390547
vn 0.000000 -0.954013 0.299767
vn 0.000000 -0.953795 0.300457
vn 0.000000 -0.980581 0.196115
vn 0.000000 -0.980581 0.196114
vn 0.000000 0.000000 1.000000
vn 0.000000 0.000000 1.000000
vn 0.000000 0.000000 1.000000
vn 0.000000 0.000000 1.000000
vn 0.000000 0.980581 0.196114
vn 0.000000 0.980581 0.196115
vn 0.000000 0.954010 0.299775
vn 0.000000 0.953793 0.300466
vn 0.000000 0.920577 0.390562
vn 0.000000 0.920576 0.390563
vn 0.000000 0.000000 1.000000
vn 0.000000 0.000000 1.000000
vn 0.000000 0.000000 1.000000
vn 0.000000 0.000000 1.000000
vn 0.000000 -0.920580 0.390555
vn 0.000000 -0.920580 0.390555
vn 0.000000 -0.954014 0.299762
vn 0.000000 -0.953797 0.300453
vn 0.000000 -0.980585 0.196096
vn 0.000000 -0.980585 0.196097
vn 0.000000 0.000000 1.000000
vn 0.000000 0.000000 1.000000
vn 0.000000 0.000000 1.000000
vn 0.000000 0.000000 1.000000
vn 0.000000 0.980578 0.196129
vn 0.000000 0.980578 0.196131
vn 0.000000 0.954008 0.299782
vn 0.000000 0.953791 0.300471
vn 0.000000 0.920577 0.390561
vn 0.000000 0.920577 0.390561
vn 0.000000 0.000000 1.000000
vn 0.000000 0.000000 1.000000
vn 0.000000 0.000000 1.000000
vn 0.000000 0.000000 1.000000
vn 0.000000 -0.920576 0.390564
vn 0.000000 -0.920576 0.390563
vn 0.000000 -0.954015 0.299759
vn 0.000000 -0.953798 0.300450
vn 0.000000 -0.980588 0.196080
vn 0.000000 -0.980589 0.196076
vn 0.000000 0.000000 1.000000
vn 0.000000 0.000000 1.000000
vn 0.000000 0.000000 1.000000
vn 0.000000 0.000000 1.000000
vn 0.000000 0.980577 0.196135
vn 0.000000 0.980576 0.196139
vn 0.000000 0.954007 0.299785
vn 0.000000 0.953790 0.300474
vn 0.000000 0.920577 0.390560
vn 0.000000 0.920577 0.390561
vn 0.000000 0.000000 1.000000
vn 0.000000 0.000000 1.000000
vn 0.000000 0.000000 1.000000
vn 0.000000 0.000000 1.000000
vn 0.000000 -0.920592 0.390526
vn 0.000000 -0.920592 0.390526
vn 0.000000 -0.954018 0.299749
vn 0.000000 -0.953801 0.300439
vn 0.000000 -0.980583 0.196102
vn 0.000000 -0.980584 0.196102
vn 0.000000 0.000000 1.000000
vn 0.000000 0.000000 1.000000
vn 0.000000 0.000000 1.000000
vn 0.000000 0.000000 1.000000
vn 0.000000 0.980579 0.196123
vn 0.000000 0.980579 0.196122
vn 0.000000 0.954007 0.299785
vn 0.000000 0.953790 0.300475
vn 0.000000 0.920572 0.390573
vn 0.000000 0.920573 0.390571
vn 0.000000 0.000000 1.000000
vn 0.000000 0.000000 1.000000
vn 0.000000 0.000000 1.000000
vn 0.000000 0.000000 1.000000
vn 0.000000 -0.920582 0.390550
vn 0.000000 -0.920582 0.390550
vn 0.000000 -0.987622 0.156855
vn 0.000000 -0.987402 0.158229
vn 0.000000 -1.000000 0.000002
vn 0.000000 -1.000000 0.000001
vn 0.000000 0.000000 1.000000
vn 0.000000 0.000000 1.000000
vn 0.000000 0.000000 1.000000
vn 0.000000 0.000000 1.000000
vn 0.000000 1.000000 0.000000
vn 0.000000 1.000000 0.000000
vn 0.000000 1.000000 0.000000
vn 0.000000 1.000000 0.000000
vn 0.000000 1.000000 0.000000
vn 0.000000 1.000000 0.000000
vn 0.000000 1.000000 0.000000
vn 0.000000 1.000000 0.000000
vn 0.000000 1.000000 0.000000
vn 0.000000 1.000000 0.000000
vn 0.000000 1.000000 0.000000
vn 0.000000 1.000000 0.000000
vn 0.000000 1.000000 -0.000000
vn 0.000000 1.000000 0.000000
vn 0.000000 0.000000 -1.000000
vn 0.000000 0.000000 -1.000000
vn 0.000000 0.000000 -1.000000
vn 0.000000 0.000000 -1.000000
vn 0.000000 -1.000000 0.000000
vn 0.000000 -1.000000 0.000001
vn 0.000000 -1.000000 0.000001
vn 0.000000 -1.000000 0.000000
vn 0.000000 0.000000 -1.000000
vn 0.000000 0.000000 -1.000000
vn 0.000000 0.000000 -1.000000
vn 0.000000 0.000000 -1.000000
vn 0.000000 0.980580 -0.196122
vn 0.000000 0.980579 -0.196123
vn 0.000000 0.980579 -0.196123
vn 0.000000 0.980579 -0.196122
vn 0.000000 0.000000 -1.000000
vn 0.000000 0.000000 -1.000000
vn 0.000000 0.000000 -1.000000
vn 0.000000 0.000000 -1.000000
vn 0.000000 -0.980584 -0.196099
vn 0.000000 -0.980584 -0.196101
vn 0.000000 -0.980584 -0.196101
vn 0.000000 -0.980584 -0.196099
vn 0.000000 0.000000 -1.000000
vn 0.000000 0.000000 -1.000000
vn 0.000000 0.000000 -1.000000
vn 0.000000 0.000000 -1.000000
vn 0.000000 0.980576 -0.196138
vn 0.000000 0.980576 -0.196137
vn 0.000000 0.980576 -0.196137
vn 0.000000 0.980576 -0.196138
vn 0.000000 0.000000 -1.000000
vn 0.000000 0.000000 -1.000000
vn 0.000000 0.000000 -1.000000
vn 0.000000 0.000000 -1.000000
vn 0.000000 -0.980589 -0.196074
vn 0.000000 -0.980588 -0.196078
vn 0.000000 -0.980588 -0.196077
vn 0.000000 -0.980589 -0.196074
vn 0.000000 0.000000 -1.000000
vn 0.000000 0.000000 -1.000000
vn 0.000000 0.000000 -1.000000
vn 0.000000 0.000000 -1.000000
vn 0.000000 0.980578 -0.196132
vn 0.000000 0.980578 -0.196129
vn 0.000000 0.980578 -0.196129
vn 0.000000 0.980578 -0.196131
vn 0.000000 0.000000 -1.000000
vn 0.000000 0.000000 -1.000000
vn 0.000000 0.000000 -1.000000
vn 0.000000 0.000000 -1.000000
vn 0.000000 -0.980585 -0.196096
vn 0.000000 -0.980585 -0.196096
vn 0.000000 -0.980585 -0.196096
vn 0.000000 -0.980585 -0.196096
vn 0.000000 0.000000 -1.000000
vn 0.000000 0.000000 -1.000000
vn 0.000000 0.000000 -1.000000
vn 0.000000 0.000000 -1.000000
vn 0.000000 0.980581 -0.196115
vn 0.000000 0.980581 -0.196114
vn 0.000000 0.980581 -0.196114
vn 0.000000 0.980581 -0.196115
vn 0.000000 0.000000 -1.000000
vn 0.000000 0.000000 -1.000000
vn 0.000000 0.000000 -1.000000
vn 0.000000 0.000000 -1.000000
vn 0.000000 -0.980581 -0.196114
vn 0.000000 -0.980581 -0.196115
vn 0.000000 -0.980581 -0.196115
vn 0.000000 -0.980581 -0.196114
vn 0.000000 0.000000 -1.000000
vn 0.000000 0.000000 -1.000000
vn 0.000000 0.000000 -1.000000
vn 0.000000 0.000000 -1.000000
vn 0.000000 0.980582 -0.196112
vn 0.000000 0.980581 -0.196112
vn 0.000000 0.980581 -0.196112
vn 0.000000 0.980582 -0.196112
vn 0.000000 0.000000 -1.000000
vn 0.000000 0.000000 -1.000000
vn 0.000000 0.000000 -1.000000
vn 0.000000 0.000000 -1.000000
vn 0.000000 -0.980581 -0.196117
vn 0.000000 -0.980581 -0.196117
vn 0.000000 -0.980581 -0.196117
vn 0.000000 -0.980581 -0.196117
vn 0.000000 0.000000 -1.000000
vn 0.000000 0.000000 -1.000000
vn 0.000000 0.000000 -1.000000
vn 0.000000 0.000000 -1.000000
vn 0.000000 0.980582 -0.196112
vn 0.000000 0.980581 -0.196112
vn 0.000000 0.980581 -0.196112
vn 0.000000 0.980582 -0.196112
vn 0.000000 0.000000 -1.000000
vn 0.000000 0.000000 -1.000000
vn 0.000000 0.000000 -1.000000
vn 0.000000 0.000000 -1.000000
vn 0.000000 -0.980581 -0.196117
vn 0.000000 -0.980581 -0.196116
vn 0.000000 -0.980581 -0.196116
vn 0.000000 -0.980581 -0.196117
vn 0.000000 0.000000 -1.000000
vn 0.000000 0.000000 -1.000000
vn 0.000000 0.000000 -1.000000
vn 0.000000 0.000000 -1.000000
vn 0.000000 0.980580 -0.196120
vn 0.000000 0.980580 -0.196119
vn 0.000000 0.980580 -0.196119
vn 0.000000 0.980580 -0.196120
vn 0.000000 0.000000 -1.000000
vn 0.000000 0.000000 -1.000000
vn 0.000000 0.000000 -1.000000
vn 0.000000 0.000000 -1.000000
vn 0.000000 -0.980581 -0.196116
vn 0.000000 -0.980581 -0.196116
vn 0.000000 -0.980581 -0.196116
vn 0.000000 -0.980581 -0.196116
vn 0.000000 0.000000 -1.000000
vn 0.000000 0.000000 -1.000000
vn 1.000000 0.000000 0.000000
vn 1.000000 0.000000 0.000000
vn 1.000000 0.000000 0.000000
vn 1.000000 0.000000 0.000000
vn 0.000000 0.000000 -1.000000
vn 0.000000 0.000000 -1.000000
vn 0.000000 0.000000 -1.000000
vn 0.000000 0.000000 -1.000000
vn 0.000000 0.000000 1.000000
vn 0.000000 0.000000 1.000000
vn 0.000000 0.000000 1.000000
vn 0.000000 0.000000 1.000000
vn 0.000000 0.000000 1.000000
vn 0.000000 0.000000 1.000000
vn 0.164399 0.000000 0.986394
vn 0.164399 0.000000 0.986394
vn 0.164399 0.000000 0.986394
vn 0.164399 0.000000 0.986394
vn 0.164398 0.986394 0.000000
vn 0.164398 0.986394 0.000000
vn 0.164398 0.986394 0.000000
vn 0.164398 0.986394 0.000000
vn 0.000000 0.986394 0.164399
vn 0.000000 0.986394 0.164399
vn 0.000000 0.986394 0.164399
vn 0.000000 0.986394 0.164399
vn -0.989599 0.000000 0.143857
vn -0.989598 0.000000 0.143857
vn -0.989598 0.000000 0.143857
vn -0.989599 0.000000 0.143857
vn 0.164398 -0.986394 0.000000
vn 0.164398 -0.986394 0.000000
vn 0.164399 0.000000 0.986394
vn 0.164399 0.000000 0.986394
vn 0.000000 -0.986394 0.164399
vn 0.000000 -0.986394 0.164399
vn 0.000000 -0.986394 0.164399
vn 0.000000 -0.986394 0.164399
vn -0.000000 -1.000000 -0.000005
vn 0.000000 -1.000000 -0.000005
vn -0.000000 -1.000000 -0.000001
vn -0.000000 -1.000000 -0.000000
vn -0.000003 0.000000 1.000000
vn -0.000003 0.000000 1.000000
vn 0.000000 0.000000 1.000000
vn 0.000000 0.000000 1.000000
vn 0.000000 0.000000 1.000000
vn -0.000002 0.000000 1.000000
vn -0.000002 0.000000 1.000000
vn 0.000000 0.000000 1.000000
vn 0.928402 -0.011414 0.371402
vn 0.928402 -0.011414 0.371402
vn 0.928475 0.000000 0.371395
vn 0.928475 0.000000 0.371395
vn 0.000000 -0.928475 0.371395
vn 0.000000 -0.928475 0.371395
vn 0.000000 -0.928475 0.371395
vn 0.000000 -0.928475 0.371395
vn -0.928479 0.000001 0.371384
vn -0.928479 0.000001 0.371384
vn -0.928406 0.011214 0.371397
vn -0.928406 0.011214 0.371398
vn 0.000000 0.928481 0.371380
vn 0.000000 0.928481 0.371380
vn 0.000000 0.928481 0.371380
vn 0.000000 0.928481 0.371380
vn 0.000000 -0.928476 0.371392
vn 0.000000 -0.928476 0.371392
vn 0.000000 -0.928476 0.371392
vn 0.000000 -0.928476 0.371392
vn 0.928331 -0.016488 0.371389
vn 0.928331 -0.016488 0.371389
vn -0.928331 0.016488 0.371388
vn -0.928331 0.016488 0.371388
vn 0.000000 -0.920582 0.390550
vn 0.000000 -0.991213 0.132276
vn 0.000000 0.000000 1.000000
vn 0.000000 0.000000 1.000000
vn 0.000000 0.920572 0.390572
vn 0.000000 0.957956 0.286914
vn 0.000000 0.980579 0.196124
vn 0.000000 0.000000 1.000000
vn 0.000000 0.000000 1.000000
vn 0.000000 -0.957967 0.286879
vn 0.000000 -0.980584 0.196100
vn 0.000000 -0.920591 0.390527
vn 0.000000 0.000000 1.000000
vn 0.000000 0.000000 1.000000
vn 0.000000 0.920578 0.390559
vn 0.000000 0.957956 0.286915
vn 0.000000 0.980576 0.196141
vn 0.000000 0.000000 1.000000
vn 0.000000 0.000000 1.000000
vn 0.000000 -0.957965 0.286886
vn 0.000000 -0.980588 0.196078
vn 0.000000 -0.920575 0.390565
vn 0.000000 0.000000 1.000000
vn 0.000000 0.000000 1.000000
vn 0.000000 0.920576 0.390563
vn 0.000000 0.957957 0.286912
vn 0.000000 0.980578 0.196129
vn 0.000000 0.000000 1.000000
vn 0.000000 0.000000 1.000000
vn 0.000000 -0.957963 0.286892
vn 0.000000 -0.980584 0.196099
vn 0.000000 -0.920581 0.390553
vn 0.000000 0.000000 1.000000
vn 0.000000 0.000000 1.000000
vn 0.000000 0.920577 0.390560
vn 0.000000 0.957959 0.286905
vn 0.000000 0.980581 0.196117
vn 0.000000 0.000000 1.000000
vn 0.000000 0.000000 1.000000
vn 0.000000 -0.957961 0.286897
vn 0.000000 -0.980581 0.196117
vn 0.000000 -0.920584 0.390545
vn 0.000000 0.000000 1.000000
vn 0.000000 0.000000 1.000000
vn 0.000000 0.920577 0.390561
vn 0.000000 0.957959 0.286904
vn 0.000000 0.980581 0.196114
vn 0.000000 0.000000 1.000000
vn 0.000000 0.000000 1.000000
vn 0.000000 -0.957961 0.286897
vn 0.000000 -0.980581 0.196115
vn 0.000000 -0.920585 0.390543
vn 0.000000 0.000000 1.000000
vn 0.000000 0.000000 1.000000
vn 0.000000 0.920583 0.390546
vn 0.000000 0.957962 0.286896
vn 0.000000 0.980581 0.196112
vn 0.000000 0.000000 1.000000
vn 0.000000 0.000000 1.000000
vn 0.000000 -0.957961 0.286898
vn 0.000000 -0.980581 0.196115
vn 0.000000 -0.920582 0.390549
vn 0.000000 0.000000 1.000000
vn 0.000000 0.000000 1.000000
vn 0.000000 0.920580 0.390553
vn 0.000000 0.957960 0.286903
vn 0.000000 0.980580 0.196119
vn 0.000000 0.000000 1.000000
vn 0.000000 0.000000 1.000000
vn 0.000000 -0.982452 0.186513
vn 0.000000 -0.980581 0.196116
vn 0.000000 -0.986394 0.164399
vn 0.000000 0.000000 1.000000
vn 0.000000 0.000000 1.000000
vn 0.000000 0.000000 1.000000
vn 0.000000 0.986394 0.164399
vn 0.000000 0.986394 0.164399
vn 0.000000 0.000000 1.000000
vn 0.000000 0.000000 1.000000
vn -0.000000 -1.000000 -0.000004
vn -0.000000 -1.000000 -0.000000
vn 0.000000 -1.000000 0.000000
vn 0.000000 -1.000000 0.000000
vn 0.000000 -1.000000 0.000000
vn 0.000000 -1.000000 0.000000
vn 0.000000 0.000000 -1.000000
vn 0.000000 0.000000 -1.000000
vn 0.000000 0.000000 -1.000000
vn 0.000000 0.000000 -1.000000
vn 0.000000 -0.980581 -0.196116
vn 0.000000 -0.980581 -0.196116
vn 0.000000 0.000000 -1.000000
vn 0.000000 0.000000 -1.000000
vn 0.000000 0.980580 -0.196120
vn 0.000000 0.980580 -0.196120
vn 0.000000 0.000000 -1.000000
vn 0.000000 0.000000 -1.000000
vn 0.000000 -0.980581 -0.196114
vn 0.000000 -0.980581 -0.196115
vn 0.000000 0.000000 -1.000000
vn 0.000000 0.000000 -1.000000
vn 0.000000 0.980582 -0.196112
vn 0.000000 0.980581 -0.196113
vn 0.000000 0.000000 -1.000000
vn 0.000000 0.000000 -1.000000
vn 0.000000 -0.980581 -0.196116
vn 0.000000 -0.980581 -0.196116
vn 0.000000 0.000000 -1.000000
vn 0.000000 0.000000 -1.000000
vn 0.000000 0.980581 -0.196113
vn 0.000000 0.980581 -0.196113
vn 0.000000 0.000000 -1.000000
vn 0.000000 0.000000 -1.000000
vn 0.000000 -0.980580 -0.196118
vn 0.000000 -0.980580 -0.196118
vn 0.000000 0.000000 -1.000000
vn 0.000000 0.000000 -1.000000
vn 0.000000 0.980580 -0.196118
vn 0.000000 0.980580 -0.196118
vn 0.000000 0.000000 -1.000000
vn 0.000000 0.000000 -1.000000
vn 0.000000 -0.980584 -0.196098
vn 0.000000 -0.980584 -0.196098
vn 0.000000 0.000000 -1.000000
vn 0.000000 0.000000 -1.000000
vn 0.000000 0.980577 -0.196132
vn 0.000000 0.980577 -0.196134
vn 0.000000 0.000000 -1.000000
vn 0.000000 0.000000 -1.000000
vn 0.000000 -0.980589 -0.196077
vn 0.000000 -0.980588 -0.196079
vn 0.000000 0.000000 -1.000000
vn 0.000000 0.000000 -1.000000
vn 0.000000 0.980576 -0.196141
vn 0.000000 0.980576 -0.196140
vn 0.000000 0.000000 -1.000000
vn 0.000000 0.000000 -1.000000
vn 0.000000 -0.980584 -0.196102
vn 0.000000 -0.980584 -0.196102
vn 0.000000 0.000000 -1.000000
vn 0.000000 0.000000 -1.000000
vn 0.000000 0.980579 -0.196124
vn 0.000000 0.980579 -0.196126
vn 0.000000 0.000000 -1.000000
vn 0.000000 0.000000 -1.000000
vn 0.000000 -1.000000 0.000001
vn 0.000000 -1.000000 -0.000001
vn 0.000000 0.000000 -1.000000
vn 0.000000 0.000000 -1.000000
vn 0.000000 1.000000 0.000000
vn 0.000000 1.000000 0.000001
vn 0.000000 1.000000 0.000000
vn 0.000000 1.000000 0.000000
vn 0.000000 1.000000 0.000000
vn 0.000000 1.000000 0.000000
vn 0.000000 1.000000 0.000000
vn 0.000000 0.000000 1.000000
vn 0.000000 0.000000 1.000000
vn 0.000000 -1.000000 -0.000002
vn 0.000000 -0.920584 0.390544
vn 0.000000 -0.998114 0.061394
vn 0.000000 0.000000 1.000000
vn 0.000000 0.000000 1.000000
vn 0.000000 0.920572 0.390573
vn 0.000000 0.969917 0.243437
vn 0.000000 0.980579 0.196127
vn 0.000000 0.000000 1.000000
vn 0.000000 0.000000 1.000000
vn 0.000000 -0.969924 0.243407
vn 0.000000 -0.980584 0.196102
vn 0.000000 -0.920591 0.390528
vn 0.000000 0.000000 1.000000
vn 0.000000 0.000000 1.000000
vn 0.000000 0.920580 0.390555
vn 0.000000 0.969915 0.243442
vn 0.000000 0.980577 0.196136
vn 0.000000 0.000000 1.000000
vn 0.000000 0.000000 1.000000
vn 0.000000 -0.969926 0.243399
vn 0.000000 -0.980587 0.196083
vn 0.000000 -0.920578 0.390559
vn 0.000000 0.000000 1.000000
vn 0.000000 0.000000 1.000000
vn 0.000000 0.920577 0.390560
vn 0.000000 0.969917 0.243436
vn 0.000000 0.980578 0.196130
vn 0.000000 0.000000 1.000000
vn 0.000000 0.000000 1.000000
vn 0.000000 -0.969923 0.243412
vn 0.000000 -0.980584 0.196101
vn 0.000000 -0.920580 0.390553
vn 0.000000 0.000000 1.000000
vn 0.000000 0.000000 1.000000
vn 0.000000 0.920578 0.390559
vn 0.000000 0.969920 0.243425
vn 0.000000 0.980580 0.196119
vn 0.000000 0.000000 1.000000
vn 0.000000 0.000000 1.000000
vn 0.000000 -0.969920 0.243422
vn 0.000000 -0.980581 0.196117
vn 0.000000 -0.920584 0.390545
vn 0.000000 0.000000 1.000000
vn 0.000000 0.000000 1.000000
vn 0.000000 0.920577 0.390561
vn 0.000000 0.969920 0.243424
vn 0.000000 0.980581 0.196114
vn 0.000000 0.000000 1.000000
vn 0.000000 0.000000 1.000000
vn 0.000000 -0.969921 0.243420
vn 0.000000 -0.980581 0.196115
vn 0.000000 -0.920584 0.390545
vn 0.000000 0.000000 1.000000
vn 0.000000 0.000000 1.000000
vn 0.000000 0.920583 0.390547
vn 0.000000 0.969921 0.243419
vn 0.000000 0.980582 0.196112
vn 0.000000 0.000000 1.000000
vn 0.000000 0.000000 1.000000
vn 0.000000 -0.969920 0.243422
vn 0.000000 -0.980581 0.196116
vn 0.000000 -0.920582 0.390549
vn 0.000000 0.000000 1.000000
vn 0.000000 0.000000 1.000000
vn 0.000000 0.920580 0.390553
vn 0.000000 0.969920 0.243426
vn 0.000000 0.980580 0.196119
vn 0.000000 0.000000 1.000000
vn 0.000000 0.000000 1.000000
vn 0.000000 -0.981430 0.191819
vn 0.000000 -0.980581 0.196115
vn 0.000000 -0.986394 0.164398
vn 0.000000 0.000000 1.000000
vn 0.000000 0.000000 1.000000
vn 0.000000 0.000000 1.000000
vn 0.000000 0.986394 0.164399
vn 0.000000 0.986394 0.164399
vn 0.000000 0.000000 1.000000
vn 0.000000 0.000000 1.000000
vn 0.000000 -1.000000 0.000000
vn 0.000000 -1.000000 0.000000
vn 0.000000 -1.000000 0.000000
vn 0.000000 -1.000000 0.000000
vn 0.000000 -1.000000 0.000000
vn 0.000000 -1.000000 0.000000
vn 0.000000 0.000000 -1.000000
vn 0.000000 0.000000 -1.000000
vn 0.000000 0.000000 -1.000000
vn 0.000000 0.000000 -1.000000
vn 0.000000 -0.980581 -0.196115
vn 0.000000 -0.980581 -0.196115
vn 0.000000 0.000000 -1.000000
vn 0.000000 0.000000 -1.000000
vn 0.000000 0.980580 -0.196119
vn 0.000000 0.980580 -0.196119
vn 0.000000 0.000000 -1.000000
vn 0.000000 0.000000 -1.000000
vn 0.000000 -0.980581 -0.196116
vn 0.000000 -0.980581 -0.196115
vn 0.000000 0.000000 -1.000000
vn 0.000000 0.000000 -1.000000
vn 0.000000 0.980581 -0.196113
vn 0.000000 0.980582 -0.196111
vn 0.000000 0.000000 -1.000000
vn 0.000000 0.000000 -1.000000
vn 0.000000 -0.980581 -0.196115
vn 0.000000 -0.980581 -0.196116
vn 0.000000 0.000000 -1.000000
vn 0.000000 0.000000 -1.000000
vn 0.000000 0.980581 -0.196113
vn 0.000000 0.980581 -0.196113
vn 0.000000 0.000000 -1.000000
vn 0.000000 0.000000 -1.000000
vn 0.000000 -0.980581 -0.196117
vn 0.000000 -0.980581 -0.196117
vn 0.000000 0.000000 -1.000000
vn 0.000000 0.000000 -1.000000
vn 0.000000 0.980580 -0.196118
vn 0.000000 0.980580 -0.196118
vn 0.000000 0.000000 -1.000000
vn 0.000000 0.000000 -1.000000
vn 0.000000 -0.980584 -0.196099
vn 0.000000 -0.980584 -0.196099
vn 0.000000 0.000000 -1.000000
vn 0.000000 0.000000 -1.000000
vn 0.000000 0.980577 -0.196134
vn 0.000000 0.980578 -0.196132
vn 0.000000 0.000000 -1.000000
vn 0.000000 0.000000 -1.000000
vn 0.000000 -0.980587 -0.196083
vn 0.000000 -0.980587 -0.196085
vn 0.000000 0.000000 -1.000000
vn 0.000000 0.000000 -1.000000
vn 0.000000 0.980577 -0.196137
vn 0.000000 0.980577 -0.196134
vn 0.000000 0.000000 -1.000000
vn 0.000000 0.000000 -1.000000
vn 0.000000 -0.980584 -0.196101
vn 0.000000 -0.980584 -0.196100
vn 0.000000 0.000000 -1.000000
vn 0.000000 0.000000 -1.000000
vn 0.000000 0.980579 -0.196127
vn 0.000000 0.980579 -0.196127
vn 0.000000 0.000000 -1.000000
vn 0.000000 0.000000 -1.000000
vn 0.000000 -1.000000 -0.000001
vn 0.000000 -1.000000 0.000001
vn 0.000000 0.000000 -1.000000
vn 0.000000 0.000000 -1.000000
vn 0.000000 1.000000 0.000000
vn 0.000000 1.000000 0.000002
vn 0.000000 1.000000 0.000000
vn 0.000000 1.000000 0.000000
vn 0.000000 1.000000 0.000000
vn 0.000000 1.000000 0.000002
vn 0.000000 1.000000 0.000000
vn 0.000000 0.000000 1.000000
vn 0.000000 0.000000 1.000000
vn 0.000000 -1.000000 0.000003
vn 0.000000 -1.000000 0.000000
vn 0.000000 -1.000000 0.000000
vn -0.000000 -1.000000 0.000000
vn -0.000000 -1.000000 0.000000
vn 0.000000 -1.000000 -0.000004
vn 0.000000 -1.000000 -0.000001
vn 0.000000 0.000000 1.000000
vn 0.000000 0.000000 1.000000
vn 0.000000 0.986394 0.164399
vn 0.000000 0.986394 0.164399
vn 0.000000 0.000000 1.000000
vn -0.000000 -1.000000 -0.000000
vn 0.000000 -1.000000 0.000000
vn -0.000000 -1.000000 -0.000000
vn 0.000000 -1.000000 0.000000
vn 0.000000 -1.000000 0.000000
vn 1.000000 0.000000 0.000000
vn 1.000000 0.000000 0.000000
vn 0.164398 0.986394 0.000000
vn 0.164398 0.986394 0.000000
vn 1.000000 0.000000 0.000000
vn 1.000000 0.000000 0.000000
vn 1.000000 0.000000 0.000000
vn 0.186431 -0.982468 0.000000
vn 0.164399 -0.986394 0.000000
vn 0.196116 -0.980581 0.000000
vn 1.000000 0.000000 0.000000
vn 1.000000 0.000000 0.000000
vn 0.287672 0.957729 0.000000
vn 0.196120 0.980580 0.000000
vn 0.390553 0.920580 0.000000
vn 1.000000 0.000000 0.000000
vn 1.000000 0.000000 0.000000
vn 0.287667 -0.957730 0.000000
vn 0.390549 -0.920582 0.000000
vn 0.196116 -0.980581 0.000000
vn 1.000000 0.000000 0.000000
vn 1.000000 0.000000 0.000000
vn 0.287665 0.957731 0.000000
vn 0.196112 0.980582 0.000000
vn 0.390548 0.920583 0.000000
vn 1.000000 0.000000 0.000000
vn 1.000000 0.000000 0.000000
vn 0.287664 -0.957731 0.000000
vn 0.390543 -0.920585 0.000000
vn 0.196116 -0.980581 0.000000
vn 1.000000 0.000000 0.000000
vn 1.000000 0.000000 0.000000
vn 0.287672 0.957729 0.000000
vn 0.196112 0.980582 0.000000
vn 0.390562 0.920577 0.000000
vn 1.000000 0.000000 0.000000
vn 1.000000 0.000000 0.000000
vn 0.287667 -0.957731 0.000000
vn 0.390548 -0.920583 0.000000
vn 0.196116 -0.980581 0.000000
vn 1.000000 0.000000 0.000000
vn 1.000000 0.000000 0.000000
vn 0.287674 0.957728 0.000000
vn 0.196116 0.980581 0.000000
vn 0.390562 0.920577 0.000000
vn 1.000000 0.000000 0.000000
vn 1.000000 0.000000 0.000000
vn 0.287661 -0.957732 0.000000
vn 0.390556 -0.920579 0.000000
vn 0.196097 -0.980585 0.000000
vn 1.000000 0.000000 0.000000
vn 1.000000 0.000000 0.000000
vn 0.287682 0.957726 0.000000
vn 0.196132 0.980578 0.000000
vn 0.390562 0.920577 0.000000
vn 1.000000 0.000000 0.000000
vn 1.000000 0.000000 0.000000
vn 0.287656 -0.957734 0.000000
vn 0.390562 -0.920577 0.000000
vn 0.196082 -0.980588 0.000000
vn 1.000000 0.000000 0.000000
vn 1.000000 0.000000 0.000000
vn 0.287684 0.957725 0.000000
vn 0.196139 0.980576 0.000000
vn 0.390559 0.920578 0.000000
vn 1.000000 0.000000 0.000000
vn 1.000000 0.000000 0.000000
vn 0.287648 -0.957736 0.000000
vn 0.390527 -0.920591 0.000000
vn 0.196101 -0.980584 0.000000
vn 1.000000 0.000000 0.000000
vn 1.000000 0.000000 0.000000
vn 0.287684 0.957726 0.000000
vn 0.196124 0.980579 0.000000
vn 0.390574 0.920572 0.000000
vn 1.000000 0.000000 0.000000
vn 1.000000 0.000000 0.000000
vn 0.133109 -0.991101 0.000000
vn 0.390551 -0.920582 0.000000
vn 0.000000 -1.000000 0.000000
vn 1.000000 0.000000 0.000000
vn 1.000000 0.000000 0.000000
vn 0.000000 1.000000 0.000000
vn 0.000000 1.000000 0.000000
vn 0.000000 1.000000 0.000000
vn 0.000000 1.000000 0.000000
vn 0.000000 1.000000 0.000000
vn 0.000000 1.000000 0.000000
vn 0.000000 1.000000 0.000000
vn 0.000000 1.000000 0.000000
vn -0.000000 -1.000000 0.000000
vn 0.000000 -1.000000 0.000000
vn -0.000000 -1.000000 0.000000
vn -0.000000 -1.000000 0.000000
vn 0.000000 -1.000000 0.000000
vn 1.000000 0.000000 0.000000
vn 1.000000 0.000000 0.000000
vn 0.164398 0.986394 0.000000
vn 0.164398 0.986394 0.000000
vn 1.000000 0.000000 0.000000
vn 1.000000 0.000000 0.000000
vn 1.000000 0.000000 0.000000
vn 0.191830 -0.981428 0.000000
vn 0.164399 -0.986394 0.000000
vn 0.196116 -0.980581 0.000000
vn 1.000000 0.000000 0.000000
vn 1.000000 0.000000 0.000000
vn 0.244118 0.969746 0.000000
vn 0.196120 0.980580 0.000000
vn 0.390554 0.920580 0.000000
vn 1.000000 0.000000 0.000000
vn 1.000000 0.000000 0.000000
vn 0.244114 -0.969747 0.000000
vn 0.390549 -0.920582 0.000000
vn 0.196116 -0.980581 0.000000
vn 1.000000 0.000000 0.000000
vn 1.000000 0.000000 0.000000
vn 0.244111 0.969747 0.000000
vn 0.196112 0.980582 0.000000
vn 0.390548 0.920583 0.000000
vn 1.000000 0.000000 0.000000
vn 1.000000 0.000000 0.000000
vn 0.244112 -0.969747 0.000000
vn 0.390543 -0.920584 0.000000
vn 0.196116 -0.980581 0.000000
vn 1.000000 0.000000 0.000000
vn 1.000000 0.000000 0.000000
vn 0.244115 0.969746 0.000000
vn 0.196112 0.980582 0.000000
vn 0.390562 0.920577 0.000000
vn 1.000000 0.000000 0.000000
vn 1.000000 0.000000 0.000000
vn 0.244114 -0.969747 0.000000
vn 0.390548 -0.920583 0.000000
vn 0.196116 -0.980581 0.000000
vn 1.000000 0.000000 0.000000
vn 1.000000 0.000000 0.000000
vn 0.244118 0.969746 0.000000
vn 0.196116 0.980581 0.000000
vn 0.390562 0.920577 0.000000
vn 1.000000 0.000000 0.000000
vn 1.000000 0.000000 0.000000
vn 0.244102 -0.969750 0.000000
vn 0.390556 -0.920579 0.000000
vn 0.196097 -0.980585 0.000000
vn 1.000000 0.000000 0.000000
vn 1.000000 0.000000 0.000000
vn 0.244129 0.969743 0.000000
vn 0.196131 0.980578 0.000000
vn 0.390562 0.920577 0.000000
vn 1.000000 0.000000 0.000000
vn 1.000000 0.000000 0.000000
vn 0.244092 -0.969752 0.000000
vn 0.390562 -0.920577 0.000000
vn 0.196082 -0.980588 0.000000
vn 1.000000 0.000000 0.000000
vn 1.000000 0.000000 0.000000
vn 0.244134 0.969742 0.000000
vn 0.196139 0.980576 0.000000
vn 0.390559 0.920578 0.000000
vn 1.000000 0.000000 0.000000
vn 1.000000 0.000000 0.000000
vn 0.244097 -0.969751 0.000000
vn 0.390528 -0.920591 0.000000
vn 0.196101 -0.980584 0.000000
vn 1.000000 0.000000 0.000000
vn 1.000000 0.000000 0.000000
vn 0.244127 0.969743 0.000000
vn 0.196124 0.980579 0.000000
vn 0.390574 0.920572 0.000000
vn 1.000000 0.000000 0.000000
vn 1.000000 0.000000 0.000000
vn 0.062905 -0.998020 0.000000
vn 0.390551 -0.920582 0.000000
vn 0.000000 -1.000000 0.000000
vn 1.000000 0.000000 0.000000
vn 1.000000 0.000000 0.000000
vn 0.000000 1.000000 0.000000
vn 0.000000 1.000000 0.000000
vn 0.000000 1.000000 0.000000
vn 0.000000 1.000000 0.000000
vn 0.000000 1.000000 0.000000
vn 0.000000 1.000000 0.000000
vn 0.000000 1.000000 0.000000
vn 0.000000 1.000000 0.000000
vn 0.390551 -0.920581 0.000000
vn 1.000000 0.000000 0.000000
vn 1.000000 0.000000 0.000000
vn 0.390574 0.920572 0.000000
vn 0.390528 -0.920591 0.000000
vn 1.000000 0.000000 0.000000
vn 1.000000 0.000000 0.000000
vn 0.390559 0.920578 0.000000
vn 0.390562 -0.920577 0.000000
vn 1.000000 0.000000 0.000000
vn 1.000000 0.000000 0.000000
vn 0.390562 0.920577 0.000000
vn 0.390557 -0.920579 0.000000
vn 1.000000 0.000000 0.000000
vn 1.000000 0.000000 0.000000
vn 0.390562 0.920577 0.000000
vn 0.390548 -0.920583 0.000000
vn 1.000000 0.000000 0.000000
vn 1.000000 0.000000 0.000000
vn 0.390562 0.920577 0.000000
vn 0.390544 -0.920584 0.000000
vn 1.000000 0.000000 0.000000
vn 1.000000 0.000000 0.000000
vn 0.390548 0.920583 0.000000
vn 0.390549 -0.920582 0.000000
vn 1.000000 0.000000 0.000000
vn 1.000000 0.000000 0.000000
vn 0.390554 0.920580 0.000000
vn 0.164399 -0.986394 0.000000
vn 1.000000 0.000000 0.000000
vn 1.000000 0.000000 0.000000
vn 1.000000 0.000000 0.000000
vn 0.164398 0.986394 0.000000
vn 0.164398 0.986394 0.000000
vn 0.103997 0.990122 0.094037
vn 0.103998 0.990122 0.094036
vn 0.000000 0.000000 1.000000
vn 0.000000 0.000000 1.000000
vn 0.103985 -0.990125 0.094024
vn 0.103985 -0.990125 0.094024
vn 0.104006 0.990121 0.094040
vn 0.104006 0.990121 0.094040
vn 0.000000 0.000000 1.000000
vn 0.000000 0.000000 1.000000
vn 0.103975 -0.990126 0.094016
vn 0.103975 -0.990126 0.094016
vn 0.104001 0.990121 0.094038
vn 0.104002 0.990122 0.094038
vn 0.000000 0.000000 1.000000
vn 0.000000 0.000000 1.000000
vn 0.103983 -0.990125 0.094024
vn 0.103983 -0.990125 0.094024
vn 0.103993 0.990123 0.094033
vn 0.103993 0.990123 0.094033
vn 0.000000 0.000000 1.000000
vn 0.000000 0.000000 1.000000
vn 0.103993 -0.990123 0.094031
vn 0.103993 -0.990123 0.094032
vn 0.103991 0.990123 0.094030
vn 0.103991 0.990123 0.094030
vn 0.000000 0.000000 1.000000
vn 0.000000 0.000000 1.000000
vn 0.103993 -0.990123 0.094031
vn 0.103993 -0.990123 0.094031
vn 0.103991 0.990123 0.094029
vn 0.103991 0.990123 0.094029
vn 0.000000 0.000000 1.000000
vn 0.000000 0.000000 1.000000
vn 0.103993 -0.990123 0.094031
vn 0.103993 -0.990123 0.094031
vn 0.103995 0.990123 0.094032
vn 0.103995 0.990123 0.094032
vn 0.000000 0.000000 1.000000
vn 0.000000 0.000000 1.000000
vn 0.103993 -0.990123 0.094031
vn 0.103993 -0.990123 0.094031
vn 0.000000 0.000000 1.000000
vn 0.000000 0.000000 1.000000
vn 0.000000 -1.000000 0.000000
vn 0.000000 -1.000000 0.000000
vn 0.000000 -1.000000 0.000000
vn 0.000000 -1.000000 0.000000
vn 0.000000 -1.000000 0.000000
vn 0.000000 -1.000000 0.000000
vn 0.000000 -1.000000 0.000000
vn 0.000000 0.000000 -1.000000
vn 0.000000 0.000000 -1.000000
vn 0.000000 0.000000 -1.000000
vn 0.000000 0.000000 -1.000000
vn 0.000000 0.000000 -1.000000
vn 0.000000 0.000000 -1.000000
vn 0.000000 0.000000 -1.000000
vn 0.000000 0.000000 -1.000000
vn 0.000000 0.000000 -1.000000
vn 0.000000 0.000000 -1.000000
vn 0.000000 0.000000 -1.000000
vn 0.000000 0.000000 -1.000000
vn 0.000000 0.000000 -1.000000
vn 0.000000 0.000000 -1.000000
vn 0.000000 0.000000 -1.000000
vn 0.000000 0.000000 -1.000000
vn 0.000000 0.000000 -1.000000
vn 0.000000 0.000000 -1.000000
vn 0.000000 0.000000 -1.000000
vn 0.000000 0.000000 -1.000000
vn 0.000000 0.000000 -1.000000
vn 0.000000 0.000000 -1.000000
vn 0.000000 0.000000 -1.000000
vn 0.000000 0.000000 -1.000000
vn 0.000000 0.000000 -1.000000
vn 0.000000 0.000000 -1.000000
vn 0.000000 0.000000 -1.000000
vn 0.000000 0.000000 -1.000000
vn 0.000000 0.000000 -1.000000
vn 0.000000 0.000000 -1.000000
vn 0.000000 0.000000 -1.000000
vn 0.000000 0.000000 -1.000000
vn 0.000000 0.000000 -1.000000
vn 0.000000 0.000000 -1.000000
vn 0.000000 1.000000 0.000001
vn 0.000000 1.000000 0.000001
vn 0.000000 0.000000 1.000000
vn 0.000000 0.000000 1.000000
vn 0.000000 -1.000000 0.000003
vn 0.000000 -1.000000 0.000003
vn 1.000000 0.000000 0.000000
vn 1.000000 0.000000 0.000000
vn 1.000000 0.000000 0.000000
vn 1.000000 0.000000 0.000000
vn 1.000000 0.000000 0.000000
vn 1.000000 0.000000 0.000000
vn 1.000000 0.000000 0.000000
vn 1.000000 0.000000 0.000000
vn 1.000000 0.000000 0.000000
vn 1.000000 0.000000 0.000000
vn 1.000000 0.000000 0.000000
vn 1.000000 0.000000 0.000000
vn 1.000000 0.000000 0.000000
vn 1.000000 0.000000 0.000000
vn 1.000000 0.000000 0.000000
vn 1.000000 0.000000 0.000000
vn 1.000000 0.000000 0.000000
vn 1.000000 0.000000 0.000000
vn 1.000000 0.000000 0.000000
vn 1.000000 0.000000 0.000000
vn 1.000000 0.000000 0.000000
vn 1.000000 0.000000 0.000000
vn 0.000000 0.000000 1.000000
vn 0.000000 0.000000 1.000000
vn 0.000000 0.000000 1.000000
vn 0.000000 0.000000 1.000000
vn 0.000000 0.000000 1.000000
vn 0.000000 0.000000 1.000000
vn 1.000000 0.000000 0.000000
vn 1.000000 0.000000 0.000000
vn -0.752574 0.000000 0.658507
vn -0.752574 0.000000 0.658507
vn -0.752574 0.000000 0.658507
vn -0.752574 0.000000 0.658507
vn -0.749157 0.000823 0.662392
vn -0.749157 0.000823 0.662392
vn -0.749157 0.000823 0.662392
vn -0.749157 0.000823 0.662392
vn 0.649484 0.000000 -0.760375
vn 0.649484 0.000000 -0.760375
vn 0.649484 0.000000 -0.760375
vn 0.649484 0.000000 -0.760375
vn 0.649484 0.000000 -0.760375
vn 0.649484 0.000000 -0.760375
vn 0.649484 0.000000 -0.760375
vn 0.649484 0.000000 -0.760375
vn -0.742463 0.000000 0.669888
vn -0.742463 0.000000 0.669887
vn -0.742463 0.000000 0.669888
vn -0.742463 0.000000 0.669887
vn 0.000000 0.000000 1.000000
vn 0.000000 0.000000 1.000000
vn 0.000000 0.000000 1.000000
vn 0.000000 0.000000 1.000000
vn 1.000000 0.000000 0.000000
vn 1.000000 0.000000 0.000000
vn 1.000000 0.000000 0.000000
vn 1.000000 0.000000 0.000000
vn 0.634991 0.000000 -0.772520
vn 0.634991 0.000000 -0.772520
vn 0.634991 0.000000 -0.772520
vn 0.634991 0.000000 -0.772520
vn 0.634991 0.000000 -0.772519
vn 0.634991 0.000000 -0.772519
vn 0.634991 0.000000 -0.772520
vn 0.634991 0.000000 -0.772520
vn 1.000000 0.000000 0.000000
vn 1.000000 0.000000 0.000000
vn 1.000000 0.000000 0.000000
vn 1.000000 0.000000 0.000000
vn 0.000000 0.000000 1.000000
vn 0.000000 0.000000 1.000000
vn 0.000000 0.000000 1.000000
vn 0.000000 0.000000 1.000000
vn -0.742462 0.000000 0.669888
vn -0.742462 0.000000 0.669888
vn -0.742462 0.000000 0.669888
vn -0.742462 0.000000 0.669888
vn -0.742462 0.000000 0.669888
vn -0.742462 0.000000 0.669888
vn -0.742462 0.000000 0.669888
vn -0.742462 0.000000 0.669888
vn 0.000000 0.000000 1.000000
vn 0.000000 0.000000 1.000000
vn 0.000000 0.000000 1.000000
vn 0.000000 0.000000 1.000000
vn 1.000000 0.000000 0.000000
vn 1.000000 0.000000 0.000000
vn 1.000000 0.000000 0.000000
vn 1.000000 0.000000 0.000000
vn 0.634990 0.000000 -0.772520
vn 0.634990 0.000000 -0.772520
vn 0.634990 0.000000 -0.772520
vn 0.634990 0.000000 -0.772520
vn 0.634991 0.000000 -0.772520
vn 0.634991 0.000000 -0.772520
vn 0.634991 0.000000 -0.772520
vn 0.634991 0.000000 -0.772520
vn 1.000000 0.000000 0.000000
vn 1.000000 0.000000 0.000000
vn 1.000000 0.000000 0.000000
vn 1.000000 0.000000 0.000000
vn 0.000000 0.000000 1.000000
vn 0.000000 0.000000 1.000000
vn 0.000000 0.000000 1.000000
vn 0.000000 0.000000 1.000000
vn -0.742463 0.000000 0.669887
vn -0.742463 0.000000 0.669887
vn -0.742463 0.000000 0.669887
vn -0.742463 0.000000 0.669887
vn -0.742463 0.000000 0.669887
vn -0.742463 0.000000 0.669887
vn -0.742463 0.000000 0.669887
vn -0.742463 0.000000 0.669887
vn 0.000000 0.000000 1.000000
vn 0.000000 0.000000 1.000000
vn 0.000000 0.000000 1.000000
vn 0.000000 0.000000 1.000000
vn 1.000000 0.000000 0.000000
vn 1.000000 0.000000 0.000000
vn 1.000000 0.000000 0.000000
vn 1.000000 0.000000 0.000000
vn 0.634990 0.000000 -0.772520
vn 0.634990 0.000000 -0.772520
vn 0.634990 0.000000 -0.772520
vn 0.634990 0.000000 -0.772520
vn 0.634990 0.000000 -0.772520
vn 0.634990 0.000000 -0.772520
vn 0.634990 0.000000 -0.772520
vn 0.634990 0.000000 -0.772520
vn 1.000000 0.000000 0.000000
vn 1.000000 0.000000 0.000000
vn 1.000000 0.000000 0.000000
vn 1.000000 0.000000 0.000000
vn 0.000000 0.000000 1.000000
vn 0.000000 0.000000 1.000000
vn 0.000000 0.000000 1.000000
vn 0.000000 0.000000 1.000000
vn -0.742462 0.000000 0.669888
vn -0.742462 0.000000 0.669888
vn -0.742462 0.000000 0.669888
vn -0.742462 0.000000 0.669888
vn -0.742462 0.000000 0.669888
vn -0.742462 0.000000 0.669888
vn -0.742462 0.000000 0.669888
vn -0.742462 0.000000 0.669888
vn 0.000000 0.000000 1.000000
vn 0.000000 0.000000 1.000000
vn 0.000000 0.000000 1.000000
vn 0.000000 0.000000 1.000000
vn 1.000000 0.000000 0.000000
vn 1.000000 0.000000 0.000000
vn 1.000000 0.000000 0.000000
vn 1.000000 0.000000 0.000000
vn 0.634990 0.000000 -0.772520
vn 0.634990 0.000000 -0.772520
vn 0.634990 0.000000 -0.772520
vn 0.634990 0.000000 -0.772520
vn 0.000000 -1.000000 0.000000
vn 0.000000 -1.000000 0.000000
vn 0.000000 -1.000000 0.000000
vn 0.000000 -1.000000 0.000000
vn 0.000000 -1.000000 0.000000
vn 0.000000 -1.000000 0.000000
vn 0.000000 -1.000000 0.000000
vn 0.000000 -1.000000 0.000000
vn 0.000000 -1.000000 -0.000000
vn 0.000000 -1.000000 -0.000000
vn 0.000000 -1.000000 -0.000000
vn 0.000000 -1.000000 -0.000000
vn 0.000000 -1.000000 0.000000
vn 0.000000 -1.000000 0.000000
vn 0.000000 -1.000000 0.000000
vn 0.000000 -1.000000 0.000000
vn 0.000000 -1.000000 0.000000
vn 0.000000 -1.000000 0.000000
vn 0.000000 -1.000000 0.000000
vn 0.000000 -1.000000 0.000000
vn 0.000000 -1.000000 -0.000000
vn -0.000000 -1.000000 0.000000
vn -0.000000 -1.000000 0.000000
vn -0.000000 -1.000000 0.000000
vn -0.000000 -1.000000 0.000000
vn -1.000000 0.000000 0.000000
vn -1.000000 0.000000 0.000000
vn -1.000000 0.000000 0.000000
vn -1.000000 0.000000 0.000000
vn -1.000000 0.000000 0.000000
vn -1.000000 0.000000 0.000000
vn -1.000000 0.000000 0.000000
vn -1.000000 0.000000 0.000000
vn -1.000000 0.000000 0.000000
vn -1.000000 0.000000 0.000000
vn -1.000000 0.000000 0.000000
vn -1.000000 0.000000 0.000000
vn -1.000000 0.000000 0.000000
vn -1.000000 0.000000 0.000000
vn -1.000000 0.000000 0.000000
vn -1.000000 0.000000 0.000000
vn -1.000000 0.000000 0.000000
vn -1.000000 0.000000 0.000000
vn -1.000000 0.000000 0.000000
vn -1.000000 0.000000 0.000000
vn -1.000000 0.000000 0.000000
vn -1.000000 0.000000 0.000000
vn -1.000000 0.000000 0.000000
vn -1.000000 0.000000 0.000000
vn -1.000000 0.000000 0.000000
vn -1.000000 0.000000 0.000000
vn -1.000000 0.000000 0.000000
vn -1.000000 0.000000 0.000000
vn -1.000000 0.000000 0.000000
vn -1.000000 0.000000 0.000000
vn -1.000000 0.000000 0.000000
vn -1.000000 0.000000 0.000000
vn -1.000000 0.000000 0.000000
vn -1.000000 0.000000 0.000000
vn -1.000000 0.000000 0.000000
vn -1.000000 0.000000 0.000000
vn -1.000000 0.000000 0.000000
vn -1.000000 0.000000 0.000000
vn -1.000000 0.000000 0.000000
vn -1.000000 0.000000 0.000000
vn -1.000000 0.000000 0.000000
vn -1.000000 0.000000 0.000000
vn -1.000000 0.000000 0.000000
vn -1.000000 0.000000 0.000000
vn -1.000000 0.000000 0.000000
vn -1.000000 0.000000 0.000000
vn -1.000000 0.000000 0.000000
vn -1.000000 0.000000 0.000000
vn -1.000000 0.000000 0.000000
vn -1.000000 0.000000 0.000000
vn -1.000000 0.000000 0.000000
vn -1.000000 0.000000 0.000000
vn -1.000000 0.000000 0.000000
vn -1.000000 0.000000 0.000000
vn -1.000000 0.000000 0.000000
vn -1.000000 0.000000 0.000000
vn -1.000000 0.000000 0.000000
vn -1.000000 0.000000 0.000000
vn -1.000000 0.000000 0.000000
vn -1.000000 0.000000 0.000000
vn -0.298946 0.954270 0.000000
vn -0.196116 0.980581 0.000000
vn -0.196116 0.980581 0.000000
vn -0.298946 0.954270 0.000000
vn -0.196116 -0.980581 0.000000
vn -0.298938 -0.954273 0.000000
vn -0.298938 -0.954273 0.000000
vn -0.196116 -0.980581 0.000000
vn -0.298936 0.954273 0.000000
vn -0.196112 0.980581 0.000000
vn -0.196112 0.980581 0.000000
vn -0.298936 0.954273 0.000000
vn -0.196116 -0.980581 0.000000
vn -0.298939 -0.954272 0.000000
vn -0.298939 -0.954272 0.000000
vn -0.196116 -0.980581 0.000000
vn -0.196082 -0.980588 0.000000
vn -0.298930 -0.954275 0.000000
vn -0.298930 -0.954275 0.000000
vn -0.196082 -0.980588 0.000000
vn -0.298955 0.954267 0.000000
vn -0.196139 0.980576 0.000000
vn -0.196139 0.980576 0.000000
vn -0.298955 0.954267 0.000000
vn -0.196101 -0.980584 0.000000
vn -0.298920 -0.954278 0.000000
vn -0.298920 -0.954278 0.000000
vn -0.196101 -0.980584 0.000000
vn -0.298956 0.954267 0.000000
vn -0.196124 0.980579 0.000000
vn -0.196124 0.980579 0.000000
vn -0.298956 0.954267 0.000000
vn -0.298953 0.954268 0.000000
vn -0.196131 0.980578 0.000000
vn -0.196131 0.980578 0.000000
vn -0.298953 0.954268 0.000000
vn -0.196097 -0.980585 0.000000
vn -0.298934 -0.954274 0.000000
vn -0.298934 -0.954274 0.000000
vn -0.196097 -0.980585 0.000000
vn -0.298944 0.954271 0.000000
vn -0.196112 0.980581 0.000000
vn -0.196112 0.980581 0.000000
vn -0.298944 0.954271 0.000000
vn -0.196116 -0.980581 0.000000
vn -0.298936 -0.954273 0.000000
vn -0.298936 -0.954273 0.000000
vn -0.196116 -0.980581 0.000000
vn -0.298943 0.954271 0.000000
vn -0.196120 0.980580 0.000000
vn -0.196120 0.980580 0.000000
vn -0.298943 0.954271 0.000000
vn -0.196116 -0.980581 0.000000
vn -0.184680 -0.982799 0.000000
vn -0.184680 -0.982799 0.000000
vn -0.196116 -0.980581 0.000000
vn -1.000000 0.000000 0.000000
vn -1.000000 0.000000 0.000000
vn -1.000000 0.000000 0.000000
vn -1.000000 0.000000 0.000000
vn -0.196124 0.980579 0.000000
vn -0.243007 0.970025 0.000000
vn -0.160252 0.986381 -0.037033
vn -0.160252 0.986381 -0.037033
vn -1.000000 0.000000 0.000000
vn -1.000000 0.000000 0.000000
vn -1.000000 0.000000 0.000000
vn -1.000000 0.000000 0.000000
vn -0.160233 -0.986385 -0.037027
vn -0.242977 -0.970032 0.000000
vn -0.196101 -0.980584 0.000000
vn -0.160233 -0.986385 -0.037027
vn -1.000000 0.000000 0.000000
vn -1.000000 0.000000 0.000000
vn -1.000000 0.000000 0.000000
vn -1.000000 0.000000 0.000000
vn -0.196139 0.980576 0.000000
vn -0.243014 0.970023 0.000000
vn -0.160264 0.986379 -0.037036
vn -0.160264 0.986379 -0.037036
vn -1.000000 0.000000 0.000000
vn -1.000000 0.000000 0.000000
vn -1.000000 0.000000 0.000000
vn -1.000000 0.000000 0.000000
vn -0.160217 -0.986387 -0.037025
vn -0.242972 -0.970033 0.000000
vn -0.196082 -0.980588 0.000000
vn -0.160217 -0.986387 -0.037025
vn -1.000000 0.000000 0.000000
vn -1.000000 0.000000 0.000000
vn -1.000000 0.000000 0.000000
vn -1.000000 0.000000 0.000000
vn -0.196131 0.980578 0.000000
vn -0.243009 0.970024 0.000000
vn -0.160258 0.986380 -0.037034
vn -0.160258 0.986380 -0.037034
vn -1.000000 0.000000 0.000000
vn -1.000000 0.000000 0.000000
vn -1.000000 0.000000 0.000000
vn -1.000000 0.000000 0.000000
vn -0.160229 -0.986385 -0.037028
vn -0.242982 -0.970031 0.000000
vn -0.196097 -0.980585 0.000000
vn -0.160229 -0.986385 -0.037028
vn -1.000000 0.000000 0.000000
vn -1.000000 0.000000 0.000000
vn -1.000000 0.000000 0.000000
vn -1.000000 0.000000 0.000000
vn -0.196116 0.980581 0.000000
vn -0.242998 0.970027 0.000000
vn -0.160245 0.986382 -0.037032
vn -0.160245 0.986382 -0.037032
vn -1.000000 0.000000 0.000000
vn -1.000000 0.000000 0.000000
vn -1.000000 0.000000 0.000000
vn -1.000000 0.000000 0.000000
vn -0.160245 -0.986382 -0.037031
vn -0.242994 -0.970028 0.000000
vn -0.196116 -0.980581 0.000000
vn -0.160245 -0.986382 -0.037031
vn -1.000000 0.000000 0.000000
vn -1.000000 0.000000 0.000000
vn -1.000000 0.000000 0.000000
vn -1.000000 0.000000 0.000000
vn -0.196112 0.980582 0.000000
vn -0.242995 0.970028 0.000000
vn -0.160242 0.986383 -0.037031
vn -0.160242 0.986383 -0.037031
vn -1.000000 0.000000 0.000000
vn -1.000000 0.000000 0.000000
vn -1.000000 0.000000 0.000000
vn -1.000000 0.000000 0.000000
vn -0.160245 -0.986382 -0.037031
vn -0.242993 -0.970028 0.000000
vn -0.196116 -0.980581 0.000000
vn -0.160245 -0.986382 -0.037031
vn -1.000000 0.000000 0.000000
vn -1.000000 0.000000 0.000000
vn -1.000000 0.000000 0.000000
vn -1.000000 0.000000 0.000000
vn -0.196112 0.980582 0.000000
vn -0.242991 0.970029 0.000000
vn -0.160242 0.986383 -0.037030
vn -0.160242 0.986383 -0.037030
vn -1.000000 0.000000 0.000000
vn -1.000000 0.000000 0.000000
vn -1.000000 0.000000 0.000000
vn -1.000000 0.000000 0.000000
vn -0.160245 -0.986382 -0.037031
vn -0.242994 -0.970028 0.000000
vn -0.196116 -0.980581 0.000000
vn -0.160245 -0.986382 -0.037031
vn -1.000000 0.000000 0.000000
vn -1.000000 0.000000 0.000000
vn -1.000000 0.000000 0.000000
vn -1.000000 0.000000 0.000000
vn -0.196120 0.980580 0.000000
vn -0.242998 0.970027 0.000000
vn -0.160248 0.986382 -0.037032
vn -0.160248 0.986382 -0.037032
vn -1.000000 0.000000 0.000000
vn -1.000000 0.000000 0.000000
vn -1.000000 0.000000 0.000000
vn -1.000000 0.000000 0.000000
vn -0.160245 -0.986382 -0.037031
vn -0.191083 -0.981574 0.000000
vn -0.196116 -0.980581 0.000000
vn -0.160245 -0.986382 -0.037031
vn -1.000000 0.000000 0.000000
vn -1.000000 0.000000 0.000000
vn -1.000000 0.000000 0.000000
vn -1.000000 0.000000 0.000000
vn -1.000000 0.000000 0.000000
vn -1.000000 0.000000 0.000000
vn -1.000000 0.000000 0.000000
vn -1.000000 0.000000 0.000000
vn -1.000000 0.000000 0.000000
vn -1.000000 0.000000 0.000000
vn -1.000000 0.000000 0.000000
vn -1.000000 0.000000 0.000000
vn 0.000000 -1.000000 0.000000
vn -0.156139 -0.987735 0.000000
vn -0.156139 -0.987735 0.000000
vn 0.000000 -1.000000 0.000000
vn 0.000000 1.000000 0.000000
vn 0.000000 1.000000 0.000000
vn 0.000000 1.000000 0.000000
vn 0.000000 1.000000 0.000000
vn 0.000000 -1.000000 -0.000001
vn -0.054636 -0.998506 0.000000
vn 0.000000 -1.000000 0.000000
vn 0.000000 -1.000000 -0.000001
vn 0.000000 1.000000 0.000000
vn 0.000000 1.000000 -0.000000
vn 0.000000 1.000000 -0.000001
vn 0.000000 1.000000 0.000000
vn -0.390562 -0.920577 0.000000
vn -0.390561 -0.920577 0.000000
vn -0.390551 0.000000 0.920582
vn -0.390551 0.000000 0.920582
vn -0.390551 0.000000 0.920582
vn -0.390551 0.000000 0.920582
vn -0.390562 0.920577 0.000000
vn -0.390561 0.920577 0.000000
vn -0.390543 -0.920585 0.000000
vn -0.390543 -0.920585 0.000000
vn -0.390551 0.000000 0.920582
vn -0.390551 0.000000 0.920582
vn -0.390551 0.000000 0.920582
vn -0.390551 0.000000 0.920582
vn -0.390547 0.920583 0.000000
vn -0.390547 0.920583 0.000000
vn -0.390549 -0.920582 0.000000
vn -0.390548 -0.920582 0.000000
vn -0.390550 0.000000 0.920582
vn -0.390550 0.000000 0.920582
vn -0.390550 0.000000 0.920582
vn -0.390550 0.000000 0.920582
vn -0.390553 0.920580 0.000000
vn -0.390553 0.920581 0.000000
vn -0.390527 -0.920592 0.000000
vn -0.390527 -0.920592 0.000000
vn -0.390550 0.000000 0.920582
vn -0.390550 0.000000 0.920582
vn -0.390550 0.000000 0.920582
vn -0.390550 0.000000 0.920582
vn -0.390559 0.920578 0.000000
vn -0.390559 0.920578 0.000000
vn -0.390550 -0.920582 0.000000
vn -0.390550 -0.920582 0.000000
vn -0.390550 0.000000 0.920582
vn -0.390550 0.000000 0.920582
vn -0.390550 0.000000 0.920582
vn -0.390550 0.000000 0.920582
vn -0.390573 0.920572 0.000000
vn -0.390573 0.920572 0.000000
vn -0.390556 -0.920579 0.000000
vn -0.390556 -0.920579 0.000000
vn -0.390550 0.000000 0.920582
vn -0.390551 0.000000 0.920582
vn -0.390551 0.000000 0.920582
vn -0.390551 0.000000 0.920582
vn -0.390562 0.920577 0.000000
vn -0.390561 0.920577 0.000000
vn -0.390547 -0.920583 0.000000
vn -0.390547 -0.920583 0.000000
vn -0.390551 0.000000 0.920582
vn -0.390551 0.000000 0.920581
vn -0.390551 0.000000 0.920581
vn -0.390551 0.000000 0.920581
vn -0.390562 0.920577 0.000000
vn -0.390561 0.920577 0.000000
vn -1.000000 0.000000 0.000000
vn -1.000000 0.000000 0.000000
vn -1.000000 0.000000 0.000000
vn -1.000000 0.000000 0.000000
vn -1.000000 0.000000 0.000000
vn -1.000000 0.000000 0.000000
vn 0.000000 -1.000000 0.000000
vn 0.000000 -1.000000 0.000000
vn 0.000000 -1.000000 0.000000
vn 0.000000 -1.000000 0.000000
vn 0.000000 -1.000000 0.000000
vn 0.000000 -1.000000 0.000000
vn 0.000000 -1.000000 0.000000
vn 0.000000 -1.000000 0.000000
vn 0.000000 0.000000 -1.000000
vn 0.000000 0.000000 -1.000000
vn 0.000000 0.000000 -1.000000
vn 0.000000 0.000000 -1.000000
vn 0.000000 0.000000 -1.000000
vn 0.000000 0.000000 -1.000000
vn 0.000000 -0.980581 -0.196115
vn 0.000000 -0.980581 -0.196116
vn 0.000000 -0.980581 -0.196115
vn 0.000000 -0.980581 -0.196116
vn 0.000000 0.000000 -1.000000
vn 0.000000 0.000000 -1.000000
vn 0.000000 0.000000 -1.000000
vn 0.000000 0.000000 -1.000000
vn 0.000000 0.980580 -0.196120
vn 0.000000 0.980580 -0.196120
vn 0.000000 0.980580 -0.196119
vn 0.000000 0.980580 -0.196119
vn 0.000000 0.000000 -1.000000
vn 0.000000 0.000000 -1.000000
vn 0.000000 0.000000 -1.000000
vn 0.000000 0.000000 -1.000000
vn 0.000000 -0.980581 -0.196116
vn 0.000000 -0.980581 -0.196115
vn 0.000000 -0.980581 -0.196116
vn 0.000000 -0.980581 -0.196116
vn 0.000000 0.000000 -1.000000
vn 0.000000 0.000000 -1.000000
vn 0.000000 0.000000 -1.000000
vn 0.000000 0.000000 -1.000000
vn 0.000000 0.980582 -0.196112
vn 0.000000 0.980582 -0.196112
vn 0.000000 0.980582 -0.196112
vn 0.000000 0.980582 -0.196112
vn 0.000000 0.000000 -1.000000
vn 0.000000 0.000000 -1.000000
vn 0.000000 0.000000 -1.000000
vn 0.000000 0.000000 -1.000000
vn 0.000000 -0.980581 -0.196117
vn 0.000000 -0.980581 -0.196117
vn 0.000000 -0.980581 -0.196117
vn 0.000000 -0.980581 -0.196117
vn 0.000000 0.000000 -1.000000
vn 0.000000 0.000000 -1.000000
vn 0.000000 0.000000 -1.000000
vn 0.000000 0.000000 -1.000000
vn 0.000000 0.980582 -0.196111
vn 0.000000 0.980581 -0.196112
vn 0.000000 0.980581 -0.196113
vn 0.000000 0.980581 -0.196113
vn 0.000000 0.000000 -1.000000
vn 0.000000 0.000000 -1.000000
vn 0.000000 0.000000 -1.000000
vn 0.000000 0.000000 -1.000000
vn 0.000000 -0.980581 -0.196117
vn 0.000000 -0.980581 -0.196117
vn 0.000000 -0.980581 -0.196117
vn 0.000000 -0.980581 -0.196117
vn 0.000000 0.000000 -1.000000
vn 0.000000 0.000000 -1.000000
vn 0.000000 0.000000 -1.000000
vn 0.000000 0.000000 -1.000000
vn 0.000000 0.980581 -0.196117
vn 0.000000 0.980581 -0.196117
vn 0.000000 0.980581 -0.196117
vn 0.000000 0.980581 -0.196117
vn 0.000000 0.000000 -1.000000
vn 0.000000 0.000000 -1.000000
vn 0.000000 0.000000 -1.000000
vn 0.000000 0.000000 -1.000000
vn 0.000000 -0.980584 -0.196098
vn 0.000000 -0.980584 -0.196099
vn 0.000000 -0.980585 -0.196096
vn 0.000000 -0.980585 -0.196096
vn 0.000000 0.000000 -1.000000
vn 0.000000 0.000000 -1.000000
vn 0.000000 0.000000 -1.000000
vn 0.000000 0.000000 -1.000000
vn 0.000000 0.980577 -0.196133
vn 0.000000 0.980578 -0.196132
vn 0.000000 0.980578 -0.196131
vn 0.000000 0.980578 -0.196131
vn 0.000000 0.000000 -1.000000
vn 0.000000 0.000000 -1.000000
vn 0.000000 0.000000 -1.000000
vn 0.000000 0.000000 -1.000000
vn 0.000000 -0.980587 -0.196084
vn 0.000000 -0.980588 -0.196082
vn 0.000000 -0.980587 -0.196086
vn 0.000000 -0.980587 -0.196086
vn 0.000000 0.000000 -1.000000
vn 0.000000 0.000000 -1.000000
vn 0.000000 0.000000 -1.000000
vn 0.000000 0.000000 -1.000000
vn 0.000000 0.980576 -0.196141
vn 0.000000 0.980576 -0.196141
vn 0.000000 0.980576 -0.196141
vn 0.000000 0.980576 -0.196141
vn 0.000000 0.000000 -1.000000
vn 0.000000 0.000000 -1.000000
vn 0.000000 0.000000 -1.000000
vn 0.000000 0.000000 -1.000000
vn 0.000000 -0.980584 -0.196100
vn 0.000000 -0.980584 -0.196100
vn 0.000000 -0.980585 -0.196097
vn 0.000000 -0.980585 -0.196096
vn 0.000000 0.000000 -1.000000
vn 0.000000 0.000000 -1.000000
vn 0.000000 0.000000 -1.000000
vn 0.000000 0.000000 -1.000000
vn 0.000000 0.980579 -0.196123
vn 0.000000 0.980579 -0.196125
vn 0.000000 0.980578 -0.196127
vn 0.000000 0.980579 -0.196127
vn 0.000000 0.000000 -1.000000
vn 0.000000 0.000000 -1.000000
vn 0.000000 0.000000 -1.000000
vn 0.000000 0.000000 -1.000000
vn 0.000000 -1.000000 0.000000
vn 0.000000 -1.000000 0.000000
vn 0.000000 -1.000000 0.000000
vn 0.000000 -1.000000 0.000000
vn 0.000000 0.000000 -1.000000
vn 0.000000 0.000000 -1.000000
vn 0.000000 0.000000 -1.000000
vn 0.000000 0.000000 -1.000000
vn 0.000000 1.000000 0.000000
vn 0.000000 1.000000 0.000000
vn 0.000000 1.000000 0.000000
vn 0.000000 1.000000 0.000000
vn 0.000000 1.000000 0.000000
vn 0.000000 1.000000 0.000000
vn 0.000000 1.000000 0.000000
vn 0.000000 1.000000 0.000000
vn 0.000000 1.000000 0.000000
vn 0.000000 1.000000 0.000000
vn 0.000000 1.000000 0.000000
vn 0.000000 1.000000 0.000000
vn 0.000000 1.000000 0.000000
vn 0.000000 1.000000 0.000000
vn 0.000000 0.000000 1.000000
vn 0.000000 0.000000 1.000000
vn 0.000000 0.000000 1.000000
vn 0.000000 0.000000 1.000000
vn 0.000000 -0.987402 0.158232
vn 0.000000 -1.000000 0.000004
vn 0.000000 -1.000000 0.000001
vn 0.000000 -0.987402 0.158231
vn 0.000000 -0.920581 0.390551
vn 0.000000 -0.920580 0.390553
vn 0.000000 0.000000 1.000000
vn 0.000000 0.000000 1.000000
vn 0.000000 0.000000 1.000000
vn 0.000000 0.000000 1.000000
vn 0.000000 0.920573 0.390571
vn 0.000000 0.953790 0.300475
vn 0.000000 0.953790 0.300475
vn 0.000000 0.920572 0.390574
vn 0.000000 0.980579 0.196123
vn 0.000000 0.980579 0.196125
vn 0.000000 0.000000 1.000000
vn 0.000000 0.000000 1.000000
vn 0.000000 0.000000 1.000000
vn 0.000000 0.000000 1.000000
vn 0.000000 -0.953802 0.300438
vn 0.000000 -0.980585 0.196097
vn 0.000000 -0.980584 0.196100
vn 0.000000 -0.953801 0.300440
vn 0.000000 -0.920591 0.390528
vn 0.000000 -0.920591 0.390528
vn 0.000000 0.000000 1.000000
vn 0.000000 0.000000 1.000000
vn 0.000000 0.000000 1.000000
vn 0.000000 0.000000 1.000000
vn 0.000000 0.920577 0.390560
vn 0.000000 0.953789 0.300476
vn 0.000000 0.953789 0.300476
vn 0.000000 0.920577 0.390560
vn 0.000000 0.980576 0.196141
vn 0.000000 0.980576 0.196141
vn 0.000000 0.000000 1.000000
vn 0.000000 0.000000 1.000000
vn 0.000000 0.000000 1.000000
vn 0.000000 0.000000 1.000000
vn 0.000000 -0.953797 0.300451
vn 0.000000 -0.980588 0.196082
vn 0.000000 -0.980588 0.196079
vn 0.000000 -0.953798 0.300450
vn 0.000000 -0.920577 0.390561
vn 0.000000 -0.920576 0.390563
vn 0.000000 0.000000 1.000000
vn 0.000000 0.000000 1.000000
vn 0.000000 0.000000 1.000000
vn 0.000000 0.000000 1.000000
vn 0.000000 0.920577 0.390562
vn 0.000000 0.953790 0.300473
vn 0.000000 0.953791 0.300472
vn 0.000000 0.920577 0.390562
vn 0.000000 0.980578 0.196128
vn 0.000000 0.980578 0.196131
vn 0.000000 0.000000 1.000000
vn 0.000000 0.000000 1.000000
vn 0.000000 0.000000 1.000000
vn 0.000000 0.000000 1.000000
vn 0.000000 -0.953797 0.300453
vn 0.000000 -0.980585 0.196096
vn 0.000000 -0.980584 0.196099
vn 0.000000 -0.953797 0.300453
vn 0.000000 -0.920580 0.390555
vn 0.000000 -0.920580 0.390554
vn 0.000000 0.000000 1.000000
vn 0.000000 0.000000 1.000000
vn 0.000000 0.000000 1.000000
vn 0.000000 0.000000 1.000000
vn 0.000000 0.920577 0.390560
vn 0.000000 0.953793 0.300465
vn 0.000000 0.953793 0.300465
vn 0.000000 0.920577 0.390560
vn 0.000000 0.980581 0.196117
vn 0.000000 0.980581 0.196117
vn 0.000000 0.000000 1.000000
vn 0.000000 0.000000 1.000000
vn 0.000000 0.000000 1.000000
vn 0.000000 0.000000 1.000000
vn 0.000000 -0.953795 0.300457
vn 0.000000 -0.980581 0.196117
vn 0.000000 -0.980581 0.196117
vn 0.000000 -0.953796 0.300456
vn 0.000000 -0.920584 0.390546
vn 0.000000 -0.920584 0.390544
vn 0.000000 0.000000 1.000000
vn 0.000000 0.000000 1.000000
vn 0.000000 0.000000 1.000000
vn 0.000000 0.000000 1.000000
vn 0.000000 0.920577 0.390561
vn 0.000000 0.953793 0.300465
vn 0.000000 0.953794 0.300463
vn 0.000000 0.920577 0.390560
vn 0.000000 0.980581 0.196113
vn 0.000000 0.980581 0.196112
vn 0.000000 0.000000 1.000000
vn 0.000000 0.000000 1.000000
vn 0.000000 0.000000 1.000000
vn 0.000000 0.000000 1.000000
vn 0.000000 -0.953796 0.300455
vn 0.000000 -0.980581 0.196116
vn 0.000000 -0.980581 0.196117
vn 0.000000 -0.953796 0.300456
vn 0.000000 -0.920585 0.390542
vn 0.000000 -0.920584 0.390544
vn 0.000000 0.000000 1.000000
vn 0.000000 0.000000 1.000000
vn 0.000000 0.000000 1.000000
vn 0.000000 0.000000 1.000000
vn 0.000000 0.920583 0.390546
vn 0.000000 0.953796 0.300455
vn 0.000000 0.953796 0.300456
vn 0.000000 0.920583 0.390547
vn 0.000000 0.980582 0.196112
vn 0.000000 0.980582 0.196112
vn 0.000000 0.000000 1.000000
vn 0.000000 0.000000 1.000000
vn 0.000000 0.000000 1.000000
vn 0.000000 0.000000 1.000000
vn 0.000000 -0.953795 0.300458
vn 0.000000 -0.980581 0.196116
vn 0.000000 -0.980581 0.196115
vn 0.000000 -0.953795 0.300459
vn 0.000000 -0.920583 0.390548
vn 0.000000 -0.920582 0.390549
vn 0.000000 0.000000 1.000000
vn 0.000000 0.000000 1.000000
vn 0.000000 0.000000 1.000000
vn 0.000000 0.000000 1.000000
vn 0.000000 0.920580 0.390553
vn 0.000000 0.953794 0.300463
vn 0.000000 0.953794 0.300463
vn 0.000000 0.920581 0.390553
vn 0.000000 0.980580 0.196119
vn 0.000000 0.980580 0.196120
vn 0.000000 0.000000 1.000000
vn 0.000000 0.000000 1.000000
vn 0.000000 0.000000 1.000000
vn 0.000000 0.000000 1.000000
vn 0.000000 -0.982822 0.184559
vn 0.000000 -0.980581 0.196115
vn 0.000000 -0.980581 0.196116
vn 0.000000 -0.982822 0.184559
vn 0.000000 0.000000 1.000000
vn 0.000000 0.000000 1.000000
vn 0.000000 0.000000 1.000000
vn 0.000000 0.000000 1.000000
vn 0.000000 0.000000 1.000000
vn 0.000000 0.000000 1.000000
vn 0.000000 0.000000 1.000000
vn 0.000000 0.000000 1.000000
vn 0.000000 0.000000 -1.000000
vn 0.000000 0.000000 -1.000000
vn 0.000000 0.000000 -1.000000
vn 0.000000 0.000000 -1.000000
vn -0.000000 0.000000 1.000000
vn -0.000000 0.000000 1.000000
vn -0.000000 0.000000 1.000000
vn -0.000000 0.000000 1.000000
vn -0.000000 0.000000 1.000000
vn -0.000000 0.000000 1.000000
vn 0.000000 -0.980581 0.196116
vn 0.000000 -0.982823 0.184550
vn 0.000000 -0.982844 0.184441
vn 0.000000 -0.980581 0.196116
vn 0.000000 0.000000 1.000000
vn 0.000000 0.000000 1.000000
vn 0.000000 0.000000 1.000000
vn 0.000000 0.000000 1.000000
vn 0.000000 0.980580 0.196119
vn 0.000000 0.953794 0.300462
vn 0.000000 0.954011 0.299772
vn 0.000000 0.980580 0.196120
vn 0.000000 0.920581 0.390553
vn 0.000000 0.920581 0.390553
vn 0.000000 0.000000 1.000000
vn 0.000000 0.000000 1.000000
vn 0.000000 0.000000 1.000000
vn 0.000000 0.000000 1.000000
vn 0.000000 -0.920582 0.390549
vn 0.000000 -0.953795 0.300459
vn 0.000000 -0.954012 0.299768
vn 0.000000 -0.920582 0.390548
vn 0.000000 -0.980581 0.196116
vn 0.000000 -0.980581 0.196117
vn 0.000000 0.000000 1.000000
vn 0.000000 0.000000 1.000000
vn 0.000000 0.000000 1.000000
vn 0.000000 0.000000 1.000000
vn 0.000000 0.980582 0.196112
vn 0.000000 0.953796 0.300456
vn 0.000000 0.954013 0.299765
vn 0.000000 0.980582 0.196112
vn 0.000000 0.920583 0.390547
vn 0.000000 0.920583 0.390547
vn 0.000000 0.000000 1.000000
vn 0.000000 0.000000 1.000000
vn 0.000000 0.000000 1.000000
vn 0.000000 0.000000 1.000000
vn 0.000000 -0.920584 0.390545
vn 0.000000 -0.953795 0.300457
vn 0.000000 -0.954013 0.299765
vn 0.000000 -0.920584 0.390543
vn 0.000000 -0.980581 0.196115
vn 0.000000 -0.980581 0.196117
vn 0.000000 0.000000 1.000000
vn 0.000000 0.000000 1.000000
vn 0.000000 0.000000 1.000000
vn 0.000000 0.000000 1.000000
vn 0.000000 0.980581 0.196114
vn 0.000000 0.953793 0.300465
vn 0.000000 0.954011 0.299773
vn 0.000000 0.980582 0.196112
vn 0.000000 0.920577 0.390561
vn 0.000000 0.920577 0.390562
vn 0.000000 0.000000 1.000000
vn 0.000000 0.000000 1.000000
vn 0.000000 0.000000 1.000000
vn 0.000000 0.000000 1.000000
vn 0.000000 -0.920583 0.390547
vn 0.000000 -0.953795 0.300457
vn 0.000000 -0.954013 0.299767
vn 0.000000 -0.920583 0.390547
vn 0.000000 -0.980581 0.196115
vn 0.000000 -0.980581 0.196114
vn 0.000000 0.000000 1.000000
vn 0.000000 0.000000 1.000000
vn 0.000000 0.000000 1.000000
vn 0.000000 0.000000 1.000000
vn 0.000000 0.980581 0.196114
vn 0.000000 0.953793 0.300465
vn 0.000000 0.954010 0.299774
vn 0.000000 0.980581 0.196115
vn 0.000000 0.920577 0.390561
vn 0.000000 0.920577 0.390562
vn 0.000000 0.000000 1.000000
vn 0.000000 0.000000 1.000000
vn 0.000000 0.000000 1.000000
vn 0.000000 0.000000 1.000000
vn 0.000000 -0.920580 0.390555
vn 0.000000 -0.953797 0.300453
vn 0.000000 -0.954014 0.299762
vn 0.000000 -0.920580 0.390555
vn 0.000000 -0.980585 0.196096
vn 0.000000 -0.980585 0.196096
vn 0.000000 0.000000 1.000000
vn 0.000000 0.000000 1.000000
vn 0.000000 0.000000 1.000000
vn 0.000000 0.000000 1.000000
vn 0.000000 0.980578 0.196129
vn 0.000000 0.953791 0.300471
vn 0.000000 0.954008 0.299781
vn 0.000000 0.980578 0.196130
vn 0.000000 0.920577 0.390561
vn 0.000000 0.920578 0.390559
vn 0.000000 0.000000 1.000000
vn 0.000000 0.000000 1.000000
vn 0.000000 0.000000 1.000000
vn 0.000000 0.000000 1.000000
vn 0.000000 -0.920576 0.390564
vn 0.000000 -0.953798 0.300449
vn 0.000000 -0.954015 0.299759
vn 0.000000 -0.920576 0.390563
vn 0.000000 -0.980588 0.196081
vn 0.000000 -0.980589 0.196074
vn 0.000000 0.000000 1.000000
vn 0.000000 0.000000 1.000000
vn 0.000000 0.000000 1.000000
vn 0.000000 0.000000 1.000000
vn 0.000000 0.980577 0.196135
vn 0.000000 0.953790 0.300473
vn 0.000000 0.954007 0.299784
vn 0.000000 0.980576 0.196138
vn 0.000000 0.920578 0.390560
vn 0.000000 0.920578 0.390559
vn 0.000000 0.000000 1.000000
vn 0.000000 0.000000 1.000000
vn 0.000000 0.000000 1.000000
vn 0.000000 0.000000 1.000000
vn 0.000000 -0.920592 0.390526
vn 0.000000 -0.953802 0.300438
vn 0.000000 -0.954019 0.299747
vn 0.000000 -0.920592 0.390527
vn 0.000000 -0.980585 0.196096
vn 0.000000 -0.980584 0.196099
vn 0.000000 0.000000 1.000000
vn 0.000000 0.000000 1.000000
vn 0.000000 0.000000 1.000000
vn 0.000000 0.000000 1.000000
vn 0.000000 0.980579 0.196123
vn 0.000000 0.953789 0.300476
vn 0.000000 0.954007 0.299786
vn 0.000000 0.980580 0.196122
vn 0.000000 0.920571 0.390575
vn 0.000000 0.920572 0.390574
vn 0.000000 0.000000 1.000000
vn 0.000000 0.000000 1.000000
vn 0.000000 0.000000 1.000000
vn 0.000000 0.000000 1.000000
vn 0.000000 -0.920582 0.390550
vn 0.000000 -0.987403 0.158228
vn 0.000000 -0.987622 0.156855
vn 0.000000 -0.920582 0.390550
vn 0.000000 -1.000000 0.000002
vn 0.000000 -1.000000 0.000000
vn 0.000000 0.000000 1.000000
vn 0.000000 0.000000 1.000000
vn 0.000000 0.000000 1.000000
vn 0.000000 0.000000 1.000000
vn 0.000000 1.000000 0.000000
vn 0.000000 1.000000 0.000000
vn 0.000000 1.000000 0.000000
vn 0.000000 1.000000 0.000000
vn 0.000000 1.000000 0.000000
vn 0.000000 1.000000 0.000000
vn 0.000000 1.000000 0.000000
vn 0.000000 1.000000 0.000000
vn 0.000000 1.000000 0.000000
vn 0.000000 1.000000 0.000000
vn 0.000000 1.000000 0.000000
vn 0.000000 1.000000 0.000000
vn 0.000000 1.000000 0.000000
vn 0.000000 1.000000 0.000000
vn 0.000000 0.000000 -1.000000
vn 0.000000 0.000000 -1.000000
vn 0.000000 0.000000 -1.000000
vn 0.000000 0.000000 -1.000000
vn 0.000000 -1.000000 0.000000
vn 0.000000 -1.000000 0.000000
vn 0.000000 -1.000000 0.000000
vn 0.000000 -1.000000 0.000000
vn 0.000000 0.000000 -1.000000
vn 0.000000 0.000000 -1.000000
vn 0.000000 0.000000 -1.000000
vn 0.000000 0.000000 -1.000000
vn 0.000000 0.980580 -0.196122
vn 0.000000 0.980579 -0.196122
vn 0.000000 0.980579 -0.196123
vn 0.000000 0.980579 -0.196123
vn 0.000000 0.000000 -1.000000
vn 0.000000 0.000000 -1.000000
vn 0.000000 0.000000 -1.000000
vn 0.000000 0.000000 -1.000000
vn 0.000000 -0.980584 -0.196099
vn 0.000000 -0.980584 -0.196099
vn 0.000000 -0.980585 -0.196096
vn 0.000000 -0.980585 -0.196096
vn 0.000000 0.000000 -1.000000
vn 0.000000 0.000000 -1.000000
vn 0.000000 0.000000 -1.000000
vn 0.000000 0.000000 -1.000000
vn 0.000000 0.980576 -0.196138
vn 0.000000 0.980576 -0.196138
vn 0.000000 0.980577 -0.196135
vn 0.000000 0.980577 -0.196135
vn 0.000000 0.000000 -1.000000
vn 0.000000 0.000000 -1.000000
vn 0.000000 0.000000 -1.000000
vn 0.000000 0.000000 -1.000000
vn 0.000000 -0.980589 -0.196074
vn 0.000000 -0.980589 -0.196074
vn 0.000000 -0.980588 -0.196079
vn 0.000000 -0.980588 -0.196081
vn 0.000000 0.000000 -1.000000
vn 0.000000 0.000000 -1.000000
vn 0.000000 0.000000 -1.000000
vn 0.000000 0.000000 -1.000000
vn 0.000000 0.980578 -0.196132
vn 0.000000 0.980578 -0.196131
vn 0.000000 0.980578 -0.196129
vn 0.000000 0.980578 -0.196129
vn 0.000000 0.000000 -1.000000
vn 0.000000 0.000000 -1.000000
vn 0.000000 0.000000 -1.000000
vn 0.000000 0.000000 -1.000000
vn 0.000000 -0.980585 -0.196096
vn 0.000000 -0.980585 -0.196096
vn 0.000000 -0.980585 -0.196096
vn 0.000000 -0.980585 -0.196096
vn 0.000000 0.000000 -1.000000
vn 0.000000 0.000000 -1.000000
vn 0.000000 0.000000 -1.000000
vn 0.000000 0.000000 -1.000000
vn 0.000000 0.980581 -0.196115
vn 0.000000 0.980581 -0.196115
vn 0.000000 0.980581 -0.196114
vn 0.000000 0.980581 -0.196114
vn 0.000000 0.000000 -1.000000
vn 0.000000 0.000000 -1.000000
vn 0.000000 0.000000 -1.000000
vn 0.000000 0.000000 -1.000000
vn 0.000000 -0.980581 -0.196114
vn 0.000000 -0.980581 -0.196114
vn 0.000000 -0.980581 -0.196115
vn 0.000000 -0.980581 -0.196115
vn 0.000000 0.000000 -1.000000
vn 0.000000 0.000000 -1.000000
vn 0.000000 0.000000 -1.000000
vn 0.000000 0.000000 -1.000000
vn 0.000000 0.980582 -0.196112
vn 0.000000 0.980582 -0.196112
vn 0.000000 0.980581 -0.196114
vn 0.000000 0.980581 -0.196114
vn 0.000000 0.000000 -1.000000
vn 0.000000 0.000000 -1.000000
vn 0.000000 0.000000 -1.000000
vn 0.000000 0.000000 -1.000000
vn 0.000000 -0.980581 -0.196117
vn 0.000000 -0.980581 -0.196117
vn 0.000000 -0.980581 -0.196117
vn 0.000000 -0.980581 -0.196117
vn 0.000000 0.000000 -1.000000
vn 0.000000 0.000000 -1.000000
vn 0.000000 0.000000 -1.000000
vn 0.000000 0.000000 -1.000000
vn 0.000000 0.980582 -0.196112
vn 0.000000 0.980582 -0.196112
vn 0.000000 0.980582 -0.196112
vn 0.000000 0.980582 -0.196112
vn 0.000000 0.000000 -1.000000
vn 0.000000 0.000000 -1.000000
vn 0.000000 0.000000 -1.000000
vn 0.000000 0.000000 -1.000000
vn 0.000000 -0.980581 -0.196117
vn 0.000000 -0.980581 -0.196117
vn 0.000000 -0.980581 -0.196116
vn 0.000000 -0.980581 -0.196116
vn 0.000000 0.000000 -1.000000
vn 0.000000 0.000000 -1.000000
vn 0.000000 0.000000 -1.000000
vn 0.000000 0.000000 -1.000000
vn 0.000000 0.980580 -0.196120
vn 0.000000 0.980580 -0.196120
vn 0.000000 0.980580 -0.196119
vn 0.000000 0.980580 -0.196119
vn 0.000000 0.000000 -1.000000
vn 0.000000 0.000000 -1.000000
vn 0.000000 0.000000 -1.000000
vn 0.000000 0.000000 -1.000000
vn 0.000000 -0.980581 -0.196116
vn 0.000000 -0.980581 -0.196116
vn 0.000000 -0.980581 -0.196116
vn 0.000000 -0.980581 -0.196116
vn 0.000000 0.000000 -1.000000
vn 0.000000 0.000000 -1.000000
vn -1.000000 0.000000 0.000000
vn -1.000000 0.000000 0.000000
vn -1.000000 0.000000 0.000000
vn -1.000000 0.000000 0.000000
vn 0.000000 0.000000 -1.000000
vn 0.000000 0.000000 -1.000000
vn 0.000000 0.000000 -1.000000
vn 0.000000 0.000000 -1.000000
vn 0.000000 0.000000 1.000000
vn 0.000000 0.000000 1.000000
vn 0.000000 0.000000 1.000000
vn 0.000000 0.000000 1.000000
vn 0.000000 0.000000 1.000000
vn 0.000000 0.000000 1.000000
vn -0.164399 0.000000 0.986394
vn -0.164399 0.000000 0.986394
vn -0.164399 0.000000 0.986394
vn -0.164399 0.000000 0.986394
vn -0.164398 0.986394 0.000000
vn -0.164398 0.986394 0.000000
vn -0.164398 0.986394 0.000000
vn -0.164398 0.986394 0.000000
vn 0.000000 0.986394 0.164399
vn 0.000000 0.986394 0.164399
vn 0.000000 0.986394 0.164399
vn 0.000000 0.986394 0.164399
vn 0.989599 0.000000 0.143857
vn 0.989599 0.000000 0.143857
vn 0.989598 0.000000 0.143857
vn 0.989598 0.000000 0.143857
vn -0.164398 -0.986394 0.000000
vn -0.164398 -0.986394 0.000000
vn -0.164399 0.000000 0.986394
vn -0.164399 0.000000 0.986394
vn 0.000000 -0.986394 0.164399
vn 0.000000 -0.986394 0.164399
vn 0.000000 -0.986394 0.164398
vn 0.000000 -0.986394 0.164399
vn 0.000000 -1.000000 -0.000005
vn 0.000000 -1.000000 -0.000000
vn 0.000000 -1.000000 -0.000001
vn -0.000000 -1.000000 -0.000005
vn 0.000002 0.000000 1.000000
vn -0.000002 0.000000 1.000000
vn -0.000002 0.000000 1.000000
vn 0.000002 0.000000 1.000000
vn 0.000000 0.000000 1.000000
vn 0.000000 0.000000 1.000000
vn 0.000002 0.000000 1.000000
vn 0.000002 0.000000 1.000000
vn -0.928402 -0.011414 0.371402
vn -0.928475 0.000000 0.371395
vn -0.928475 0.000000 0.371395
vn -0.928402 -0.011414 0.371402
vn 0.000000 -0.928475 0.371395
vn 0.000000 -0.928475 0.371395
vn 0.000000 -0.928475 0.371395
vn 0.000000 -0.928475 0.371395
vn 0.928480 0.000001 0.371383
vn 0.928407 0.011214 0.371397
vn 0.928407 0.011213 0.371397
vn 0.928480 0.000001 0.371383
vn 0.000000 0.928481 0.371380
vn 0.000000 0.928481 0.371380
vn 0.000000 0.928481 0.371380
vn 0.000000 0.928481 0.371380
vn 0.000000 -0.928476 0.371393
vn 0.000000 -0.928476 0.371393
vn 0.000000 -0.928476 0.371393
vn 0.000000 -0.928476 0.371393
vn -0.928331 -0.016488 0.371389
vn -0.928331 -0.016488 0.371389
vn 0.928332 0.016488 0.371387
vn 0.928332 0.016488 0.371387
vn 0.000000 -0.991213 0.132275
vn 0.000000 -0.920582 0.390548
vn 0.000000 0.000000 1.000000
vn 0.000000 0.000000 1.000000
vn 0.000000 0.920573 0.390571
vn 0.000000 0.957957 0.286913
vn 0.000000 0.980579 0.196124
vn 0.000000 0.000000 1.000000
vn 0.000000 0.000000 1.000000
vn 0.000000 -0.980583 0.196104
vn 0.000000 -0.957966 0.286881
vn 0.000000 -0.920591 0.390528
vn 0.000000 0.000000 1.000000
vn 0.000000 0.000000 1.000000
vn 0.000000 0.920578 0.390559
vn 0.000000 0.957956 0.286916
vn 0.000000 0.980576 0.196141
vn 0.000000 0.000000 1.000000
vn 0.000000 0.000000 1.000000
vn 0.000000 -0.980588 0.196079
vn 0.000000 -0.957964 0.286887
vn 0.000000 -0.920576 0.390563
vn 0.000000 0.000000 1.000000
vn 0.000000 0.000000 1.000000
vn 0.000000 0.920576 0.390565
vn 0.000000 0.957957 0.286912
vn 0.000000 0.980578 0.196129
vn 0.000000 0.000000 1.000000
vn 0.000000 0.000000 1.000000
vn 0.000000 -0.980584 0.196100
vn 0.000000 -0.957962 0.286894
vn 0.000000 -0.920581 0.390553
vn 0.000000 0.000000 1.000000
vn 0.000000 0.000000 1.000000
vn 0.000000 0.920578 0.390560
vn 0.000000 0.957959 0.286905
vn 0.000000 0.980581 0.196117
vn 0.000000 0.000000 1.000000
vn 0.000000 0.000000 1.000000
vn 0.000000 -0.980581 0.196117
vn 0.000000 -0.957961 0.286898
vn 0.000000 -0.920584 0.390545
vn 0.000000 0.000000 1.000000
vn 0.000000 0.000000 1.000000
vn 0.000000 0.920577 0.390562
vn 0.000000 0.957959 0.286904
vn 0.000000 0.980581 0.196114
vn 0.000000 0.000000 1.000000
vn 0.000000 0.000000 1.000000
vn 0.000000 -0.980581 0.196115
vn 0.000000 -0.957962 0.286896
vn 0.000000 -0.920585 0.390543
vn 0.000000 0.000000 1.000000
vn 0.000000 0.000000 1.000000
vn 0.000000 0.920583 0.390546
vn 0.000000 0.957962 0.286896
vn 0.000000 0.980582 0.196112
vn 0.000000 0.000000 1.000000
vn 0.000000 0.000000 1.000000
vn 0.000000 -0.980581 0.196115
vn 0.000000 -0.957961 0.286898
vn 0.000000 -0.920582 0.390549
vn 0.000000 0.000000 1.000000
vn 0.000000 0.000000 1.000000
vn 0.000000 0.920580 0.390553
vn 0.000000 0.957960 0.286903
vn 0.000000 0.980580 0.196119
vn 0.000000 0.000000 1.000000
vn 0.000000 0.000000 1.000000
vn 0.000000 -0.980581 0.196116
vn 0.000000 -0.982452 0.186513
vn 0.000000 -0.986394 0.164400
vn 0.000000 0.000000 1.000000
vn 0.000000 0.000000 1.000000
vn 0.000000 0.000000 1.000000
vn 0.000000 0.986394 0.164399
vn 0.000000 0.986394 0.164399
vn 0.000000 0.000000 1.000000
vn 0.000000 0.000000 1.000000
vn 0.000000 -1.000000 -0.000004
vn 0.000000 -1.000000 -0.000000
vn 0.000000 -1.000000 0.000000
vn 0.000000 -1.000000 0.000000
vn 0.000000 -1.000000 0.000000
vn 0.000000 -1.000000 0.000000
vn 0.000000 0.000000 -1.000000
vn 0.000000 0.000000 -1.000000
vn 0.000000 0.000000 -1.000000
vn 0.000000 0.000000 -1.000000
vn 0.000000 -0.980581 -0.196116
vn 0.000000 -0.980581 -0.196116
vn 0.000000 0.000000 -1.000000
vn 0.000000 0.000000 -1.000000
vn 0.000000 0.980580 -0.196120
vn 0.000000 0.980580 -0.196120
vn 0.000000 0.000000 -1.000000
vn 0.000000 0.000000 -1.000000
vn 0.000000 -0.980581 -0.196114
vn 0.000000 -0.980581 -0.196115
vn 0.000000 0.000000 -1.000000
vn 0.000000 0.000000 -1.000000
vn 0.000000 0.980582 -0.196112
vn 0.000000 0.980582 -0.196112
vn 0.000000 0.000000 -1.000000
vn 0.000000 0.000000 -1.000000
vn 0.000000 -0.980581 -0.196116
vn 0.000000 -0.980581 -0.196115
vn 0.000000 0.000000 -1.000000
vn 0.000000 0.000000 -1.000000
vn 0.000000 0.980581 -0.196114
vn 0.000000 0.980581 -0.196114
vn 0.000000 0.000000 -1.000000
vn 0.000000 0.000000 -1.000000
vn 0.000000 -0.980581 -0.196117
vn 0.000000 -0.980581 -0.196117
vn 0.000000 0.000000 -1.000000
vn 0.000000 0.000000 -1.000000
vn 0.000000 0.980581 -0.196117
vn 0.000000 0.980581 -0.196117
vn 0.000000 0.000000 -1.000000
vn 0.000000 0.000000 -1.000000
vn 0.000000 -0.980584 -0.196099
vn 0.000000 -0.980584 -0.196098
vn 0.000000 0.000000 -1.000000
vn 0.000000 0.000000 -1.000000
vn 0.000000 0.980578 -0.196131
vn 0.000000 0.980578 -0.196131
vn 0.000000 0.000000 -1.000000
vn 0.000000 0.000000 -1.000000
vn 0.000000 -0.980588 -0.196079
vn 0.000000 -0.980588 -0.196079
vn 0.000000 0.000000 -1.000000
vn 0.000000 0.000000 -1.000000
vn 0.000000 0.980576 -0.196141
vn 0.000000 0.980576 -0.196141
vn 0.000000 0.000000 -1.000000
vn 0.000000 0.000000 -1.000000
vn 0.000000 -0.980584 -0.196100
vn 0.000000 -0.980584 -0.196100
vn 0.000000 0.000000 -1.000000
vn 0.000000 0.000000 -1.000000
vn 0.000000 0.980579 -0.196127
vn 0.000000 0.980578 -0.196127
vn 0.000000 0.000000 -1.000000
vn 0.000000 0.000000 -1.000000
vn 0.000000 -1.000000 0.000001
vn 0.000000 -1.000000 0.000002
vn 0.000000 0.000000 -1.000000
vn 0.000000 0.000000 -1.000000
vn 0.000000 1.000000 0.000000
vn 0.000000 1.000000 0.000000
vn 0.000000 1.000000 0.000000
vn 0.000000 1.000000 0.000000
vn 0.000000 1.000000 0.000000
vn 0.000000 1.000000 0.000000
vn 0.000000 1.000000 0.000000
vn 0.000000 0.000000 1.000000
vn 0.000000 0.000000 1.000000
vn 0.000000 -1.000000 -0.000002
vn 0.000000 -0.998114 0.061394
vn 0.000000 -0.920584 0.390544
vn 0.000000 0.000000 1.000000
vn 0.000000 0.000000 1.000000
vn 0.000000 0.920573 0.390571
vn 0.000000 0.969917 0.243436
vn 0.000000 0.980579 0.196125
vn 0.000000 0.000000 1.000000
vn 0.000000 0.000000 1.000000
vn 0.000000 -0.980584 0.196102
vn 0.000000 -0.969924 0.243408
vn 0.000000 -0.920591 0.390528
vn 0.000000 0.000000 1.000000
vn 0.000000 0.000000 1.000000
vn 0.000000 0.920580 0.390555
vn 0.000000 0.969916 0.243442
vn 0.000000 0.980576 0.196138
vn 0.000000 0.000000 1.000000
vn 0.000000 0.000000 1.000000
vn 0.000000 -0.980587 0.196084
vn 0.000000 -0.969926 0.243400
vn 0.000000 -0.920576 0.390563
vn 0.000000 0.000000 1.000000
vn 0.000000 0.000000 1.000000
vn 0.000000 0.920577 0.390560
vn 0.000000 0.969917 0.243436
vn 0.000000 0.980578 0.196129
vn 0.000000 0.000000 1.000000
vn 0.000000 0.000000 1.000000
vn 0.000000 -0.980584 0.196100
vn 0.000000 -0.969923 0.243412
vn 0.000000 -0.920579 0.390557
vn 0.000000 0.000000 1.000000
vn 0.000000 0.000000 1.000000
vn 0.000000 0.920579 0.390557
vn 0.000000 0.969920 0.243426
vn 0.000000 0.980580 0.196119
vn 0.000000 0.000000 1.000000
vn 0.000000 0.000000 1.000000
vn 0.000000 -0.980581 0.196117
vn 0.000000 -0.969920 0.243422
vn 0.000000 -0.920583 0.390547
vn 0.000000 0.000000 1.000000
vn 0.000000 0.000000 1.000000
vn 0.000000 0.920578 0.390560
vn 0.000000 0.969920 0.243423
vn 0.000000 0.980581 0.196113
vn 0.000000 0.000000 1.000000
vn 0.000000 0.000000 1.000000
vn 0.000000 -0.980581 0.196116
vn 0.000000 -0.969921 0.243419
vn 0.000000 -0.920585 0.390543
vn 0.000000 0.000000 1.000000
vn 0.000000 0.000000 1.000000
vn 0.000000 0.920583 0.390548
vn 0.000000 0.969921 0.243419
vn 0.000000 0.980582 0.196112
vn 0.000000 0.000000 1.000000
vn 0.000000 0.000000 1.000000
vn 0.000000 -0.980581 0.196116
vn 0.000000 -0.969920 0.243422
vn 0.000000 -0.920582 0.390549
vn 0.000000 0.000000 1.000000
vn 0.000000 0.000000 1.000000
vn 0.000000 0.920580 0.390553
vn 0.000000 0.969920 0.243425
vn 0.000000 0.980580 0.196119
vn 0.000000 0.000000 1.000000
vn 0.000000 0.000000 1.000000
vn 0.000000 -0.980581 0.196115
vn 0.000000 -0.981430 0.191819
vn 0.000000 -0.986394 0.164399
vn 0.000000 0.000000 1.000000
vn 0.000000 0.000000 1.000000
vn 0.000000 0.000000 1.000000
vn 0.000000 0.986394 0.164399
vn 0.000000 0.986394 0.164399
vn 0.000000 0.000000 1.000000
vn 0.000000 0.000000 1.000000
vn 0.000000 -1.000000 0.000000
vn 0.000000 -1.000000 0.000000
vn 0.000000 -1.000000 0.000000
vn 0.000000 -1.000000 0.000000
vn 0.000000 -1.000000 0.000000
vn 0.000000 -1.000000 0.000000
vn 0.000000 0.000000 -1.000000
vn 0.000000 0.000000 -1.000000
vn 0.000000 0.000000 -1.000000
vn 0.000000 0.000000 -1.000000
vn 0.000000 -0.980581 -0.196115
vn 0.000000 -0.980581 -0.196115
vn 0.000000 0.000000 -1.000000
vn 0.000000 0.000000 -1.000000
vn 0.000000 0.980580 -0.196119
vn 0.000000 0.980580 -0.196120
vn 0.000000 0.000000 -1.000000
vn 0.000000 0.000000 -1.000000
vn 0.000000 -0.980581 -0.196117
vn 0.000000 -0.980581 -0.196117
vn 0.000000 0.000000 -1.000000
vn 0.000000 0.000000 -1.000000
vn 0.000000 0.980582 -0.196112
vn 0.000000 0.980582 -0.196112
vn 0.000000 0.000000 -1.000000
vn 0.000000 0.000000 -1.000000
vn 0.000000 -0.980581 -0.196114
vn 0.000000 -0.980581 -0.196116
vn 0.000000 0.000000 -1.000000
vn 0.000000 0.000000 -1.000000
vn 0.000000 0.980581 -0.196113
vn 0.000000 0.980581 -0.196114
vn 0.000000 0.000000 -1.000000
vn 0.000000 0.000000 -1.000000
vn 0.000000 -0.980581 -0.196117
vn 0.000000 -0.980581 -0.196117
vn 0.000000 0.000000 -1.000000
vn 0.000000 0.000000 -1.000000
vn 0.000000 0.980580 -0.196119
vn 0.000000 0.980580 -0.196118
vn 0.000000 0.000000 -1.000000
vn 0.000000 0.000000 -1.000000
vn 0.000000 -0.980585 -0.196097
vn 0.000000 -0.980584 -0.196098
vn 0.000000 0.000000 -1.000000
vn 0.000000 0.000000 -1.000000
vn 0.000000 0.980578 -0.196131
vn 0.000000 0.980578 -0.196131
vn 0.000000 0.000000 -1.000000
vn 0.000000 0.000000 -1.000000
vn 0.000000 -0.980588 -0.196081
vn 0.000000 -0.980587 -0.196083
vn 0.000000 0.000000 -1.000000
vn 0.000000 0.000000 -1.000000
vn 0.000000 0.980576 -0.196141
vn 0.000000 0.980576 -0.196141
vn 0.000000 0.000000 -1.000000
vn 0.000000 0.000000 -1.000000
vn 0.000000 -0.980584 -0.196099
vn 0.000000 -0.980584 -0.196097
vn 0.000000 0.000000 -1.000000
vn 0.000000 0.000000 -1.000000
vn 0.000000 0.980579 -0.196127
vn 0.000000 0.980578 -0.196127
vn 0.000000 0.000000 -1.000000
vn 0.000000 0.000000 -1.000000
vn 0.000000 -1.000000 0.000002
vn 0.000000 -1.000000 -0.000002
vn 0.000000 0.000000 -1.000000
vn 0.000000 0.000000 -1.000000
vn 0.000000 1.000000 -0.000003
vn 0.000000 1.000000 -0.000000
vn 0.000000 1.000000 0.000000
vn 0.000000 1.000000 0.000000
vn 0.000000 1.000000 0.000000
vn 0.000000 1.000000 0.000000
vn 0.000000 1.000000 0.000000
vn 0.000000 0.000000 1.000000
vn 0.000000 0.000000 1.000000
vn 0.000000 -1.000000 0.000002
vn 0.000000 -1.000000 0.000000
vn 0.000000 -1.000000 0.000000
vn 0.000000 -1.000000 0.000000
vn 0.000000 -1.000000 0.000000
vn -0.000000 -1.000000 -0.000001
vn -0.000000 -1.000000 -0.000004
vn 0.000000 0.000000 1.000000
vn 0.000000 0.000000 1.000000
vn 0.000000 0.986394 0.164399
vn 0.000000 0.986394 0.164399
vn 0.000000 0.000000 1.000000
vn 0.000000 -1.000000 0.000000
vn 0.000000 -1.000000 -0.000000
vn 0.000000 -1.000000 -0.000000
vn 0.000000 -1.000000 0.000000
vn 0.000000 -1.000000 0.000000
vn -1.000000 0.000000 0.000000
vn -1.000000 0.000000 0.000000
vn -0.164398 0.986394 0.000000
vn -0.164399 0.986394 0.000000
vn -1.000000 0.000000 0.000000
vn -1.000000 0.000000 0.000000
vn -1.000000 0.000000 0.000000
vn -0.164398 -0.986394 0.000000
vn -0.186431 -0.982468 0.000000
vn -0.196116 -0.980581 0.000000
vn -1.000000 0.000000 0.000000
vn -1.000000 0.000000 0.000000
vn -0.196120 0.980580 0.000000
vn -0.287671 0.957729 0.000000
vn -0.390553 0.920581 0.000000
vn -1.000000 0.000000 0.000000
vn -1.000000 0.000000 0.000000
vn -0.390549 -0.920582 0.000000
vn -0.287667 -0.957731 0.000000
vn -0.196116 -0.980581 0.000000
vn -1.000000 0.000000 0.000000
vn -1.000000 0.000000 0.000000
vn -0.196112 0.980582 0.000000
vn -0.287664 0.957731 0.000000
vn -0.390547 0.920583 0.000000
vn -1.000000 0.000000 0.000000
vn -1.000000 0.000000 0.000000
vn -0.390543 -0.920585 0.000000
vn -0.287664 -0.957731 0.000000
vn -0.196116 -0.980581 0.000000
vn -1.000000 0.000000 0.000000
vn -1.000000 0.000000 0.000000
vn -0.196112 0.980582 0.000000
vn -0.287672 0.957729 0.000000
vn -0.390562 0.920577 0.000000
vn -1.000000 0.000000 0.000000
vn -1.000000 0.000000 0.000000
vn -0.390547 -0.920583 0.000000
vn -0.287666 -0.957731 0.000000
vn -0.196116 -0.980581 0.000000
vn -1.000000 0.000000 0.000000
vn -1.000000 0.000000 0.000000
vn -0.196116 0.980581 0.000000
vn -0.287674 0.957729 0.000000
vn -0.390562 0.920577 0.000000
vn -1.000000 0.000000 0.000000
vn -1.000000 0.000000 0.000000
vn -0.390556 -0.920579 0.000000
vn -0.287661 -0.957732 0.000000
vn -0.196097 -0.980585 0.000000
vn -1.000000 0.000000 0.000000
vn -1.000000 0.000000 0.000000
vn -0.196131 0.980578 0.000000
vn -0.287682 0.957726 0.000000
vn -0.390562 0.920577 0.000000
vn -1.000000 0.000000 0.000000
vn -1.000000 0.000000 0.000000
vn -0.390562 -0.920577 0.000000
vn -0.287656 -0.957734 0.000000
vn -0.196081 -0.980588 0.000000
vn -1.000000 0.000000 0.000000
vn -1.000000 0.000000 0.000000
vn -0.196139 0.980576 0.000000
vn -0.287684 0.957725 0.000000
vn -0.390559 0.920578 0.000000
vn -1.000000 0.000000 0.000000
vn -1.000000 0.000000 0.000000
vn -0.390527 -0.920591 0.000000
vn -0.287648 -0.957736 0.000000
vn -0.196101 -0.980584 0.000000
vn -1.000000 0.000000 0.000000
vn -1.000000 0.000000 0.000000
vn -0.196124 0.980579 0.000000
vn -0.287683 0.957726 0.000000
vn -0.390573 0.920572 0.000000
vn -1.000000 0.000000 0.000000
vn -1.000000 0.000000 0.000000
vn -0.390550 -0.920582 0.000000
vn -0.133109 -0.991102 0.000000
vn 0.000000 -1.000000 0.000000
vn -1.000000 0.000000 0.000000
vn -1.000000 0.000000 0.000000
vn 0.000000 1.000000 0.000000
vn 0.000000 1.000000 0.000000
vn 0.000000 1.000000 0.000000
vn 0.000000 1.000000 0.000000
vn 0.000000 1.000000 0.000000
vn 0.000000 1.000000 0.000000
vn 0.000000 1.000000 0.000000
vn 0.000000 1.000000 0.000000
vn 0.000000 -1.000000 0.000000
vn 0.000000 -1.000000 0.000000
vn 0.000000 -1.000000 0.000000
vn 0.000000 -1.000000 0.000000
vn 0.000000 -1.000000 0.000000
vn -1.000000 0.000000 0.000000
vn -1.000000 0.000000 0.000000
vn -0.164398 0.986394 0.000000
vn -0.164398 0.986394 0.000000
vn -1.000000 0.000000 0.000000
vn -1.000000 0.000000 0.000000
vn -1.000000 0.000000 0.000000
vn -0.164399 -0.986394 0.000000
vn -0.191830 -0.981428 0.000000
vn -0.196116 -0.980581 0.000000
vn -1.000000 0.000000 0.000000
vn -1.000000 0.000000 0.000000
vn -0.196120 0.980580 0.000000
vn -0.244118 0.969746 0.000000
vn -0.390553 0.920581 0.000000
vn -1.000000 0.000000 0.000000
vn -1.000000 0.000000 0.000000
vn -0.390549 -0.920582 0.000000
vn -0.244114 -0.969747 0.000000
vn -0.196116 -0.980581 0.000000
vn -1.000000 0.000000 0.000000
vn -1.000000 0.000000 0.000000
vn -0.196112 0.980581 0.000000
vn -0.244111 0.969747 0.000000
vn -0.390547 0.920583 0.000000
vn -1.000000 0.000000 0.000000
vn -1.000000 0.000000 0.000000
vn -0.390543 -0.920585 0.000000
vn -0.244112 -0.969747 0.000000
vn -0.196116 -0.980581 0.000000
vn -1.000000 0.000000 0.000000
vn -1.000000 0.000000 0.000000
vn -0.196112 0.980581 0.000000
vn -0.244115 0.969746 0.000000
vn -0.390562 0.920577 0.000000
vn -1.000000 0.000000 0.000000
vn -1.000000 0.000000 0.000000
vn -0.390547 -0.920583 0.000000
vn -0.244113 -0.969747 0.000000
vn -0.196116 -0.980581 0.000000
vn -1.000000 0.000000 0.000000
vn -1.000000 0.000000 0.000000
vn -0.196116 0.980581 0.000000
vn -0.244118 0.969746 0.000000
vn -0.390562 0.920577 0.000000
vn -1.000000 0.000000 0.000000
vn -1.000000 0.000000 0.000000
vn -0.390556 -0.920579 0.000000
vn -0.244102 -0.969750 0.000000
vn -0.196097 -0.980585 0.000000
vn -1.000000 0.000000 0.000000
vn -1.000000 0.000000 0.000000
vn -0.196132 0.980578 0.000000
vn -0.244129 0.969743 0.000000
vn -0.390562 0.920577 0.000000
vn -1.000000 0.000000 0.000000
vn -1.000000 0.000000 0.000000
vn -0.390562 -0.920577 0.000000
vn -0.244092 -0.969752 0.000000
vn -0.196082 -0.980588 0.000000
vn -1.000000 0.000000 0.000000
vn -1.000000 0.000000 0.000000
vn -0.196139 0.980576 0.000000
vn -0.244134 0.969742 0.000000
vn -0.390559 0.920578 0.000000
vn -1.000000 0.000000 0.000000
vn -1.000000 0.000000 0.000000
vn -0.390527 -0.920592 0.000000
vn -0.244096 -0.969751 0.000000
vn -0.196101 -0.980584 0.000000
vn -1.000000 0.000000 0.000000
vn -1.000000 0.000000 0.000000
vn -0.196124 0.980579 0.000000
vn -0.244126 0.969743 0.000000
vn -0.390573 0.920572 0.000000
vn -1.000000 0.000000 0.000000
vn -1.000000 0.000000 0.000000
vn -0.390550 -0.920582 0.000000
vn -0.062905 -0.998020 0.000000
vn 0.000000 -1.000000 0.000000
vn -1.000000 0.000000 0.000000
vn -1.000000 0.000000 0.000000
vn 0.000000 1.000000 0.000000
vn 0.000000 1.000000 0.000000
vn 0.000000 1.000000 0.000000
vn 0.000000 1.000000 0.000000
vn 0.000000 1.000000 0.000000
vn 0.000000 1.000000 0.000000
vn 0.000000 1.000000 0.000000
vn 0.000000 1.000000 0.000000
vn -0.390551 -0.920581 0.000000
vn -1.000000 0.000000 0.000000
vn -1.000000 0.000000 0.000000
vn -0.390574 0.920572 0.000000
vn -0.390528 -0.920591 0.000000
vn -1.000000 0.000000 0.000000
vn -1.000000 0.000000 0.000000
vn -0.390559 0.920578 0.000000
vn -0.390562 -0.920577 0.000000
vn -1.000000 0.000000 0.000000
vn -1.000000 0.000000 0.000000
vn -0.390562 0.920577 0.000000
vn -0.390556 -0.920579 0.000000
vn -1.000000 0.000000 0.000000
vn -1.000000 0.000000 0.000000
vn -0.390562 0.920577 0.000000
vn -0.390548 -0.920583 0.000000
vn -1.000000 0.000000 0.000000
vn -1.000000 0.000000 0.000000
vn -0.390562 0.920577 0.000000
vn -0.390543 -0.920585 0.000000
vn -1.000000 0.000000 0.000000
vn -1.000000 0.000000 0.000000
vn -0.390548 0.920583 0.000000
vn -0.390549 -0.920582 0.000000
vn -1.000000 0.000000 0.000000
vn -1.000000 0.000000 0.000000
vn -0.390554 0.920580 0.000000
vn -0.164399 -0.986394 0.000000
vn -1.000000 0.000000 0.000000
vn -1.000000 0.000000 0.000000
vn -1.000000 0.000000 0.000000
vn -0.164399 0.986394 0.000000
vn -0.164399 0.986394 0.000000
vn -0.103998 0.990122 0.094035
vn -0.103998 0.990122 0.094035
vn 0.000000 0.000000 1.000000
vn 0.000000 0.000000 1.000000
vn -0.103985 -0.990125 0.094023
vn -0.103985 -0.990125 0.094023
vn -0.104006 0.990121 0.094042
vn -0.104006 0.990121 0.094041
vn 0.000000 0.000000 1.000000
vn 0.000000 0.000000 1.000000
vn -0.103975 -0.990126 0.094017
vn -0.103975 -0.990126 0.094016
vn -0.104002 0.990122 0.094037
vn -0.104002 0.990122 0.094037
vn 0.000000 0.000000 1.000000
vn 0.000000 0.000000 1.000000
vn -0.103983 -0.990125 0.094023
vn -0.103983 -0.990125 0.094023
vn -0.103993 0.990123 0.094033
vn -0.103994 0.990123 0.094033
vn 0.000000 0.000000 1.000000
vn 0.000000 0.000000 1.000000
vn -0.103993 -0.990123 0.094032
vn -0.103994 -0.990123 0.094031
vn -0.103991 0.990123 0.094030
vn -0.103991 0.990123 0.094029
vn 0.000000 0.000000 1.000000
vn 0.000000 0.000000 1.000000
vn -0.103993 -0.990123 0.094032
vn -0.103994 -0.990123 0.094031
vn -0.103991 0.990123 0.094029
vn -0.103992 0.990123 0.094029
vn 0.000000 0.000000 1.000000
vn 0.000000 0.000000 1.000000
vn -0.103993 -0.990123 0.094032
vn -0.103994 -0.990123 0.094031
vn -0.103995 0.990123 0.094032
vn -0.103996 0.990123 0.094032
vn 0.000000 0.000000 1.000000
vn 0.000000 0.000000 1.000000
vn -0.103993 -0.990123 0.094031
vn -0.103994 -0.990123 0.094031
vn 0.000000 0.000000 1.000000
vn 0.000000 0.000000 1.000000
vn 0.000000 -1.000000 0.000000
vn 0.000000 -1.000000 0.000000
vn 0.000000 -1.000000 0.000000
vn 0.000000 -1.000000 0.000000
vn 0.000000 -1.000000 0.000000
vn 0.000000 -1.000000 0.000000
vn 0.000000 -1.000000 0.000000
vn 0.000000 0.000000 -1.000000
vn 0.000000 0.000000 -1.000000
vn 0.000000 0.000000 -1.000000
vn 0.000000 0.000000 -1.000000
vn 0.000000 0.000000 -1.000000
vn 0.000000 0.000000 -1.000000
vn 0.000000 0.000000 -1.000000
vn 0.000000 0.000000 -1.000000
vn 0.000000 0.000000 -1.000000
vn 0.000000 0.000000 -1.000000
vn 0.000000 0.000000 -1.000000
vn 0.000000 0.000000 -1.000000
vn 0.000000 0.000000 -1.000000
vn 0.000000 0.000000 -1.000000
vn 0.000000 0.000000 -1.000000
vn 0.000000 0.000000 -1.000000
vn 0.000000 0.000000 -1.000000
vn 0.000000 0.000000 -1.000000
vn 0.000000 0.000000 -1.000000
vn 0.000000 0.000000 -1.000000
vn 0.000000 0.000000 -1.000000
vn 0.000000 0.000000 -1.000000
vn 0.000000 0.000000 -1.000000
vn 0.000000 0.000000 -1.000000
vn 0.000000 0.000000 -1.000000
vn 0.000000 0.000000 -1.000000
vn 0.000000 0.000000 -1.000000
vn 0.000000 0.000000 -1.000000
vn 0.000000 0.000000 -1.000000
vn 0.000000 0.000000 -1.000000
vn 0.000000 0.000000 -1.000000
vn 0.000000 0.000000 -1.000000
vn 0.000000 0.000000 -1.000000
vn 0.000000 0.000000 -1.000000
vn 0.000000 1.000000 0.000000
vn 0.000000 1.000000 0.000000
vn 0.000000 0.000000 1.000000
vn 0.000000 0.000000 1.000000
vn 0.000000 -1.000000 0.000002
vn 0.000000 -1.000000 0.000002
vn -1.000000 0.000000 0.000000
vn -1.000000 0.000000 0.000000
vn -1.000000 0.000000 0.000000
vn -1.000000 0.000000 0.000000
vn -1.000000 0.000000 0.000000
vn -1.000000 0.000000 0.000000
vn -1.000000 0.000000 0.000000
vn -1.000000 0.000000 0.000000
vn -1.000000 0.000000 0.000000
vn -1.000000 0.000000 0.000000
vn -1.000000 0.000000 0.000000
vn -1.000000 0.000000 0.000000
vn -1.000000 0.000000 0.000000
vn -1.000000 0.000000 0.000000
vn -1.000000 0.000000 0.000000
vn -1.000000 0.000000 0.000000
vn -1.000000 0.000000 0.000000
vn -1.000000 0.000000 0.000000
vn -1.000000 0.000000 0.000000
vn -1.000000 0.000000 0.000000
vn -1.000000 0.000000 0.000000
vn -1.000000 0.000000 0.000000
vn 0.000000 0.000000 1.000000
vn 0.000000 0.000000 1.000000
vn 0.000000 0.000000 1.000000
vn 0.000000 0.000000 1.000000
vn 0.000000 0.000000 1.000000
vn 0.000000 0.000000 1.000000
vn -1.000000 0.000000 0.000000
vn -1.000000 0.000000 0.000000
vn 0.752574 0.000000 0.658507
vn 0.752574 0.000000 0.658507
vn 0.752574 0.000000 0.658507
vn 0.752574 0.000000 0.658507
vn 0.749157 0.000823 0.662392
vn 0.749157 0.000823 0.662392
vn 0.749157 0.000823 0.662392
vn 0.749157 0.000823 0.662392
vn -0.649484 0.000000 -0.760376
vn -0.649484 0.000000 -0.760376
vn -0.649484 0.000000 -0.760376
vn -0.649484 0.000000 -0.760376
vn -0.649484 0.000000 -0.760375
vn -0.649484 0.000000 -0.760375
vn -0.649484 0.000000 -0.760375
vn -0.649484 0.000000 -0.760375
vn 0.742463 0.000000 0.669887
vn 0.742463 0.000000 0.669887
vn 0.742463 0.000000 0.669887
vn 0.742463 0.000000 0.669887
vn 0.000000 0.000000 1.000000
vn 0.000000 0.000000 1.000000
vn 0.000000 0.000000 1.000000
vn 0.000000 0.000000 1.000000
vn -1.000000 0.000000 0.000000
vn -1.000000 0.000000 0.000000
vn -1.000000 0.000000 0.000000
vn -1.000000 0.000000 0.000000
vn -0.634991 0.000000 -0.772520
vn -0.634991 0.000000 -0.772520
vn -0.634991 0.000000 -0.772520
vn -0.634991 0.000000 -0.772520
vn -0.634991 0.000000 -0.772519
vn -0.634991 0.000000 -0.772519
vn -0.634991 0.000000 -0.772519
vn -0.634991 0.000000 -0.772520
vn -1.000000 0.000000 0.000000
vn -1.000000 0.000000 0.000000
vn -1.000000 0.000000 0.000000
vn -1.000000 0.000000 0.000000
vn 0.000000 0.000000 1.000000
vn 0.000000 0.000000 1.000000
vn 0.000000 0.000000 1.000000
vn 0.000000 0.000000 1.000000
vn 0.742462 0.000000 0.669888
vn 0.742462 0.000000 0.669888
vn 0.742462 0.000000 0.669888
vn 0.742462 0.000000 0.669888
vn 0.742462 0.000000 0.669888
vn 0.742462 0.000000 0.669888
vn 0.742462 0.000000 0.669888
vn 0.742462 0.000000 0.669888
vn 0.000000 0.000000 1.000000
vn 0.000000 0.000000 1.000000
vn 0.000000 0.000000 1.000000
vn 0.000000 0.000000 1.000000
vn -1.000000 0.000000 0.000000
vn -1.000000 0.000000 0.000000
vn -1.000000 0.000000 0.000000
vn -1.000000 0.000000 0.000000
vn -0.634990 0.000000 -0.772520
vn -0.634990 0.000000 -0.772520
vn -0.634990 0.000000 -0.772520
vn -0.634990 0.000000 -0.772520
vn -0.634991 0.000000 -0.772520
vn -0.634991 0.000000 -0.772520
vn -0.634991 0.000000 -0.772520
vn -0.634991 0.000000 -0.772520
vn -1.000000 0.000000 0.000000
vn -1.000000 0.000000 0.000000
vn -1.000000 0.000000 0.000000
vn -1.000000 0.000000 0.000000
vn 0.000000 0.000000 1.000000
vn 0.000000 0.000000 1.000000
vn 0.000000 0.000000 1.000000
vn 0.000000 0.000000 1.000000
vn 0.742463 0.000000 0.669887
vn 0.742463 0.000000 0.669887
vn 0.742463 0.000000 0.669887
vn 0.742463 0.000000 0.669887
vn 0.742463 0.000000 0.669887
vn 0.742463 0.000000 0.669887
vn 0.742463 0.000000 0.669887
vn 0.742463 0.000000 0.669887
vn 0.000000 0.000000 1.000000
vn 0.000000 0.000000 1.000000
vn 0.000000 0.000000 1.000000
vn 0.000000 0.000000 1.000000
vn -1.000000 0.000000 0.000000
vn -1.000000 0.000000 0.000000
vn -1.000000 0.000000 0.000000
vn -1.000000 0.000000 0.000000
vn -0.634990 0.000000 -0.772520
vn -0.634990 0.000000 -0.772520
vn -0.634990 0.000000 -0.772520
vn -0.634990 0.000000 -0.772520
vn -0.634990 0.000000 -0.772520
vn -0.634990 0.000000 -0.772520
vn -0.634990 0.000000 -0.772520
vn -0.634990 0.000000 -0.772520
vn -1.000000 0.000000 0.000000
vn -1.000000 0.000000 0.000000
vn -1.000000 0.000000 0.000000
vn -1.000000 0.000000 0.000000
vn 0.000000 0.000000 1.000000
vn 0.000000 0.000000 1.000000
vn 0.000000 0.000000 1.000000
vn 0.000000 0.000000 1.000000
vn 0.742462 0.000000 0.669888
vn 0.742462 0.000000 0.669888
vn 0.742462 0.000000 0.669888
vn 0.742462 0.000000 0.669888
vn 0.742462 0.000000 0.669888
vn 0.742462 0.000000 0.669888
vn 0.742462 0.000000 0.669888
vn 0.742462 0.000000 0.669888
vn 0.000000 0.000000 1.000000
vn 0.000000 0.000000 1.000000
vn 0.000000 0.000000 1.000000
vn 0.000000 0.000000 1.000000
vn -1.000000 0.000000 0.000000
vn -1.000000 0.000000 0.000000
vn -1.000000 0.000000 0.000000
vn -1.000000 0.000000 0.000000
vn -0.634990 0.000000 -0.772520
vn -0.634990 0.000000 -0.772520
vn -0.634990 0.000000 -0.772520
vn -0.634990 0.000000 -0.772520
vn 0.000000 -1.000000 0.000000
vn 0.000000 -1.000000 0.000000
vn 0.000000 -1.000000 0.000000
vn 0.000000 -1.000000 0.000000
vn 0.000000 -1.000000 0.000000
vn 0.000000 -1.000000 0.000000
vn 0.000000 -1.000000 0.000000
vn 0.000000 -1.000000 0.000000
vn 0.000000 -1.000000 -0.000000
vn 0.000000 -1.000000 -0.000000
vn 0.000000 -1.000000 -0.000000
vn 0.000000 -1.000000 -0.000000
vn 0.000000 -1.000000 0.000000
vn 0.000000 -1.000000 0.000000
vn 0.000000 -1.000000 0.000000
vn 0.000000 -1.000000 0.000000
vn 0.000000 -1.000000 0.000000
vn 0.000000 -1.000000 0.000000
vn 0.000000 -1.000000 0.000000
vn 0.000000 -1.000000 0.000000
vn 0.000000 -1.000000 0.000000
vn 0.000000 -1.000000 0.000000
vn 0.000000 -1.000000 0.000000
vn 0.000000 -1.000000 0.000000
vn 0.000000 -1.000000 0.000000
s 1
g Apartment02_geo Asset_grp
usemtl lambert4SG
f 731/1/1 605/2/2 604/3/3 732/4/4
s 2
f 743/5/5 593/6/6 592/7/7 744/8/8
s 3
f 719/9/9 617/10/10 616/11/11 720/12/12
s 4
f 713/13/13 623/14/14 622/15/15 714/16/16
s 5
f 725/17/17 611/18/18 610/19/19 726/20/20
s 6
f 737/21/21 599/22/22 598/23/23 738/24/24
s 7
f 749/25/25 587/26/26 586/27/27 750/28/28
s 8
f 722/29/29 614/30/30 613/31/31 723/32/32
s 9
f 740/33/33 596/34/34 595/35/35 741/36/36
s 10
f 746/37/37 590/38/38 589/39/39 747/40/40
s 11
f 716/41/41 620/42/42 619/43/43 717/44/44
s 12
f 710/45/45 626/2059/46 625/47/47 711/48/48
s 13
f 728/49/49 608/50/50 607/51/51 729/52/52
s 14
f 734/53/53 602/54/54 601/55/55 735/56/56
s 15
f 753/57/57 583/58/58 582/59/59 754/60/60
s 16
f 730/61/61 606/62/62 605/2/63 731/1/64
s 17
f 732/4/65 604/3/66 603/63/67 733/64/68
s 18
f 742/65/69 594/66/70 593/6/71 743/5/72
s 19
f 744/8/73 592/7/74 591/67/75 745/68/76
s 20
f 720/12/77 616/11/78 615/69/79 721/70/80
s 21
f 718/71/81 618/72/82 617/10/83 719/9/84
s 22
f 714/16/85 622/15/86 621/73/87 715/74/88
s 23
f 712/75/89 624/76/90 623/14/91 713/13/92
s 24
f 724/77/93 612/78/94 611/18/95 725/17/96
s 25
f 726/20/97 610/19/98 609/79/99 727/80/100
s 26
f 736/81/101 600/82/102 599/22/103 737/21/104
s 27
f 738/24/105 598/23/106 597/83/107 739/84/108
s 28
f 748/85/109 588/86/110 587/26/111 749/25/112
s 29
f 750/28/113 586/27/114 585/87/115 751/88/116
s off
f 17/89/117 3/2074/118 62/2066/119 63/92/120
s 23
f 64/93/121 45/94/122 17/89/123 63/92/124
s 4
f 45/94/125 64/93/126 65/95/127 46/2090/128
s 22
f 18/2013/129 46/2090/130 65/95/131 66/98/132
s off
f 14/99/133 18/2091/134 66/2026/135 67/100/136
s 21
f 68/101/137 42/102/138 14/99/139 67/100/140
s 3
f 42/102/141 68/101/142 69/103/143 41/2094/144
s 20
f 13/1971/145 41/2094/146 69/103/147 70/106/148
s off
f 23/107/149 13/2097/150 70/1984/151 71/108/152
s 24
f 72/109/153 51/110/154 23/107/155 71/108/156
s 5
f 73/111/157 52/2085/158 51/110/159 72/109/160
s 25
f 24/1929/161 52/2085/162 73/111/163 74/114/164
s off
f 8/115/165 24/2086/166 74/1942/167 75/116/168
s 16
f 76/117/169 35/118/170 8/115/171 75/116/172
s 1
f 77/119/173 36/2105/174 35/118/175 76/117/176
s 17
f 7/1887/177 36/2105/178 77/119/179 78/122/180
s off
f 28/123/181 7/2106/182 78/1900/183 79/124/184
s 26
f 80/125/185 54/126/186 28/123/187 79/124/188
s 6
f 81/127/189 53/2079/190 54/126/191 80/125/192
s 27
f 27/1847/193 53/2079/194 81/127/195 82/130/196
s off
f 12/131/197 27/2082/198 82/1860/199 83/132/200
s 18
f 84/133/201 39/134/202 12/131/203 83/132/204
s 2
f 85/135/205 40/2100/206 39/134/207 84/133/208
s 19
f 11/1807/209 40/2100/210 85/135/211 86/138/212
s off
f 31/139/213 11/2101/214 86/1820/215 87/140/216
s 28
f 88/141/217 59/142/218 31/139/219 87/140/220
s 7
f 89/143/221 60/2077/222 59/142/223 88/141/224
s 29
f 32/1767/225 60/2077/226 89/143/227 90/146/228
s 44
f 114/2072/229 283/2069/230 282/149/231 115/150/232
s 45
f 707/151/233 629/152/234 628/153/235 708/154/236
f 98/155/237 99/156/238 97/157/239 95/158/240
s 46
f 708/154/241 628/153/242 627/159/243 709/160/244
s 47
f 706/161/245 630/162/246 629/152/247 707/151/248
s 46
f 3/2075/249 98/155/250 95/158/251 62/91/252
s 47
f 91/163/253 97/157/254 99/156/255 93/164/256
s 20
f 721/70/80 615/69/79 614/1974/257 722/1973/258
s off
f 70/1984/259 100/1982/260 101/166/261 71/108/262
s 24
f 723/32/263 613/31/264 612/78/94 724/77/93
s 27
f 739/84/108 597/83/107 596/1850/265 740/1849/266
s off
f 82/1860/267 102/1858/268 103/168/269 83/132/270
s 18
f 741/36/271 595/35/272 594/66/70 742/65/69
s 19
f 745/68/76 591/67/75 590/1810/273 746/1809/274
s off
f 86/1820/275 104/1818/276 105/170/277 87/140/278
s 28
f 747/40/279 589/39/280 588/86/110 748/85/109
s 22
f 715/74/88 621/73/87 620/2016/281 716/2015/282
s off
f 66/2026/283 106/2024/284 107/172/285 67/100/286
s 21
f 717/44/287 619/43/288 618/72/82 718/71/81
s 46
f 709/160/244 627/159/243 626/46/289 710/2057/290
s off
f 62/2066/291 108/2058/292 109/174/293 63/92/294
s 23
f 711/48/295 625/47/296 624/76/90 712/75/89
s 25
f 727/80/100 609/79/99 608/1932/297 728/1931/298
s off
f 74/1942/299 110/1940/300 111/176/301 75/116/302
s 16
f 729/52/303 607/51/304 606/62/62 730/61/61
s 17
f 733/64/68 603/63/67 602/1890/305 734/1889/306
s off
f 78/1900/307 112/1898/308 113/178/309 79/124/310
s 26
f 735/56/311 601/55/312 600/82/102 736/81/101
s 44
f 4/179/313 114/2072/229 115/150/232 61/180/314
f 755/181/315 581/182/316 580/183/317 696/184/318
s 50
f 698/185/319 578/186/320 577/187/321 699/188/322
f 488/189/323 359/190/324 358/191/325 489/192/326
s 52
f 359/190/327 488/189/328 487/193/329 360/194/330
f 360/194/330 487/193/329 575/195/331 361/196/332
s 29
f 362/1773/333 574/1772/334 573/199/335 363/200/336
s 54
f 572/201/337 364/202/338 363/200/339 573/199/340
s 28
f 571/203/341 365/204/342 364/202/343 572/201/344
s 56
f 365/204/345 571/203/346 570/205/347 366/206/348
s 19
f 366/1813/349 570/1812/350 569/207/351 367/208/352
s 58
f 568/209/353 368/210/354 367/208/355 569/207/356
s 18
f 567/211/357 369/212/358 368/210/359 568/209/360
s 60
f 369/212/361 567/211/362 566/213/363 370/214/364
s 27
f 370/1853/365 566/1852/366 565/215/367 371/216/368
s 62
f 564/217/369 372/218/370 371/216/371 565/215/372
s 26
f 563/219/373 373/220/374 372/218/375 564/217/376
s 64
f 373/220/377 563/219/378 562/221/379 374/222/380
s 17
f 374/1893/381 562/1892/382 561/223/383 375/224/384
s 66
f 560/225/385 376/226/386 375/224/387 561/223/388
s 16
f 559/227/389 377/228/390 376/226/391 560/225/392
s 68
f 377/228/393 559/227/394 558/229/395 378/230/396
s 25
f 378/1935/397 558/1934/398 557/231/399 379/232/400
s 70
f 556/233/401 380/234/402 379/232/403 557/231/404
s 24
f 555/235/405 381/236/406 380/234/407 556/233/408
s 72
f 381/236/409 555/235/410 554/237/411 382/238/412
s 20
f 382/1977/413 554/1976/414 553/239/415 383/240/416
s 74
f 552/241/417 384/242/418 383/240/419 553/239/420
s 21
f 551/243/421 385/244/422 384/242/423 552/241/424
s 76
f 385/244/425 551/243/426 550/245/427 386/246/428
s 22
f 386/2019/429 550/2018/430 549/247/431 387/248/432
s 78
f 548/249/433 388/250/434 387/248/435 549/247/436
s 23
f 547/251/437 389/252/438 388/250/439 548/249/440
s 80
f 546/253/441 390/2064/442 389/252/443 547/251/444
s 46
f 545/255/445 391/256/446 390/254/447 546/2060/448
s 82
f 544/257/449 392/258/450 391/256/451 545/255/452
s 47
f 543/259/453 393/260/454 392/258/455 544/257/456
f 393/260/454 543/259/453 542/261/457 394/262/458
f 632/263/459 704/264/460 703/265/461 633/266/462
f 540/267/463 396/268/464 395/269/465 541/270/466
s 86
f 539/271/467 397/272/468 396/268/469 540/267/470
s 46
f 538/273/471 309/274/472 397/272/473 539/271/474
f 537/275/475 310/2065/476 309/274/472 538/273/471
s 88
f 310/276/477 537/2062/478 536/277/479 311/278/480
s 23
f 311/278/481 536/277/482 535/279/483 312/280/484
f 312/280/484 535/279/483 534/281/485 313/282/486
s 90
f 533/283/487 314/284/488 313/282/489 534/281/490
s 22
f 532/285/491 315/286/492 314/284/493 533/283/494
f 531/287/495 316/2023/496 315/286/492 532/285/491
s 92
f 316/288/497 531/2020/498 530/289/499 317/290/500
s 21
f 317/290/501 530/289/502 529/291/503 318/292/504
f 318/292/504 529/291/503 528/293/505 319/294/506
s 94
f 527/295/507 320/296/508 319/294/509 528/293/510
s 20
f 526/297/511 321/298/512 320/296/513 527/295/514
f 525/299/515 322/1981/516 321/298/512 526/297/511
s 96
f 322/300/517 525/1978/518 524/301/519 323/302/520
s 24
f 323/302/521 524/301/522 523/303/523 324/304/524
f 324/304/524 523/303/523 522/305/525 325/306/526
s 98
f 521/307/527 326/308/528 325/306/529 522/305/530
s 25
f 520/309/531 327/310/532 326/308/533 521/307/534
f 519/311/535 328/1939/536 327/310/532 520/309/531
s 100
f 328/312/537 519/1936/538 518/313/539 329/314/540
s 16
f 329/314/541 518/313/542 517/315/543 330/316/544
f 330/316/544 517/315/543 516/317/545 331/318/546
s 102
f 515/319/547 332/320/548 331/318/549 516/317/550
s 17
f 514/321/551 333/322/552 332/320/553 515/319/554
f 513/323/555 334/1897/556 333/322/552 514/321/551
s 104
f 334/324/557 513/1894/558 512/325/559 335/326/560
s 26
f 335/326/561 512/325/562 511/327/563 336/328/564
f 336/328/564 511/327/563 510/329/565 337/330/566
s 106
f 509/331/567 338/332/568 337/330/569 510/329/570
s 27
f 508/333/571 339/334/572 338/332/573 509/331/574
f 507/335/575 340/1857/576 339/334/572 508/333/571
s 108
f 340/336/577 507/1854/578 506/337/579 341/338/580
s 18
f 341/338/581 506/337/582 505/339/583 342/340/584
f 342/340/584 505/339/583 504/341/585 343/342/586
s 110
f 503/343/587 344/344/588 343/342/589 504/341/590
s 19
f 502/345/591 345/346/592 344/344/593 503/343/594
f 501/347/595 346/1817/596 345/346/592 502/345/591
s 112
f 346/348/597 501/1814/598 500/349/599 347/350/600
s 28
f 347/350/601 500/349/602 499/351/603 348/352/604
f 348/352/604 499/351/603 498/353/605 349/354/606
s 114
f 497/355/607 350/356/608 349/354/609 498/353/610
s 29
f 496/357/611 351/358/612 350/356/613 497/355/614
s 116
f 493/359/615 354/360/616 353/361/617 494/362/618
s 117
f 355/363/619 492/364/620 491/365/621 356/366/622
s 52
f 199/367/623 117/368/624 118/369/625 198/370/626
s 119
f 297/371/627 298/372/628 291/373/629 296/374/630
f 299/375/631 298/372/628 297/371/627 300/376/632
s 29
f 204/377/633 196/378/634 197/379/635 203/380/636
s 114
f 205/381/637 195/382/638 196/378/639 204/377/640
s 28
f 195/382/641 205/381/642 206/383/643 194/384/644
f 207/385/645 193/386/646 194/384/644 206/383/643
s 112
f 208/387/647 192/1799/648 193/386/649 207/385/650
s 19
f 192/388/651 208/1815/652 209/389/653 191/390/654
f 210/391/655 190/392/656 191/390/654 209/389/653
s 110
f 211/393/657 189/394/658 190/392/659 210/391/660
s 18
f 189/394/661 211/393/662 212/395/663 188/396/664
f 213/397/665 187/398/666 188/396/664 212/395/663
s 108
f 214/399/667 186/1838/668 187/398/669 213/397/670
s 27
f 186/400/671 214/1855/672 215/401/673 185/402/674
f 216/403/675 184/404/676 185/402/674 215/401/673
s 106
f 184/404/677 216/403/678 217/405/679 183/406/680
s 26
f 183/406/681 217/405/682 218/407/683 182/408/684
f 219/409/685 181/410/686 182/408/684 218/407/683
s 104
f 220/411/687 180/1878/688 181/410/689 219/409/690
s 17
f 180/412/691 220/1895/692 221/413/693 179/414/694
f 222/415/695 178/416/696 179/414/694 221/413/693
s 102
f 223/417/697 177/418/698 178/416/699 222/415/700
s 16
f 177/418/701 223/417/702 224/419/703 176/420/704
f 225/421/705 175/422/706 176/420/704 224/419/703
s 100
f 226/423/707 174/1920/708 175/422/709 225/421/710
s 25
f 174/424/711 226/1937/712 227/425/713 173/426/714
f 228/427/715 172/428/716 173/426/714 227/425/713
s 98
f 229/429/717 171/430/718 172/428/719 228/427/720
s 24
f 171/430/721 229/429/722 230/431/723 170/432/724
f 231/433/725 169/434/726 170/432/724 230/431/723
s 96
f 232/435/727 168/1962/728 169/434/729 231/433/730
s 20
f 168/436/731 232/1979/732 233/437/733 167/438/734
f 234/439/735 166/440/736 167/438/734 233/437/733
s 94
f 166/440/737 234/439/738 235/441/739 165/442/740
s 21
f 165/442/741 235/441/742 236/443/743 164/444/744
f 237/445/745 163/446/746 164/444/744 236/443/743
s 92
f 238/447/747 162/2004/748 163/446/749 237/445/750
s 22
f 162/448/751 238/2021/752 239/449/753 161/450/754
f 240/451/755 160/452/756 161/450/754 239/449/753
s 90
f 160/452/757 240/451/758 241/453/759 159/454/760
s 23
f 159/454/761 241/453/762 242/455/763 158/456/764
f 243/457/765 157/458/766 158/456/764 242/455/763
s 88
f 244/459/767 156/2045/768 157/458/769 243/457/770
s 46
f 156/460/771 244/2063/772 245/461/773 155/462/774
f 246/463/775 154/464/776 155/462/774 245/461/773
s 86
f 247/465/777 153/466/778 154/464/779 246/463/780
s 47
f 153/466/781 247/465/782 248/467/783 152/468/784
f 701/469/785 635/470/786 634/471/787 702/472/788
f 250/473/789 150/474/790 151/475/791 249/476/792
f 251/477/793 149/478/794 150/474/790 250/473/789
s 82
f 149/478/795 251/477/796 252/479/797 148/480/798
s 46
f 148/480/799 252/479/800 253/481/801 147/2044/802
s 80
f 254/483/803 146/484/804 147/482/805 253/2061/806
s 23
f 255/485/807 145/486/808 146/484/809 254/483/810
s 78
f 256/487/811 144/488/812 145/486/813 255/485/814
s 22
f 144/488/815 256/487/816 257/2025/817 143/2005/818
s 76
f 258/491/819 142/492/820 143/490/821 257/489/822
s 21
f 259/493/823 141/494/824 142/492/825 258/491/826
s 74
f 260/495/827 140/496/828 141/494/829 259/493/830
s 20
f 140/496/831 260/495/832 261/1983/833 139/1963/834
s 72
f 262/499/835 138/500/836 139/498/837 261/497/838
s 24
f 263/501/839 137/502/840 138/500/841 262/499/842
s 70
f 137/502/843 263/501/844 264/503/845 136/504/846
s 25
f 136/504/847 264/503/848 265/1941/849 135/1921/850
s 68
f 266/507/851 134/508/852 135/506/853 265/505/854
s 16
f 267/509/855 133/510/856 134/508/857 266/507/858
s 66
f 133/510/859 267/509/860 268/511/861 132/512/862
s 17
f 132/512/863 268/511/864 269/1899/865 131/1879/866
s 64
f 270/515/867 130/516/868 131/514/869 269/513/870
s 26
f 271/517/871 129/518/872 130/516/873 270/515/874
s 62
f 129/518/875 271/517/876 272/519/877 128/520/878
s 27
f 128/520/879 272/519/880 273/1859/881 127/1839/882
s 60
f 274/523/883 126/524/884 127/522/885 273/521/886
s 18
f 275/525/887 125/526/888 126/524/889 274/523/890
s 58
f 125/526/891 275/525/892 276/527/893 124/528/894
s 19
f 124/528/895 276/527/896 277/1819/897 123/1800/898
s 56
f 278/531/899 122/532/900 123/530/901 277/529/902
s 28
f 279/533/903 121/534/904 122/532/905 278/531/906
s 54
f 121/534/907 279/533/908 280/535/909 120/536/910
s 29
f 120/536/911 280/535/912 281/1780/913 119/1760/914
s 52
f 198/370/626 118/369/625 285/539/915 284/540/916
s 15
f 752/541/917 584/542/918 583/58/58 753/57/57
s 44
f 283/2069/230 32/2070/919 90/1779/920 282/149/231
s 52
f 361/196/332 575/195/331 574/198/921 362/197/922
f 285/539/915 119/538/923 281/537/924 284/540/916
s 116
f 295/543/925 294/1758/926 292/545/927 289/546/928
f 352/547/929 495/1774/930 494/362/618 353/361/617
s 124
f 282/149/931 286/549/932 287/550/933 115/150/934
s 125
f 754/60/935 582/59/936 581/182/937 755/181/938
s 126
f 354/360/939 493/359/940 492/364/941 355/363/942
s off
f 202/551/943 288/552/944 290/553/945 201/554/946
s 29
f 751/88/116 585/87/115 584/1770/947 752/1769/948
s 124
f 90/1779/949 293/1778/950 286/549/932 282/149/931
s 29
f 197/379/635 294/544/951 295/1775/952 203/380/636
f 495/548/953 352/1777/954 351/358/612 496/357/611
s 50
f 356/366/955 491/365/956 490/556/957 357/557/958
s 128
f 302/558/959 304/559/960 303/560/961 301/561/962
f 308/562/963 307/563/964 306/564/965 305/565/966
f 306/564/965 307/563/964 304/559/960 302/558/959
s 129
f 288/552/967 302/558/968 301/561/969 290/553/970
s off
f 301/561/971 303/560/972 296/374/973 290/553/974
s 130
f 296/374/975 303/560/976 304/559/977 297/371/978
s off
f 292/545/979 305/565/980 306/564/981 289/546/982
f 300/376/983 307/563/984 308/562/985 299/375/986
s 129
f 289/546/987 306/564/988 302/558/968 288/552/967
s 130
f 297/371/978 304/559/977 307/563/989 300/376/990
s 46
f 310/2065/476 399/2056/991 398/567/992 309/274/472
s 88
f 399/566/993 310/276/477 311/278/480 400/568/994
s 23
f 400/568/995 311/278/481 312/280/484 401/569/996
f 401/569/996 312/280/484 313/282/486 402/570/997
s 90
f 314/284/488 403/571/998 402/570/999 313/282/489
s 22
f 315/286/492 404/572/1000 403/571/1001 314/284/493
f 316/2023/496 405/2014/1002 404/572/1000 315/286/492
s 92
f 405/573/1003 316/288/497 317/290/500 406/574/1004
s 21
f 406/574/1005 317/290/501 318/292/504 407/575/1006
f 407/575/1006 318/292/504 319/294/506 408/576/1007
s 94
f 320/296/508 409/577/1008 408/576/1009 319/294/509
s 20
f 321/298/512 410/578/1010 409/577/1011 320/296/513
f 322/1981/516 411/1972/1012 410/578/1010 321/298/512
s 96
f 411/579/1013 322/300/517 323/302/520 412/580/1014
s 24
f 412/580/1015 323/302/521 324/304/524 413/581/1016
f 413/581/1016 324/304/524 325/306/526 414/582/1017
s 98
f 326/308/528 415/583/1018 414/582/1019 325/306/529
s 25
f 327/310/532 416/584/1020 415/583/1021 326/308/533
f 328/1939/536 417/1930/1022 416/584/1020 327/310/532
s 100
f 417/585/1023 328/312/537 329/314/540 418/586/1024
s 16
f 418/586/1025 329/314/541 330/316/544 419/587/1026
f 419/587/1026 330/316/544 331/318/546 420/588/1027
s 102
f 332/320/548 421/589/1028 420/588/1029 331/318/549
s 17
f 333/322/552 422/590/1030 421/589/1031 332/320/553
f 334/1897/556 423/1888/1032 422/590/1030 333/322/552
s 104
f 423/591/1033 334/324/557 335/326/560 424/592/1034
s 26
f 424/592/1035 335/326/561 336/328/564 425/593/1036
f 425/593/1036 336/328/564 337/330/566 426/594/1037
s 106
f 338/332/568 427/595/1038 426/594/1039 337/330/569
s 27
f 339/334/572 428/596/1040 427/595/1041 338/332/573
f 340/1857/576 429/1848/1042 428/596/1040 339/334/572
s 108
f 429/597/1043 340/336/577 341/338/580 430/598/1044
s 18
f 430/598/1045 341/338/581 342/340/584 431/599/1046
f 431/599/1046 342/340/584 343/342/586 432/600/1047
s 110
f 344/344/588 433/601/1048 432/600/1049 343/342/589
s 19
f 345/346/592 434/602/1050 433/601/1051 344/344/593
f 346/1817/596 435/1808/1052 434/602/1050 345/346/592
s 112
f 435/603/1053 346/348/597 347/350/600 436/604/1054
s 28
f 436/604/1055 347/350/601 348/352/604 437/605/1056
f 437/605/1056 348/352/604 349/354/606 438/606/1057
s 114
f 350/356/608 439/607/1058 438/606/1059 349/354/609
s 29
f 351/358/612 440/608/1060 439/607/1061 350/356/613
f 352/1777/954 441/1768/1062 440/608/1060 351/358/612
s 116
f 441/609/1063 352/547/929 353/361/617 442/610/1064
f 354/360/616 443/611/1065 442/610/1064 353/361/617
s 126
f 443/611/1066 354/360/939 355/363/942 444/612/1067
s 117
f 444/612/1068 355/363/619 356/366/622 445/613/1069
s 50
f 445/613/1070 356/366/955 357/557/958 446/614/1071
f 697/615/1072 579/616/1073 578/186/320 698/185/319
f 359/190/324 448/617/1074 447/618/1075 358/191/325
s 52
f 448/617/1076 359/190/327 360/194/330 449/619/1077
f 449/619/1077 360/194/330 361/196/332 450/620/1078
f 450/620/1078 361/196/332 362/197/922 451/1776/1079
s 29
f 451/621/1080 362/1773/333 363/200/336 452/622/1081
s 54
f 364/202/338 453/623/1082 452/622/1083 363/200/339
s 28
f 365/204/342 454/624/1084 453/623/1085 364/202/343
s 56
f 454/624/1086 365/204/345 366/206/348 455/1816/1087
s 19
f 455/625/1088 366/1813/349 367/208/352 456/626/1089
s 58
f 368/210/354 457/627/1090 456/626/1091 367/208/355
s 18
f 369/212/358 458/628/1092 457/627/1093 368/210/359
s 60
f 458/628/1094 369/212/361 370/214/364 459/1856/1095
s 27
f 459/629/1096 370/1853/365 371/216/368 460/630/1097
s 62
f 372/218/370 461/631/1098 460/630/1099 371/216/371
s 26
f 373/220/374 462/632/1100 461/631/1101 372/218/375
s 64
f 462/632/1102 373/220/377 374/222/380 463/1896/1103
s 17
f 463/633/1104 374/1893/381 375/224/384 464/634/1105
s 66
f 376/226/386 465/635/1106 464/634/1107 375/224/387
s 16
f 377/228/390 466/636/1108 465/635/1109 376/226/391
s 68
f 466/636/1110 377/228/393 378/230/396 467/1938/1111
s 25
f 467/637/1112 378/1935/397 379/232/400 468/638/1113
s 70
f 380/234/402 469/639/1114 468/638/1115 379/232/403
s 24
f 381/236/406 470/640/1116 469/639/1117 380/234/407
s 72
f 470/640/1118 381/236/409 382/238/412 471/1980/1119
s 20
f 471/641/1120 382/1977/413 383/240/416 472/642/1121
s 74
f 384/242/418 473/643/1122 472/642/1123 383/240/419
s 21
f 385/244/422 474/644/1124 473/643/1125 384/242/423
s 76
f 474/644/1126 385/244/425 386/246/428 475/2022/1127
s 22
f 475/645/1128 386/2019/429 387/248/432 476/646/1129
s 78
f 388/250/434 477/647/1130 476/646/1131 387/248/435
s 23
f 389/252/438 478/648/1132 477/647/1133 388/250/439
s 80
f 390/2064/442 479/2055/1134 478/648/1135 389/252/443
s 46
f 391/256/446 480/650/1136 479/649/1137 390/254/447
s 82
f 392/258/450 481/651/1138 480/650/1139 391/256/451
s 47
f 393/260/454 482/652/1140 481/651/1141 392/258/455
f 482/652/1140 393/260/454 394/262/458 483/653/1142
f 631/654/1143 705/655/1144 704/264/460 632/263/459
f 396/268/464 485/656/1145 484/657/1146 395/269/465
s 86
f 397/272/468 486/658/1147 485/656/1148 396/268/469
s 46
f 309/274/472 398/567/992 486/658/1149 397/272/473
f 399/2056/991 757/2053/1150 756/2052/1151 398/567/992
s 88
f 757/659/1152 399/566/993 400/568/994 758/661/1153
s 23
f 758/661/1154 400/568/995 401/569/996 759/662/1155
f 759/662/1155 401/569/996 402/570/997 760/663/1156
s 90
f 403/571/998 761/664/1157 760/663/1158 402/570/999
s 22
f 404/572/1000 762/2010/1159 761/664/1160 403/571/1001
f 405/2014/1002 763/2011/1161 762/2010/1159 404/572/1000
s 92
f 763/666/1162 405/573/1003 406/574/1004 764/667/1163
s 21
f 764/667/1164 406/574/1005 407/575/1006 765/668/1165
f 765/668/1165 407/575/1006 408/576/1007 766/669/1166
s 94
f 409/577/1008 767/670/1167 766/669/1168 408/576/1009
s 20
f 410/578/1010 768/1968/1169 767/670/1170 409/577/1011
f 411/1972/1012 769/1969/1171 768/1968/1169 410/578/1010
s 96
f 769/672/1172 411/579/1013 412/580/1014 770/673/1173
s 24
f 770/673/1174 412/580/1015 413/581/1016 771/674/1175
f 771/674/1175 413/581/1016 414/582/1017 772/675/1176
s 98
f 415/583/1018 773/676/1177 772/675/1178 414/582/1019
s 25
f 416/584/1020 774/1926/1179 773/676/1180 415/583/1021
f 417/1930/1022 775/1927/1181 774/1926/1179 416/584/1020
s 100
f 775/678/1182 417/585/1023 418/586/1024 776/679/1183
s 16
f 776/679/1184 418/586/1025 419/587/1026 777/680/1185
f 777/680/1185 419/587/1026 420/588/1027 778/681/1186
s 102
f 421/589/1028 779/682/1187 778/681/1188 420/588/1029
s 17
f 422/590/1030 780/1884/1189 779/682/1190 421/589/1031
f 423/1888/1032 781/1885/1191 780/1884/1189 422/590/1030
s 104
f 781/684/1192 423/591/1033 424/592/1034 782/685/1193
s 26
f 782/685/1194 424/592/1035 425/593/1036 783/686/1195
f 783/686/1195 425/593/1036 426/594/1037 784/687/1196
s 106
f 427/595/1038 785/688/1197 784/687/1198 426/594/1039
s 27
f 428/596/1040 786/1844/1199 785/688/1200 427/595/1041
f 429/1848/1042 787/1845/1201 786/1844/1199 428/596/1040
s 108
f 787/690/1202 429/597/1043 430/598/1044 788/691/1203
s 18
f 788/691/1204 430/598/1045 431/599/1046 789/692/1205
f 789/692/1205 431/599/1046 432/600/1047 790/693/1206
s 110
f 433/601/1048 791/694/1207 790/693/1208 432/600/1049
s 19
f 434/602/1050 792/1804/1209 791/694/1210 433/601/1051
f 435/1808/1052 793/1805/1211 792/1804/1209 434/602/1050
s 112
f 793/696/1212 435/603/1053 436/604/1054 794/697/1213
s 28
f 794/697/1214 436/604/1055 437/605/1056 795/698/1215
f 795/698/1215 437/605/1056 438/606/1057 796/699/1216
s 114
f 439/607/1058 797/700/1217 796/699/1218 438/606/1059
s 29
f 440/608/1060 798/1764/1219 797/700/1220 439/607/1061
f 441/1768/1062 799/1765/1221 798/1764/1219 440/608/1060
s 116
f 799/702/1222 441/609/1063 442/610/1064 800/703/1223
f 443/611/1065 801/704/1224 800/703/1223 442/610/1064
s 126
f 801/704/1225 443/611/1066 444/612/1067 802/705/1226
s 117
f 802/705/1227 444/612/1068 445/613/1069 803/706/1228
s 50
f 803/706/1229 445/613/1070 446/614/1071 804/707/1230
f 806/708/1231 579/616/1073 697/615/1072 807/709/1232
f 448/617/1074 809/710/1233 808/711/1234 447/618/1075
s 52
f 809/710/1235 448/617/1076 449/619/1077 810/712/1236
f 810/712/1236 449/619/1077 450/620/1078 811/713/1237
f 811/713/1237 450/620/1078 451/1776/1079 812/1766/1238
s 29
f 812/714/1239 451/621/1080 452/622/1081 813/715/1240
s 54
f 453/623/1082 814/716/1241 813/715/1242 452/622/1083
s 28
f 454/624/1084 815/717/1243 814/716/1244 453/623/1085
s 56
f 815/717/1245 454/624/1086 455/1816/1087 816/1806/1246
s 19
f 816/718/1247 455/625/1088 456/626/1089 817/719/1248
s 58
f 457/627/1090 818/720/1249 817/719/1250 456/626/1091
s 18
f 458/628/1092 819/721/1251 818/720/1252 457/627/1093
s 60
f 819/721/1253 458/628/1094 459/1856/1095 820/1846/1254
s 27
f 820/722/1255 459/629/1096 460/630/1097 821/723/1256
s 62
f 461/631/1098 822/724/1257 821/723/1258 460/630/1099
s 26
f 462/632/1100 823/725/1259 822/724/1260 461/631/1101
s 64
f 823/725/1261 462/632/1102 463/1896/1103 824/1886/1262
s 17
f 824/726/1263 463/633/1104 464/634/1105 825/727/1264
s 66
f 465/635/1106 826/728/1265 825/727/1266 464/634/1107
s 16
f 466/636/1108 827/729/1267 826/728/1268 465/635/1109
s 68
f 827/729/1269 466/636/1110 467/1938/1111 828/1928/1270
s 25
f 828/730/1271 467/637/1112 468/638/1113 829/731/1272
s 70
f 469/639/1114 830/732/1273 829/731/1274 468/638/1115
s 24
f 470/640/1116 831/733/1275 830/732/1276 469/639/1117
s 72
f 831/733/1277 470/640/1118 471/1980/1119 832/1970/1278
s 20
f 832/734/1279 471/641/1120 472/642/1121 833/735/1280
s 74
f 473/643/1122 834/736/1281 833/735/1282 472/642/1123
s 21
f 474/644/1124 835/737/1283 834/736/1284 473/643/1125
s 76
f 835/737/1285 474/644/1126 475/2022/1127 836/2012/1286
s 22
f 836/738/1287 475/645/1128 476/646/1129 837/739/1288
s 78
f 477/647/1130 838/740/1289 837/739/1290 476/646/1131
s 23
f 478/648/1132 839/741/1291 838/740/1292 477/647/1133
s 80
f 479/2055/1134 840/2054/1293 839/741/1294 478/648/1135
s 46
f 480/650/1136 841/743/1295 840/742/1296 479/649/1137
s 82
f 481/651/1138 842/744/1297 841/743/1298 480/650/1139
s 47
f 482/652/1140 843/745/1299 842/744/1300 481/651/1141
f 843/745/1299 482/652/1140 483/653/1142 844/746/1301
f 845/747/1302 705/655/1144 631/654/1143 846/748/1303
f 485/656/1145 849/749/1304 848/750/1305 484/657/1146
s 86
f 486/658/1147 850/751/1306 849/749/1307 485/656/1148
s 46
f 398/567/992 756/2052/1151 850/751/1308 486/658/1149
s 52
f 488/189/328 199/367/623 198/370/626 487/193/329
s 50
f 199/367/1309 488/189/323 489/192/326 200/752/1310
f 699/188/322 577/187/321 576/753/1311 700/754/1312
f 491/365/956 201/554/1313 290/553/1314 490/556/957
s 117
f 492/364/620 202/551/1315 201/554/1316 491/365/621
s 126
f 493/359/940 288/552/1317 202/551/1318 492/364/941
s 116
f 288/552/1319 493/359/615 494/362/618 289/546/928
f 495/1774/930 295/543/925 289/546/928 494/362/618
s 29
f 203/380/636 295/1775/952 495/548/953 496/357/611
f 203/380/636 496/357/611 497/355/614 204/377/633
s 114
f 204/377/640 497/355/607 498/353/610 205/381/637
s 28
f 499/351/603 206/383/643 205/381/642 498/353/605
f 500/349/602 207/385/645 206/383/643 499/351/603
s 112
f 501/1814/598 208/387/647 207/385/650 500/349/599
s 19
f 208/1815/652 501/347/595 502/345/591 209/389/653
f 209/389/653 502/345/591 503/343/594 210/391/655
s 110
f 210/391/660 503/343/587 504/341/590 211/393/657
s 18
f 505/339/583 212/395/663 211/393/662 504/341/585
f 506/337/582 213/397/665 212/395/663 505/339/583
s 108
f 507/1854/578 214/399/667 213/397/670 506/337/579
s 27
f 214/1855/672 507/335/575 508/333/571 215/401/673
f 215/401/673 508/333/571 509/331/574 216/403/675
s 106
f 216/403/678 509/331/567 510/329/570 217/405/679
s 26
f 511/327/563 218/407/683 217/405/682 510/329/565
f 512/325/562 219/409/685 218/407/683 511/327/563
s 104
f 513/1894/558 220/411/687 219/409/690 512/325/559
s 17
f 220/1895/692 513/323/555 514/321/551 221/413/693
f 221/413/693 514/321/551 515/319/554 222/415/695
s 102
f 222/415/700 515/319/547 516/317/550 223/417/697
s 16
f 517/315/543 224/419/703 223/417/702 516/317/545
f 518/313/542 225/421/705 224/419/703 517/315/543
s 100
f 519/1936/538 226/423/707 225/421/710 518/313/539
s 25
f 226/1937/712 519/311/535 520/309/531 227/425/713
f 227/425/713 520/309/531 521/307/534 228/427/715
s 98
f 228/427/720 521/307/527 522/305/530 229/429/717
s 24
f 523/303/523 230/431/723 229/429/722 522/305/525
f 524/301/522 231/433/725 230/431/723 523/303/523
s 96
f 525/1978/518 232/435/727 231/433/730 524/301/519
s 20
f 232/1979/732 525/299/515 526/297/511 233/437/733
f 233/437/733 526/297/511 527/295/514 234/439/735
s 94
f 234/439/738 527/295/507 528/293/510 235/441/739
s 21
f 529/291/503 236/443/743 235/441/742 528/293/505
f 530/289/502 237/445/745 236/443/743 529/291/503
s 92
f 531/2020/498 238/447/747 237/445/750 530/289/499
s 22
f 238/2021/752 531/287/495 532/285/491 239/449/753
f 239/449/753 532/285/491 533/283/494 240/451/755
s 90
f 240/451/758 533/283/487 534/281/490 241/453/759
s 23
f 535/279/483 242/455/763 241/453/762 534/281/485
f 536/277/482 243/457/765 242/455/763 535/279/483
s 88
f 537/2062/478 244/459/767 243/457/770 536/277/479
s 46
f 244/2063/772 537/275/475 538/273/471 245/461/773
f 245/461/773 538/273/471 539/271/474 246/463/775
s 86
f 246/463/780 539/271/467 540/267/470 247/465/777
s 47
f 247/465/782 540/267/463 541/270/466 248/467/783
f 702/472/788 634/471/787 633/266/462 703/265/461
f 543/259/453 250/473/789 249/476/792 542/261/457
f 250/473/789 543/259/453 544/257/456 251/477/793
s 82
f 251/477/796 544/257/449 545/255/452 252/479/797
s 46
f 252/479/800 545/255/445 546/2060/448 253/481/801
s 80
f 253/2061/806 546/253/441 547/251/444 254/483/803
s 23
f 254/483/810 547/251/437 548/249/440 255/485/807
s 78
f 255/485/814 548/249/433 549/247/436 256/487/811
s 22
f 550/2018/430 257/2025/817 256/487/816 549/247/431
s 76
f 551/243/426 258/491/819 257/489/822 550/245/427
s 21
f 258/491/826 551/243/421 552/241/424 259/493/823
s 74
f 259/493/830 552/241/417 553/239/420 260/495/827
s 20
f 554/1976/414 261/1983/833 260/495/832 553/239/415
s 72
f 555/235/410 262/499/835 261/497/838 554/237/411
s 24
f 262/499/842 555/235/405 556/233/408 263/501/839
s 70
f 263/501/844 556/233/401 557/231/404 264/503/845
s 25
f 558/1934/398 265/1941/849 264/503/848 557/231/399
s 68
f 559/227/394 266/507/851 265/505/854 558/229/395
s 16
f 266/507/858 559/227/389 560/225/392 267/509/855
s 66
f 267/509/860 560/225/385 561/223/388 268/511/861
s 17
f 562/1892/382 269/1899/865 268/511/864 561/223/383
s 64
f 563/219/378 270/515/867 269/513/870 562/221/379
s 26
f 270/515/874 563/219/373 564/217/376 271/517/871
s 62
f 271/517/876 564/217/369 565/215/372 272/519/877
s 27
f 566/1852/366 273/1859/881 272/519/880 565/215/367
s 60
f 567/211/362 274/523/883 273/521/886 566/213/363
s 18
f 274/523/890 567/211/357 568/209/360 275/525/887
s 58
f 275/525/892 568/209/353 569/207/356 276/527/893
s 19
f 570/1812/350 277/1819/897 276/527/896 569/207/351
s 56
f 571/203/346 278/531/899 277/529/902 570/205/347
s 28
f 278/531/906 571/203/341 572/201/344 279/533/903
s 54
f 279/533/908 572/201/337 573/199/340 280/535/909
s 29
f 574/1772/334 281/1780/913 280/535/912 573/199/335
s 52
f 575/195/331 284/540/916 281/537/924 574/198/921
f 487/193/329 198/370/626 284/540/916 575/195/331
s 50
f 577/187/321 637/755/1320 636/756/1321 576/753/1311
f 578/186/320 638/757/1322 637/755/1320 577/187/321
f 579/616/1073 639/758/1323 638/757/1322 578/186/320
f 805/759/1324 639/758/1323 579/616/1073 806/708/1231
s 44
f 581/182/316 641/760/1325 640/761/1326 580/183/317
s 125
f 582/59/936 642/762/1327 641/760/1328 581/182/937
s 15
f 583/58/58 643/763/1329 642/762/1330 582/59/59
f 584/542/918 644/1771/1331 643/763/1329 583/58/58
s 29
f 585/87/115 645/765/1332 644/764/1333 584/1770/947
f 586/27/114 646/766/1334 645/765/1332 585/87/115
s 7
f 587/26/26 647/767/1335 646/766/1336 586/27/27
s 28
f 588/86/110 648/768/1337 647/767/1338 587/26/111
f 589/39/280 649/769/1339 648/768/1337 588/86/110
s 10
f 590/38/38 650/1811/1340 649/769/1341 589/39/39
s 19
f 591/67/75 651/771/1342 650/770/1343 590/1810/273
f 592/7/74 652/772/1344 651/771/1342 591/67/75
s 2
f 593/6/6 653/773/1345 652/772/1346 592/7/7
s 18
f 594/66/70 654/774/1347 653/773/1348 593/6/71
f 595/35/272 655/775/1349 654/774/1347 594/66/70
s 9
f 596/34/34 656/1851/1350 655/775/1351 595/35/35
s 27
f 597/83/107 657/777/1352 656/776/1353 596/1850/265
f 598/23/106 658/778/1354 657/777/1352 597/83/107
s 6
f 599/22/22 659/779/1355 658/778/1356 598/23/23
s 26
f 600/82/102 660/780/1357 659/779/1358 599/22/103
f 601/55/312 661/781/1359 660/780/1357 600/82/102
s 14
f 602/54/54 662/1891/1360 661/781/1361 601/55/55
s 17
f 603/63/67 663/783/1362 662/782/1363 602/1890/305
f 604/3/66 664/784/1364 663/783/1362 603/63/67
s 1
f 605/2/2 665/785/1365 664/784/1366 604/3/3
s 16
f 606/62/62 666/786/1367 665/785/1368 605/2/63
f 607/51/304 667/787/1369 666/786/1367 606/62/62
s 13
f 608/50/50 668/1933/1370 667/787/1371 607/51/51
s 25
f 609/79/99 669/789/1372 668/788/1373 608/1932/297
f 610/19/98 670/790/1374 669/789/1372 609/79/99
s 5
f 611/18/18 671/791/1375 670/790/1376 610/19/19
s 24
f 612/78/94 672/792/1377 671/791/1378 611/18/95
f 613/31/264 673/793/1379 672/792/1377 612/78/94
s 8
f 614/30/30 674/1975/1380 673/793/1381 613/31/31
s 20
f 615/69/79 675/795/1382 674/794/1383 614/1974/257
f 616/11/78 676/796/1384 675/795/1382 615/69/79
s 3
f 617/10/10 677/797/1385 676/796/1386 616/11/11
s 21
f 618/72/82 678/798/1387 677/797/1388 617/10/83
f 619/43/288 679/799/1389 678/798/1387 618/72/82
s 11
f 620/42/42 680/2017/1390 679/799/1391 619/43/43
s 22
f 621/73/87 681/801/1392 680/800/1393 620/2016/281
f 622/15/86 682/802/1394 681/801/1392 621/73/87
s 4
f 623/14/14 683/803/1395 682/802/1396 622/15/15
s 23
f 624/76/90 684/804/1397 683/803/1398 623/14/91
f 625/47/296 685/805/1399 684/804/1397 624/76/90
s 12
f 626/2059/46 686/2051/1400 685/805/1401 625/47/47
s 46
f 627/159/243 687/807/1402 686/806/1403 626/46/289
f 628/153/242 688/808/1404 687/807/1402 627/159/243
s 45
f 629/152/234 689/809/1405 688/808/1406 628/153/235
s 47
f 630/162/246 690/810/1407 689/809/1408 629/152/247
f 846/748/1303 631/654/1143 691/811/1409 847/812/1410
f 691/811/1409 631/654/1143 632/263/459 692/813/1411
f 692/813/1411 632/263/459 633/266/462 693/814/1412
f 634/471/787 694/815/1413 693/814/1412 633/266/462
f 635/470/786 695/816/1414 694/815/1413 634/471/787
s 50
f 637/755/1320 852/817/1415 851/818/1416 636/756/1321
f 638/757/1322 853/819/1417 852/817/1415 637/755/1320
f 639/758/1323 854/820/1418 853/819/1417 638/757/1322
f 854/820/1418 639/758/1323 805/759/1324 855/821/1419
s 44
f 641/760/1325 857/822/1420 856/823/1421 640/761/1326
s 125
f 642/762/1327 858/824/1422 857/822/1423 641/760/1328
s 15
f 643/763/1329 859/825/1424 858/824/1425 642/762/1330
f 644/1771/1331 860/1761/1426 859/825/1424 643/763/1329
s 29
f 645/765/1332 861/1762/1427 860/826/1428 644/764/1333
f 646/766/1334 862/828/1429 861/1762/1427 645/765/1332
s 7
f 647/767/1335 863/829/1430 862/828/1431 646/766/1336
s 28
f 648/768/1337 864/830/1432 863/829/1433 647/767/1338
f 649/769/1339 865/831/1434 864/830/1432 648/768/1337
s 10
f 650/1811/1340 866/1801/1435 865/831/1436 649/769/1341
s 19
f 651/771/1342 867/1802/1437 866/832/1438 650/770/1343
f 652/772/1344 868/834/1439 867/1802/1437 651/771/1342
s 2
f 653/773/1345 869/835/1440 868/834/1441 652/772/1346
s 18
f 654/774/1347 870/836/1442 869/835/1443 653/773/1348
f 655/775/1349 871/837/1444 870/836/1442 654/774/1347
s 9
f 656/1851/1350 872/1841/1445 871/837/1446 655/775/1351
s 27
f 657/777/1352 873/1842/1447 872/838/1448 656/776/1353
f 658/778/1354 874/840/1449 873/1842/1447 657/777/1352
s 6
f 659/779/1355 875/841/1450 874/840/1451 658/778/1356
s 26
f 660/780/1357 876/842/1452 875/841/1453 659/779/1358
f 661/781/1359 877/843/1454 876/842/1452 660/780/1357
s 14
f 662/1891/1360 878/1881/1455 877/843/1456 661/781/1361
s 17
f 663/783/1362 879/1882/1457 878/844/1458 662/782/1363
f 664/784/1364 880/846/1459 879/1882/1457 663/783/1362
s 1
f 665/785/1365 881/847/1460 880/846/1461 664/784/1366
s 16
f 666/786/1367 882/848/1462 881/847/1463 665/785/1368
f 667/787/1369 883/849/1464 882/848/1462 666/786/1367
s 13
f 668/1933/1370 884/1923/1465 883/849/1466 667/787/1371
s 25
f 669/789/1372 885/1924/1467 884/850/1468 668/788/1373
f 670/790/1374 886/852/1469 885/1924/1467 669/789/1372
s 5
f 671/791/1375 887/853/1470 886/852/1471 670/790/1376
s 24
f 672/792/1377 888/854/1472 887/853/1473 671/791/1378
f 673/793/1379 889/855/1474 888/854/1472 672/792/1377
s 8
f 674/1975/1380 890/1965/1475 889/855/1476 673/793/1381
s 20
f 675/795/1382 891/1966/1477 890/856/1478 674/794/1383
f 676/796/1384 892/858/1479 891/1966/1477 675/795/1382
s 3
f 677/797/1385 893/859/1480 892/858/1481 676/796/1386
s 21
f 678/798/1387 894/860/1482 893/859/1483 677/797/1388
f 679/799/1389 895/861/1484 894/860/1482 678/798/1387
s 11
f 680/2017/1390 896/2007/1485 895/861/1486 679/799/1391
s 22
f 681/801/1392 897/2008/1487 896/862/1488 680/800/1393
f 682/802/1394 898/864/1489 897/2008/1487 681/801/1392
s 4
f 683/803/1395 899/865/1490 898/864/1491 682/802/1396
s 23
f 684/804/1397 900/866/1492 899/865/1493 683/803/1398
f 685/805/1399 901/867/1494 900/866/1492 684/804/1397
s 12
f 686/2051/1400 902/2049/1495 901/867/1496 685/805/1401
s 46
f 687/807/1402 903/2050/1497 902/868/1498 686/806/1403
f 688/808/1404 904/870/1499 903/2050/1497 687/807/1402
s 45
f 689/809/1405 905/871/1500 904/870/1501 688/808/1406
s 47
f 690/810/1407 906/872/1502 905/871/1503 689/809/1408
f 907/873/1504 847/812/1410 691/811/1409 908/874/1505
f 908/874/1505 691/811/1409 692/813/1411 909/875/1506
f 909/875/1506 692/813/1411 693/814/1412 910/876/1507
f 694/815/1413 911/877/1508 910/876/1507 693/814/1412
f 695/816/1414 912/878/1509 911/877/1508 694/815/1413
s 50
f 447/618/1075 808/711/1234 807/709/1232 697/615/1072
f 358/191/325 447/618/1075 697/615/1072 698/185/319
f 489/192/326 358/191/325 698/185/319 699/188/322
f 200/752/1310 489/192/326 699/188/322 700/754/1312
s 47
f 151/475/791 701/469/785 702/472/788 249/476/792
f 249/476/792 702/472/788 703/265/461 542/261/457
f 704/264/460 394/262/458 542/261/457 703/265/461
f 705/655/1144 483/653/1142 394/262/458 704/264/460
f 844/746/1301 483/653/1142 705/655/1144 845/747/1302
f 91/163/253 706/161/245 707/151/248 97/157/254
s 45
f 97/157/239 707/151/233 708/154/236 95/158/240
s 46
f 95/158/251 708/154/241 709/160/244 62/91/252
f 62/91/252 709/160/244 710/2057/290 108/173/1510
s 12
f 108/2058/1511 710/45/45 711/48/48 109/174/1512
s 23
f 109/174/1513 711/48/295 712/75/89 63/92/124
f 63/92/124 712/75/89 713/13/92 64/93/121
s 4
f 64/93/126 713/13/13 714/16/16 65/95/127
s 22
f 65/95/131 714/16/85 715/74/88 66/98/132
f 66/98/132 715/74/88 716/2015/282 106/171/1514
s 11
f 106/2024/1515 716/41/41 717/44/44 107/172/1516
s 21
f 107/172/1517 717/44/287 718/71/81 67/100/140
f 67/100/140 718/71/81 719/9/84 68/101/137
s 3
f 68/101/142 719/9/9 720/12/12 69/103/143
s 20
f 69/103/147 720/12/77 721/70/80 70/106/148
f 70/106/148 721/70/80 722/1973/258 100/165/1518
s 8
f 100/1982/1519 722/29/29 723/32/32 101/166/1520
s 24
f 101/166/1521 723/32/263 724/77/93 71/108/156
f 71/108/156 724/77/93 725/17/96 72/109/153
s 5
f 72/109/160 725/17/17 726/20/20 73/111/157
s 25
f 73/111/163 726/20/97 727/80/100 74/114/164
f 74/114/164 727/80/100 728/1931/298 110/175/1522
s 13
f 110/1940/1523 728/49/49 729/52/52 111/176/1524
s 16
f 111/176/1525 729/52/303 730/61/61 75/116/172
f 75/116/172 730/61/61 731/1/64 76/117/169
s 1
f 76/117/176 731/1/1 732/4/4 77/119/173
s 17
f 77/119/179 732/4/65 733/64/68 78/122/180
f 78/122/180 733/64/68 734/1889/306 112/177/1526
s 14
f 112/1898/1527 734/53/53 735/56/56 113/178/1528
s 26
f 113/178/1529 735/56/311 736/81/101 79/124/188
f 79/124/188 736/81/101 737/21/104 80/125/185
s 6
f 80/125/192 737/21/21 738/24/24 81/127/189
s 27
f 81/127/195 738/24/105 739/84/108 82/130/196
f 82/130/196 739/84/108 740/1849/266 102/167/1530
s 9
f 102/1858/1531 740/33/33 741/36/36 103/168/1532
s 18
f 103/168/1533 741/36/271 742/65/69 83/132/204
f 83/132/204 742/65/69 743/5/72 84/133/201
s 2
f 84/133/208 743/5/5 744/8/8 85/135/205
s 19
f 85/135/211 744/8/73 745/68/76 86/138/212
f 86/138/212 745/68/76 746/1809/274 104/169/1534
s 10
f 104/1818/1535 746/37/37 747/40/40 105/170/1536
s 28
f 105/170/1537 747/40/279 748/85/109 87/140/220
f 87/140/220 748/85/109 749/25/112 88/141/217
s 7
f 88/141/224 749/25/25 750/28/28 89/143/221
s 29
f 89/143/227 750/28/113 751/88/116 90/146/228
f 90/146/228 751/88/116 752/1769/948 293/555/1538
s 15
f 293/1778/1539 752/541/917 753/57/57 286/549/1540
f 286/549/1540 753/57/57 754/60/60 287/550/1541
s 125
f 287/550/1542 754/60/935 755/181/938 115/150/1543
s 44
f 115/150/232 755/181/315 696/184/318 61/180/314
s 23
f 48/879/1544 20/880/1545 759/662/1155 760/663/1156
s 90
f 761/664/1157 47/881/1546 48/879/1547 760/663/1158
s 22
f 762/2010/1159 19/2009/1548 47/881/1549 761/664/1160
s 21
f 44/883/1550 15/884/1551 765/668/1165 766/669/1166
s 94
f 767/670/1167 43/885/1552 44/883/1553 766/669/1168
s 20
f 768/1968/1169 16/1967/1554 43/885/1555 767/670/1170
s 24
f 50/887/1556 22/888/1557 771/674/1175 772/675/1176
s 98
f 773/676/1177 49/889/1558 50/887/1559 772/675/1178
s 25
f 774/1926/1179 21/1925/1560 49/889/1561 773/676/1180
s 16
f 33/891/1562 5/892/1563 777/680/1185 778/681/1186
s 102
f 779/682/1187 34/893/1564 33/891/1565 778/681/1188
s 17
f 780/1884/1189 6/1883/1566 34/893/1567 779/682/1190
s 26
f 55/895/1568 26/896/1569 783/686/1195 784/687/1196
s 106
f 785/688/1197 56/897/1570 55/895/1571 784/687/1198
s 27
f 786/1844/1199 25/1843/1572 56/897/1573 785/688/1200
s 18
f 37/899/1574 9/900/1575 789/692/1205 790/693/1206
s 110
f 791/694/1207 38/901/1576 37/899/1577 790/693/1208
s 19
f 792/1804/1209 10/1803/1578 38/901/1579 791/694/1210
s 28
f 58/903/1580 30/904/1581 795/698/1215 796/699/1216
s 114
f 797/700/1217 57/905/1582 58/903/1583 796/699/1218
s 29
f 798/1764/1219 29/1763/1584 57/905/1585 797/700/1220
s 117
f 1/907/1586 116/2117/1587 802/705/1227 803/706/1228
s 50
f 1/907/1588 803/706/1229 804/707/1230
f 640/761/1589 856/823/1590 855/821/1419 805/759/1324
f 580/183/1591 640/761/1589 805/759/1324 806/708/1231
f 696/184/1592 580/183/1591 806/708/1231 807/709/1232
f 808/711/1234 61/180/1593 696/184/1592 807/709/1232
f 809/710/1233 4/179/1594 61/180/1593 808/711/1234
s 52
f 114/147/1595 4/179/1596 809/710/1235 810/712/1236
f 283/148/1597 114/147/1595 810/712/1236 811/713/1237
f 32/145/1598 283/148/1597 811/713/1237 812/1766/1238
s 29
f 60/144/226 32/2071/225 812/714/1239 813/715/1240
s 54
f 814/716/1241 59/2076/1599 60/144/1600 813/715/1242
s 28
f 815/717/1243 31/2078/219 59/2076/218 814/716/1244
s 56
f 11/137/1601 31/2078/1602 815/717/1245 816/1806/1246
s 19
f 40/136/210 11/2102/209 816/718/1247 817/719/1248
s 58
f 818/720/1249 39/2099/1603 40/136/1604 817/719/1250
s 18
f 819/721/1251 12/2103/203 39/2099/202 818/720/1252
s 60
f 27/129/1605 12/2103/1606 819/721/1253 820/1846/1254
s 27
f 53/128/194 27/2083/193 820/722/1255 821/723/1256
s 62
f 822/724/1257 54/2080/1607 53/128/1608 821/723/1258
s 26
f 823/725/1259 28/2081/187 54/2080/186 822/724/1260
s 64
f 7/121/1609 28/2081/1610 823/725/1261 824/1886/1262
s 17
f 36/120/178 7/2107/177 824/726/1263 825/727/1264
s 66
f 826/728/1265 35/2104/1611 36/120/1612 825/727/1266
s 16
f 827/729/1267 8/2108/171 35/2104/170 826/728/1268
s 68
f 24/113/1613 8/2108/1614 827/729/1269 828/1928/1270
s 25
f 52/112/162 24/2087/161 828/730/1271 829/731/1272
s 70
f 830/732/1273 51/2084/1615 52/112/1616 829/731/1274
s 24
f 831/733/1275 23/2088/155 51/2084/154 830/732/1276
s 72
f 13/105/1617 23/2088/1618 831/733/1277 832/1970/1278
s 20
f 41/104/146 13/2098/145 832/734/1279 833/735/1280
s 74
f 834/736/1281 42/2095/1619 41/104/1620 833/735/1282
s 21
f 835/737/1283 14/2096/139 42/2095/138 834/736/1284
s 76
f 18/97/1621 14/2096/1622 835/737/1285 836/2012/1286
s 22
f 46/96/130 18/2092/129 836/738/1287 837/739/1288
s 78
f 838/740/1289 45/2089/1623 46/96/1624 837/739/1290
s 23
f 839/741/1291 17/2093/123 45/2089/122 838/740/1292
s 80
f 840/2054/1293 3/2067/1625 17/2093/1626 839/741/1294
s 46
f 841/743/1295 98/2073/250 3/90/249 840/742/1296
s 82
f 842/744/1297 99/156/1627 98/2073/1628 841/743/1298
s 47
f 843/745/1299 93/164/256 99/156/255 842/744/1300
f 91/163/253 93/164/256 843/745/1299 844/746/1301
f 706/161/245 91/163/253 844/746/1301 845/747/1302
f 630/162/246 706/161/245 845/747/1302 846/748/1303
f 690/810/1407 630/162/246 846/748/1303 847/812/1410
f 906/872/1502 690/810/1407 847/812/1410 907/873/1504
f 849/749/1304 96/909/1629 92/910/1630 848/750/1305
s 86
f 850/751/1306 94/911/1631 96/909/1632 849/749/1307
s 46
f 756/2052/1151 2/2068/1633 94/911/1634 850/751/1308
s 50
f 852/817/1415 490/556/957 290/553/1314 851/818/1416
f 853/819/1417 357/557/958 490/556/957 852/817/1415
f 854/820/1418 446/614/1071 357/557/958 853/819/1417
f 804/707/1230 446/614/1071 854/820/1418 855/821/1419
f 856/823/1590 1/907/1588 804/707/1230 855/821/1419
s 44
f 857/822/1420 116/908/1635 1/907/1636 856/823/1421
s 29
f 862/828/1429 57/905/1585 29/1763/1584 861/1762/1427
s 7
f 863/829/1430 58/903/1637 57/905/1638 862/828/1431
s 28
f 864/830/1432 30/904/1581 58/903/1580 863/829/1433
s 19
f 868/834/1439 38/901/1579 10/1803/1578 867/1802/1437
s 2
f 869/835/1440 37/899/1639 38/901/1640 868/834/1441
s 18
f 870/836/1442 9/900/1575 37/899/1574 869/835/1443
s 27
f 874/840/1449 56/897/1573 25/1843/1572 873/1842/1447
s 6
f 875/841/1450 55/895/1641 56/897/1642 874/840/1451
s 26
f 876/842/1452 26/896/1569 55/895/1568 875/841/1453
s 17
f 880/846/1459 34/893/1567 6/1883/1566 879/1882/1457
s 1
f 881/847/1460 33/891/1643 34/893/1644 880/846/1461
s 16
f 882/848/1462 5/892/1563 33/891/1562 881/847/1463
s 25
f 886/852/1469 49/889/1561 21/1925/1560 885/1924/1467
s 5
f 887/853/1470 50/887/1645 49/889/1646 886/852/1471
s 24
f 888/854/1472 22/888/1557 50/887/1556 887/853/1473
s 20
f 892/858/1479 43/885/1555 16/1967/1554 891/1966/1477
s 3
f 893/859/1480 44/883/1647 43/885/1648 892/858/1481
s 21
f 894/860/1482 15/884/1551 44/883/1550 893/859/1483
s 22
f 898/864/1489 47/881/1549 19/2009/1548 897/2008/1487
s 4
f 899/865/1490 48/879/1649 47/881/1650 898/864/1491
s 23
f 900/866/1492 20/880/1545 48/879/1544 899/865/1493
s 46
f 904/870/1499 94/2132/1634 2/2133/1633 903/2050/1497
s 45
f 905/871/1500 96/909/1651 94/2132/1652 904/870/1501
s 47
f 906/872/1502 92/910/1630 96/909/1629 905/871/1503
f 848/750/1305 92/910/1630 906/872/1502 907/873/1504
f 484/657/1146 848/750/1305 907/873/1504 908/874/1505
f 395/269/465 484/657/1146 908/874/1505 909/875/1506
f 541/270/466 395/269/465 909/875/1506 910/876/1507
f 911/877/1508 248/467/783 541/270/466 910/876/1507
f 912/878/1509 152/468/784 248/467/783 911/877/1508
s 131
f 857/822/1653 915/913/1654 914/914/1655 116/908/1656
s 132
f 913/915/1657 802/705/1658 116/2117/1659 914/2115/1660
f 798/701/1661 913/915/1657 914/2115/1660 29/906/1662
s 131
f 915/913/1654 861/827/1663 29/2116/1664 914/914/1655
s off
f 800/703/1665 913/915/1666 798/701/1667 799/702/1668
f 801/704/1669 802/705/1670 913/915/1671 800/703/1672
f 860/1761/1673 861/827/1674 915/913/1675 859/825/1676
f 859/825/1677 915/913/1678 857/822/1679 858/824/1680
f 793/696/1681 794/697/1682 795/698/1683 792/695/1684
f 792/695/1685 795/698/1686 30/904/1687 10/902/1688
f 10/902/1689 30/904/1690 864/830/1691 867/833/1692
f 867/833/1693 864/830/1694 865/831/1695 866/1801/1696
f 871/837/1697 872/1841/1698 873/839/1699 870/836/1700
f 870/836/1701 873/839/1702 25/898/1703 9/900/1704
f 9/900/1705 25/898/1706 786/689/1707 789/692/1708
f 789/692/1709 786/689/1710 787/690/1711 788/691/1712
f 781/684/1713 782/685/1714 783/686/1715 780/683/1716
f 780/683/1717 783/686/1718 26/896/1719 6/894/1720
f 6/894/1721 26/896/1722 876/842/1723 879/845/1724
f 879/845/1725 876/842/1726 877/843/1727 878/1881/1728
f 883/849/1729 884/1923/1730 885/851/1731 882/848/1732
f 882/848/1733 885/851/1734 21/890/1735 5/892/1736
f 5/892/1737 21/890/1738 774/677/1739 777/680/1740
f 777/680/1741 774/677/1742 775/678/1743 776/679/1744
f 769/672/1745 770/673/1746 771/674/1747 768/671/1748
f 768/671/1749 771/674/1750 22/888/1751 16/886/1752
f 16/886/1753 22/888/1754 888/854/1755 891/857/1756
f 891/857/1757 888/854/1758 889/855/1759 890/1965/1760
f 895/861/1761 896/2007/1762 897/863/1763 894/860/1764
f 894/860/1765 897/863/1766 19/882/1767 15/884/1768
f 15/884/1769 19/882/1770 762/665/1771 765/668/1772
f 765/668/1773 762/665/1774 763/666/1775 764/667/1776
f 757/659/1777 758/661/1778 759/662/1779 756/660/1780
f 756/660/1781 759/662/1782 20/880/1783 2/912/1784
f 2/912/1785 20/880/1786 900/866/1787 903/869/1788
f 903/869/1789 900/866/1790 901/867/1791 902/2049/1792
f 200/752/1793 916/916/1794 117/368/1795 199/367/1796
f 700/754/1797 917/917/1798 916/916/1799 200/752/1800
f 636/756/1801 919/918/1802 918/919/1803 576/753/1804
f 851/818/1805 920/920/1806 919/918/1807 636/756/1808
f 576/753/1809 918/919/1810 917/917/1811 700/754/1812
s 133
f 290/553/1813 296/374/1814 851/818/1815
f 296/374/1814 291/373/1816 920/920/1817 851/818/1815
s 134
f 1559/921/1818 1560/922/1819 1435/923/1820 1436/924/1821
s 135
f 1571/925/1822 1572/926/1823 1423/927/1824 1424/928/1825
s 136
f 1547/929/1826 1548/930/1827 1447/931/1828 1448/932/1829
s 137
f 1541/933/1830 1542/934/1831 1453/935/1832 1454/936/1833
s 138
f 1553/937/1834 1554/938/1835 1441/939/1836 1442/940/1837
s 139
f 1565/941/1838 1566/942/1839 1429/943/1840 1430/944/1841
s 140
f 1577/945/1842 1578/946/1843 1417/947/1844 1418/948/1845
s 141
f 1550/949/1846 1551/950/1847 1444/951/1848 1445/1952/1849
s 142
f 1568/953/1850 1569/954/1851 1426/955/1852 1427/1828/1853
s 143
f 1574/957/1854 1575/958/1855 1420/959/1856 1421/1790/1857
s 144
f 1544/961/1858 1545/962/1859 1450/963/1860 1451/1994/1861
s 145
f 1538/965/1862 1539/966/1863 1456/967/1864 1457/968/1865
s 146
f 1556/969/1866 1557/970/1867 1438/971/1868 1439/1910/1869
s 147
f 1562/973/1870 1563/974/1871 1432/975/1872 1433/1868/1873
s 148
f 1581/977/1874 1582/978/1875 1413/979/1876 1414/980/1877
s 149
f 1558/981/1878 1559/921/1879 1436/924/1880 1437/982/1881
s 150
f 1560/922/1882 1561/983/1883 1434/984/1884 1435/923/1885
s 151
f 1570/985/1886 1571/925/1887 1424/928/1888 1425/986/1889
s 152
f 1572/926/1890 1573/987/1891 1422/988/1892 1423/927/1893
s 153
f 1548/930/1894 1549/989/1895 1446/990/1896 1447/931/1897
s 154
f 1546/991/1898 1547/929/1899 1448/932/1900 1449/992/1901
s 155
f 1542/934/1902 1543/993/1903 1452/994/1904 1453/935/1905
s 156
f 1540/995/1906 1541/933/1907 1454/936/1908 1455/996/1909
s 157
f 1552/997/1910 1553/937/1911 1442/940/1912 1443/998/1913
s 158
f 1554/938/1914 1555/999/1915 1440/1000/1916 1441/939/1917
s 159
f 1564/1001/1918 1565/941/1919 1430/944/1920 1431/1002/1921
s 160
f 1566/942/1922 1567/1003/1923 1428/1004/1924 1429/943/1925
s 161
f 1576/1005/1926 1577/945/1927 1418/948/1928 1419/1006/1929
s 162
f 1578/946/1930 1579/1007/1931 1416/1008/1932 1417/947/1933
s off
f 937/1009/1934 983/1010/1935 982/2046/1936 923/2047/1937
s 156
f 984/1013/1938 983/1010/1939 937/1009/1940 965/1014/1941
s 137
f 965/1014/1942 966/1015/1943 985/1016/1944 984/1013/1945
s 155
f 938/1017/1946 986/1018/1947 985/1016/1948 966/1015/1949
s off
f 934/1019/1950 987/1020/1951 986/2006/1952 938/1991/1953
s 154
f 988/1021/1954 987/1020/1955 934/1019/1956 962/1022/1957
s 136
f 962/1022/1958 961/1023/1959 989/1024/1960 988/1021/1961
s 153
f 933/1025/1962 990/1026/1963 989/1024/1964 961/1023/1965
s off
f 943/1027/1966 991/1028/1967 990/1964/1968 933/1949/1969
s 157
f 992/1029/1970 991/1028/1971 943/1027/1972 971/1030/1973
s 138
f 993/1031/1974 992/1029/1975 971/1030/1976 972/1032/1977
s 158
f 944/1033/1978 994/1034/1979 993/1031/1980 972/1032/1981
s off
f 928/1035/1982 995/1036/1983 994/1922/1984 944/1907/1985
s 149
f 996/1037/1986 995/1036/1987 928/1035/1988 955/1038/1989
s 134
f 997/1039/1990 996/1037/1991 955/1038/1992 956/1040/1993
s 150
f 927/1041/1994 998/1042/1995 997/1039/1996 956/1040/1997
s off
f 948/1043/1998 999/1044/1999 998/1880/2000 927/1865/2001
s 159
f 1000/1045/2002 999/1044/2003 948/1043/2004 974/1046/2005
s 139
f 1001/1047/2006 1000/1045/2007 974/1046/2008 973/1048/2009
s 160
f 947/1049/2010 1002/1050/2011 1001/1047/2012 973/1048/2013
s off
f 932/1051/2014 1003/1052/2015 1002/1840/2016 947/1825/2017
s 151
f 1004/1053/2018 1003/1052/2019 932/1051/2020 959/1054/2021
s 135
f 1005/1055/2022 1004/1053/2023 959/1054/2024 960/1056/2025
s 152
f 931/1057/2026 1006/1058/2027 1005/1055/2028 960/1056/2029
s off
f 951/1059/2030 1007/1060/2031 1006/2126/2032 931/1787/2033
s 161
f 1008/1061/2034 1007/1060/2035 951/1059/2036 979/1062/2037
s 140
f 1009/1063/2038 1008/1061/2039 979/1062/2040 980/1064/2041
s 162
f 952/1065/2042 1010/1066/2043 1009/1063/2044 980/1064/2045
s 163
f 1034/2114/2046 1035/1068/2047 1121/1069/2048 1122/2112/2049
s 164
f 1535/1071/2050 1536/1072/2051 1459/1073/2052 1460/1074/2053
f 1018/1075/2054 1015/1076/2055 1017/1077/2056 1019/1078/2057
s 165
f 1536/1072/2058 1537/1079/2059 1458/1080/2060 1459/1073/2061
s 166
f 1534/1081/2062 1535/1071/2063 1460/1074/2064 1461/1082/2065
s 165
f 923/1012/2066 982/1011/2067 1015/1076/2068 1018/1075/2069
s 166
f 1011/1083/2070 1013/1084/2071 1019/1078/2072 1017/1077/2073
s 153
f 1549/989/1895 1550/1951/2074 1445/952/2075 1446/990/1896
s off
f 990/1964/2076 991/1028/2077 1021/1085/2078 1020/1086/2079
s 157
f 1551/950/2080 1552/997/1910 1443/998/1913 1444/951/2081
s 160
f 1567/1003/1923 1568/1827/2082 1427/956/2083 1428/1004/1924
s off
f 1002/1840/2084 1003/1052/2085 1023/1087/2086 1022/1088/2087
s 151
f 1569/954/2088 1570/985/1886 1425/986/1889 1426/955/2089
s 152
f 1573/987/1891 1574/1789/2090 1421/960/2091 1422/988/1892
s off
f 1006/2126/2092 1007/1060/2093 1025/1089/2094 1024/1090/2095
s 161
f 1575/958/2096 1576/1005/1926 1419/1006/1929 1420/959/2097
s 155
f 1543/993/1903 1544/1993/2098 1451/964/2099 1452/994/1904
s off
f 986/2006/2100 987/1020/2101 1027/1091/2102 1026/1092/2103
s 154
f 1545/962/2104 1546/991/1898 1449/992/1901 1450/963/2105
s 165
f 1537/1079/2059 1538/2035/2106 1457/2037/2107 1458/1080/2060
s off
f 982/2046/2108 983/1010/2109 1029/1093/2110 1028/1094/2111
s 156
f 1539/966/2112 1540/995/1906 1455/996/1909 1456/967/2113
s 158
f 1555/999/1915 1556/1909/2114 1439/972/2115 1440/1000/1916
s off
f 994/1922/2116 995/1036/2117 1031/1095/2118 1030/1096/2119
s 149
f 1557/970/2120 1558/981/1878 1437/982/1881 1438/971/2121
s 150
f 1561/983/1883 1562/1867/2122 1433/976/2123 1434/984/1884
s off
f 998/1880/2124 999/1044/2125 1033/1097/2126 1032/1098/2127
s 159
f 1563/974/2128 1564/1001/1918 1431/1002/1921 1432/975/2129
s 163
f 924/1099/2130 981/1100/2131 1035/1068/2047 1034/2114/2046
f 1583/1101/2132 1525/1102/2133 1411/1103/2134 1412/1104/2135
s 168
f 1527/1105/2136 1528/1106/2137 1408/1107/2138 1409/1108/2139
f 1319/1109/2140 1320/1110/2141 1189/1111/2142 1190/1112/2143
s 170
f 1190/1112/2144 1191/1113/2145 1318/1114/2146 1319/1109/2147
f 1191/1113/2145 1192/1115/2148 1406/1116/2149 1318/1114/2146
s 162
f 1193/1117/2150 1194/1118/2151 1404/1119/2152 1405/1752/2153
s 172
f 1403/1121/2154 1404/1119/2155 1194/1118/2156 1195/1122/2157
s 161
f 1402/1123/2158 1403/1121/2159 1195/1122/2160 1196/1124/2161
s 174
f 1196/1124/2162 1197/1793/2163 1401/1126/2164 1402/1123/2165
s 152
f 1197/1125/2166 1198/1127/2167 1400/1128/2168 1401/1792/2169
s 176
f 1399/1129/2170 1400/1128/2171 1198/1127/2172 1199/1130/2173
s 151
f 1398/1131/2174 1399/1129/2175 1199/1130/2176 1200/1132/2177
s 178
f 1200/1132/2178 1201/1831/2179 1397/1134/2180 1398/1131/2181
s 160
f 1201/1133/2182 1202/1135/2183 1396/1136/2184 1397/1830/2185
s 180
f 1395/1137/2186 1396/1136/2187 1202/1135/2188 1203/1138/2189
s 159
f 1394/1139/2190 1395/1137/2191 1203/1138/2192 1204/1140/2193
s 182
f 1204/1140/2194 1205/1871/2195 1393/1142/2196 1394/1139/2197
s 150
f 1205/1141/2198 1206/1143/2199 1392/1144/2200 1393/1870/2201
s 184
f 1391/1145/2202 1392/1144/2203 1206/1143/2204 1207/1146/2205
s 149
f 1390/1147/2206 1391/1145/2207 1207/1146/2208 1208/1148/2209
s 186
f 1208/1148/2210 1209/1913/2211 1389/1150/2212 1390/1147/2213
s 158
f 1209/1149/2214 1210/1151/2215 1388/1152/2216 1389/1912/2217
s 188
f 1387/1153/2218 1388/1152/2219 1210/1151/2220 1211/1154/2221
s 157
f 1386/1155/2222 1387/1153/2223 1211/1154/2224 1212/1156/2225
s 190
f 1212/1156/2226 1213/1955/2227 1385/1158/2228 1386/1155/2229
s 153
f 1213/1157/2230 1214/1159/2231 1384/1160/2232 1385/1954/2233
s 192
f 1383/1161/2234 1384/1160/2235 1214/1159/2236 1215/1162/2237
s 154
f 1382/1163/2238 1383/1161/2239 1215/1162/2240 1216/1164/2241
s 194
f 1216/1164/2242 1217/1997/2243 1381/1166/2244 1382/1163/2245
s 155
f 1217/1165/2246 1218/1167/2247 1380/1168/2248 1381/1996/2249
s 196
f 1379/1169/2250 1380/1168/2251 1218/1167/2252 1219/1170/2253
s 156
f 1378/1171/2254 1379/1169/2255 1219/1170/2256 1220/1172/2257
s 198
f 1377/1173/2258 1378/1171/2259 1220/1172/2260 1221/1174/2261
s 165
f 1376/1175/2262 1377/2038/2263 1221/2042/2264 1222/1176/2265
s 200
f 1375/1177/2266 1376/1175/2267 1222/1176/2268 1223/1178/2269
s 166
f 1374/1179/2270 1375/1177/2271 1223/1178/2272 1224/1180/2273
f 1224/1180/2273 1225/1181/2274 1373/1182/2275 1374/1179/2270
f 1463/1183/2276 1464/1184/2277 1531/1185/2278 1532/1186/2279
f 1371/1187/2280 1372/1188/2281 1226/1189/2282 1227/1190/2283
s 204
f 1370/1191/2284 1371/1187/2285 1227/1190/2286 1228/1192/2287
s 165
f 1369/1193/2288 1370/1191/2289 1228/1192/2290 1140/1194/2291
f 1368/1195/2292 1369/1193/2288 1140/1194/2291 1141/1196/2293
s 206
f 1141/2043/2294 1142/1197/2295 1367/1198/2296 1368/2040/2297
s 156
f 1142/1197/2298 1143/1199/2299 1366/1200/2300 1367/1198/2301
f 1143/1199/2299 1144/1201/2302 1365/1202/2303 1366/1200/2300
s 208
f 1364/1203/2304 1365/1202/2305 1144/1201/2306 1145/1204/2307
s 155
f 1363/1205/2308 1364/1203/2309 1145/1204/2310 1146/1206/2311
f 1362/1207/2312 1363/1205/2308 1146/1206/2311 1147/1208/2313
s 210
f 1147/2001/2314 1148/1209/2315 1361/1210/2316 1362/1998/2317
s 154
f 1148/1209/2318 1149/1211/2319 1360/1212/2320 1361/1210/2321
f 1149/1211/2319 1150/1213/2322 1359/1214/2323 1360/1212/2320
s 212
f 1358/1215/2324 1359/1214/2325 1150/1213/2326 1151/1216/2327
s 153
f 1357/1217/2328 1358/1215/2329 1151/1216/2330 1152/1218/2331
f 1356/1219/2332 1357/1217/2328 1152/1218/2331 1153/1220/2333
s 214
f 1153/1959/2334 1154/1221/2335 1355/1222/2336 1356/1956/2337
s 157
f 1154/1221/2338 1155/1223/2339 1354/1224/2340 1355/1222/2341
f 1155/1223/2339 1156/1225/2342 1353/1226/2343 1354/1224/2340
s 216
f 1352/1227/2344 1353/1226/2345 1156/1225/2346 1157/1228/2347
s 158
f 1351/1229/2348 1352/1227/2349 1157/1228/2350 1158/1230/2351
f 1350/1231/2352 1351/1229/2348 1158/1230/2351 1159/1232/2353
s 218
f 1159/1917/2354 1160/1233/2355 1349/1234/2356 1350/1914/2357
s 149
f 1160/1233/2358 1161/1235/2359 1348/1236/2360 1349/1234/2361
f 1161/1235/2359 1162/1237/2362 1347/1238/2363 1348/1236/2360
s 220
f 1346/1239/2364 1347/1238/2365 1162/1237/2366 1163/1240/2367
s 150
f 1345/1241/2368 1346/1239/2369 1163/1240/2370 1164/1242/2371
f 1344/1243/2372 1345/1241/2368 1164/1242/2371 1165/1244/2373
s 222
f 1165/1875/2374 1166/1245/2375 1343/1246/2376 1344/1872/2377
s 159
f 1166/1245/2378 1167/1247/2379 1342/1248/2380 1343/1246/2381
f 1167/1247/2379 1168/1249/2382 1341/1250/2383 1342/1248/2380
s 224
f 1340/1251/2384 1341/1250/2385 1168/1249/2386 1169/1252/2387
s 160
f 1339/1253/2388 1340/1251/2389 1169/1252/2390 1170/1254/2391
f 1338/1255/2392 1339/1253/2388 1170/1254/2391 1171/1256/2393
s 226
f 1171/1835/2394 1172/1257/2395 1337/1258/2396 1338/1832/2397
s 151
f 1172/1257/2398 1173/1259/2399 1336/1260/2400 1337/1258/2401
f 1173/1259/2399 1174/1261/2402 1335/1262/2403 1336/1260/2400
s 228
f 1334/1263/2404 1335/1262/2405 1174/1261/2406 1175/1264/2407
s 152
f 1333/1265/2408 1334/1263/2409 1175/1264/2410 1176/1266/2411
f 1332/1267/2412 1333/1265/2408 1176/1266/2411 1177/1268/2413
s 230
f 1177/1797/2414 1178/1269/2415 1331/1270/2416 1332/1794/2417
s 161
f 1178/1269/2418 1179/1271/2419 1330/1272/2420 1331/1270/2421
f 1179/1271/2419 1180/1273/2422 1329/1274/2423 1330/1272/2420
s 232
f 1328/1275/2424 1329/1274/2425 1180/1273/2426 1181/1276/2427
s 162
f 1327/1277/2428 1328/1275/2429 1181/1276/2430 1182/1278/2431
s 234
f 1324/1279/2432 1325/1280/2433 1184/1281/2434 1185/1282/2435
s 235
f 1186/1283/2436 1187/1284/2437 1322/1285/2438 1323/1286/2439
s 170
f 1038/1287/2440 1037/1288/2441 118/369/2442 117/368/2443
s 236
f 1132/1289/2444 1131/1290/2445 291/373/2446 298/372/2447
f 299/375/2448 1133/1291/2449 1132/1289/2444 298/372/2447
s 162
f 1043/1292/2450 1042/1293/2451 197/379/2452 196/378/2453
s 232
f 1044/1294/2454 1043/1292/2455 196/378/2456 195/382/2457
s 161
f 195/382/2458 194/384/2459 1045/1295/2460 1044/1294/2461
f 1046/1296/2462 1045/1295/2460 194/384/2459 193/386/2463
s 230
f 1047/1795/2464 1046/1296/2465 193/386/2466 192/1799/2467
s 152
f 192/388/2468 191/390/2469 1048/1298/2470 1047/1297/2471
f 1049/1299/2472 1048/1298/2470 191/390/2469 190/392/2473
s 228
f 1050/1300/2474 1049/1299/2475 190/392/2476 189/394/2477
s 151
f 189/394/2478 188/396/2479 1051/1301/2480 1050/1300/2481
f 1052/1302/2482 1051/1301/2480 188/396/2479 187/398/2483
s 226
f 1053/1833/2484 1052/1302/2485 187/398/2486 186/1838/2487
s 160
f 186/400/2488 185/402/2489 1054/1304/2490 1053/1303/2491
f 1055/1305/2492 1054/1304/2490 185/402/2489 184/404/2493
s 224
f 184/404/2494 183/406/2495 1056/1306/2496 1055/1305/2497
s 159
f 183/406/2498 182/408/2499 1057/1307/2500 1056/1306/2501
f 1058/1308/2502 1057/1307/2500 182/408/2499 181/410/2503
s 222
f 1059/1873/2504 1058/1308/2505 181/410/2506 180/1878/2507
s 150
f 180/412/2508 179/414/2509 1060/1310/2510 1059/1309/2511
f 1061/1311/2512 1060/1310/2510 179/414/2509 178/416/2513
s 220
f 1062/1312/2514 1061/1311/2515 178/416/2516 177/418/2517
s 149
f 177/418/2518 176/420/2519 1063/1313/2520 1062/1312/2521
f 1064/1314/2522 1063/1313/2520 176/420/2519 175/422/2523
s 218
f 1065/1915/2524 1064/1314/2525 175/422/2526 174/1920/2527
s 158
f 174/424/2528 173/426/2529 1066/1316/2530 1065/1315/2531
f 1067/1317/2532 1066/1316/2530 173/426/2529 172/428/2533
s 216
f 1068/1318/2534 1067/1317/2535 172/428/2536 171/430/2537
s 157
f 171/430/2538 170/432/2539 1069/1319/2540 1068/1318/2541
f 1070/1320/2542 1069/1319/2540 170/432/2539 169/434/2543
s 214
f 1071/1957/2544 1070/1320/2545 169/434/2546 168/1962/2547
s 153
f 168/436/2548 167/438/2549 1072/1322/2550 1071/1321/2551
f 1073/1323/2552 1072/1322/2550 167/438/2549 166/440/2553
s 212
f 166/440/2554 165/442/2555 1074/1324/2556 1073/1323/2557
s 154
f 165/442/2558 164/444/2559 1075/1325/2560 1074/1324/2561
f 1076/1326/2562 1075/1325/2560 164/444/2559 163/446/2563
s 210
f 1077/1999/2564 1076/1326/2565 163/446/2566 162/2004/2567
s 155
f 162/448/2568 161/450/2569 1078/1328/2570 1077/1327/2571
f 1079/1329/2572 1078/1328/2570 161/450/2569 160/452/2573
s 208
f 160/452/2574 159/454/2575 1080/1330/2576 1079/1329/2577
s 156
f 159/454/2578 158/456/2579 1081/1331/2580 1080/1330/2581
f 1082/1332/2582 1081/1331/2580 158/456/2579 157/458/2583
s 206
f 1083/2041/2584 1082/1332/2585 157/458/2586 156/2045/2587
s 165
f 156/460/2588 155/462/2589 1084/1334/2590 1083/1333/2591
f 1085/1335/2592 1084/1334/2590 155/462/2589 154/464/2593
s 204
f 1086/1336/2594 1085/1335/2595 154/464/2596 153/466/2597
s 166
f 153/466/2598 152/468/2599 1087/1337/2600 1086/1336/2601
f 701/469/2602 1530/1338/2603 1465/1339/2604 635/470/2605
f 1089/1340/2606 1088/1341/2607 151/475/2608 150/474/2609
f 1090/1342/2610 1089/1340/2606 150/474/2609 149/478/2611
s 200
f 149/478/2612 148/480/2613 1091/1343/2614 1090/1342/2615
s 165
f 148/480/2616 147/2044/2617 1092/2039/2618 1091/1343/2619
s 198
f 1093/1345/2620 1092/1344/2621 147/482/2622 146/484/2623
s 156
f 1094/1346/2624 1093/1345/2625 146/484/2626 145/486/2627
s 196
f 1095/1347/2628 1094/1346/2629 145/486/2630 144/488/2631
s 155
f 144/488/2632 143/2005/2633 1096/2003/2634 1095/1347/2635
s 194
f 1097/1349/2636 1096/1348/2637 143/490/2638 142/492/2639
s 154
f 1098/1350/2640 1097/1349/2641 142/492/2642 141/494/2643
s 192
f 1099/1351/2644 1098/1350/2645 141/494/2646 140/496/2647
s 153
f 140/496/2648 139/1963/2649 1100/1961/2650 1099/1351/2651
s 190
f 1101/1353/2652 1100/1352/2653 139/498/2654 138/500/2655
s 157
f 1102/1354/2656 1101/1353/2657 138/500/2658 137/502/2659
s 188
f 137/502/2660 136/504/2661 1103/1355/2662 1102/1354/2663
s 158
f 136/504/2664 135/1921/2665 1104/1919/2666 1103/1355/2667
s 186
f 1105/1357/2668 1104/1356/2669 135/506/2670 134/508/2671
s 149
f 1106/1358/2672 1105/1357/2673 134/508/2674 133/510/2675
s 184
f 133/510/2676 132/512/2677 1107/1359/2678 1106/1358/2679
s 150
f 132/512/2680 131/1879/2681 1108/1877/2682 1107/1359/2683
s 182
f 1109/1361/2684 1108/1360/2685 131/514/2686 130/516/2687
s 159
f 1110/1362/2688 1109/1361/2689 130/516/2690 129/518/2691
s 180
f 129/518/2692 128/520/2693 1111/1363/2694 1110/1362/2695
s 160
f 128/520/2696 127/1839/2697 1112/1837/2698 1111/1363/2699
s 178
f 1113/1365/2700 1112/1364/2701 127/522/2702 126/524/2703
s 151
f 1114/1366/2704 1113/1365/2705 126/524/2706 125/526/2707
s 176
f 125/526/2708 124/528/2709 1115/1367/2710 1114/1366/2711
s 152
f 124/528/2712 123/1800/2713 1116/1798/2714 1115/1367/2715
s 174
f 1117/1369/2716 1116/1368/2717 123/530/2718 122/532/2719
s 161
f 1118/1370/2720 1117/1369/2721 122/532/2722 121/534/2723
s 172
f 121/534/2724 120/536/2725 1119/1371/2726 1118/1370/2727
s 162
f 120/536/2728 119/1760/2729 1120/1759/2730 1119/1371/2731
s 170
f 1037/1288/2441 1123/1373/2732 285/539/2733 118/369/2442
s 148
f 1580/1374/2734 1581/977/1874 1414/980/1877 1415/1750/2735
s 163
f 1122/2112/2049 1121/1069/2048 1010/2124/2736 952/1747/2737
s 170
f 1192/1115/2148 1193/1753/2738 1405/1120/2739 1406/1116/2149
f 285/539/2733 1123/1373/2732 1120/1372/2740 119/538/2741
s 234
f 1130/1755/2742 1127/1377/2743 292/545/2744 294/1758/2745
f 1183/1757/2746 1184/1281/2434 1325/1280/2433 1326/1754/2747
s 254
f 1121/1069/2748 1035/1068/2749 1125/1380/2750 1124/1381/2751
s 255
f 1582/978/2752 1583/1101/2753 1412/1104/2754 1413/979/2755
s 256
f 1185/1282/2756 1186/1283/2757 1323/1286/2758 1324/1279/2759
s off
f 1041/1382/2760 1040/1383/2761 1128/1384/2762 1126/1385/2763
s 162
f 1579/1007/1931 1580/1749/2764 1415/1375/2765 1416/1008/1932
s 254
f 1010/2124/2766 1121/1069/2748 1124/1381/2751 1129/1386/2767
s 162
f 197/379/2452 1042/1293/2451 1130/1376/2768 294/544/2769
f 1326/1379/2770 1327/1277/2428 1182/1278/2431 1183/1378/2771
s 168
f 1187/1284/2772 1188/1387/2773 1321/1388/2774 1322/1285/2775
s 258
f 1135/1389/2776 1134/1390/2777 1136/1391/2778 1137/1392/2779
f 308/562/2780 305/565/2781 1138/1393/2782 1139/1394/2783
f 1138/1393/2782 1135/1389/2776 1137/1392/2779 1139/1394/2783
s 259
f 1126/1385/2784 1128/1384/2785 1134/1390/2786 1135/1389/2787
s off
f 1134/1390/2788 1128/1384/2789 1131/1290/2790 1136/1391/2791
s 260
f 1131/1290/2792 1132/1289/2793 1137/1392/2794 1136/1391/2795
s off
f 292/545/2796 1127/1377/2797 1138/1393/2798 305/565/2799
f 1133/1291/2800 299/375/2801 308/562/2802 1139/1394/2803
s 259
f 1127/1377/2804 1126/1385/2784 1135/1389/2787 1138/1393/2805
s 260
f 1132/1289/2793 1133/1291/2806 1139/1394/2807 1137/1392/2794
s 165
f 1141/1196/2293 1140/1194/2291 1229/1395/2808 1230/1396/2809
s 206
f 1230/2034/2810 1231/1397/2811 1142/1197/2295 1141/2043/2294
s 156
f 1231/1397/2812 1232/1398/2813 1143/1199/2299 1142/1197/2298
f 1232/1398/2813 1233/1399/2814 1144/1201/2302 1143/1199/2299
s 208
f 1145/1204/2307 1144/1201/2306 1233/1399/2815 1234/1400/2816
s 155
f 1146/1206/2311 1145/1204/2310 1234/1400/2817 1235/1401/2818
f 1147/1208/2313 1146/1206/2311 1235/1401/2818 1236/1402/2819
s 210
f 1236/1992/2820 1237/1403/2821 1148/1209/2315 1147/2001/2314
s 154
f 1237/1403/2822 1238/1404/2823 1149/1211/2319 1148/1209/2318
f 1238/1404/2823 1239/1405/2824 1150/1213/2322 1149/1211/2319
s 212
f 1151/1216/2327 1150/1213/2326 1239/1405/2825 1240/1406/2826
s 153
f 1152/1218/2331 1151/1216/2330 1240/1406/2827 1241/1407/2828
f 1153/1220/2333 1152/1218/2331 1241/1407/2828 1242/1408/2829
s 214
f 1242/1950/2830 1243/1409/2831 1154/1221/2335 1153/1959/2334
s 157
f 1243/1409/2832 1244/1410/2833 1155/1223/2339 1154/1221/2338
f 1244/1410/2833 1245/1411/2834 1156/1225/2342 1155/1223/2339
s 216
f 1157/1228/2347 1156/1225/2346 1245/1411/2835 1246/1412/2836
s 158
f 1158/1230/2351 1157/1228/2350 1246/1412/2837 1247/1413/2838
f 1159/1232/2353 1158/1230/2351 1247/1413/2838 1248/1414/2839
s 218
f 1248/1908/2840 1249/1415/2841 1160/1233/2355 1159/1917/2354
s 149
f 1249/1415/2842 1250/1416/2843 1161/1235/2359 1160/1233/2358
f 1250/1416/2843 1251/1417/2844 1162/1237/2362 1161/1235/2359
s 220
f 1163/1240/2367 1162/1237/2366 1251/1417/2845 1252/1418/2846
s 150
f 1164/1242/2371 1163/1240/2370 1252/1418/2847 1253/1419/2848
f 1165/1244/2373 1164/1242/2371 1253/1419/2848 1254/1420/2849
s 222
f 1254/1866/2850 1255/1421/2851 1166/1245/2375 1165/1875/2374
s 159
f 1255/1421/2852 1256/1422/2853 1167/1247/2379 1166/1245/2378
f 1256/1422/2853 1257/1423/2854 1168/1249/2382 1167/1247/2379
s 224
f 1169/1252/2387 1168/1249/2386 1257/1423/2855 1258/1424/2856
s 160
f 1170/1254/2391 1169/1252/2390 1258/1424/2857 1259/1425/2858
f 1171/1256/2393 1170/1254/2391 1259/1425/2858 1260/1426/2859
s 226
f 1260/1826/2860 1261/1427/2861 1172/1257/2395 1171/1835/2394
s 151
f 1261/1427/2862 1262/1428/2863 1173/1259/2399 1172/1257/2398
f 1262/1428/2863 1263/1429/2864 1174/1261/2402 1173/1259/2399
s 228
f 1175/1264/2407 1174/1261/2406 1263/1429/2865 1264/1430/2866
s 152
f 1176/1266/2411 1175/1264/2410 1264/1430/2867 1265/1431/2868
f 1177/1268/2413 1176/1266/2411 1265/1431/2868 1266/1432/2869
s 230
f 1266/1788/2870 1267/1433/2871 1178/1269/2415 1177/1797/2414
s 161
f 1267/1433/2872 1268/1434/2873 1179/1271/2419 1178/1269/2418
f 1268/1434/2873 1269/1435/2874 1180/1273/2422 1179/1271/2419
s 232
f 1181/1276/2427 1180/1273/2426 1269/1435/2875 1270/1436/2876
s 162
f 1182/1278/2431 1181/1276/2430 1270/1436/2877 1271/1437/2878
f 1183/1378/2771 1182/1278/2431 1271/1437/2878 1272/1438/2879
s 234
f 1272/1748/2880 1273/1439/2881 1184/1281/2434 1183/1757/2746
f 1185/1282/2435 1184/1281/2434 1273/1439/2881 1274/1440/2882
s 256
f 1274/1440/2883 1275/1441/2884 1186/1283/2757 1185/1282/2756
s 235
f 1275/1441/2885 1276/1442/2886 1187/1284/2437 1186/1283/2436
s 168
f 1276/1442/2887 1277/1443/2888 1188/1387/2773 1187/1284/2772
f 1526/1444/2889 1527/1105/2136 1409/1108/2139 1410/1445/2890
f 1190/1112/2143 1189/1111/2142 1278/1446/2891 1279/1447/2892
s 170
f 1279/1447/2893 1280/1448/2894 1191/1113/2145 1190/1112/2144
f 1280/1448/2894 1281/1449/2895 1192/1115/2148 1191/1113/2145
f 1281/1449/2895 1282/1756/2896 1193/1753/2738 1192/1115/2148
s 162
f 1282/1450/2897 1283/1451/2898 1194/1118/2151 1193/1117/2150
s 172
f 1195/1122/2157 1194/1118/2156 1283/1451/2899 1284/1452/2900
s 161
f 1196/1124/2161 1195/1122/2160 1284/1452/2901 1285/1453/2902
s 174
f 1285/1453/2903 1286/1796/2904 1197/1793/2163 1196/1124/2162
s 152
f 1286/1454/2905 1287/1455/2906 1198/1127/2167 1197/1125/2166
s 176
f 1199/1130/2173 1198/1127/2172 1287/1455/2907 1288/1456/2908
s 151
f 1200/1132/2177 1199/1130/2176 1288/1456/2909 1289/1457/2910
s 178
f 1289/1457/2911 1290/1834/2912 1201/1831/2179 1200/1132/2178
s 160
f 1290/1458/2913 1291/1459/2914 1202/1135/2183 1201/1133/2182
s 180
f 1203/1138/2189 1202/1135/2188 1291/1459/2915 1292/1460/2916
s 159
f 1204/1140/2193 1203/1138/2192 1292/1460/2917 1293/1461/2918
s 182
f 1293/1461/2919 1294/1874/2920 1205/1871/2195 1204/1140/2194
s 150
f 1294/1462/2921 1295/1463/2922 1206/1143/2199 1205/1141/2198
s 184
f 1207/1146/2205 1206/1143/2204 1295/1463/2923 1296/1464/2924
s 149
f 1208/1148/2209 1207/1146/2208 1296/1464/2925 1297/1465/2926
s 186
f 1297/1465/2927 1298/1916/2928 1209/1913/2211 1208/1148/2210
s 158
f 1298/1466/2929 1299/1467/2930 1210/1151/2215 1209/1149/2214
s 188
f 1211/1154/2221 1210/1151/2220 1299/1467/2931 1300/1468/2932
s 157
f 1212/1156/2225 1211/1154/2224 1300/1468/2933 1301/1469/2934
s 190
f 1301/1469/2935 1302/1958/2936 1213/1955/2227 1212/1156/2226
s 153
f 1302/1470/2937 1303/1471/2938 1214/1159/2231 1213/1157/2230
s 192
f 1215/1162/2237 1214/1159/2236 1303/1471/2939 1304/1472/2940
s 154
f 1216/1164/2241 1215/1162/2240 1304/1472/2941 1305/1473/2942
s 194
f 1305/1473/2943 1306/2000/2944 1217/1997/2243 1216/1164/2242
s 155
f 1306/1474/2945 1307/1475/2946 1218/1167/2247 1217/1165/2246
s 196
f 1219/1170/2253 1218/1167/2252 1307/1475/2947 1308/1476/2948
s 156
f 1220/1172/2257 1219/1170/2256 1308/1476/2949 1309/1477/2950
s 198
f 1221/1174/2261 1220/1172/2260 1309/1477/2951 1310/1478/2952
s 165
f 1222/1176/2265 1221/2042/2264 1310/2033/2953 1311/1479/2954
s 200
f 1223/1178/2269 1222/1176/2268 1311/1479/2955 1312/1480/2956
s 166
f 1224/1180/2273 1223/1178/2272 1312/1480/2957 1313/1481/2958
f 1313/1481/2958 1314/1482/2959 1225/1181/2274 1224/1180/2273
f 1462/1483/2960 1463/1183/2276 1532/1186/2279 1533/1484/2961
f 1227/1190/2283 1226/1189/2282 1315/1485/2962 1316/1486/2963
s 204
f 1228/1192/2287 1227/1190/2286 1316/1486/2964 1317/1487/2965
s 165
f 1140/1194/2291 1228/1192/2290 1317/1487/2966 1229/1395/2808
f 1230/1396/2809 1229/1395/2808 1584/2030/2967 1585/2031/2968
s 206
f 1585/1489/2969 1586/1490/2970 1231/1397/2811 1230/2034/2810
s 156
f 1586/1490/2971 1587/1491/2972 1232/1398/2813 1231/1397/2812
f 1587/1491/2972 1588/1492/2973 1233/1399/2814 1232/1398/2813
s 208
f 1234/1400/2816 1233/1399/2815 1588/1492/2974 1589/1493/2975
s 155
f 1235/1401/2818 1234/1400/2817 1589/1493/2976 1590/1988/2977
f 1236/1402/2819 1235/1401/2818 1590/1988/2977 1591/1989/2978
s 210
f 1591/1495/2979 1592/1496/2980 1237/1403/2821 1236/1992/2820
s 154
f 1592/1496/2981 1593/1497/2982 1238/1404/2823 1237/1403/2822
f 1593/1497/2982 1594/1498/2983 1239/1405/2824 1238/1404/2823
s 212
f 1240/1406/2826 1239/1405/2825 1594/1498/2984 1595/1499/2985
s 153
f 1241/1407/2828 1240/1406/2827 1595/1499/2986 1596/1946/2987
f 1242/1408/2829 1241/1407/2828 1596/1946/2987 1597/1947/2988
s 214
f 1597/1501/2989 1598/1502/2990 1243/1409/2831 1242/1950/2830
s 157
f 1598/1502/2991 1599/1503/2992 1244/1410/2833 1243/1409/2832
f 1599/1503/2992 1600/1504/2993 1245/1411/2834 1244/1410/2833
s 216
f 1246/1412/2836 1245/1411/2835 1600/1504/2994 1601/1505/2995
s 158
f 1247/1413/2838 1246/1412/2837 1601/1505/2996 1602/1904/2997
f 1248/1414/2839 1247/1413/2838 1602/1904/2997 1603/1905/2998
s 218
f 1603/1507/2999 1604/1508/3000 1249/1415/2841 1248/1908/2840
s 149
f 1604/1508/3001 1605/1509/3002 1250/1416/2843 1249/1415/2842
f 1605/1509/3002 1606/1510/3003 1251/1417/2844 1250/1416/2843
s 220
f 1252/1418/2846 1251/1417/2845 1606/1510/3004 1607/1511/3005
s 150
f 1253/1419/2848 1252/1418/2847 1607/1511/3006 1608/2122/3007
f 1254/1420/2849 1253/1419/2848 1608/2122/3007 1609/2123/3008
s 222
f 1609/1513/3009 1610/1514/3010 1255/1421/2851 1254/1866/2850
s 159
f 1610/1514/3011 1611/1515/3012 1256/1422/2853 1255/1421/2852
f 1611/1515/3012 1612/1516/3013 1257/1423/2854 1256/1422/2853
s 224
f 1258/1424/2856 1257/1423/2855 1612/1516/3014 1613/1517/3015
s 160
f 1259/1425/2858 1258/1424/2857 1613/1517/3016 1614/2120/3017
f 1260/1426/2859 1259/1425/2858 1614/2120/3017 1615/2121/3018
s 226
f 1615/1519/3019 1616/1520/3020 1261/1427/2861 1260/1826/2860
s 151
f 1616/1520/3021 1617/1521/3022 1262/1428/2863 1261/1427/2862
f 1617/1521/3022 1618/1522/3023 1263/1429/2864 1262/1428/2863
s 228
f 1264/1430/2866 1263/1429/2865 1618/1522/3024 1619/1523/3025
s 152
f 1265/1431/2868 1264/1430/2867 1619/1523/3026 1620/1784/3027
f 1266/1432/2869 1265/1431/2868 1620/1784/3027 1621/1785/3028
s 230
f 1621/1525/3029 1622/1526/3030 1267/1433/2871 1266/1788/2870
s 161
f 1622/1526/3031 1623/1527/3032 1268/1434/2873 1267/1433/2872
f 1623/1527/3032 1624/1528/3033 1269/1435/2874 1268/1434/2873
s 232
f 1270/1436/2876 1269/1435/2875 1624/1528/3034 1625/1529/3035
s 162
f 1271/1437/2878 1270/1436/2877 1625/1529/3036 1626/2118/3037
f 1272/1438/2879 1271/1437/2878 1626/2118/3037 1627/2119/3038
s 234
f 1627/1531/3039 1628/1532/3040 1273/1439/2881 1272/1748/2880
f 1274/1440/2882 1273/1439/2881 1628/1532/3040 1629/1533/3041
s 256
f 1629/1533/3042 1630/1534/3043 1275/1441/2884 1274/1440/2883
s 235
f 1630/1534/3044 1631/1535/3045 1276/1442/2886 1275/1441/2885
s 168
f 1631/1535/3046 1632/1536/3047 1277/1443/2888 1276/1442/2887
f 1634/1537/3048 1635/1538/3049 1526/1444/2889 1410/1445/2890
f 1279/1447/2892 1278/1446/2891 1636/1539/3050 1637/1540/3051
s 170
f 1637/1540/3052 1638/1541/3053 1280/1448/2894 1279/1447/2893
f 1638/1541/3053 1639/1542/3054 1281/1449/2895 1280/1448/2894
f 1639/1542/3054 1640/1746/3055 1282/1756/2896 1281/1449/2895
s 162
f 1640/1543/3056 1641/1544/3057 1283/1451/2898 1282/1450/2897
s 172
f 1284/1452/2900 1283/1451/2899 1641/1544/3058 1642/1545/3059
s 161
f 1285/1453/2902 1284/1452/2901 1642/1545/3060 1643/1546/3061
s 174
f 1643/1546/3062 1644/1786/3063 1286/1796/2904 1285/1453/2903
s 152
f 1644/1547/3064 1645/1548/3065 1287/1455/2906 1286/1454/2905
s 176
f 1288/1456/2908 1287/1455/2907 1645/1548/3066 1646/1549/3067
s 151
f 1289/1457/2910 1288/1456/2909 1646/1549/3068 1647/1550/3069
s 178
f 1647/1550/3070 1648/1824/3071 1290/1834/2912 1289/1457/2911
s 160
f 1648/1551/3072 1649/1552/3073 1291/1459/2914 1290/1458/2913
s 180
f 1292/1460/2916 1291/1459/2915 1649/1552/3074 1650/1553/3075
s 159
f 1293/1461/2918 1292/1460/2917 1650/1553/3076 1651/1554/3077
s 182
f 1651/1554/3078 1652/1864/3079 1294/1874/2920 1293/1461/2919
s 150
f 1652/1555/3080 1653/1556/3081 1295/1463/2922 1294/1462/2921
s 184
f 1296/1464/2924 1295/1463/2923 1653/1556/3082 1654/1557/3083
s 149
f 1297/1465/2926 1296/1464/2925 1654/1557/3084 1655/1558/3085
s 186
f 1655/1558/3086 1656/1906/3087 1298/1916/2928 1297/1465/2927
s 158
f 1656/1559/3088 1657/1560/3089 1299/1467/2930 1298/1466/2929
s 188
f 1300/1468/2932 1299/1467/2931 1657/1560/3090 1658/1561/3091
s 157
f 1301/1469/2934 1300/1468/2933 1658/1561/3092 1659/1562/3093
s 190
f 1659/1562/3094 1660/1948/3095 1302/1958/2936 1301/1469/2935
s 153
f 1660/1563/3096 1661/1564/3097 1303/1471/2938 1302/1470/2937
s 192
f 1304/1472/2940 1303/1471/2939 1661/1564/3098 1662/1565/3099
s 154
f 1305/1473/2942 1304/1472/2941 1662/1565/3100 1663/1566/3101
s 194
f 1663/1566/3102 1664/1990/3103 1306/2000/2944 1305/1473/2943
s 155
f 1664/1567/3104 1665/1568/3105 1307/1475/2946 1306/1474/2945
s 196
f 1308/1476/2948 1307/1475/2947 1665/1568/3106 1666/1569/3107
s 156
f 1309/1477/2950 1308/1476/2949 1666/1569/3108 1667/1570/3109
s 198
f 1310/1478/2952 1309/1477/2951 1667/1570/3110 1668/2032/3111
s 165
f 1311/1479/2954 1310/2033/2953 1668/1571/3112 1669/1572/3113
s 200
f 1312/1480/2956 1311/1479/2955 1669/1572/3114 1670/1573/3115
s 166
f 1313/1481/2958 1312/1480/2957 1670/1573/3116 1671/1574/3117
f 1671/1574/3117 1672/1575/3118 1314/1482/2959 1313/1481/2958
f 1673/1576/3119 1674/1577/3120 1462/1483/2960 1533/1484/2961
f 1316/1486/2963 1315/1485/2962 1676/1578/3121 1677/1579/3122
s 204
f 1317/1487/2965 1316/1486/2964 1677/1579/3123 1678/1580/3124
s 165
f 1229/1395/2808 1317/1487/2966 1678/1580/3125 1584/2030/2967
s 170
f 1319/1109/2147 1318/1114/2146 1037/1288/2441 1038/1287/2440
s 168
f 1038/1287/3126 1039/1581/3127 1320/1110/2141 1319/1109/2140
f 1528/1106/2137 1529/1582/3128 1407/1583/3129 1408/1107/2138
f 1322/1285/2775 1321/1388/2774 1128/1384/3130 1040/1383/3131
s 235
f 1323/1286/2439 1322/1285/2438 1040/1383/3132 1041/1382/3133
s 256
f 1324/1279/2759 1323/1286/2758 1041/1382/3134 1126/1385/3135
s 234
f 1126/1385/3136 1127/1377/2743 1325/1280/2433 1324/1279/2432
f 1326/1754/2747 1325/1280/2433 1127/1377/2743 1130/1755/2742
s 162
f 1042/1293/2451 1327/1277/2428 1326/1379/2770 1130/1376/2768
f 1042/1293/2451 1043/1292/2450 1328/1275/2429 1327/1277/2428
s 232
f 1043/1292/2455 1044/1294/2454 1329/1274/2425 1328/1275/2424
s 161
f 1330/1272/2420 1329/1274/2423 1044/1294/2461 1045/1295/2460
f 1331/1270/2421 1330/1272/2420 1045/1295/2460 1046/1296/2462
s 230
f 1332/1794/2417 1331/1270/2416 1046/1296/2465 1047/1795/2464
s 152
f 1047/1297/2471 1048/1298/2470 1333/1265/2408 1332/1267/2412
f 1048/1298/2470 1049/1299/2472 1334/1263/2409 1333/1265/2408
s 228
f 1049/1299/2475 1050/1300/2474 1335/1262/2405 1334/1263/2404
s 151
f 1336/1260/2400 1335/1262/2403 1050/1300/2481 1051/1301/2480
f 1337/1258/2401 1336/1260/2400 1051/1301/2480 1052/1302/2482
s 226
f 1338/1832/2397 1337/1258/2396 1052/1302/2485 1053/1833/2484
s 160
f 1053/1303/2491 1054/1304/2490 1339/1253/2388 1338/1255/2392
f 1054/1304/2490 1055/1305/2492 1340/1251/2389 1339/1253/2388
s 224
f 1055/1305/2497 1056/1306/2496 1341/1250/2385 1340/1251/2384
s 159
f 1342/1248/2380 1341/1250/2383 1056/1306/2501 1057/1307/2500
f 1343/1246/2381 1342/1248/2380 1057/1307/2500 1058/1308/2502
s 222
f 1344/1872/2377 1343/1246/2376 1058/1308/2505 1059/1873/2504
s 150
f 1059/1309/2511 1060/1310/2510 1345/1241/2368 1344/1243/2372
f 1060/1310/2510 1061/1311/2512 1346/1239/2369 1345/1241/2368
s 220
f 1061/1311/2515 1062/1312/2514 1347/1238/2365 1346/1239/2364
s 149
f 1348/1236/2360 1347/1238/2363 1062/1312/2521 1063/1313/2520
f 1349/1234/2361 1348/1236/2360 1063/1313/2520 1064/1314/2522
s 218
f 1350/1914/2357 1349/1234/2356 1064/1314/2525 1065/1915/2524
s 158
f 1065/1315/2531 1066/1316/2530 1351/1229/2348 1350/1231/2352
f 1066/1316/2530 1067/1317/2532 1352/1227/2349 1351/1229/2348
s 216
f 1067/1317/2535 1068/1318/2534 1353/1226/2345 1352/1227/2344
s 157
f 1354/1224/2340 1353/1226/2343 1068/1318/2541 1069/1319/2540
f 1355/1222/2341 1354/1224/2340 1069/1319/2540 1070/1320/2542
s 214
f 1356/1956/2337 1355/1222/2336 1070/1320/2545 1071/1957/2544
s 153
f 1071/1321/2551 1072/1322/2550 1357/1217/2328 1356/1219/2332
f 1072/1322/2550 1073/1323/2552 1358/1215/2329 1357/1217/2328
s 212
f 1073/1323/2557 1074/1324/2556 1359/1214/2325 1358/1215/2324
s 154
f 1360/1212/2320 1359/1214/2323 1074/1324/2561 1075/1325/2560
f 1361/1210/2321 1360/1212/2320 1075/1325/2560 1076/1326/2562
s 210
f 1362/1998/2317 1361/1210/2316 1076/1326/2565 1077/1999/2564
s 155
f 1077/1327/2571 1078/1328/2570 1363/1205/2308 1362/1207/2312
f 1078/1328/2570 1079/1329/2572 1364/1203/2309 1363/1205/2308
s 208
f 1079/1329/2577 1080/1330/2576 1365/1202/2305 1364/1203/2304
s 156
f 1366/1200/2300 1365/1202/2303 1080/1330/2581 1081/1331/2580
f 1367/1198/2301 1366/1200/2300 1081/1331/2580 1082/1332/2582
s 206
f 1368/2040/2297 1367/1198/2296 1082/1332/2585 1083/2041/2584
s 165
f 1083/1333/2591 1084/1334/2590 1369/1193/2288 1368/1195/2292
f 1084/1334/2590 1085/1335/2592 1370/1191/2289 1369/1193/2288
s 204
f 1085/1335/2595 1086/1336/2594 1371/1187/2285 1370/1191/2284
s 166
f 1086/1336/2601 1087/1337/2600 1372/1188/2281 1371/1187/2280
f 1530/1338/2603 1531/1185/2278 1464/1184/2277 1465/1339/2604
f 1374/1179/2270 1373/1182/2275 1088/1341/2607 1089/1340/2606
f 1089/1340/2606 1090/1342/2610 1375/1177/2271 1374/1179/2270
s 200
f 1090/1342/2615 1091/1343/2614 1376/1175/2267 1375/1177/2266
s 165
f 1091/1343/2619 1092/2039/2618 1377/2038/2263 1376/1175/2262
s 198
f 1092/1344/2621 1093/1345/2620 1378/1171/2259 1377/1173/2258
s 156
f 1093/1345/2625 1094/1346/2624 1379/1169/2255 1378/1171/2254
s 196
f 1094/1346/2629 1095/1347/2628 1380/1168/2251 1379/1169/2250
s 155
f 1381/1996/2249 1380/1168/2248 1095/1347/2635 1096/2003/2634
s 194
f 1382/1163/2245 1381/1166/2244 1096/1348/2637 1097/1349/2636
s 154
f 1097/1349/2641 1098/1350/2640 1383/1161/2239 1382/1163/2238
s 192
f 1098/1350/2645 1099/1351/2644 1384/1160/2235 1383/1161/2234
s 153
f 1385/1954/2233 1384/1160/2232 1099/1351/2651 1100/1961/2650
s 190
f 1386/1155/2229 1385/1158/2228 1100/1352/2653 1101/1353/2652
s 157
f 1101/1353/2657 1102/1354/2656 1387/1153/2223 1386/1155/2222
s 188
f 1102/1354/2663 1103/1355/2662 1388/1152/2219 1387/1153/2218
s 158
f 1389/1912/2217 1388/1152/2216 1103/1355/2667 1104/1919/2666
s 186
f 1390/1147/2213 1389/1150/2212 1104/1356/2669 1105/1357/2668
s 149
f 1105/1357/2673 1106/1358/2672 1391/1145/2207 1390/1147/2206
s 184
f 1106/1358/2679 1107/1359/2678 1392/1144/2203 1391/1145/2202
s 150
f 1393/1870/2201 1392/1144/2200 1107/1359/2683 1108/1877/2682
s 182
f 1394/1139/2197 1393/1142/2196 1108/1360/2685 1109/1361/2684
s 159
f 1109/1361/2689 1110/1362/2688 1395/1137/2191 1394/1139/2190
s 180
f 1110/1362/2695 1111/1363/2694 1396/1136/2187 1395/1137/2186
s 160
f 1397/1830/2185 1396/1136/2184 1111/1363/2699 1112/1837/2698
s 178
f 1398/1131/2181 1397/1134/2180 1112/1364/2701 1113/1365/2700
s 151
f 1113/1365/2705 1114/1366/2704 1399/1129/2175 1398/1131/2174
s 176
f 1114/1366/2711 1115/1367/2710 1400/1128/2171 1399/1129/2170
s 152
f 1401/1792/2169 1400/1128/2168 1115/1367/2715 1116/1798/2714
s 174
f 1402/1123/2165 1401/1126/2164 1116/1368/2717 1117/1369/2716
s 161
f 1117/1369/2721 1118/1370/2720 1403/1121/2159 1402/1123/2158
s 172
f 1118/1370/2727 1119/1371/2726 1404/1119/2155 1403/1121/2154
s 162
f 1405/1752/2153 1404/1119/2152 1119/1371/2731 1120/1759/2730
s 170
f 1406/1116/2149 1405/1120/2739 1120/1372/2740 1123/1373/2732
f 1318/1114/2146 1406/1116/2149 1123/1373/2732 1037/1288/2441
s 168
f 1408/1107/2138 1407/1583/3129 1466/1584/3137 1467/1585/3138
f 1409/1108/2139 1408/1107/2138 1467/1585/3138 1468/1586/3139
f 1410/1445/2890 1409/1108/2139 1468/1586/3139 1469/1587/3140
f 1633/1588/3141 1634/1537/3048 1410/1445/2890 1469/1587/3140
s 163
f 1412/1104/2135 1411/1103/2134 1470/1589/3142 1471/1590/3143
s 255
f 1413/979/2755 1412/1104/2754 1471/1590/3144 1472/1591/3145
s 148
f 1414/980/1877 1413/979/1876 1472/1591/3146 1473/1592/3147
f 1415/1750/2735 1414/980/1877 1473/1592/3147 1474/1751/3148
s 162
f 1416/1008/1932 1415/1375/2765 1474/1593/3149 1475/1594/3150
f 1417/947/1933 1416/1008/1932 1475/1594/3150 1476/1595/3151
s 140
f 1418/948/1845 1417/947/1844 1476/1595/3152 1477/1596/3153
s 161
f 1419/1006/1929 1418/948/1928 1477/1596/3154 1478/1597/3155
f 1420/959/2097 1419/1006/1929 1478/1597/3155 1479/1598/3156
s 143
f 1421/1790/1857 1420/959/1856 1479/1598/3157 1480/1791/3158
s 152
f 1422/988/1892 1421/960/2091 1480/1599/3159 1481/1600/3160
f 1423/927/1893 1422/988/1892 1481/1600/3160 1482/1601/3161
s 135
f 1424/928/1825 1423/927/1824 1482/1601/3162 1483/1602/3163
s 151
f 1425/986/1889 1424/928/1888 1483/1602/3164 1484/1603/3165
f 1426/955/2089 1425/986/1889 1484/1603/3165 1485/1604/3166
s 142
f 1427/1828/1853 1426/955/1852 1485/1604/3167 1486/1829/3168
s 160
f 1428/1004/1924 1427/956/2083 1486/1605/3169 1487/1606/3170
f 1429/943/1925 1428/1004/1924 1487/1606/3170 1488/1607/3171
s 139
f 1430/944/1841 1429/943/1840 1488/1607/3172 1489/1608/3173
s 159
f 1431/1002/1921 1430/944/1920 1489/1608/3174 1490/1609/3175
f 1432/975/2129 1431/1002/1921 1490/1609/3175 1491/1610/3176
s 147
f 1433/1868/1873 1432/975/1872 1491/1610/3177 1492/1869/3178
s 150
f 1434/984/1884 1433/976/2123 1492/1611/3179 1493/1612/3180
f 1435/923/1885 1434/984/1884 1493/1612/3180 1494/1613/3181
s 134
f 1436/924/1821 1435/923/1820 1494/1613/3182 1495/1614/3183
s 149
f 1437/982/1881 1436/924/1880 1495/1614/3184 1496/1615/3185
f 1438/971/2121 1437/982/1881 1496/1615/3185 1497/1616/3186
s 146
f 1439/1910/1869 1438/971/1868 1497/1616/3187 1498/1911/3188
s 158
f 1440/1000/1916 1439/972/2115 1498/1617/3189 1499/1618/3190
f 1441/939/1917 1440/1000/1916 1499/1618/3190 1500/1619/3191
s 138
f 1442/940/1837 1441/939/1836 1500/1619/3192 1501/1620/3193
s 157
f 1443/998/1913 1442/940/1912 1501/1620/3194 1502/1621/3195
f 1444/951/2081 1443/998/1913 1502/1621/3195 1503/1622/3196
s 141
f 1445/1952/1849 1444/951/1848 1503/1622/3197 1504/1953/3198
s 153
f 1446/990/1896 1445/952/2075 1504/1623/3199 1505/1624/3200
f 1447/931/1897 1446/990/1896 1505/1624/3200 1506/1625/3201
s 136
f 1448/932/1829 1447/931/1828 1506/1625/3202 1507/1626/3203
s 154
f 1449/992/1901 1448/932/1900 1507/1626/3204 1508/1627/3205
f 1450/963/2105 1449/992/1901 1508/1627/3205 1509/1628/3206
s 144
f 1451/1994/1861 1450/963/1860 1509/1628/3207 1510/1995/3208
s 155
f 1452/994/1904 1451/964/2099 1510/1629/3209 1511/1630/3210
f 1453/935/1905 1452/994/1904 1511/1630/3210 1512/1631/3211
s 137
f 1454/936/1833 1453/935/1832 1512/1631/3212 1513/1632/3213
s 156
f 1455/996/1909 1454/936/1908 1513/1632/3214 1514/1633/3215
f 1456/967/2113 1455/996/1909 1514/1633/3215 1515/1634/3216
s 145
f 1457/968/1865 1456/967/1864 1515/1634/3217 1516/1635/3218
s 165
f 1458/1080/2060 1457/2037/2107 1516/2029/3219 1517/1636/3220
f 1459/1073/2061 1458/1080/2060 1517/1636/3220 1518/1637/3221
s 164
f 1460/1074/2053 1459/1073/2052 1518/1637/3222 1519/1638/3223
s 166
f 1461/1082/2065 1460/1074/2064 1519/1638/3224 1520/1639/3225
f 1674/1577/3120 1675/1640/3226 1521/1641/3227 1462/1483/2960
f 1521/1641/3227 1522/1642/3228 1463/1183/2276 1462/1483/2960
f 1522/1642/3228 1523/1643/3229 1464/1184/2277 1463/1183/2276
f 1465/1339/2604 1464/1184/2277 1523/1643/3229 1524/1644/3230
f 635/470/2605 1465/1339/2604 1524/1644/3230 695/816/3231
s 168
f 1467/1585/3138 1466/1584/3137 1679/1645/3232 1680/1646/3233
f 1468/1586/3139 1467/1585/3138 1680/1646/3233 1681/1647/3234
f 1469/1587/3140 1468/1586/3139 1681/1647/3234 1682/1648/3235
f 1682/1648/3235 1683/1649/3236 1633/1588/3141 1469/1587/3140
s 163
f 1471/1590/3143 1470/1589/3142 1684/1650/3237 1685/1651/3238
s 255
f 1472/1591/3145 1471/1590/3144 1685/1651/3239 1686/1652/3240
s 148
f 1473/1592/3147 1472/1591/3146 1686/1652/3241 1687/1653/3242
f 1474/1751/3148 1473/1592/3147 1687/1653/3242 1688/1654/3243
s 162
f 1475/1594/3150 1474/1593/3149 1688/1743/3244 1689/1744/3245
f 1476/1595/3151 1475/1594/3150 1689/1744/3245 1690/1656/3246
s 140
f 1477/1596/3153 1476/1595/3152 1690/1656/3247 1691/1657/3248
s 161
f 1478/1597/3155 1477/1596/3154 1691/1657/3249 1692/1658/3250
f 1479/1598/3156 1478/1597/3155 1692/1658/3250 1693/1659/3251
s 143
f 1480/1791/3158 1479/1598/3157 1693/1659/3252 1694/1660/3253
s 152
f 1481/1600/3160 1480/1599/3159 1694/1781/3254 1695/1782/3255
f 1482/1601/3161 1481/1600/3160 1695/1782/3255 1696/1662/3256
s 135
f 1483/1602/3163 1482/1601/3162 1696/1662/3257 1697/1663/3258
s 151
f 1484/1603/3165 1483/1602/3164 1697/1663/3259 1698/1664/3260
f 1485/1604/3166 1484/1603/3165 1698/1664/3260 1699/1665/3261
s 142
f 1486/1829/3168 1485/1604/3167 1699/1665/3262 1700/1666/3263
s 160
f 1487/1606/3170 1486/1605/3169 1700/1821/3264 1701/1822/3265
f 1488/1607/3171 1487/1606/3170 1701/1822/3265 1702/1668/3266
s 139
f 1489/1608/3173 1488/1607/3172 1702/1668/3267 1703/1669/3268
s 159
f 1490/1609/3175 1489/1608/3174 1703/1669/3269 1704/1670/3270
f 1491/1610/3176 1490/1609/3175 1704/1670/3270 1705/1671/3271
s 147
f 1492/1869/3178 1491/1610/3177 1705/1671/3272 1706/1672/3273
s 150
f 1493/1612/3180 1492/1611/3179 1706/1861/3274 1707/1862/3275
f 1494/1613/3181 1493/1612/3180 1707/1862/3275 1708/1674/3276
s 134
f 1495/1614/3183 1494/1613/3182 1708/1674/3277 1709/1675/3278
s 149
f 1496/1615/3185 1495/1614/3184 1709/1675/3279 1710/1676/3280
f 1497/1616/3186 1496/1615/3185 1710/1676/3280 1711/1677/3281
s 146
f 1498/1911/3188 1497/1616/3187 1711/1677/3282 1712/1678/3283
s 158
f 1499/1618/3190 1498/1617/3189 1712/1901/3284 1713/1902/3285
f 1500/1619/3191 1499/1618/3190 1713/1902/3285 1714/1680/3286
s 138
f 1501/1620/3193 1500/1619/3192 1714/1680/3287 1715/1681/3288
s 157
f 1502/1621/3195 1501/1620/3194 1715/1681/3289 1716/1682/3290
f 1503/1622/3196 1502/1621/3195 1716/1682/3290 1717/1683/3291
s 141
f 1504/1953/3198 1503/1622/3197 1717/1683/3292 1718/1684/3293
s 153
f 1505/1624/3200 1504/1623/3199 1718/1943/3294 1719/1944/3295
f 1506/1625/3201 1505/1624/3200 1719/1944/3295 1720/1686/3296
s 136
f 1507/1626/3203 1506/1625/3202 1720/1686/3297 1721/1687/3298
s 154
f 1508/1627/3205 1507/1626/3204 1721/1687/3299 1722/1688/3300
f 1509/1628/3206 1508/1627/3205 1722/1688/3300 1723/1689/3301
s 144
f 1510/1995/3208 1509/1628/3207 1723/1689/3302 1724/1690/3303
s 155
f 1511/1630/3210 1510/1629/3209 1724/1985/3304 1725/1986/3305
f 1512/1631/3211 1511/1630/3210 1725/1986/3305 1726/1692/3306
s 137
f 1513/1632/3213 1512/1631/3212 1726/1692/3307 1727/1693/3308
s 156
f 1514/1633/3215 1513/1632/3214 1727/1693/3309 1728/1694/3310
f 1515/1634/3216 1514/1633/3215 1728/1694/3310 1729/1695/3311
s 145
f 1516/1635/3218 1515/1634/3217 1729/1695/3312 1730/1696/3313
s 165
f 1517/1636/3220 1516/2029/3219 1730/2027/3314 1731/2028/3315
f 1518/1637/3221 1517/1636/3220 1731/2028/3315 1732/1698/3316
s 164
f 1519/1638/3223 1518/1637/3222 1732/1698/3317 1733/1699/3318
s 166
f 1520/1639/3225 1519/1638/3224 1733/1699/3319 1734/1700/3320
f 1735/1701/3321 1736/1702/3322 1521/1641/3227 1675/1640/3226
f 1736/1702/3322 1737/1703/3323 1522/1642/3228 1521/1641/3227
f 1737/1703/3323 1738/1704/3324 1523/1643/3229 1522/1642/3228
f 1524/1644/3230 1523/1643/3229 1738/1704/3324 1739/1705/3325
f 695/816/3231 1524/1644/3230 1739/1705/3325 912/878/3326
s 168
f 1278/1446/2891 1526/1444/2889 1635/1538/3049 1636/1539/3050
f 1189/1111/2142 1527/1105/2136 1526/1444/2889 1278/1446/2891
f 1320/1110/2141 1528/1106/2137 1527/1105/2136 1189/1111/2142
f 1039/1581/3127 1529/1582/3128 1528/1106/2137 1320/1110/2141
s 166
f 151/475/2608 1088/1341/2607 1530/1338/2603 701/469/2602
f 1088/1341/2607 1373/1182/2275 1531/1185/2278 1530/1338/2603
f 1532/1186/2279 1531/1185/2278 1373/1182/2275 1225/1181/2274
f 1533/1484/2961 1532/1186/2279 1225/1181/2274 1314/1482/2959
f 1672/1575/3118 1673/1576/3119 1533/1484/2961 1314/1482/2959
f 1011/1083/2070 1017/1077/2073 1535/1071/2063 1534/1081/2062
s 164
f 1017/1077/2056 1015/1076/2055 1536/1072/2051 1535/1071/2050
s 165
f 1015/1076/2068 982/1011/2067 1537/1079/2059 1536/1072/2058
f 982/1011/2067 1028/2036/3327 1538/2035/2106 1537/1079/2059
s 145
f 1028/1094/3328 1029/1093/3329 1539/966/1863 1538/965/1862
s 156
f 1029/1093/3330 983/1010/1939 1540/995/1906 1539/966/2112
f 983/1010/1939 984/1013/1938 1541/933/1907 1540/995/1906
s 137
f 984/1013/1945 985/1016/1944 1542/934/1831 1541/933/1830
s 155
f 985/1016/1948 986/1018/1947 1543/993/1903 1542/934/1902
f 986/1018/1947 1026/2002/3331 1544/1993/2098 1543/993/1903
s 144
f 1026/1092/3332 1027/1091/3333 1545/962/1859 1544/961/1858
s 154
f 1027/1091/3334 987/1020/1955 1546/991/1898 1545/962/2104
f 987/1020/1955 988/1021/1954 1547/929/1899 1546/991/1898
s 136
f 988/1021/1961 989/1024/1960 1548/930/1827 1547/929/1826
s 153
f 989/1024/1964 990/1026/1963 1549/989/1895 1548/930/1894
f 990/1026/1963 1020/1960/3335 1550/1951/2074 1549/989/1895
s 141
f 1020/1086/3336 1021/1085/3337 1551/950/1847 1550/949/1846
s 157
f 1021/1085/3338 991/1028/1971 1552/997/1910 1551/950/2080
f 991/1028/1971 992/1029/1970 1553/937/1911 1552/997/1910
s 138
f 992/1029/1975 993/1031/1974 1554/938/1835 1553/937/1834
s 158
f 993/1031/1980 994/1034/1979 1555/999/1915 1554/938/1914
f 994/1034/1979 1030/1918/3339 1556/1909/2114 1555/999/1915
s 146
f 1030/1096/3340 1031/1095/3341 1557/970/1867 1556/969/1866
s 149
f 1031/1095/3342 995/1036/1987 1558/981/1878 1557/970/2120
f 995/1036/1987 996/1037/1986 1559/921/1879 1558/981/1878
s 134
f 996/1037/1991 997/1039/1990 1560/922/1819 1559/921/1818
s 150
f 997/1039/1996 998/1042/1995 1561/983/1883 1560/922/1882
f 998/1042/1995 1032/1876/3343 1562/1867/2122 1561/983/1883
s 147
f 1032/1098/3344 1033/1097/3345 1563/974/1871 1562/973/1870
s 159
f 1033/1097/3346 999/1044/2003 1564/1001/1918 1563/974/2128
f 999/1044/2003 1000/1045/2002 1565/941/1919 1564/1001/1918
s 139
f 1000/1045/2007 1001/1047/2006 1566/942/1839 1565/941/1838
s 160
f 1001/1047/2012 1002/1050/2011 1567/1003/1923 1566/942/1922
f 1002/1050/2011 1022/1836/3347 1568/1827/2082 1567/1003/1923
s 142
f 1022/1088/3348 1023/1087/3349 1569/954/1851 1568/953/1850
s 151
f 1023/1087/3350 1003/1052/2019 1570/985/1886 1569/954/2088
f 1003/1052/2019 1004/1053/2018 1571/925/1887 1570/985/1886
s 135
f 1004/1053/2023 1005/1055/2022 1572/926/1823 1571/925/1822
s 152
f 1005/1055/2028 1006/1058/2027 1573/987/1891 1572/926/1890
f 1006/1058/2027 1024/2127/3351 1574/1789/2090 1573/987/1891
s 143
f 1024/1090/3352 1025/1089/3353 1575/958/1855 1574/957/1854
s 161
f 1025/1089/3354 1007/1060/2035 1576/1005/1926 1575/958/2096
f 1007/1060/2035 1008/1061/2034 1577/945/1927 1576/1005/1926
s 140
f 1008/1061/2039 1009/1063/2038 1578/946/1843 1577/945/1842
s 162
f 1009/1063/2044 1010/1066/2043 1579/1007/1931 1578/946/1930
f 1010/1066/2043 1129/2125/3355 1580/1749/2764 1579/1007/1931
s 148
f 1129/1386/3356 1124/1381/3357 1581/977/1874 1580/1374/2734
f 1124/1381/3357 1125/1380/3358 1582/978/1875 1581/977/1874
s 255
f 1125/1380/3359 1035/1068/3360 1583/1101/2753 1582/978/2752
s 163
f 1035/1068/2047 981/1100/2131 1525/1102/2133 1583/1101/2132
s 156
f 968/1706/3361 1588/1492/2973 1587/1491/2972 940/1707/3362
s 208
f 1589/1493/2975 1588/1492/2974 968/1706/3363 967/1708/3364
s 155
f 1590/1988/2977 1589/1493/2976 967/1708/3365 939/1987/3366
s 154
f 964/1710/3367 1594/1498/2983 1593/1497/2982 935/1711/3368
s 212
f 1595/1499/2985 1594/1498/2984 964/1710/3369 963/1712/3370
s 153
f 1596/1946/2987 1595/1499/2986 963/1712/3371 936/1945/3372
s 157
f 970/1714/3373 1600/1504/2993 1599/1503/2992 942/1715/3374
s 216
f 1601/1505/2995 1600/1504/2994 970/1714/3375 969/1716/3376
s 158
f 1602/1904/2997 1601/1505/2996 969/1716/3377 941/1903/3378
s 149
f 953/1718/3379 1606/1510/3003 1605/1509/3002 925/1719/3380
s 220
f 1607/1511/3005 1606/1510/3004 953/1718/3381 954/1720/3382
s 150
f 1608/2122/3007 1607/1511/3006 954/1720/3383 926/1863/3384
s 159
f 975/1722/3385 1612/1516/3013 1611/1515/3012 946/1723/3386
s 224
f 1613/1517/3015 1612/1516/3014 975/1722/3387 976/1724/3388
s 160
f 1614/2120/3017 1613/1517/3016 976/1724/3389 945/1823/3390
s 151
f 957/1726/3391 1618/1522/3023 1617/1521/3022 929/1727/3392
s 228
f 1619/1523/3025 1618/1522/3024 957/1726/3393 958/1728/3394
s 152
f 1620/1784/3027 1619/1523/3026 958/1728/3395 930/1783/3396
s 161
f 978/1730/3397 1624/1528/3033 1623/1527/3032 950/1731/3398
s 232
f 1625/1529/3035 1624/1528/3034 978/1730/3399 977/1732/3400
s 162
f 1626/2118/3037 1625/1529/3036 977/1732/3401 949/1745/3402
s 235
f 921/1734/3403 1631/1535/3045 1630/1534/3044 1036/1735/3404
s 168
f 921/1734/3405 1632/1536/3047 1631/1535/3046
f 1470/1589/3406 1633/1588/3141 1683/1649/3236 1684/1650/3407
f 1411/1103/3408 1634/1537/3048 1633/1588/3141 1470/1589/3406
f 1525/1102/3409 1635/1538/3049 1634/1537/3048 1411/1103/3408
f 1636/1539/3050 1635/1538/3049 1525/1102/3409 981/1100/3410
f 1637/1540/3051 1636/1539/3050 981/1100/3410 924/1099/3411
s 170
f 1034/1067/3412 1638/1541/3053 1637/1540/3052 924/1099/3413
f 1122/1070/3414 1639/1542/3054 1638/1541/3053 1034/1067/3412
f 952/2113/3415 1640/1746/3055 1639/1542/3054 1122/1070/3414
s 162
f 980/1064/2045 1641/1544/3057 1640/1543/3056 952/1065/2042
s 172
f 1642/1545/3059 1641/1544/3058 980/1064/3416 979/1062/3417
s 161
f 1643/1546/3061 1642/1545/3060 979/1062/2037 951/1059/2036
s 174
f 931/1787/3418 1644/1786/3063 1643/1546/3062 951/1059/3419
s 152
f 960/1056/2029 1645/1548/3065 1644/1547/3064 931/1057/2026
s 176
f 1646/1549/3067 1645/1548/3066 960/1056/3420 959/1054/3421
s 151
f 1647/1550/3069 1646/1549/3068 959/1054/2021 932/1051/2020
s 178
f 947/1825/3422 1648/1824/3071 1647/1550/3070 932/1051/3423
s 160
f 973/1048/2013 1649/1552/3073 1648/1551/3072 947/1049/2010
s 180
f 1650/1553/3075 1649/1552/3074 973/1048/3424 974/1046/3425
s 159
f 1651/1554/3077 1650/1553/3076 974/1046/2005 948/1043/2004
s 182
f 927/1865/3426 1652/1864/3079 1651/1554/3078 948/1043/3427
s 150
f 956/1040/1997 1653/1556/3081 1652/1555/3080 927/1041/1994
s 184
f 1654/1557/3083 1653/1556/3082 956/1040/3428 955/1038/3429
s 149
f 1655/1558/3085 1654/1557/3084 955/1038/1989 928/1035/1988
s 186
f 944/1907/3430 1656/1906/3087 1655/1558/3086 928/1035/3431
s 158
f 972/1032/1981 1657/1560/3089 1656/1559/3088 944/1033/1978
s 188
f 1658/1561/3091 1657/1560/3090 972/1032/3432 971/1030/3433
s 157
f 1659/1562/3093 1658/1561/3092 971/1030/1973 943/1027/1972
s 190
f 933/1949/3434 1660/1948/3095 1659/1562/3094 943/1027/3435
s 153
f 961/1023/1965 1661/1564/3097 1660/1563/3096 933/1025/1962
s 192
f 1662/1565/3099 1661/1564/3098 961/1023/3436 962/1022/3437
s 154
f 1663/1566/3101 1662/1565/3100 962/1022/1957 934/1019/1956
s 194
f 938/1991/3438 1664/1990/3103 1663/1566/3102 934/1019/3439
s 155
f 966/1015/1949 1665/1568/3105 1664/1567/3104 938/1017/1946
s 196
f 1666/1569/3107 1665/1568/3106 966/1015/3440 965/1014/3441
s 156
f 1667/1570/3109 1666/1569/3108 965/1014/1941 937/1009/1940
s 198
f 1668/2032/3111 1667/1570/3110 937/1009/3442 923/2047/3443
s 165
f 1669/1572/3113 1668/1571/3112 923/2129/2066 1018/2128/2069
s 200
f 1670/1573/3115 1669/1572/3114 1018/2128/3444 1019/1078/3445
s 166
f 1671/1574/3117 1670/1573/3116 1019/1078/2072 1013/1084/2071
f 1011/1083/2070 1672/1575/3118 1671/1574/3117 1013/1084/2071
f 1534/1081/2062 1673/1576/3119 1672/1575/3118 1011/1083/2070
f 1461/1082/2065 1674/1577/3120 1673/1576/3119 1534/1081/2062
f 1520/1639/3225 1675/1640/3226 1674/1577/3120 1461/1082/2065
f 1734/1700/3320 1735/1701/3321 1675/1640/3226 1520/1639/3225
f 1677/1579/3122 1676/1578/3121 1012/1736/3446 1016/1737/3447
s 204
f 1678/1580/3124 1677/1579/3123 1016/1737/3448 1014/1738/3449
s 165
f 1584/2030/2967 1678/1580/3125 1014/1738/3450 922/2131/3451
s 168
f 1680/1646/3233 1679/1645/3232 1128/1384/3130 1321/1388/2774
f 1681/1647/3234 1680/1646/3233 1321/1388/2774 1188/1387/2773
f 1682/1648/3235 1681/1647/3234 1188/1387/2773 1277/1443/2888
f 1632/1536/3047 1683/1649/3236 1682/1648/3235 1277/1443/2888
f 1684/1650/3407 1683/1649/3236 1632/1536/3047 921/1734/3405
s 163
f 1685/1651/3238 1684/1650/3237 921/1734/3452 1036/2111/3453
s 162
f 1690/1656/3246 1689/1744/3245 949/1745/3402 977/1732/3401
s 140
f 1691/1657/3248 1690/1656/3247 977/1732/3454 978/1730/3455
s 161
f 1692/1658/3250 1691/1657/3249 978/1730/3397 950/1731/3398
s 152
f 1696/1662/3256 1695/1782/3255 930/1783/3396 958/1728/3395
s 135
f 1697/1663/3258 1696/1662/3257 958/1728/3456 957/1726/3457
s 151
f 1698/1664/3260 1697/1663/3259 957/1726/3391 929/1727/3392
s 160
f 1702/1668/3266 1701/1822/3265 945/1823/3390 976/1724/3389
s 139
f 1703/1669/3268 1702/1668/3267 976/1724/3458 975/1722/3459
s 159
f 1704/1670/3270 1703/1669/3269 975/1722/3385 946/1723/3386
s 150
f 1708/1674/3276 1707/1862/3275 926/1863/3384 954/1720/3383
s 134
f 1709/1675/3278 1708/1674/3277 954/1720/3460 953/1718/3461
s 149
f 1710/1676/3280 1709/1675/3279 953/1718/3379 925/1719/3380
s 158
f 1714/1680/3286 1713/1902/3285 941/1903/3378 969/1716/3377
s 138
f 1715/1681/3288 1714/1680/3287 969/1716/3462 970/1714/3463
s 157
f 1716/1682/3290 1715/1681/3289 970/1714/3373 942/1715/3374
s 153
f 1720/1686/3296 1719/1944/3295 936/1945/3372 963/1712/3371
s 136
f 1721/1687/3298 1720/1686/3297 963/1712/3464 964/1710/3465
s 154
f 1722/1688/3300 1721/1687/3299 964/1710/3367 935/1711/3368
s 155
f 1726/1692/3306 1725/1986/3305 939/1987/3366 967/1708/3365
s 137
f 1727/1693/3308 1726/1692/3307 967/1708/3466 968/1706/3467
s 156
f 1728/1694/3310 1727/1693/3309 968/1706/3361 940/1707/3362
s 165
f 1732/1698/3316 1731/2028/3315 922/2048/3451 1014/2130/3450
s 164
f 1733/1699/3318 1732/1698/3317 1014/2130/3468 1016/1737/3469
s 166
f 1734/1700/3320 1733/1699/3319 1016/1737/3447 1012/1736/3446
f 1676/1578/3121 1735/1701/3321 1734/1700/3320 1012/1736/3446
f 1315/1485/2962 1736/1702/3322 1735/1701/3321 1676/1578/3121
f 1226/1189/2282 1737/1703/3323 1736/1702/3322 1315/1485/2962
f 1372/1188/2281 1738/1704/3324 1737/1703/3323 1226/1189/2282
f 1739/1705/3325 1738/1704/3324 1372/1188/2281 1087/1337/2600
f 912/878/3326 1739/1705/3325 1087/1337/2600 152/468/2599
s 261
f 1685/1651/3470 1036/2111/3471 1741/1740/3472 1742/1741/3473
s 262
f 1740/1742/3474 1741/2109/3475 1036/1735/3476 1630/1534/3477
f 1626/1530/3478 949/2110/3479 1741/2109/3475 1740/1742/3474
s 261
f 1742/1741/3473 1741/1740/3472 949/1733/3480 1689/1655/3481
s off
f 1628/1532/3482 1627/1531/3483 1626/1530/3484 1740/1742/3485
f 1629/1533/3486 1628/1532/3487 1740/1742/3488 1630/1534/3489
f 1688/1654/3490 1687/1653/3491 1742/1741/3492 1689/1655/3493
f 1687/1653/3494 1686/1652/3495 1685/1651/3496 1742/1741/3497
f 1621/1525/3498 1620/1524/3499 1623/1527/3500 1622/1526/3501
f 1620/1524/3502 930/1729/3503 950/1731/3504 1623/1527/3505
f 930/1729/3506 1695/1661/3507 1692/1658/3508 950/1731/3509
f 1695/1661/3510 1694/1660/3511 1693/1659/3512 1692/1658/3513
f 1699/1665/3514 1698/1664/3515 1701/1667/3516 1700/1666/3517
f 1698/1664/3518 929/1727/3519 945/1725/3520 1701/1667/3521
f 929/1727/3522 1617/1521/3523 1614/1518/3524 945/1725/3525
f 1617/1521/3526 1616/1520/3527 1615/1519/3528 1614/1518/3529
f 1609/1513/3530 1608/1512/3531 1611/1515/3532 1610/1514/3533
f 1608/1512/3534 926/1721/3535 946/1723/3536 1611/1515/3537
f 926/1721/3538 1707/1673/3539 1704/1670/3540 946/1723/3541
f 1707/1673/3542 1706/1672/3543 1705/1671/3544 1704/1670/3545
f 1711/1677/3546 1710/1676/3547 1713/1679/3548 1712/1678/3549
f 1710/1676/3550 925/1719/3551 941/1717/3552 1713/1679/3553
f 925/1719/3554 1605/1509/3555 1602/1506/3556 941/1717/3557
f 1605/1509/3558 1604/1508/3559 1603/1507/3560 1602/1506/3561
f 1597/1501/3562 1596/1500/3563 1599/1503/3564 1598/1502/3565
f 1596/1500/3566 936/1713/3567 942/1715/3568 1599/1503/3569
f 936/1713/3570 1719/1685/3571 1716/1682/3572 942/1715/3573
f 1719/1685/3574 1718/1684/3575 1717/1683/3576 1716/1682/3577
f 1723/1689/3578 1722/1688/3579 1725/1691/3580 1724/1690/3581
f 1722/1688/3582 935/1711/3583 939/1709/3584 1725/1691/3585
f 935/1711/3586 1593/1497/3587 1590/1494/3588 939/1709/3589
f 1593/1497/3590 1592/1496/3591 1591/1495/3592 1590/1494/3593
f 1585/1489/3594 1584/1488/3595 1587/1491/3596 1586/1490/3597
f 1584/1488/3598 922/1739/3599 940/1707/3600 1587/1491/3601
f 922/1739/3602 1731/1697/3603 1728/1694/3604 940/1707/3605
f 1731/1697/3606 1730/1696/3607 1729/1695/3608 1728/1694/3609
f 1039/1581/3610 1038/1287/3611 117/368/3612 916/916/3613
f 1529/1582/3614 1039/1581/3615 916/916/3616 917/917/3617
f 1466/1584/3618 1407/1583/3619 918/919/3620 919/918/3621
f 1679/1645/3622 1466/1584/3623 919/918/3624 920/920/3625
f 1407/1583/3626 1529/1582/3627 917/917/3628 918/919/3629
s 263
f 1128/1384/3630 1679/1645/3631 1131/1290/3632
f 1131/1290/3632 1679/1645/3631 920/920/3633 291/373/3634
