# This file uses centimeters as units for non-parametric coordinates.

mtllib House02_geo.mtl
g default
v -239.142914 0.000000 -239.108826
v 239.142914 0.000000 -239.108826
v -239.143021 478.304077 -239.108826
v 239.143021 478.304077 -239.108826
v -239.142914 418.437683 -642.899780
v 239.142914 418.437683 -642.899780
v -239.142914 0.000000 -642.899780
v 239.142914 0.000000 -642.899780
v -239.142914 230.858734 -239.108826
v 239.142914 230.858734 -239.108826
v 239.142914 140.679535 -642.899780
v -239.142914 140.679535 -642.899780
v -239.142914 493.411499 -306.807678
v 239.142914 493.411499 -306.807678
v 239.142914 194.787064 -306.807678
v 239.142914 0.000000 -306.807678
v -239.142914 0.000000 -306.807678
v 239.142914 298.692596 -239.108826
v -239.142914 298.692596 -239.108826
v -239.142914 326.503510 -306.807678
v -239.142914 230.858734 -157.311951
v 239.142914 230.858734 -157.311951
v 239.142914 298.692596 -157.311951
v -239.142914 298.692596 -157.311951
v 232.142807 298.692596 -239.108826
v -232.142807 298.692596 -239.108826
v -232.142807 298.692596 -164.311981
v 232.142807 298.692596 -164.311981
v 232.142807 236.792603 -239.108826
v -232.142807 236.792603 -239.108826
v -232.142807 236.792603 -164.311981
v 232.142807 236.792603 -164.311981
v 7.254463 230.858734 -157.311951
v 0.000000 230.858734 -239.108826
v 0.000000 0.000000 -239.108826
v -0.000000 -0.000000 -306.807617
v 79.799072 0.000000 -642.899780
v 79.799072 418.437683 -642.899780
v 29.017923 478.304077 -239.108826
v 7.254486 294.506927 -239.108826
v -232.142807 0.000000 -239.108826
v 232.142807 230.858734 -239.108826
v 232.142807 0.000000 -239.108826
v 232.142807 -0.000000 -306.807617
v -239.142914 230.858734 -164.311981
v 7.254463 230.858734 -164.311981
v 239.142914 230.858734 -164.311981
v -239.142914 195.684540 -115.906219
v -239.142914 195.684540 -122.906342
v 7.254463 195.684540 -122.906342
v 7.254463 195.684540 -115.906219
v 239.142914 195.684540 -115.906219
v 239.142914 195.684540 -122.906342
v 79.799072 522.072144 -306.806335
v 79.799072 446.410797 -649.139893
v 79.799072 506.277802 -232.871857
v 239.143021 506.276672 -232.866547
v 239.142914 521.384399 -306.806610
v 239.142914 446.410797 -649.139893
v -239.142715 521.384399 -306.806610
v -239.142715 446.410797 -649.139893
v -239.142883 506.276672 -232.866608
v 79.799072 405.553955 -700.654907
v 79.799072 433.527069 -706.895020
v 239.142914 405.553955 -700.654907
v 239.142914 433.527069 -706.895020
v -239.142914 405.553955 -700.654907
v -239.142715 433.527069 -706.895020
v 32.645081 441.381165 -73.651520
v 79.799072 469.353760 -67.409119
v 239.143021 441.381165 -73.651489
v 239.143021 469.353760 -67.409119
v -239.143845 441.381348 -73.651489
v -239.143707 469.353943 -67.409241
v 239.142944 429.725037 -239.108826
v 7.254486 409.936310 -239.108826
v -239.142944 429.725037 -239.108826
v -239.142914 434.097717 -306.807678
v -0.000000 230.858734 -306.807495
v 232.142807 230.858734 -306.807495
v -232.142807 86.572021 -239.108826
v 0.000000 115.429367 -239.108826
v -0.000000 115.429367 -306.807556
v 232.142807 86.572021 -306.807556
v 232.142807 86.572021 -239.108826
v 239.142914 86.572021 -306.807678
v 239.142914 173.144058 -239.108826
v 232.142807 173.144058 -239.108826
v 232.142807 173.144058 -306.807556
v -0.000000 173.144058 -306.807556
v 0.000000 173.144058 -239.108826
v -232.142807 173.144058 -239.108826
v -239.142914 173.144058 -239.108826
v -239.142914 194.787064 -306.807678
v -239.142914 86.572021 -239.108826
v 0.000000 57.714684 -239.108826
v -0.000000 57.714684 -306.807556
v 239.142914 86.572021 -239.108826
v -239.142914 86.572021 -306.807678
v -137.834793 298.692596 -164.311981
v -137.834793 236.792603 -164.311981
v -116.071404 409.936310 -239.108826
v -116.071404 57.714684 -239.108826
v -116.071404 173.144058 -239.108826
v -137.834793 298.692596 -157.311951
v -137.834793 230.858734 -157.311951
v -137.834793 195.684540 -115.906219
v -137.834793 195.684540 -122.906342
v -137.834793 230.858734 -164.311981
v -137.834793 230.858734 -239.108826
v -159.598175 173.144058 -239.108826
v -159.598175 115.429367 -239.108826
v -159.598175 57.714684 -239.108826
v -137.834793 0.000000 -239.108826
v -96.121613 0.000000 -642.899780
v -96.121613 418.437683 -642.899780
v -96.121613 405.553955 -700.654907
v -96.121536 433.527069 -706.895020
v -96.121536 446.410797 -649.139893
v -96.121567 522.072144 -306.806335
v -96.121567 506.277802 -232.871857
v -96.121719 469.353790 -67.409119
v -137.834991 441.381226 -73.651520
v -137.834793 478.304077 -239.108826
v -159.598175 409.936310 -239.108826
v -159.598175 298.692596 -239.108826
v -159.598175 236.792603 -239.108826
v -72.544579 236.792603 -239.108826
v -72.544579 298.692596 -239.108826
v -72.544579 409.936310 -239.108826
v -54.408432 478.304077 -239.108826
v -54.408562 441.381226 -73.651520
v -96.121613 140.679535 -642.899780
v -54.408432 0.000000 -239.108826
v -72.544579 57.714684 -239.108826
v -72.544579 115.429367 -239.108826
v -72.544579 173.144058 -239.108826
v -54.408432 230.858734 -239.108826
v -54.408432 230.858734 -164.311981
v -54.408432 195.684540 -122.906342
v -54.408432 195.684540 -115.906219
v -54.408432 230.858734 -157.311951
v 239.142914 202.001404 -239.108826
v 232.142807 202.001404 -239.108826
v 232.142807 202.001404 -306.807556
v -0.000000 202.001404 -306.807556
v 0.000000 202.001404 -239.108826
v -72.544579 202.001404 -239.108826
v -116.071404 202.001404 -239.108826
v -159.598175 202.001404 -239.108826
v -239.142914 202.001404 -239.108826
v -153.598083 167.144058 -239.108826
v -153.598083 121.429375 -239.108826
v -122.071381 121.429375 -239.108826
v -122.071381 167.144058 -239.108826
v -153.598083 109.429375 -239.108826
v -122.071381 109.429375 -239.108826
v -153.598083 63.714684 -239.108826
v -122.071381 63.714684 -239.108826
v -78.544571 63.714684 -239.108826
v -78.544571 109.429375 -239.108826
v -110.071404 109.429375 -239.108826
v -110.071404 63.714684 -239.108826
v -78.544571 121.429375 -239.108826
v -78.544571 167.144058 -239.108826
v -110.071404 167.144058 -239.108826
v -110.071404 121.429375 -239.108826
v -116.071404 196.001404 -239.108826
v -153.598083 196.001404 -239.108826
v -153.598083 179.144058 -239.108826
v -116.071404 179.144058 -239.108826
v -78.544571 179.144058 -239.108826
v -78.544571 196.001404 -239.108826
v -158.598129 172.144058 -237.108795
v -158.598129 115.429367 -237.108795
v -154.598129 120.429375 -237.108795
v -154.598129 168.144058 -237.108795
v -116.071404 115.429382 -237.108856
v -121.071335 120.429375 -237.108795
v -116.071404 172.144058 -237.108795
v -121.071335 168.144058 -237.108795
v -154.598129 110.429382 -237.108795
v -121.071335 110.429382 -237.108795
v -158.598129 58.714684 -237.108795
v -154.598129 62.714684 -237.108795
v -116.071404 58.714684 -237.108795
v -121.071335 62.714684 -237.108795
v -73.544609 58.714684 -237.108795
v -73.544609 115.429367 -237.108795
v -77.544609 110.429382 -237.108795
v -77.544609 62.714684 -237.108795
v -111.071365 110.429382 -237.108795
v -111.071365 62.714684 -237.108795
v -73.544609 172.144058 -237.108795
v -77.544609 168.144058 -237.108795
v -77.544609 120.429375 -237.108795
v -111.071365 168.144058 -237.108795
v -111.071365 120.429375 -237.108795
v -116.071404 201.001419 -237.108795
v -158.598129 201.001419 -237.108795
v -154.598129 197.001404 -237.108795
v -116.071404 197.001404 -237.108795
v -158.598129 174.144058 -237.108795
v -154.598129 178.144073 -237.108795
v -116.071404 174.144058 -237.108795
v -116.071404 178.144073 -237.108795
v -73.544601 174.144058 -237.108795
v -77.544601 178.144073 -237.108795
v -73.544601 201.001419 -237.108795
v -77.544601 197.001404 -237.108795
v 79.799088 230.858734 -157.311951
v 79.799088 195.684540 -115.906219
v 79.799088 195.684540 -122.906342
v 79.799088 230.858734 -164.311981
v 79.799088 230.858734 -239.108826
v 79.799088 230.858734 -306.807495
v 58.035702 202.001404 -306.807556
v 58.035702 173.144058 -306.807556
v 58.035702 -0.000000 -306.807617
v 50.781311 409.936310 -239.108826
v 50.781311 294.506927 -239.108826
v 14.508925 230.858734 -239.108826
v 14.508925 230.858734 -306.807495
v 14.508925 202.001404 -306.807556
v 14.508925 173.144058 -306.807556
v 14.508925 115.429367 -306.807556
v 14.508925 57.714684 -306.807556
v 14.508925 -0.000000 -306.807617
v 7.254463 236.792603 -239.108810
v 7.254463 236.792603 -164.311981
v 7.254463 298.692596 -164.311981
v 7.254463 298.692596 -157.311951
v 79.799088 298.692596 -164.311981
v 79.799088 236.792603 -164.311981
v 79.799088 236.792603 -239.108826
v 94.308083 294.506927 -239.108826
v 94.308083 409.936310 -239.108826
v 116.071487 478.304077 -239.108826
v 126.953064 441.381165 -73.651520
v 79.799072 140.679535 -642.899780
v 101.562477 0.000000 -306.807617
v 101.562477 57.714684 -306.807556
v 101.562477 115.429367 -306.807556
v 101.562477 173.144058 -306.807556
v 101.562477 202.001404 -306.807556
v 79.799088 298.692596 -157.311951
v 152.343658 298.692596 -164.311981
v 152.343658 236.792603 -164.311981
v 152.343658 236.792603 -239.108826
v 174.106979 298.692596 -239.108826
v 174.106979 429.725037 -239.108826
v 174.106979 478.304077 -239.108826
v 152.343658 0.000000 -306.807617
v 174.106979 57.714684 -306.807556
v 174.106979 173.144058 -306.807556
v 174.106979 202.001404 -306.807556
v 152.343658 298.692596 -157.311951
v 137.834900 409.936310 -239.108826
v 137.834900 294.506927 -239.108826
v 152.343658 230.858734 -157.311951
v 152.343658 195.684540 -115.906219
v 152.343658 195.684540 -122.906342
v 152.343658 230.858734 -164.311981
v 152.343658 230.858734 -239.108826
v 152.343658 230.858734 -306.807495
v 130.580322 202.001404 -306.807556
v 130.580322 173.144058 -306.807556
v 130.580322 115.429367 -306.807556
v 130.580322 57.714684 -306.807556
v 217.633789 57.714684 -306.807556
v 217.633789 115.429367 -306.807556
v 217.633789 173.144058 -306.807556
v 217.633789 202.001404 -306.807556
v 217.633789 230.858734 -306.807495
v 168.107086 63.714684 -306.807556
v 168.107086 109.429375 -306.807556
v 136.580246 109.429375 -306.807556
v 136.580246 63.714684 -306.807556
v 168.107086 121.429375 -306.807556
v 168.107086 167.144058 -306.807556
v 136.580246 167.144058 -306.807556
v 136.580246 121.429375 -306.807556
v 180.107056 63.714684 -306.807556
v 180.107056 109.429375 -306.807556
v 211.633881 63.714684 -306.807556
v 211.633881 109.429375 -306.807556
v 180.107056 121.429375 -306.807556
v 180.107056 167.144058 -306.807556
v 211.633881 121.429375 -306.807556
v 211.633881 167.144058 -306.807556
v 174.106979 58.714684 -304.807434
v 174.106979 115.429382 -304.807434
v 169.107086 110.429382 -304.807434
v 169.107086 62.714684 -304.807434
v 131.580322 115.429367 -304.807434
v 135.580200 110.429382 -304.807434
v 131.580322 58.714684 -304.807434
v 135.580200 62.714684 -304.807434
v 174.106979 172.144058 -304.807434
v 169.107086 168.144058 -304.807434
v 169.107086 120.429375 -304.807434
v 131.580322 172.144058 -304.807434
v 135.580200 168.144058 -304.807434
v 135.580200 120.429375 -304.807434
v 179.107010 62.714684 -304.807434
v 179.107010 110.429382 -304.807434
v 216.633743 58.714684 -304.807434
v 212.633759 62.714684 -304.807434
v 216.633743 115.429367 -304.807434
v 212.633759 110.429382 -304.807434
v 179.107010 120.429375 -304.807434
v 179.107010 168.144058 -304.807434
v 212.633759 120.429375 -304.807434
v 216.633743 172.144058 -304.807434
v 212.633759 168.144058 -304.807434
v 58.035702 169.242065 -301.807556
v 58.035702 112.828064 -301.807556
v 98.983429 112.828041 -301.807556
v 98.983429 169.242065 -301.807556
v 58.035702 56.414036 -301.807556
v 98.983429 56.414021 -301.807556
v 58.035702 -0.000005 -301.807617
v 98.983429 -0.000005 -301.807617
v 17.087971 112.828041 -301.807556
v 17.087971 169.242065 -301.807556
v 17.087971 56.414021 -301.807556
v 17.087971 -0.000005 -301.807617
v 101.562477 176.144073 -306.807556
v 58.035702 176.144073 -306.807556
v 101.562477 199.001419 -306.807556
v 58.035702 199.001419 -306.807556
v 174.106979 176.144073 -306.807556
v 174.106979 199.001419 -306.807556
v 130.580322 199.001419 -306.807556
v 130.580322 176.144073 -306.807556
v 17.508926 199.001419 -306.807556
v 17.508926 176.144073 -306.807556
v 214.633820 176.144073 -306.807556
v 214.633820 199.001419 -306.807556
v 101.562477 173.644058 -304.807434
v 58.035702 173.644058 -304.807434
v 101.562477 175.644073 -304.807434
v 58.035702 175.644073 -304.807434
v 101.562477 201.501419 -304.807434
v 58.035702 201.501419 -304.807434
v 58.035702 199.501434 -304.807434
v 101.562477 199.501434 -304.807434
v 174.106979 201.501419 -304.807434
v 130.580322 201.501419 -304.807434
v 130.580322 199.501434 -304.807434
v 174.106979 199.501434 -304.807434
v 174.106979 173.644058 -304.807434
v 130.580322 173.644058 -304.807434
v 174.106979 175.644073 -304.807434
v 130.580322 175.644073 -304.807434
v 15.008924 201.501419 -304.807434
v 15.008924 173.644058 -304.807434
v 17.008926 175.644073 -304.807434
v 17.008926 199.501434 -304.807434
v 217.133774 173.644058 -304.807434
v 215.133743 175.644073 -304.807434
v 217.133774 201.501419 -304.807434
v 215.133743 199.501434 -304.807434
v 239.142914 173.144058 -194.108826
v 232.142807 173.144058 -194.108826
v 232.142807 86.572021 -194.108826
v 239.142914 86.572021 -194.108826
v 232.142807 0.000000 -194.108826
v 239.142914 0.000000 -194.108826
v -232.142807 86.572021 -194.108826
v -232.142807 173.144058 -194.108826
v -239.142914 173.144058 -194.108826
v -239.142914 86.572021 -194.108826
v -239.142914 0.000000 -194.108826
v -232.142807 0.000000 -194.108826
v -156.598175 406.389343 -235.608826
v -156.598175 298.692596 -235.608826
v -116.071404 298.692596 -235.608826
v -116.071404 406.389343 -235.608826
v -156.598206 236.792603 -235.608765
v -116.071404 236.792603 -235.608765
v -75.544525 236.792603 -235.608765
v -75.544556 298.692596 -235.608826
v -75.544556 406.389343 -235.608826
v -54.408432 298.692596 -157.311951
v -54.408432 298.692596 -164.311981
v -54.408432 236.792603 -164.311981
v -36.272289 236.792603 -239.108826
v -36.272285 294.506927 -239.108826
v -36.272282 409.936310 -239.108826
v -96.121613 -0.000000 -306.807617
v -36.272289 57.714684 -239.108826
v -36.272289 115.429367 -239.108826
v -36.272289 173.144058 -239.108826
v -36.272289 202.001404 -239.108826
v 239.142914 354.314453 -239.108826
v 239.142914 326.503540 -306.807678
v -239.142914 354.314453 -239.108826
v -159.598175 354.314453 -239.108826
v -156.598175 352.540985 -235.608826
v -116.071404 352.540985 -235.608826
v -75.544556 352.540985 -235.608826
v -72.544579 354.314453 -239.108826
v -36.272285 352.221619 -239.108826
v 137.834900 352.221619 -239.108826
v 174.106979 354.314453 -239.108826
v -30.272194 403.936310 -239.108826
v -30.272194 358.221619 -239.108826
v 1.254509 358.221619 -239.108826
v 1.254509 403.936310 -239.108826
v 1.254509 346.221619 -239.108826
v -30.272194 346.221619 -239.108826
v -30.272194 300.506927 -239.108826
v 1.254509 300.506927 -239.108826
v 44.781319 300.506927 -239.108826
v 44.781319 346.221619 -239.108826
v 13.254486 346.221619 -239.108826
v 13.254486 300.506927 -239.108826
v 44.781319 358.221619 -239.108826
v 44.781319 403.936310 -239.108826
v 13.254486 403.936310 -239.108826
v 13.254486 358.221619 -239.108826
v -35.272240 408.936310 -237.108795
v -35.272240 352.221619 -237.108795
v -31.272240 357.221619 -237.108795
v -31.272240 404.936310 -237.108795
v 7.254486 352.221619 -237.108856
v 2.254555 357.221619 -237.108795
v 7.254486 408.936310 -237.108795
v 2.254555 404.936310 -237.108795
v -31.272240 347.221619 -237.108795
v 2.254555 347.221619 -237.108795
v -35.272240 295.506927 -237.108795
v -31.272240 299.506927 -237.108795
v 7.254486 295.506927 -237.108795
v 2.254555 299.506927 -237.108795
v 49.781281 295.506927 -237.108795
v 49.781281 352.221619 -237.108795
v 45.781281 347.221619 -237.108795
v 45.781281 299.506927 -237.108795
v 12.254524 347.221619 -237.108795
v 12.254524 299.506927 -237.108795
v 49.781281 408.936310 -237.108795
v 45.781281 404.936310 -237.108795
v 45.781281 357.221619 -237.108795
v 12.254524 404.936310 -237.108795
v 12.254524 357.221619 -237.108795
v 50.781311 352.221619 -239.108826
v 56.781403 403.936310 -239.108826
v 56.781403 358.221619 -239.108826
v 88.308105 358.221619 -239.108826
v 88.308105 403.936310 -239.108826
v 88.308105 346.221619 -239.108826
v 56.781403 346.221619 -239.108826
v 56.781403 300.506927 -239.108826
v 88.308105 300.506927 -239.108826
v 131.834915 300.506927 -239.108826
v 131.834915 346.221619 -239.108826
v 100.308083 346.221619 -239.108826
v 100.308083 300.506927 -239.108826
v 131.834915 358.221619 -239.108826
v 131.834915 403.936310 -239.108826
v 100.308083 403.936310 -239.108826
v 100.308083 358.221619 -239.108826
v 51.781357 408.936310 -237.108795
v 51.781357 352.221619 -237.108795
v 55.781357 357.221619 -237.108795
v 55.781357 404.936310 -237.108795
v 94.308083 352.221619 -237.108856
v 89.308151 357.221619 -237.108795
v 94.308083 408.936310 -237.108795
v 89.308151 404.936310 -237.108795
v 55.781357 347.221619 -237.108795
v 89.308151 347.221619 -237.108795
v 51.781357 295.506927 -237.108795
v 55.781357 299.506927 -237.108795
v 94.308083 295.506927 -237.108795
v 89.308151 299.506927 -237.108795
v 136.834869 295.506927 -237.108795
v 136.834869 352.221619 -237.108795
v 132.834869 347.221619 -237.108795
v 132.834869 299.506927 -237.108795
v 99.308121 347.221619 -237.108795
v 99.308121 299.506927 -237.108795
v 136.834869 408.936310 -237.108795
v 132.834869 404.936310 -237.108795
v 132.834869 357.221619 -237.108795
v 99.308121 404.936310 -237.108795
v 99.308121 357.221619 -237.108795
v 239.142914 339.081787 -642.899780
v 239.142914 434.097900 -306.807678
v 137.834854 449.513824 -239.108826
v 94.308128 449.513794 -239.108826
v 50.781357 449.513824 -239.108826
v 7.254473 449.513794 -239.108826
v -36.272285 449.513794 -239.108826
v -72.544579 449.513794 -239.108826
v -116.071404 449.513794 -239.108826
v -159.598175 449.513824 -239.108826
v -239.142914 339.081787 -642.899780
v -96.121613 339.081787 -642.899780
v 79.799072 339.081787 -642.899780
v 94.308128 445.513794 -239.108826
v 50.781357 445.513824 -239.108826
v 50.781311 413.936310 -239.108826
v 94.308083 413.936310 -239.108826
v -116.071404 413.936310 -239.108826
v -155.598175 413.936310 -239.108826
v -116.071404 445.513794 -239.108826
v -155.598175 445.513824 -239.108826
v -72.544579 413.936310 -239.108826
v -72.544579 445.513794 -239.108826
v -36.272282 413.936310 -239.108826
v -36.272285 445.513794 -239.108826
v 133.834900 413.936310 -239.108826
v 133.834854 445.513824 -239.108826
v 7.254486 413.936310 -239.108826
v 7.254474 445.513794 -239.108826
v 94.308128 448.513794 -237.108826
v 50.781357 448.513824 -237.108826
v 50.781357 446.513824 -237.108826
v 94.308128 446.513794 -237.108826
v 94.308083 410.936310 -237.108826
v 50.781311 410.936310 -237.108826
v 94.308083 412.936310 -237.108826
v 50.781311 412.936310 -237.108826
v -116.071404 410.936310 -237.108826
v -158.598175 410.936310 -237.108826
v -116.071404 412.936310 -237.108826
v -156.598175 412.936310 -237.108826
v -116.071404 448.513794 -237.108826
v -158.598175 448.513824 -237.108826
v -156.598175 446.513824 -237.108826
v -116.071404 446.513794 -237.108826
v -72.544579 410.936310 -237.108826
v -72.544579 412.936310 -237.108826
v -72.544579 448.513794 -237.108826
v -72.544579 446.513794 -237.108826
v -36.272282 410.936310 -237.108826
v -36.272282 412.936310 -237.108826
v -36.272285 448.513794 -237.108826
v -36.272285 446.513794 -237.108826
v 136.834900 410.936310 -237.108826
v 134.834900 412.936310 -237.108826
v 136.834854 448.513824 -237.108826
v 134.834854 446.513824 -237.108826
v 7.254486 410.936310 -237.108826
v 7.254486 412.936310 -237.108826
v 7.254473 448.513794 -237.108826
v 7.254474 446.513794 -237.108826
vt 0.942288 0.215528
vt 0.894165 0.115468
vt 0.893475 0.102060
vt 0.942759 0.195259
vt 0.991401 0.196379
vt 0.977943 0.059031
vt 0.977479 0.072943
vt 0.991026 0.216491
vt 0.987011 0.124948
vt 0.987184 0.129459
vt 0.984098 0.129517
vt 0.983972 0.125107
vt 0.892908 0.091044
vt 0.975728 0.048276
vt 0.886773 0.106086
vt 0.939671 0.338354
vt 0.886017 0.091399
vt 0.886470 0.100211
vt 0.985532 0.054614
vt 0.981541 0.045863
vt 0.882086 0.060317
vt 0.887690 0.060506
vt 0.894729 0.126420
vt 0.939859 0.332607
vt 0.887814 0.126330
vt 0.989096 0.325657
vt 0.975983 0.084067
vt 0.989272 0.333227
vt 0.896024 0.011295
vt 0.882949 0.013773
vt 0.911537 0.012854
vt 0.928269 0.048228
vt 0.929129 0.051404
vt 0.921462 0.051915
vt 0.919658 0.064886
vt 0.895059 0.067098
vt 0.910605 0.065994
vt 0.980567 0.328174
vt 0.980792 0.333696
vt 0.976659 0.333785
vt 0.976530 0.328326
vt 0.943477 0.146889
vt 0.943124 0.180937
vt 0.892455 0.082232
vt 0.885527 0.081874
vt 0.885563 0.082586
vt 0.881890 0.100447
vt 0.881177 0.100484
vt 0.880724 0.091671
vt 0.881436 0.091634
vt 0.984920 0.043291
vt 0.985551 0.043034
vt 0.990342 0.051262
vt 0.989818 0.050878
vt 0.994062 0.149203
vt 0.986094 0.032868
vt 0.977830 0.037339
vt 0.959105 0.127942
vt 0.959931 0.133808
vt 0.955965 0.134265
vt 0.955277 0.128462
vt 0.959402 0.180940
vt 0.957190 0.146143
vt 0.961888 0.146229
vt 0.889072 0.017275
vt 0.921161 0.015400
vt 0.940386 0.338382
vt 0.927355 0.033577
vt 0.954590 0.339505
vt 0.959164 0.339518
vt 0.980864 0.339203
vt 0.976698 0.339301
vt 0.904326 0.012040
vt 0.903373 0.011931
vt 0.902445 0.066672
vt 0.903384 0.066630
vt 0.940303 0.319920
vt 0.895039 0.132458
vt 0.941137 0.274496
vt 0.940980 0.282224
vt 0.942117 0.223630
vt 0.941806 0.238659
vt 0.990903 0.224568
vt 0.974573 0.089806
vt 0.973745 0.092486
vt 0.990661 0.239558
vt 0.975004 0.300104
vt 0.984067 0.108934
vt 0.989610 0.303390
vt 0.979233 0.303127
vt 0.981452 0.091347
vt 0.979114 0.093034
vt 0.952076 0.302660
vt 0.956958 0.299787
vt 0.961742 0.302787
vt 0.941990 0.229679
vt 0.941928 0.232608
vt 0.990759 0.233521
vt 0.935516 0.081038
vt 0.976155 0.233236
vt 0.976051 0.239278
vt 0.940664 0.299595
vt 0.940614 0.302536
vt 0.978882 0.320449
vt 0.952886 0.319985
vt 0.961842 0.320043
vt 0.955146 0.323505
vt 0.959585 0.323613
vt 0.959502 0.326879
vt 0.955067 0.326709
vt 0.980391 0.327131
vt 0.976463 0.327158
vt 0.976519 0.323914
vt 0.980393 0.324075
vt 0.964724 0.126363
vt 0.971388 0.125179
vt 0.971844 0.130935
vt 0.965617 0.132350
vt 0.942314 0.138016
vt 0.876143 0.091907
vt 0.876596 0.100719
vt 0.869705 0.101074
vt 0.984116 0.130875
vt 0.987184 0.130834
vt 0.986978 0.135329
vt 0.984061 0.135323
vt 0.972295 0.136412
vt 0.966641 0.138574
vt 0.960814 0.139668
vt 0.956674 0.140141
vt 0.886622 0.103149
vt 0.876747 0.103657
vt 0.941307 0.126086
vt 0.958887 0.126679
vt 0.954670 0.127288
vt 0.954393 0.124875
vt 0.958626 0.124323
vt 0.964440 0.123339
vt 0.971163 0.122301
vt 0.983179 0.121807
vt 0.986874 0.121801
vt 0.986932 0.123392
vt 0.983216 0.123510
vt 0.986307 0.054804
vt 0.985294 0.058602
vt 0.981443 0.035299
vt 0.982002 0.034946
vt 0.983396 0.136138
vt 0.987685 0.136087
vt 0.984860 0.141903
vt 0.973257 0.140636
vt 0.968320 0.145517
vt 0.961822 0.145708
vt 0.957661 0.145786
vt 0.880946 0.082110
vt 0.880983 0.082822
vt 0.942019 0.040166
vt 0.915786 0.054207
vt 0.913982 0.045597
vt 0.920292 0.044569
vt 0.927917 0.044975
vt 0.972528 0.339345
vt 0.972564 0.333788
vt 0.972530 0.328292
vt 0.972111 0.327150
vt 0.972148 0.323872
vt 0.970366 0.320208
vt 0.970674 0.302946
vt 0.979034 0.148006
vt 0.977119 0.141648
vt 0.979199 0.135985
vt 0.979895 0.135261
vt 0.979729 0.130916
vt 0.982761 0.130898
vt 0.982761 0.135322
vt 0.979671 0.129584
vt 0.979563 0.125237
vt 0.982606 0.125163
vt 0.982730 0.129555
vt 0.979519 0.123709
vt 0.979422 0.122150
vt 0.896036 0.045329
vt 0.896251 0.054997
vt 0.889065 0.053374
vt 0.888729 0.044867
vt 0.901235 0.045745
vt 0.901727 0.055496
vt 0.901890 0.045784
vt 0.902460 0.055527
vt 0.906962 0.045899
vt 0.908170 0.055453
vt 0.913341 0.045752
vt 0.915162 0.054430
vt 0.987739 0.124132
vt 0.987631 0.121036
vt 0.988020 0.130133
vt 0.989134 0.040301
vt 0.977073 0.181516
vt 0.976818 0.195893
vt 0.976448 0.216163
vt 0.976204 0.230309
vt 0.976307 0.224266
vt 0.975425 0.275086
vt 0.975300 0.282801
vt 0.980972 0.327694
vt 0.980982 0.323530
vt 0.981254 0.333493
vt 0.920358 0.064054
vt 0.924007 0.059548
vt 0.968229 0.345668
vt 0.972053 0.339349
vt 0.928152 0.044513
vt 0.968297 0.339730
vt 0.972110 0.327825
vt 0.972101 0.333593
vt 0.968517 0.333767
vt 0.968446 0.327720
vt 0.968453 0.327053
vt 0.968477 0.323797
vt 0.975833 0.135962
vt 0.975382 0.130464
vt 0.978890 0.130274
vt 0.978775 0.124511
vt 0.975068 0.124747
vt 0.974856 0.121854
vt 0.978592 0.121474
vt 0.940813 0.123194
vt 0.954318 0.124234
vt 0.956170 0.120981
vt 0.958603 0.123696
vt 0.888919 0.039065
vt 0.964239 0.120402
vt 0.983141 0.120967
vt 0.987560 0.124329
vt 0.987799 0.130133
vt 0.987381 0.129634
vt 0.987186 0.124750
vt 0.983434 0.130211
vt 0.983918 0.129706
vt 0.983266 0.124567
vt 0.983774 0.124941
vt 0.987376 0.130646
vt 0.983926 0.130701
vt 0.987511 0.135902
vt 0.987155 0.135507
vt 0.983404 0.135915
vt 0.983882 0.135509
vt 0.979374 0.135810
vt 0.979109 0.130265
vt 0.979530 0.130747
vt 0.979725 0.135437
vt 0.982944 0.130713
vt 0.982941 0.135501
vt 0.978967 0.124688
vt 0.979368 0.125065
vt 0.979493 0.129769
vt 0.982785 0.124976
vt 0.982925 0.129727
vt 0.983150 0.121187
vt 0.987451 0.121224
vt 0.987048 0.121615
vt 0.983168 0.121582
vt 0.987541 0.123949
vt 0.987124 0.123571
vt 0.983246 0.124128
vt 0.983227 0.123735
vt 0.978952 0.124313
vt 0.979349 0.123904
vt 0.978797 0.121640
vt 0.979226 0.121985
vt 0.983257 0.124348
vt 0.928833 0.028440
vt 0.946320 0.338613
vt 0.950028 0.339187
vt 0.950063 0.333203
vt 0.946467 0.332826
vt 0.946844 0.325034
vt 0.950498 0.327176
vt 0.950599 0.323011
vt 0.946949 0.320013
vt 0.951822 0.146473
vt 0.948727 0.140832
vt 0.953194 0.140380
vt 0.949316 0.139939
vt 0.948842 0.135341
vt 0.951894 0.135084
vt 0.952343 0.139673
vt 0.948702 0.133939
vt 0.948300 0.129358
vt 0.951252 0.129068
vt 0.951744 0.133678
vt 0.947535 0.127965
vt 0.947226 0.125618
vt 0.951532 0.125180
vt 0.951828 0.127564
vt 0.947100 0.125005
vt 0.948883 0.121799
vt 0.951453 0.124541
vt 0.907029 0.038576
vt 0.902108 0.038449
vt 0.902199 0.029834
vt 0.907323 0.030095
vt 0.901469 0.038431
vt 0.901535 0.029823
vt 0.896413 0.038276
vt 0.896284 0.029916
vt 0.888940 0.037587
vt 0.888616 0.030764
vt 0.962783 0.120500
vt 0.962987 0.123477
vt 0.962542 0.124028
vt 0.962723 0.126182
vt 0.963814 0.133061
vt 0.962923 0.127285
vt 0.964834 0.139092
vt 0.966088 0.145272
vt 0.966682 0.145575
vt 0.963744 0.339800
vt 0.926961 0.038710
vt 0.919537 0.039117
vt 0.919876 0.032466
vt 0.913661 0.039058
vt 0.914184 0.031236
vt 0.913022 0.039085
vt 0.913566 0.031080
vt 0.963291 0.126624
vt 0.964292 0.132667
vt 0.965331 0.138862
vt 0.916262 0.023604
vt 0.921540 0.026034
vt 0.951106 0.326619
vt 0.951172 0.323570
vt 0.956094 0.140079
vt 0.952622 0.134308
vt 0.955389 0.134036
vt 0.954749 0.127941
vt 0.951900 0.128205
vt 0.889286 0.023486
vt 0.896827 0.021466
vt 0.902545 0.021457
vt 0.903286 0.021469
vt 0.909053 0.021974
vt 0.915666 0.023386
vt 0.924353 0.019646
vt 0.931354 0.021828
vt 0.957284 0.282484
vt 0.957429 0.274764
vt 0.958084 0.238942
vt 0.958199 0.232890
vt 0.958255 0.229958
vt 0.958372 0.223903
vt 0.958966 0.195433
vt 0.958537 0.215773
vt 0.944191 0.140921
vt 0.947477 0.135445
vt 0.947950 0.140031
vt 0.944881 0.140127
vt 0.944396 0.135617
vt 0.946958 0.129465
vt 0.947340 0.134057
vt 0.944256 0.134227
vt 0.943920 0.129674
vt 0.943545 0.128386
vt 0.943350 0.126262
vt 0.942781 0.125841
vt 0.942266 0.122914
vt 0.943500 0.134980
vt 0.943093 0.128945
vt 0.948700 0.140604
vt 0.948091 0.134704
vt 0.948635 0.135175
vt 0.949151 0.140144
vt 0.952405 0.134327
vt 0.952060 0.134879
vt 0.952985 0.140209
vt 0.952553 0.139838
vt 0.947586 0.128820
vt 0.948101 0.129191
vt 0.948536 0.134146
vt 0.951740 0.128414
vt 0.951408 0.128859
vt 0.951953 0.133843
vt 0.948159 0.140204
vt 0.947646 0.135246
vt 0.944364 0.140730
vt 0.944714 0.140319
vt 0.943724 0.134966
vt 0.944183 0.135449
vt 0.947547 0.134224
vt 0.947128 0.129265
vt 0.944085 0.134428
vt 0.943294 0.129123
vt 0.943716 0.129503
vt 0.947573 0.128591
vt 0.959000 0.127293
vt 0.958961 0.127087
vt 0.954722 0.127721
vt 0.954696 0.127508
vt 0.958924 0.126887
vt 0.954343 0.124450
vt 0.958610 0.123906
vt 0.958617 0.124111
vt 0.954367 0.124659
vt 0.947143 0.125210
vt 0.951479 0.124756
vt 0.951506 0.124964
vt 0.947185 0.125410
vt 0.951877 0.127989
vt 0.947561 0.128381
vt 0.947549 0.128177
vt 0.951853 0.127780
vt 0.962853 0.123649
vt 0.963113 0.126486
vt 0.962898 0.126318
vt 0.962672 0.123860
vt 0.943229 0.128771
vt 0.943414 0.128557
vt 0.942959 0.125973
vt 0.943175 0.126132
vt 0.976502 0.327815
vt 0.930092 0.064662
vt 0.981337 0.339192
vt 0.967687 0.328477
vt 0.967694 0.333054
vt 0.964605 0.332974
vt 0.964650 0.328379
vt 0.964586 0.334375
vt 0.967680 0.334445
vt 0.967539 0.338966
vt 0.964450 0.338962
vt 0.959968 0.338784
vt 0.960120 0.334261
vt 0.963208 0.334349
vt 0.963071 0.338942
vt 0.960144 0.332871
vt 0.960251 0.328325
vt 0.963289 0.328354
vt 0.963232 0.332952
vt 0.968257 0.327902
vt 0.968293 0.333762
vt 0.967888 0.333238
vt 0.967870 0.328293
vt 0.963913 0.333664
vt 0.964417 0.333160
vt 0.963974 0.327756
vt 0.964462 0.328190
vt 0.967873 0.334262
vt 0.964399 0.334189
vt 0.968110 0.339544
vt 0.967727 0.339146
vt 0.963748 0.339572
vt 0.964260 0.339152
vt 0.959363 0.339343
vt 0.959542 0.333556
vt 0.959931 0.334075
vt 0.959773 0.338962
vt 0.963400 0.334166
vt 0.963258 0.339131
vt 0.959679 0.327736
vt 0.960062 0.328142
vt 0.959954 0.333055
vt 0.963475 0.328167
vt 0.963422 0.333137
vt 0.963977 0.327527
vt 0.959318 0.333550
vt 0.959492 0.327548
vt 0.958702 0.328299
vt 0.958522 0.332837
vt 0.955426 0.332735
vt 0.955666 0.328197
vt 0.955386 0.334123
vt 0.958485 0.334222
vt 0.958393 0.338743
vt 0.955294 0.338688
vt 0.950814 0.338458
vt 0.950883 0.333927
vt 0.953999 0.334080
vt 0.953912 0.338641
vt 0.950925 0.332536
vt 0.951223 0.327991
vt 0.954297 0.328145
vt 0.954040 0.332693
vt 0.959297 0.327728
vt 0.959094 0.333543
vt 0.958709 0.333022
vt 0.958892 0.328117
vt 0.954703 0.333412
vt 0.955230 0.332917
vt 0.955015 0.327583
vt 0.955485 0.328010
vt 0.958677 0.334040
vt 0.955195 0.333938
vt 0.958973 0.339331
vt 0.958584 0.338925
vt 0.954596 0.339279
vt 0.955105 0.338873
vt 0.950223 0.339011
vt 0.950288 0.333211
vt 0.950690 0.333740
vt 0.950624 0.338635
vt 0.954191 0.333900
vt 0.954101 0.338833
vt 0.950675 0.327375
vt 0.951043 0.327799
vt 0.950726 0.332716
vt 0.954494 0.327968
vt 0.954225 0.332882
vt 0.955029 0.327358
vt 0.963987 0.326874
vt 0.964013 0.323682
vt 0.955112 0.322857
vt 0.959596 0.322948
vt 0.964028 0.323023
vt 0.968480 0.323130
vt 0.972155 0.323202
vt 0.976563 0.323259
vt 0.955124 0.323080
vt 0.959592 0.323178
vt 0.959588 0.323383
vt 0.955135 0.323280
vt 0.959496 0.327317
vt 0.955043 0.327135
vt 0.955055 0.326935
vt 0.959499 0.327110
vt 0.980779 0.327509
vt 0.976488 0.327589
vt 0.976476 0.327386
vt 0.980580 0.327314
vt 0.976547 0.323484
vt 0.980789 0.323708
vt 0.980582 0.323898
vt 0.976533 0.323686
vt 0.972110 0.327592
vt 0.972110 0.327384
vt 0.972152 0.323433
vt 0.972150 0.323640
vt 0.968448 0.327489
vt 0.968450 0.327283
vt 0.968478 0.323361
vt 0.968478 0.323567
vt 0.950696 0.326993
vt 0.950911 0.326800
vt 0.950789 0.323195
vt 0.950986 0.323389
vt 0.963981 0.327301
vt 0.963983 0.327099
vt 0.964023 0.323251
vt 0.964018 0.323454
vt 0.981456 0.345533
vt 0.988936 0.345272
vt 0.883242 0.016677
vt 0.988754 0.338960
vt 0.931271 0.058555
vt 0.929456 0.051708
vt 0.984718 0.070390
vt 0.976433 0.118717
vt 0.963866 0.113594
vt 0.927432 0.041874
vt 0.972023 0.345670
vt 0.972507 0.345670
vt 0.976753 0.345622
vt 0.980977 0.345543
vt 0.962380 0.113658
vt 0.955561 0.114027
vt 0.947913 0.114946
vt 0.886060 0.106123
vt 0.955943 0.345383
vt 0.963568 0.345629
vt 0.985327 0.117995
vt 0.883975 0.016874
vt 0.888766 0.017197
vt 0.995802 0.118108
vt 0.940200 0.324872
vt 0.888069 0.131275
vt 0.887419 0.118654
vt 0.880270 0.082859
vt 0.875690 0.083094
vt 0.881926 0.101160
vt 0.885758 0.100248
vt 0.886507 0.100924
vt 0.869856 0.104012
vt 0.941617 0.129046
vt 0.885909 0.103186
vt 0.927404 0.094792
vt 0.926667 0.080472
vt 0.869252 0.092261
vt 0.868798 0.083449
vt 0.892418 0.081519
vt 0.870007 0.106949
vt 0.876899 0.106594
vt 0.939671 0.116401
vt 0.871033 0.128383
vt 0.870544 0.131263
vt 0.887580 0.134155
vt 0.934670 0.121452
vt 0.935452 0.124267
vt 0.929641 0.125880
vt 0.928859 0.123066
vt 0.895186 0.135306
vt 0.887128 0.112992
vt 0.928443 0.114988
vt 0.942762 0.146912
vt 0.982704 0.085609
vt 0.989178 0.320792
vt 0.984111 0.077055
vt 0.941695 0.080981
vt 0.942251 0.073123
vt 0.981103 0.034663
vt 0.994337 0.142312
vt 0.977714 0.036632
vt 0.990450 0.050297
vt 0.995157 0.124016
vt 0.993896 0.046871
vt 0.995817 0.121048
vt 0.985267 0.062306
vt 0.942019 0.054045
vt 0.991682 0.182247
vt 0.995207 0.133231
vt 0.995872 0.124006
vt 0.986911 0.108468
vt 0.989660 0.300446
vt 0.989928 0.283093
vt 0.990806 0.230598
vt 0.935392 0.083933
vt 0.941416 0.083887
vt 0.990047 0.275367
vt 0.989470 0.338923
vt 0.973198 0.039478
vt 0.995045 0.142366
vt 0.940182 0.344722
vt 0.948364 0.345028
vt 0.970933 0.119380
vt 0.888926 0.065433
vt 0.875029 0.065268
vt 0.875931 0.011553
vt 0.877744 0.011631
vt 0.889783 0.012478
vt 0.876843 0.065334
vt 0.881856 0.063698
vt 0.882312 0.063526
vt 0.882403 0.013664
vt 0.920537 0.014526
vt 0.931354 0.015040
vt 0.881985 0.061214
vn 1.000000 0.000000 0.000000
vn 1.000000 -0.000000 -0.000000
vn 1.000000 0.000000 0.000000
vn 1.000000 0.000000 0.000000
vn -1.000000 0.000000 0.000000
vn -1.000000 0.000000 0.000000
vn -1.000000 -0.000000 -0.000000
vn -1.000000 0.000000 0.000000
vn 0.000000 0.000000 1.000000
vn 0.000000 0.000000 1.000000
vn 0.000000 0.000000 1.000000
vn 0.000000 0.000000 1.000000
vn 1.000000 0.000000 0.000000
vn -1.000000 0.000000 0.000000
vn 1.000000 0.000000 0.000000
vn 1.000000 0.000000 0.000000
vn 1.000000 0.000000 0.000000
vn 1.000000 0.000000 0.000000
vn -1.000000 0.000000 0.000000
vn -1.000000 0.000000 0.000000
vn -1.000000 0.000000 0.000000
vn -1.000000 0.000000 0.000000
vn 1.000000 -0.000000 -0.000000
vn 1.000000 -0.000000 -0.000000
vn 1.000000 -0.000000 -0.000001
vn -1.000000 -0.000000 -0.000001
vn -1.000000 -0.000000 -0.000000
vn -1.000000 -0.000000 -0.000000
vn 1.000000 0.000000 0.000000
vn 1.000000 0.000000 0.000000
vn 1.000000 0.000000 0.000000
vn 0.000000 1.000000 -0.000000
vn 0.000000 1.000000 0.000000
vn 0.000000 1.000000 -0.000000
vn -1.000000 0.000000 0.000000
vn -1.000000 0.000000 0.000000
vn -1.000000 0.000000 0.000000
vn 0.000000 0.000000 1.000000
vn 0.000000 0.000000 1.000000
vn 0.000000 0.000000 1.000000
vn 0.000000 0.000000 1.000000
vn 0.000000 -1.000000 -0.000000
vn -0.000000 -1.000000 -0.000000
vn 0.000000 -1.000000 0.000000
vn 0.000000 -1.000000 0.000000
vn 0.000000 -1.000000 0.000000
vn 0.000000 0.000000 1.000000
vn 0.000000 0.000000 1.000000
vn 0.000000 0.000000 1.000000
vn 0.000000 0.000000 1.000000
vn 0.000000 0.000000 1.000000
vn 0.000000 0.000000 1.000000
vn 0.000000 0.000000 1.000000
vn 0.000000 0.000000 1.000000
vn -0.000000 -1.000000 -0.000000
vn -0.000000 -1.000000 0.000000
vn 0.000000 -1.000000 0.000000
vn 0.000000 0.000000 1.000000
vn 0.000000 0.000000 1.000000
vn 0.000000 0.000000 1.000000
vn 0.000000 0.000000 1.000000
vn -0.000000 -1.000000 -0.000000
vn 0.000000 -1.000000 -0.000000
vn 0.000000 -1.000000 -0.000000
vn 0.000000 -1.000000 0.000000
vn 0.000000 -1.000000 0.000000
vn 0.000000 -1.000000 0.000000
vn 0.000000 1.000000 0.000000
vn 0.000000 1.000000 0.000000
vn 0.000000 1.000000 0.000000
vn 0.000000 1.000000 0.000000
vn 0.000000 0.000000 1.000000
vn 0.000000 0.000000 1.000000
vn 0.000000 0.000000 1.000000
vn 0.000000 0.000001 1.000000
vn 0.000000 0.000001 1.000000
vn 0.000000 0.000001 1.000000
vn 0.000000 0.000001 1.000000
vn 1.000000 -0.000004 0.000000
vn 1.000000 -0.000004 0.000000
vn 1.000000 -0.000004 0.000000
vn 1.000000 -0.000004 0.000000
vn -1.000000 -0.000004 0.000000
vn -1.000000 -0.000004 0.000000
vn -1.000000 -0.000004 0.000000
vn -1.000000 -0.000004 0.000000
vn 1.000000 0.000000 -0.000001
vn 1.000000 0.000000 -0.000000
vn 1.000000 0.000001 -0.000000
vn 1.000000 0.000001 -0.000000
vn 1.000000 0.000000 0.000000
vn 1.000000 0.000000 0.000000
vn -1.000000 0.000002 -0.000000
vn -1.000000 0.000003 -0.000001
vn -1.000000 0.000008 -0.000001
vn -1.000000 0.000008 -0.000002
vn -0.000000 -0.217803 0.975993
vn -0.000001 -0.217801 0.975993
vn -0.000001 -0.217801 0.975993
vn -0.000001 -0.217801 0.975993
vn -1.000000 0.000003 -0.000002
vn -1.000000 0.000006 -0.000003
vn -0.000000 -0.217804 0.975993
vn -0.000000 -0.217804 0.975993
vn -0.000000 -0.217804 0.975993
vn 1.000000 0.000000 0.000000
vn 1.000000 0.000000 0.000000
vn -1.000000 0.000007 -0.000002
vn -1.000000 0.000007 -0.000002
vn 0.000000 0.976011 -0.217724
vn 0.000000 0.976010 -0.217724
vn -0.002009 0.976549 -0.215285
vn -0.000901 0.976453 -0.215726
vn 1.000000 0.000001 0.000000
vn 1.000000 0.000001 0.000000
vn -0.000000 -0.975994 -0.217799
vn -0.000001 -0.975994 -0.217799
vn -0.000001 -0.975994 -0.217799
vn -0.000000 -0.975994 -0.217799
vn -1.000000 0.000006 -0.000004
vn -1.000000 0.000006 -0.000004
vn 0.000000 -0.975994 -0.217800
vn 0.000000 -0.975994 -0.217799
vn -0.000000 -0.975994 -0.217799
vn -0.000000 -0.975994 -0.217799
vn 0.000000 0.000000 1.000000
vn 0.000000 0.000000 1.000000
vn 0.000000 0.000000 1.000000
vn 0.000000 0.000000 1.000000
vn 0.000000 0.000000 1.000000
vn 0.000000 0.000000 1.000000
vn 0.000000 0.000000 1.000000
vn 0.000000 0.000000 1.000000
vn 1.000000 0.000000 -0.000000
vn 1.000000 0.000000 -0.000000
vn 1.000000 0.000000 -0.000000
vn 1.000000 0.000000 -0.000000
vn -1.000000 0.000000 0.000000
vn -1.000000 0.000000 0.000000
vn -1.000000 0.000000 0.000000
vn -1.000000 0.000000 0.000000
vn 0.000000 0.000000 1.000000
vn 0.000000 0.000000 1.000000
vn 0.000000 0.000000 1.000000
vn 0.000000 0.000000 1.000000
vn 1.000000 0.000000 -0.000000
vn 1.000000 0.000000 -0.000000
vn 0.000000 -0.000001 1.000000
vn -0.000000 -0.000001 1.000000
vn 1.000000 0.000000 0.000000
vn 0.000000 0.000000 1.000000
vn 0.000000 0.000000 1.000000
vn 0.000000 0.000000 1.000000
vn 0.000000 0.000000 1.000000
vn -1.000000 -0.000000 0.000000
vn -1.000000 -0.000000 0.000000
vn 0.000000 0.000000 1.000000
vn 0.000000 0.000000 1.000000
vn 0.000000 0.000000 1.000000
vn 0.000000 0.000000 1.000000
vn 1.000000 0.000000 -0.000000
vn 1.000000 0.000000 -0.000000
vn 0.000000 0.000000 1.000000
vn 0.000000 0.000000 1.000000
vn 0.000000 0.000000 1.000000
vn 0.000000 0.000000 1.000000
vn 0.000000 0.000000 1.000000
vn -0.000000 0.000000 1.000000
vn 0.000000 0.000000 1.000000
vn -1.000000 0.000000 0.000000
vn 0.000000 0.000000 1.000000
vn 0.000000 0.000000 1.000000
vn 0.000000 0.000000 1.000000
vn -0.000000 0.000000 1.000000
vn 0.000000 0.000000 1.000000
vn 1.000000 0.000000 -0.000000
vn 1.000000 0.000000 -0.000000
vn -0.000000 -0.000001 1.000000
vn -0.000001 -0.000001 1.000000
vn -1.000000 0.000000 0.000000
vn -1.000000 0.000000 0.000000
vn 0.000000 0.000000 1.000000
vn 0.000000 0.000000 1.000000
vn 1.000000 0.000000 0.000000
vn 1.000000 0.000000 0.000000
vn 1.000000 0.000000 0.000000
vn -1.000000 0.000000 0.000000
vn -1.000000 0.000000 0.000000
vn -1.000000 0.000000 0.000000
vn 0.000000 0.000000 -1.000000
vn 0.000000 0.000000 -1.000000
vn 0.000000 0.000000 -1.000000
vn 0.000000 0.000000 -1.000000
vn 0.000000 1.000000 0.000000
vn 0.000000 1.000000 -0.000000
vn 0.000000 0.000001 1.000000
vn 0.000000 0.000001 1.000000
vn 0.000000 0.000000 1.000000
vn 0.000000 0.000000 1.000000
vn 0.000000 0.000000 1.000000
vn 0.000000 0.000000 1.000000
vn -0.000000 -0.975994 -0.217799
vn -0.000000 -0.975994 -0.217799
vn -0.000000 -0.217804 0.975993
vn -0.000000 -1.000000 -0.000000
vn -0.000000 -1.000000 0.000000
vn -0.000000 -1.000000 0.000000
vn 0.000000 0.000000 1.000000
vn 0.000000 0.000000 1.000000
vn 0.000000 0.000000 1.000000
vn 0.000000 0.000000 1.000000
vn 0.000000 0.000000 1.000000
vn 0.000000 0.000000 1.000000
vn 0.000000 0.000000 1.000000
vn 0.000000 0.000000 1.000000
vn 0.000000 0.000000 1.000000
vn 0.000000 0.000000 1.000000
vn 0.000000 0.000000 1.000000
vn 0.000000 0.000000 1.000000
vn 0.000000 -1.000000 0.000000
vn 0.000000 -1.000000 0.000000
vn 0.000000 -1.000000 0.000000
vn 0.000000 -1.000000 0.000000
vn 0.000000 -0.762126 -0.647428
vn 0.000000 -0.762126 -0.647428
vn 0.000000 -0.762126 -0.647428
vn 0.000000 -0.762126 -0.647428
vn 0.000000 -1.000000 0.000000
vn 0.000000 -1.000000 0.000000
vn 0.000000 -1.000000 0.000000
vn 0.000000 -1.000000 0.000000
vn 0.000000 0.762127 0.647427
vn 0.000000 0.762127 0.647427
vn 0.000000 0.762127 0.647427
vn 0.000000 0.762127 0.647427
vn 0.000000 0.000000 1.000000
vn 0.000000 0.000000 1.000000
vn 0.000000 0.000000 1.000000
vn 0.000000 0.000000 1.000000
vn 0.000000 1.000000 -0.000001
vn 0.000000 1.000000 0.000000
vn 0.000000 1.000000 0.000000
vn 0.000000 1.000000 -0.000001
vn 0.000000 0.762127 0.647427
vn 0.000000 0.762127 0.647427
vn 0.000000 -1.000000 0.000000
vn 0.000000 -1.000000 0.000000
vn 0.000000 -0.762126 -0.647428
vn 0.000000 -0.762126 -0.647428
vn 0.000000 -1.000000 0.000000
vn 0.000000 -1.000000 0.000000
vn -0.000000 0.000000 1.000000
vn 0.000000 0.000000 1.000000
vn -0.000000 0.000000 1.000000
vn -0.000000 0.000000 1.000000
vn 0.000000 0.000000 1.000000
vn -0.000000 -1.000000 -0.000000
vn -0.000000 -1.000000 -0.000000
vn 0.000000 0.000000 -1.000000
vn 0.000000 0.000000 -1.000000
vn 0.000000 0.000000 -1.000000
vn 0.000000 0.000000 -1.000000
vn 0.000000 0.000000 -1.000000
vn 0.000000 0.000000 -1.000000
vn 0.000000 -0.976011 0.217723
vn 0.000000 -0.976011 0.217723
vn 0.000000 -0.976011 0.217723
vn 0.000000 -0.976011 0.217723
vn 0.000000 -0.217724 -0.976010
vn 0.000000 -0.217724 -0.976010
vn 0.000000 -0.217724 -0.976010
vn 0.000000 -0.217724 -0.976010
vn -0.001067 0.989816 -0.142352
vn -0.002380 0.989813 -0.142354
vn -0.000325 0.976733 0.214460
vn -0.000725 0.976894 0.213721
vn 0.000000 0.975994 0.217799
vn 0.000001 0.975994 0.217798
vn 0.000000 0.000000 1.000000
vn 0.000000 0.000000 1.000000
vn 0.000000 0.000000 1.000000
vn 0.000000 0.000000 1.000000
vn 0.000000 0.000000 1.000000
vn 0.000000 0.000000 -1.000000
vn 0.000000 0.000000 -1.000000
vn 0.000000 1.000000 -0.000001
vn 0.000000 1.000000 -0.000001
vn 0.000000 0.000000 1.000000
vn 0.000000 0.000000 1.000000
vn 0.000000 1.000000 0.000000
vn 0.000000 0.000000 1.000000
vn 0.000000 0.000000 1.000000
vn 0.000000 0.000000 1.000000
vn 0.000000 0.000000 1.000000
vn 0.000000 0.000000 1.000000
vn 0.000000 0.000000 1.000000
vn 0.000000 0.000000 1.000000
vn 0.000000 0.000000 1.000000
vn 0.000000 0.000000 1.000000
vn 0.000000 0.000000 1.000000
vn 0.000000 0.000000 1.000000
vn 0.000000 0.000000 1.000000
vn 0.000000 0.000000 1.000000
vn 0.000000 0.000000 1.000000
vn 0.000000 0.000000 1.000000
vn 0.000000 0.000000 1.000000
vn 0.000000 0.000000 1.000000
vn 0.000000 0.000000 1.000000
vn 0.000000 0.000000 1.000000
vn -1.000000 -0.000000 0.000000
vn -1.000000 -0.000000 0.000000
vn 0.000000 -0.000002 1.000000
vn 0.000000 -0.000002 1.000000
vn 0.000000 -0.000002 1.000000
vn 1.000000 0.000000 -0.000000
vn 1.000000 0.000000 -0.000000
vn 0.000000 0.000000 1.000000
vn 0.000000 0.000000 1.000000
vn 0.000000 0.000000 1.000000
vn 0.000000 0.000000 1.000000
vn 0.000002 0.000000 1.000000
vn 0.000003 -0.000000 1.000000
vn 0.000002 -0.000003 1.000000
vn 0.000002 0.000000 1.000000
vn -0.000000 -0.000000 1.000000
vn 0.000002 -0.000003 1.000000
vn -0.000001 -0.000000 1.000000
vn 0.000001 -0.000000 1.000000
vn 0.000004 0.000003 1.000000
vn 0.000003 0.000003 1.000000
vn 0.000004 0.000000 1.000000
vn 0.000004 0.000000 1.000000
vn 0.000001 0.000000 1.000000
vn 0.000003 0.000000 1.000000
vn -0.000002 0.000000 1.000000
vn -0.000002 -0.000000 1.000000
vn -0.000002 0.000003 1.000000
vn -0.000002 0.000000 1.000000
vn -0.000002 0.000003 1.000000
vn -0.000002 0.000000 1.000000
vn -0.000002 0.000000 1.000000
vn -0.000002 0.000000 1.000000
vn -0.000003 -0.000003 1.000000
vn -0.000003 -0.000000 1.000000
vn -0.000004 -0.000003 1.000000
vn 0.000000 0.000000 1.000000
vn -0.000001 0.000000 1.000000
vn -0.000001 0.000000 1.000000
vn 0.000000 0.000000 1.000000
vn -0.000001 0.000000 1.000000
vn -0.000001 0.000000 1.000000
vn 0.000000 0.000000 1.000000
vn 0.000000 0.000000 1.000000
vn 0.000001 0.000000 1.000000
vn 0.000001 0.000000 1.000000
vn 0.000001 0.000000 1.000000
vn 0.000001 0.000000 1.000000
vn -0.894422 0.000000 0.447224
vn -0.894422 0.000000 0.447224
vn -0.894422 0.000000 0.447224
vn -0.894422 0.000000 0.447224
vn 0.894420 0.000000 0.447227
vn 0.894420 0.000000 0.447227
vn 0.894420 0.000000 0.447227
vn 0.894420 0.000000 0.447227
vn 0.000000 0.894430 0.447208
vn 0.000000 0.894430 0.447208
vn 0.000000 0.894430 0.447208
vn 0.000000 0.894430 0.447208
vn -0.894420 0.000000 0.447227
vn -0.894420 0.000000 0.447227
vn -0.894420 0.000000 0.447227
vn -0.894420 0.000000 0.447227
vn 0.000000 0.894429 0.447209
vn 0.000000 0.894429 0.447209
vn 0.000000 0.894429 0.447209
vn 0.000000 0.894429 0.447209
vn 0.000000 -0.894431 0.447205
vn 0.000000 -0.894431 0.447205
vn 0.000000 -0.894431 0.447205
vn 0.000000 -0.894431 0.447205
vn 0.000000 -0.894427 0.447214
vn 0.000000 -0.894427 0.447214
vn 0.000000 -0.894427 0.447214
vn 0.000000 -0.894427 0.447214
vn -0.894423 0.000000 0.447223
vn -0.894423 0.000000 0.447223
vn 0.894420 0.000000 0.447227
vn 0.894420 0.000000 0.447227
vn 0.894420 0.000000 0.447227
vn 0.894420 0.000000 0.447227
vn 0.000000 -0.894429 0.447210
vn 0.000000 -0.894430 0.447209
vn 0.000000 -0.894430 0.447209
vn 0.000000 -0.894429 0.447210
vn 0.000000 0.894430 0.447207
vn 0.000000 0.894430 0.447207
vn 0.000000 0.894431 0.447207
vn 0.000000 0.894431 0.447207
vn -0.894420 0.000000 0.447228
vn -0.894420 0.000000 0.447228
vn -0.894420 0.000000 0.447228
vn -0.894420 0.000000 0.447228
vn 0.894425 0.000000 0.447219
vn 0.894425 0.000000 0.447218
vn 0.894425 0.000000 0.447218
vn 0.894425 0.000000 0.447219
vn -0.894435 0.000000 0.447198
vn -0.894435 0.000000 0.447198
vn -0.894435 0.000000 0.447198
vn -0.894435 0.000000 0.447198
vn 0.000000 -0.894430 0.447207
vn 0.000000 -0.894430 0.447207
vn 0.000000 -0.894430 0.447207
vn 0.000000 -0.894430 0.447207
vn 0.894435 0.000000 0.447197
vn 0.894435 0.000000 0.447197
vn 0.894435 0.000000 0.447197
vn 0.894435 0.000000 0.447197
vn 0.000000 -0.894430 0.447209
vn 0.000000 -0.894430 0.447209
vn 0.000000 0.894430 0.447207
vn 0.000000 0.894430 0.447207
vn 0.000000 0.894430 0.447207
vn 0.000000 0.894430 0.447207
vn 0.894425 0.000000 0.447217
vn 0.894425 0.000000 0.447217
vn -0.894435 0.000000 0.447197
vn -0.894435 0.000000 0.447197
vn -0.894435 0.000000 0.447197
vn -0.894435 0.000000 0.447197
vn 0.000000 0.894429 0.447209
vn 0.000000 0.894429 0.447209
vn 0.000000 -0.894432 0.447204
vn 0.000000 -0.894432 0.447204
vn 0.000000 -0.894432 0.447204
vn 0.000000 -0.894432 0.447204
vn 0.894435 0.000000 0.447197
vn 0.894435 0.000000 0.447197
vn 0.894435 0.000000 0.447197
vn 0.894435 0.000000 0.447197
vn 0.000000 0.894430 0.447208
vn 0.000000 0.894430 0.447208
vn 0.000000 0.894430 0.447208
vn 0.000000 0.894430 0.447208
vn 0.000000 0.894434 0.447200
vn 0.000000 0.894436 0.447197
vn 0.000000 0.894436 0.447197
vn 0.000000 0.894434 0.447200
vn 0.000000 -0.894430 0.447208
vn 0.000000 -0.894431 0.447206
vn 0.000000 -0.894431 0.447206
vn 0.000000 -0.894430 0.447208
vn -0.894420 0.000000 0.447227
vn -0.894420 0.000000 0.447227
vn -0.894420 0.000000 0.447227
vn -0.894420 0.000000 0.447227
vn 0.894421 0.000000 0.447226
vn 0.894421 0.000000 0.447226
vn 0.894421 0.000000 0.447226
vn 0.894421 0.000000 0.447226
vn 0.000000 -0.894431 0.447206
vn 0.000000 -0.894430 0.447207
vn 0.000000 -0.894430 0.447207
vn 0.000000 -0.894431 0.447206
vn 0.000000 0.894433 0.447202
vn 0.000000 0.894434 0.447200
vn 0.000000 0.894434 0.447200
vn 0.000000 0.894433 0.447202
vn 0.000000 -0.894430 0.447208
vn 0.000000 -0.894430 0.447209
vn 0.000000 0.894432 0.447203
vn 0.000000 0.894432 0.447204
vn 0.894425 0.000000 0.447217
vn 0.894425 0.000000 0.447217
vn 0.894425 0.000000 0.447217
vn 0.894425 0.000000 0.447217
vn -0.894436 0.000000 0.447197
vn -0.894436 0.000000 0.447197
vn -0.894436 0.000000 0.447197
vn -0.894436 0.000000 0.447197
vn 0.000000 0.894432 0.447203
vn 0.000000 0.894432 0.447203
vn 0.000000 -0.894432 0.447204
vn 0.000000 -0.894432 0.447204
vn 0.000000 0.000000 1.000000
vn 0.000000 0.000000 1.000000
vn 0.000000 0.000000 1.000000
vn 0.000000 0.000000 1.000000
vn 0.000000 0.000000 1.000000
vn 0.000000 0.000000 1.000000
vn 0.000000 0.000000 1.000000
vn 0.000000 0.000000 1.000000
vn 0.000000 -0.975994 -0.217799
vn 0.000000 -0.000001 1.000000
vn 0.000000 -0.000001 1.000000
vn 0.000000 -0.000001 1.000000
vn 0.000000 0.000000 1.000000
vn 0.000000 0.000000 1.000000
vn 0.000000 0.000000 1.000000
vn 0.000000 0.000000 1.000000
vn 0.000000 0.000000 1.000000
vn 0.000000 0.000000 1.000000
vn 0.000000 0.000000 1.000000
vn 0.000000 0.000000 1.000000
vn 0.000000 0.000000 1.000000
vn 0.000000 0.000000 1.000000
vn 0.000000 0.000000 1.000000
vn 0.000000 0.000000 1.000000
vn 0.000000 -0.000002 1.000000
vn 0.000000 -0.000002 1.000000
vn 0.000000 -0.000002 1.000000
vn 0.000000 0.762127 0.647427
vn 0.000000 0.762127 0.647427
vn 0.000000 0.762127 0.647427
vn 0.000000 0.762127 0.647427
vn 0.000000 -1.000000 0.000000
vn 0.000000 -1.000000 0.000000
vn 0.000000 -1.000000 0.000000
vn 0.000000 -1.000000 0.000000
vn 0.000000 -0.762126 -0.647428
vn 0.000000 -0.762126 -0.647428
vn 0.000000 -0.762126 -0.647428
vn 0.000000 -0.762126 -0.647428
vn 0.000000 -1.000000 0.000000
vn 0.000000 -1.000000 0.000000
vn 0.000000 -1.000000 0.000000
vn 0.000000 -1.000000 0.000000
vn 0.000000 -1.000000 0.000000
vn 0.000000 -1.000000 0.000000
vn 0.000000 -0.000002 1.000000
vn 0.000000 -0.000002 1.000000
vn 0.000000 0.000000 1.000000
vn 0.000000 0.000000 1.000000
vn -0.000000 0.000000 1.000000
vn 0.000000 0.000000 1.000000
vn 0.000000 -0.000001 1.000000
vn 0.000001 -0.000001 1.000000
vn 0.000000 -1.000000 -0.000000
vn 0.000000 0.000000 1.000000
vn 0.000000 0.000000 1.000000
vn 0.000000 1.000000 0.000000
vn 0.000000 1.000000 0.000000
vn 0.000000 1.000000 0.000000
vn 0.000000 1.000000 0.000000
vn 0.000000 0.000000 -1.000000
vn 0.000000 0.000000 -1.000000
vn 0.000000 0.000000 -1.000000
vn 0.000000 0.000000 -1.000000
vn 0.000000 1.000000 0.000000
vn 0.000000 1.000000 0.000000
vn 0.000000 1.000000 0.000000
vn 0.000000 1.000000 0.000000
vn 0.000000 0.000000 1.000000
vn 0.000000 0.000000 1.000000
vn 0.000000 0.000000 1.000000
vn 0.000000 0.000000 1.000000
vn 0.000000 -1.000000 0.000000
vn 0.000000 -1.000000 0.000000
vn 0.000000 -0.000002 1.000000
vn 0.000000 -0.000001 1.000000
vn 0.000000 0.000000 1.000000
vn 0.000000 0.000000 1.000000
vn 0.000000 0.000000 1.000000
vn 0.000000 0.000000 1.000000
vn 0.000000 -0.000001 1.000000
vn 0.000000 -0.000001 1.000000
vn 0.000000 -0.000001 1.000000
vn 0.000000 -0.000001 1.000000
vn -0.000000 -1.000000 -0.000000
vn 0.000000 0.000000 -1.000000
vn 0.000000 0.000000 -1.000000
vn 0.000000 1.000000 0.000000
vn 0.000000 1.000000 0.000000
vn 0.000000 0.000000 1.000000
vn 0.000000 0.000000 1.000000
vn -0.000000 -1.000000 -0.000000
vn 0.000000 -0.000001 1.000000
vn 0.000000 -0.000001 1.000000
vn 0.000000 0.000000 1.000000
vn 0.000000 0.000000 1.000000
vn 0.000000 0.000000 1.000000
vn 0.000000 0.000000 1.000000
vn 0.000000 -1.000000 0.000000
vn 0.000000 -1.000000 0.000000
vn 0.000000 -1.000000 0.000000
vn 0.000000 -0.762126 -0.647428
vn 0.000000 -0.762126 -0.647428
vn 0.000000 -1.000000 0.000000
vn 0.000000 -1.000000 0.000000
vn 0.000000 0.762127 0.647427
vn 0.000000 0.762127 0.647427
vn 0.000000 0.000000 1.000000
vn 0.000000 0.000000 1.000000
vn 0.000000 1.000000 -0.000001
vn 0.000000 1.000000 -0.000001
vn 0.000000 0.000000 -1.000000
vn 0.000000 0.000000 -1.000000
vn 0.000000 1.000000 0.000000
vn 0.000000 1.000000 0.000000
vn 0.000000 0.000000 1.000000
vn 0.000000 0.000000 1.000000
vn 0.000000 -0.975994 -0.217799
vn 0.000000 -0.975994 -0.217799
vn -0.000000 -0.217804 0.975993
vn -0.000000 -0.217804 0.975993
vn 0.000309 0.976741 0.214424
vn -0.000000 0.975994 0.217799
vn -0.000000 0.975994 0.217799
vn 0.000651 0.976894 0.213722
vn 0.001015 0.989816 -0.142352
vn 0.002136 0.989814 -0.142354
vn 0.000857 0.976458 -0.215705
vn 0.001803 0.976550 -0.215285
vn 0.000000 0.976011 -0.217724
vn 0.000000 0.976011 -0.217724
vn 0.000000 -0.217724 -0.976010
vn 0.000000 -0.217724 -0.976010
vn 0.000000 -0.217724 -0.976011
vn 0.000000 -0.217724 -0.976011
vn 0.000000 -0.976010 0.217724
vn 0.000000 -0.976010 0.217724
vn 0.000000 -0.976011 0.217724
vn 0.000000 -0.976011 0.217724
vn 0.000000 0.000000 -1.000000
vn 0.000000 0.000000 -1.000000
vn 0.000000 0.000000 -1.000000
vn 0.000000 0.000000 -1.000000
vn 0.000000 0.000000 -1.000000
vn 0.000000 0.000000 -1.000000
vn 0.000000 -0.000001 1.000000
vn 0.000000 -0.000001 1.000000
vn 0.000000 0.000000 1.000000
vn 0.000000 0.000000 1.000000
vn 0.000000 0.000000 1.000000
vn 0.000000 0.000000 1.000000
vn 0.000000 0.000000 1.000000
vn 0.000000 0.000000 1.000000
vn 0.000000 0.000000 1.000000
vn 0.000000 0.000000 1.000000
vn 0.000000 0.000000 1.000000
vn 0.000000 0.000000 1.000000
vn 0.000000 -0.000002 1.000000
vn 0.000000 -0.000002 1.000000
vn 0.000000 -1.000000 0.000000
vn 0.000000 -0.762126 -0.647429
vn 0.000000 -0.762126 -0.647429
vn 0.000000 -1.000000 0.000000
vn 0.000000 -1.000000 0.000000
vn 0.000000 0.762127 0.647428
vn 0.000000 0.762127 0.647428
vn 0.000000 0.000000 1.000000
vn 0.000000 0.000000 1.000000
vn 0.000000 1.000000 -0.000001
vn 0.000000 1.000000 -0.000001
vn 0.000001 -0.000000 1.000000
vn 0.000002 0.000000 1.000000
vn 0.000001 0.000000 1.000000
vn 0.000001 0.000000 1.000000
vn 0.000000 -0.000001 1.000000
vn 0.000000 -0.000002 1.000000
vn 0.000000 -1.000000 0.000000
vn -0.000000 0.000000 1.000000
vn 0.000000 0.000000 1.000000
vn 0.000002 0.000000 1.000000
vn 0.000002 0.000000 1.000000
vn 0.000000 0.000000 1.000000
vn 0.000001 0.000000 1.000000
vn 0.000001 0.000000 1.000000
vn 0.000001 0.000000 1.000000
vn 0.000001 0.000000 1.000000
vn 0.000001 0.000000 1.000000
vn 0.000001 0.000000 1.000000
vn 0.000001 0.000000 1.000000
vn 0.000001 0.000000 1.000000
vn 0.000000 0.000000 1.000000
vn -0.000002 0.000000 1.000000
vn -0.000002 0.000000 1.000000
vn -0.000001 0.000000 1.000000
vn -0.000001 0.000000 1.000000
vn -0.000001 0.000000 1.000000
vn -0.000001 0.000000 1.000000
vn 0.000001 0.000000 1.000000
vn 0.000001 0.000000 1.000000
vn -0.000001 0.000000 1.000000
vn -0.000001 0.000000 1.000000
vn -0.000001 0.000000 1.000000
vn -0.894438 0.000000 0.447193
vn -0.894438 0.000000 0.447193
vn -0.894438 0.000000 0.447193
vn -0.894438 0.000000 0.447193
vn 0.000000 -0.894437 0.447193
vn 0.000000 -0.894437 0.447193
vn 0.000000 -0.894437 0.447193
vn 0.000000 -0.894437 0.447193
vn -0.894439 0.000000 0.447190
vn -0.894440 0.000000 0.447188
vn -0.894440 0.000000 0.447188
vn -0.894439 0.000000 0.447190
vn 0.894429 0.000000 0.447211
vn 0.894429 0.000000 0.447211
vn 0.894429 0.000000 0.447211
vn 0.894429 0.000000 0.447211
vn 0.000000 -0.894438 0.447192
vn 0.000000 -0.894438 0.447192
vn 0.000000 -0.894438 0.447192
vn 0.000000 -0.894438 0.447192
vn 0.000000 0.894438 0.447193
vn 0.000000 0.894438 0.447193
vn 0.000000 0.894438 0.447193
vn 0.000000 0.894438 0.447193
vn -0.894439 0.000000 0.447190
vn -0.894439 0.000000 0.447190
vn -0.894439 0.000000 0.447190
vn -0.894439 0.000000 0.447190
vn 0.000000 0.894438 0.447192
vn 0.000000 0.894439 0.447189
vn 0.000000 0.894439 0.447189
vn 0.000000 0.894438 0.447192
vn 0.000000 -0.894437 0.447193
vn 0.000000 -0.894437 0.447193
vn 0.000000 -0.894437 0.447193
vn 0.000000 -0.894437 0.447193
vn -0.894439 0.000000 0.447191
vn -0.894439 0.000000 0.447191
vn 0.894431 0.000000 0.447207
vn 0.894431 0.000000 0.447207
vn 0.894431 0.000000 0.447207
vn 0.894431 0.000000 0.447207
vn 0.000000 0.894438 0.447191
vn 0.000000 0.894439 0.447191
vn 0.000000 0.894439 0.447191
vn 0.000000 0.894439 0.447191
vn 0.894429 0.000000 0.447211
vn 0.894429 0.000000 0.447211
vn 0.894429 0.000000 0.447211
vn 0.894429 0.000000 0.447211
vn 0.000000 -0.894438 0.447192
vn 0.000000 -0.894438 0.447192
vn 0.000000 0.894438 0.447192
vn 0.000000 0.894438 0.447192
vn 0.000000 0.894438 0.447192
vn 0.000000 0.894438 0.447192
vn 0.894430 0.000000 0.447207
vn 0.894431 0.000000 0.447206
vn 0.894431 0.000000 0.447206
vn 0.894430 0.000000 0.447207
vn -0.894459 0.000000 0.447149
vn -0.894459 0.000000 0.447149
vn -0.894459 0.000000 0.447149
vn -0.894459 0.000000 0.447149
vn 0.000000 -0.894437 0.447194
vn 0.000000 -0.894437 0.447194
vn 0.000000 -0.894437 0.447194
vn 0.000000 -0.894437 0.447194
vn 0.894431 0.000000 0.447207
vn 0.894431 0.000000 0.447207
vn 0.894431 0.000000 0.447207
vn 0.894431 0.000000 0.447207
vn 0.000000 0.894439 0.447190
vn 0.000000 0.894439 0.447190
vn 0.000000 0.894439 0.447190
vn 0.000000 0.894439 0.447190
vn 0.894432 0.000000 0.447205
vn 0.894432 0.000000 0.447205
vn -0.894461 0.000000 0.447147
vn -0.894461 0.000000 0.447147
vn -0.894461 0.000000 0.447147
vn -0.894461 0.000000 0.447147
vn 0.000000 0.894436 0.447195
vn 0.000000 0.894436 0.447195
vn 0.000000 -0.894437 0.447194
vn 0.000000 -0.894437 0.447194
vn 0.000000 -0.894437 0.447194
vn 0.000000 -0.894437 0.447194
vn 0.888735 0.000000 0.458421
vn 0.888735 0.000000 0.458421
vn 0.888735 0.000000 0.458421
vn 0.888736 0.000000 0.458420
vn 0.000000 0.788351 0.615226
vn 0.000000 0.788351 0.615226
vn 0.000000 0.788351 0.615226
vn 0.000000 0.788351 0.615226
vn 0.888737 -0.000000 0.458418
vn 0.888737 -0.000000 0.458418
vn 0.000000 -1.000000 -0.000001
vn 0.000000 -1.000000 -0.000001
vn 0.888738 -0.000000 0.458416
vn 0.888738 -0.000000 0.458416
vn 0.000000 0.788351 0.615226
vn 0.000000 0.788351 0.615226
vn -0.888736 0.000000 0.458420
vn -0.888736 0.000000 0.458420
vn -0.888736 0.000000 0.458420
vn -0.888736 0.000000 0.458420
vn -0.888737 -0.000000 0.458418
vn -0.888737 -0.000000 0.458418
vn -0.888738 -0.000000 0.458416
vn -0.888738 -0.000000 0.458416
vn 0.000000 -1.000000 -0.000001
vn 0.000000 0.000000 1.000000
vn 0.000000 0.000000 1.000000
vn 0.000000 0.000000 1.000000
vn 0.000000 0.000000 1.000000
vn 0.000000 0.000000 1.000000
vn 0.000000 0.000000 1.000000
vn 0.000000 0.000000 1.000000
vn 0.000000 0.000000 1.000000
vn 0.000000 0.000000 1.000000
vn 0.000000 0.000000 1.000000
vn 0.000000 0.000000 1.000000
vn 0.000000 0.000000 1.000000
vn 0.000000 0.000000 1.000000
vn 0.000000 0.000000 1.000000
vn 0.000000 0.000000 1.000000
vn 0.000000 0.000000 1.000000
vn -0.000001 0.000000 1.000000
vn -0.000001 0.000000 1.000000
vn -0.000001 0.000000 1.000000
vn -0.000001 0.000000 1.000000
vn 0.000001 0.000000 1.000000
vn 0.000001 0.000000 1.000000
vn 0.000001 0.000000 1.000000
vn 0.000001 0.000000 1.000000
vn 0.000000 -0.970145 0.242527
vn 0.000000 -0.970146 0.242523
vn 0.000000 -0.970146 0.242523
vn 0.000000 -0.970145 0.242527
vn 0.000000 0.970147 0.242520
vn 0.000000 0.970146 0.242522
vn 0.000000 0.970146 0.242522
vn 0.000000 0.970147 0.242520
vn 0.000000 0.970148 0.242513
vn 0.000000 0.970148 0.242514
vn 0.000000 0.970148 0.242514
vn 0.000000 0.970148 0.242513
vn 0.000000 -0.970144 0.242532
vn 0.000000 -0.970143 0.242532
vn 0.000000 -0.970143 0.242532
vn 0.000000 -0.970144 0.242532
vn 0.000000 0.970148 0.242515
vn 0.000000 0.970148 0.242514
vn 0.000000 0.970148 0.242514
vn 0.000000 0.970148 0.242515
vn 0.000000 -0.970143 0.242532
vn 0.000000 -0.970143 0.242533
vn 0.000000 -0.970143 0.242533
vn 0.000000 -0.970143 0.242532
vn 0.000000 -0.970146 0.242523
vn 0.000000 -0.970146 0.242522
vn 0.000000 -0.970146 0.242522
vn 0.000000 -0.970146 0.242523
vn 0.000000 0.970146 0.242522
vn 0.000000 0.970146 0.242523
vn 0.000000 0.970146 0.242523
vn 0.000000 0.970146 0.242522
vn -0.970146 0.000000 0.242521
vn -0.970146 0.000000 0.242521
vn -0.970146 0.000000 0.242521
vn -0.970146 0.000000 0.242521
vn 0.970146 0.000000 0.242523
vn 0.970146 0.000000 0.242523
vn 0.970146 0.000000 0.242523
vn 0.970146 0.000000 0.242523
vn 0.000000 -0.970144 0.242529
vn 0.000000 -0.970144 0.242529
vn 0.000000 0.970145 0.242525
vn 0.000000 0.970145 0.242525
vn 0.000000 0.970148 0.242514
vn 0.000000 0.970148 0.242514
vn 0.000000 -0.970145 0.242528
vn 0.000000 -0.970145 0.242528
vn 0.000000 -0.970147 0.242519
vn 0.000000 -0.970147 0.242519
vn 0.000000 0.970147 0.242519
vn 0.000000 0.970147 0.242519
vn 0.970143 0.000000 0.242532
vn 0.970143 0.000000 0.242532
vn 0.970143 0.000000 0.242532
vn 0.970143 0.000000 0.242532
vn -0.970155 0.000000 0.242487
vn -0.970155 0.000000 0.242487
vn -0.970155 0.000000 0.242487
vn -0.970155 0.000000 0.242487
vn 0.000000 0.970148 0.242515
vn 0.000000 0.970148 0.242515
vn 0.000000 -0.970144 0.242530
vn 0.000000 -0.970144 0.242530
vn 0.000000 1.000000 0.000000
vn 0.000000 1.000000 0.000000
vn 0.000000 1.000000 0.000000
vn 0.000000 1.000000 0.000000
vn -1.000000 0.000000 0.000000
vn -1.000000 0.000000 0.000000
vn 1.000000 0.000000 0.000000
vn 1.000000 0.000000 0.000000
vn -1.000000 0.000000 0.000000
vn 0.000000 -1.000000 0.000000
vn 0.000000 -1.000000 0.000000
vn 1.000000 0.000000 0.000000
vn 1.000000 0.000000 0.000000
vn 1.000000 0.000000 0.000000
vn 1.000000 0.000000 0.000000
vn 1.000000 0.000000 0.000000
vn 0.000000 1.000000 0.000000
vn 0.000000 1.000000 0.000000
vn 0.000000 1.000000 0.000000
vn 0.000000 1.000000 0.000000
vn -1.000000 0.000000 0.000000
vn -1.000000 0.000000 0.000000
vn 0.000000 -1.000000 0.000000
vn 0.000000 -1.000000 0.000000
vn 1.000000 0.000000 0.000000
vn 1.000000 0.000000 0.000000
vn -1.000000 0.000000 0.000000
vn -0.759256 0.000000 0.650792
vn -0.759257 0.000000 0.650791
vn -0.759257 0.000000 0.650791
vn -0.759256 0.000000 0.650792
vn 0.000000 0.702378 0.711805
vn 0.000000 0.702377 0.711806
vn 0.000000 0.702377 0.711806
vn 0.000000 0.702378 0.711805
vn 0.759264 0.000001 0.650782
vn 0.759262 0.000000 0.650785
vn 0.759262 0.000000 0.650785
vn 0.759264 0.000001 0.650782
vn 0.759259 0.000000 0.650789
vn 0.759259 0.000000 0.650789
vn 0.759258 0.000000 0.650789
vn 0.759258 0.000000 0.650789
vn 0.000000 0.702379 0.711804
vn 0.000000 0.702379 0.711804
vn 0.000000 1.000000 0.000000
vn -0.000000 -1.000000 0.000000
vn 0.000000 0.000000 1.000000
vn 0.000000 0.000000 1.000000
vn 0.000000 0.000000 1.000000
vn 0.000000 0.000000 1.000000
vn 0.000000 0.000000 1.000000
vn 0.000000 0.000000 1.000000
vn 0.000000 0.000000 1.000000
vn 0.000000 0.000000 1.000000
vn -0.759257 0.000000 0.650791
vn -0.759257 0.000000 0.650791
vn 0.000000 0.000000 1.000000
vn 0.000000 0.000000 1.000000
vn 0.000000 0.000000 1.000000
vn 0.000000 0.000000 1.000000
vn 0.000000 0.000000 1.000000
vn 0.000000 0.000000 1.000000
vn 0.000000 0.000000 1.000000
vn 0.000000 0.000000 1.000000
vn 0.000000 0.000000 1.000000
vn 0.000000 0.000000 1.000000
vn 0.000000 0.000000 1.000000
vn 0.000000 0.000000 1.000000
vn 0.000000 0.000000 1.000000
vn 0.000000 0.000000 1.000000
vn 0.000000 0.000000 1.000000
vn 0.000000 0.000000 1.000000
vn 0.000000 0.000000 1.000000
vn 0.000000 0.000000 1.000000
vn 0.000000 0.000000 1.000000
vn 0.000000 0.000000 1.000000
vn 0.000000 0.000000 1.000000
vn 0.000000 0.000000 1.000000
vn 0.000000 0.000000 1.000000
vn 0.000002 0.000000 1.000000
vn 0.000002 -0.000000 1.000000
vn 0.000002 -0.000003 1.000000
vn 0.000002 0.000000 1.000000
vn -0.000000 -0.000000 1.000000
vn 0.000002 -0.000003 1.000000
vn -0.000001 -0.000000 1.000000
vn 0.000002 -0.000000 1.000000
vn 0.000003 0.000003 1.000000
vn 0.000004 0.000003 1.000000
vn 0.000003 0.000000 1.000000
vn 0.000003 0.000000 1.000000
vn 0.000001 0.000000 1.000000
vn 0.000003 0.000000 1.000000
vn -0.000002 0.000000 1.000000
vn -0.000002 -0.000000 1.000000
vn -0.000002 0.000003 1.000000
vn -0.000002 0.000000 1.000000
vn -0.000002 0.000003 1.000000
vn -0.000002 0.000000 1.000000
vn -0.000003 0.000000 1.000000
vn -0.000003 0.000000 1.000000
vn -0.000003 -0.000003 1.000000
vn -0.000003 -0.000000 1.000000
vn -0.000004 -0.000003 1.000000
vn -0.894422 0.000000 0.447224
vn -0.894422 0.000000 0.447223
vn -0.894422 0.000000 0.447223
vn -0.894422 0.000000 0.447224
vn 0.894420 0.000000 0.447227
vn 0.894420 0.000000 0.447227
vn 0.894420 0.000000 0.447227
vn 0.894420 0.000000 0.447227
vn 0.000000 0.894428 0.447212
vn 0.000000 0.894428 0.447212
vn 0.000000 0.894428 0.447212
vn 0.000000 0.894428 0.447212
vn -0.894420 0.000000 0.447227
vn -0.894420 0.000000 0.447227
vn -0.894420 0.000000 0.447227
vn -0.894420 0.000000 0.447227
vn 0.000000 0.894427 0.447215
vn 0.000000 0.894427 0.447213
vn 0.000000 0.894427 0.447213
vn 0.000000 0.894427 0.447215
vn 0.000000 -0.894431 0.447207
vn 0.000000 -0.894431 0.447207
vn 0.000000 -0.894431 0.447207
vn 0.000000 -0.894431 0.447207
vn 0.000000 -0.894433 0.447202
vn 0.000000 -0.894433 0.447202
vn 0.000000 -0.894433 0.447202
vn 0.000000 -0.894433 0.447202
vn -0.894423 0.000000 0.447223
vn -0.894423 0.000000 0.447223
vn 0.894420 0.000000 0.447227
vn 0.894420 0.000000 0.447227
vn 0.894420 0.000000 0.447227
vn 0.894420 0.000000 0.447227
vn 0.000000 -0.894428 0.447213
vn 0.000000 -0.894430 0.447209
vn 0.000000 -0.894430 0.447209
vn 0.000000 -0.894428 0.447213
vn 0.000000 0.894431 0.447206
vn 0.000000 0.894431 0.447206
vn 0.000000 0.894431 0.447206
vn 0.000000 0.894431 0.447206
vn -0.894420 0.000000 0.447227
vn -0.894420 0.000000 0.447227
vn -0.894420 0.000000 0.447227
vn -0.894420 0.000000 0.447227
vn 0.894425 0.000000 0.447219
vn 0.894425 0.000000 0.447218
vn 0.894425 0.000000 0.447218
vn 0.894425 0.000000 0.447219
vn -0.894435 0.000000 0.447197
vn -0.894435 0.000000 0.447197
vn -0.894435 0.000000 0.447197
vn -0.894435 0.000000 0.447197
vn 0.000000 -0.894429 0.447210
vn 0.000000 -0.894429 0.447210
vn 0.000000 -0.894429 0.447210
vn 0.000000 -0.894429 0.447210
vn 0.894435 0.000000 0.447197
vn 0.894435 0.000000 0.447197
vn 0.894435 0.000000 0.447197
vn 0.894435 0.000000 0.447197
vn 0.000000 -0.894432 0.447205
vn 0.000000 -0.894432 0.447205
vn 0.000000 0.894436 0.447197
vn 0.000000 0.894436 0.447197
vn 0.000000 0.894436 0.447197
vn 0.000000 0.894436 0.447197
vn 0.894425 0.000000 0.447217
vn 0.894425 0.000000 0.447217
vn -0.894436 0.000000 0.447197
vn -0.894436 0.000000 0.447197
vn -0.894435 0.000000 0.447197
vn -0.894435 0.000000 0.447197
vn 0.000000 0.894426 0.447216
vn 0.000000 0.894426 0.447216
vn 0.000000 -0.894427 0.447215
vn 0.000000 -0.894427 0.447215
vn 0.000000 -0.894427 0.447215
vn 0.000000 -0.894427 0.447215
vn 0.894436 0.000000 0.447197
vn 0.894436 0.000000 0.447197
vn 0.894435 0.000000 0.447197
vn 0.894435 0.000000 0.447197
vn 0.000000 0.894432 0.447203
vn 0.000000 0.894432 0.447203
vn 0.000000 0.894432 0.447203
vn 0.000000 0.894432 0.447203
vn 0.000000 0.000000 1.000000
vn 0.000000 0.000000 1.000000
vn 0.000000 0.000000 1.000000
vn 0.000000 0.000000 1.000000
vn 0.000000 0.000000 1.000000
vn 0.000000 0.000000 1.000000
vn 0.000000 0.000000 1.000000
vn 0.000000 0.000000 1.000000
vn 0.000000 0.000000 1.000000
vn 0.000000 0.000000 1.000000
vn 0.000000 0.000000 1.000000
vn 0.000000 0.000000 1.000000
vn 0.000000 0.000000 1.000000
vn 0.000000 0.000000 1.000000
vn 0.000000 0.000000 1.000000
vn 0.000000 0.000000 1.000000
vn 0.000002 0.000000 1.000000
vn 0.000002 -0.000000 1.000000
vn 0.000002 -0.000003 1.000000
vn 0.000002 0.000000 1.000000
vn -0.000000 0.000000 1.000000
vn 0.000002 -0.000003 1.000000
vn -0.000001 -0.000000 1.000000
vn 0.000002 -0.000000 1.000000
vn 0.000003 0.000003 1.000000
vn 0.000004 0.000003 1.000000
vn 0.000003 0.000000 1.000000
vn 0.000003 0.000000 1.000000
vn 0.000001 0.000000 1.000000
vn 0.000003 0.000000 1.000000
vn -0.000002 0.000000 1.000000
vn -0.000002 0.000000 1.000000
vn -0.000002 0.000003 1.000000
vn -0.000002 0.000000 1.000000
vn -0.000002 0.000003 1.000000
vn -0.000002 0.000000 1.000000
vn -0.000003 0.000000 1.000000
vn -0.000003 0.000000 1.000000
vn -0.000003 -0.000003 1.000000
vn -0.000003 -0.000000 1.000000
vn -0.000004 -0.000003 1.000000
vn -0.894422 0.000000 0.447224
vn -0.894422 0.000000 0.447223
vn -0.894422 0.000000 0.447223
vn -0.894422 0.000000 0.447224
vn 0.894420 0.000000 0.447227
vn 0.894420 0.000000 0.447227
vn 0.894420 0.000000 0.447227
vn 0.894420 0.000000 0.447227
vn 0.000000 0.894428 0.447212
vn 0.000000 0.894428 0.447212
vn 0.000000 0.894428 0.447212
vn 0.000000 0.894428 0.447212
vn -0.894420 0.000000 0.447227
vn -0.894420 0.000000 0.447227
vn -0.894420 0.000000 0.447227
vn -0.894420 0.000000 0.447227
vn 0.000000 0.894431 0.447207
vn 0.000000 0.894427 0.447213
vn 0.000000 0.894428 0.447213
vn 0.000000 0.894431 0.447207
vn 0.000000 -0.894431 0.447207
vn 0.000000 -0.894431 0.447207
vn 0.000000 -0.894431 0.447207
vn 0.000000 -0.894431 0.447207
vn 0.000000 -0.894433 0.447202
vn 0.000000 -0.894433 0.447202
vn 0.000000 -0.894433 0.447202
vn 0.000000 -0.894433 0.447202
vn -0.894423 0.000000 0.447223
vn -0.894423 0.000000 0.447223
vn 0.894420 0.000000 0.447227
vn 0.894420 0.000000 0.447227
vn 0.894420 0.000000 0.447227
vn 0.894420 0.000000 0.447227
vn 0.000000 -0.894428 0.447213
vn 0.000000 -0.894430 0.447209
vn 0.000000 -0.894430 0.447209
vn 0.000000 -0.894428 0.447213
vn 0.000000 0.894431 0.447206
vn 0.000000 0.894431 0.447206
vn 0.000000 0.894431 0.447206
vn 0.000000 0.894431 0.447206
vn -0.894420 0.000000 0.447227
vn -0.894420 0.000000 0.447227
vn -0.894420 0.000000 0.447227
vn -0.894420 0.000000 0.447227
vn 0.894425 0.000000 0.447219
vn 0.894425 0.000000 0.447218
vn 0.894425 0.000000 0.447218
vn 0.894425 0.000000 0.447219
vn -0.894437 0.000000 0.447194
vn -0.894437 0.000000 0.447194
vn -0.894437 0.000000 0.447194
vn -0.894437 0.000000 0.447194
vn 0.000000 -0.894434 0.447199
vn 0.000000 -0.894434 0.447199
vn 0.000000 -0.894434 0.447199
vn 0.000000 -0.894434 0.447199
vn 0.894435 0.000000 0.447197
vn 0.894435 0.000000 0.447197
vn 0.894435 0.000000 0.447197
vn 0.894435 0.000000 0.447197
vn 0.000000 -0.894432 0.447205
vn 0.000000 -0.894432 0.447205
vn 0.000000 0.894432 0.447204
vn 0.000000 0.894432 0.447204
vn 0.000000 0.894432 0.447204
vn 0.000000 0.894432 0.447204
vn 0.894425 0.000000 0.447217
vn 0.894425 0.000000 0.447217
vn -0.894437 0.000000 0.447194
vn -0.894437 0.000000 0.447194
vn -0.894437 0.000000 0.447194
vn -0.894437 0.000000 0.447194
vn 0.000000 0.894434 0.447200
vn 0.000000 0.894434 0.447200
vn 0.000000 -0.894427 0.447215
vn 0.000000 -0.894427 0.447215
vn 0.000000 -0.894427 0.447215
vn 0.000000 -0.894427 0.447215
vn 0.894436 0.000000 0.447197
vn 0.894436 0.000000 0.447197
vn 0.894435 0.000000 0.447197
vn 0.894435 0.000000 0.447197
vn 0.000000 0.894431 0.447205
vn 0.000000 0.894431 0.447205
vn 0.000000 0.894431 0.447205
vn 0.000000 0.894431 0.447205
vn 0.000000 0.000000 1.000000
vn 0.000000 0.000000 1.000000
vn 0.000000 0.000000 1.000000
vn 0.000000 0.000000 1.000000
vn 0.000000 0.000000 1.000000
vn 0.000000 0.000000 1.000000
vn 0.000000 0.000000 1.000000
vn 0.000000 0.000000 1.000000
vn 0.000000 0.000000 1.000000
vn 0.000000 0.000000 1.000000
vn 0.000000 0.000000 1.000000
vn 0.000000 0.000000 1.000000
vn 0.000000 0.000000 1.000000
vn 0.000000 0.000000 1.000000
vn 0.000000 0.000000 1.000000
vn 0.000000 0.000000 1.000000
vn 0.000000 0.000000 1.000000
vn 0.000000 0.000000 1.000000
vn 0.000000 0.000000 1.000000
vn 0.000000 0.000000 1.000000
vn 0.000000 0.000000 1.000000
vn 0.000000 0.000000 1.000000
vn 0.000000 0.000000 1.000000
vn 0.000000 0.000000 1.000000
vn 0.000000 0.000000 1.000000
vn 0.000000 0.000000 1.000000
vn 0.000000 0.000000 1.000000
vn 0.000000 0.000000 -1.000000
vn 0.000000 0.000000 -1.000000
vn 0.000000 0.000000 -1.000000
vn 0.000000 0.000000 -1.000000
vn 0.000000 0.000000 1.000000
vn 0.000000 0.000000 1.000000
vn 0.000000 0.000000 1.000000
vn 0.000000 0.000000 1.000000
vn 0.000000 0.000000 1.000000
vn 0.000000 0.000000 1.000000
vn 0.000000 0.000000 1.000000
vn 0.000000 0.000000 1.000000
vn 0.000002 0.000000 1.000000
vn 0.000000 0.000000 1.000000
vn 0.000000 0.000000 1.000000
vn 0.000002 0.000000 1.000000
vn 0.000000 0.000000 1.000000
vn 0.000002 0.000000 1.000000
vn 0.000002 0.000000 1.000000
vn 0.000000 0.000000 1.000000
vn 0.000000 0.000000 1.000000
vn 0.000000 0.000000 1.000000
vn 0.000000 0.000000 1.000000
vn 0.000000 0.000000 1.000000
vn 0.000000 0.000000 1.000000
vn 0.000000 0.000000 1.000000
vn 0.000000 0.000000 1.000000
vn 0.000000 0.000000 1.000000
vn -0.000002 0.000000 1.000000
vn -0.000002 0.000000 1.000000
vn -0.000002 0.000000 1.000000
vn -0.000002 0.000000 1.000000
vn 0.000000 0.000000 1.000000
vn 0.000000 0.000000 1.000000
vn 0.000000 0.000000 1.000000
vn 0.000000 0.000000 1.000000
vn -0.000000 0.894425 0.447218
vn -0.000000 0.894421 0.447226
vn 0.000000 0.894421 0.447226
vn -0.000000 0.894425 0.447218
vn 0.000000 -0.894426 0.447217
vn 0.000000 -0.894425 0.447219
vn 0.000000 -0.894425 0.447219
vn 0.000000 -0.894426 0.447217
vn 0.000000 -0.894433 0.447202
vn 0.000000 -0.894433 0.447202
vn 0.000000 -0.894433 0.447202
vn 0.000000 -0.894433 0.447202
vn 0.000000 0.894430 0.447209
vn 0.000000 0.894429 0.447210
vn 0.000000 0.894429 0.447210
vn 0.000000 0.894430 0.447209
vn 0.000000 -0.894430 0.447208
vn 0.000000 -0.894431 0.447205
vn 0.000000 -0.894431 0.447205
vn 0.000000 -0.894430 0.447209
vn 0.000000 0.894425 0.447218
vn 0.000000 0.894425 0.447219
vn 0.000000 0.894425 0.447219
vn 0.000000 0.894425 0.447218
vn 0.000000 0.894425 0.447218
vn 0.000001 0.894425 0.447218
vn 0.000001 0.894425 0.447218
vn 0.000000 0.894425 0.447218
vn -0.000001 -0.894434 0.447200
vn -0.000000 -0.894429 0.447209
vn -0.000000 -0.894429 0.447209
vn -0.000001 -0.894434 0.447200
vn -0.894429 0.000000 0.447210
vn -0.894429 0.000000 0.447210
vn -0.894429 0.000000 0.447210
vn -0.894429 0.000000 0.447210
vn 0.894428 0.000000 0.447213
vn 0.894428 0.000000 0.447213
vn 0.894428 0.000000 0.447213
vn 0.894428 0.000000 0.447213
vn 0.000000 -0.894430 0.447208
vn 0.000000 -0.894430 0.447208
vn 0.000000 0.894426 0.447217
vn 0.000000 0.894426 0.447217
vn 0.000000 0.894426 0.447217
vn 0.000000 0.894426 0.447217
vn 0.000000 -0.894426 0.447217
vn 0.000000 -0.894426 0.447217
vn 0.000000 -0.894430 0.447208
vn 0.000000 -0.894430 0.447208
vn 0.000000 0.894426 0.447217
vn 0.000000 0.894426 0.447217
vn 0.000000 0.894429 0.447209
vn 0.000000 0.894429 0.447209
vn 0.000000 -0.894426 0.447217
vn 0.000000 -0.894426 0.447217
vn 0.000000 -0.894433 0.447202
vn 0.000000 -0.894433 0.447202
vn 0.000000 0.894426 0.447216
vn 0.000000 0.894426 0.447216
vn 0.894429 0.000001 0.447210
vn 0.894429 0.000001 0.447210
vn 0.894429 0.000001 0.447210
vn 0.894429 0.000001 0.447210
vn -0.894428 -0.000001 0.447213
vn -0.894428 -0.000001 0.447213
vn -0.894428 -0.000001 0.447213
vn -0.894428 -0.000001 0.447213
vn -0.000001 0.894425 0.447217
vn -0.000001 0.894425 0.447217
vn 0.000001 -0.894424 0.447219
vn 0.000001 -0.894424 0.447219
vn 0.000000 -0.894433 0.447202
vn 0.000000 -0.894433 0.447202
vn 0.000000 0.894425 0.447218
vn 0.000000 0.894425 0.447218
vn -0.000000 0.894425 0.447219
vn -0.000000 0.894425 0.447219
vn 0.000000 -0.894425 0.447217
vn 0.000000 -0.894426 0.447217
vn 0.000000 1.000000 0.000000
vn 0.000000 1.000000 0.000000
vn 0.000000 1.000000 0.000000
vn 0.000000 1.000000 0.000000
vn 0.000000 0.000000 1.000000
vn 0.000000 0.000000 1.000000
vn 0.000000 0.000000 1.000000
vn 0.000000 1.000000 0.000000
vn 0.000000 1.000000 0.000000
vn 0.000000 1.000000 0.000000
vn 0.000000 1.000000 0.000000
vn 0.000000 1.000000 0.000000
vn 0.000000 1.000000 0.000000
vn 0.000000 1.000000 0.000000
vn -0.759262 0.000001 0.650785
vn -0.759262 0.000001 0.650785
vn -0.759262 0.000001 0.650785
vn -0.759262 0.000001 0.650785
vn 0.000000 0.000000 1.000000
vn 0.000000 0.000000 1.000000
vn 0.000000 0.000000 1.000000
vn 0.000000 0.000000 1.000000
vn 1.000000 0.000000 0.000000
vn 1.000000 0.000000 0.000000
vn 1.000000 0.000000 0.000000
vn 1.000000 0.000000 0.000000
vn -1.000000 0.000000 0.000000
vn -1.000000 0.000000 0.000000
vn -1.000000 0.000000 0.000000
vn -1.000000 0.000000 0.000000
vn 0.000000 0.000000 1.000000
vn 0.000000 0.000000 1.000000
vn 0.000000 0.000000 1.000000
vn 0.000000 0.000000 1.000000
vn 0.000000 0.000000 1.000000
vn 0.000000 0.000000 1.000000
vn 0.000000 0.000000 1.000000
vn 0.000000 0.000000 1.000000
vn 0.000000 0.000000 1.000000
vn 0.000000 0.000000 1.000000
vn 0.000000 0.000000 1.000000
s 1
g House02_geo Asset_grp
usemtl lambert6SG
f 490/601/1 397/2/2 15/3/3 11/584/4
s 2
f 12/616/5 94/6/6 20/7/7 500/607/8
s off
f 152/9/9 153/10/10 154/11/11 155/12/12
s 1
f 11/584/4 15/3/3 86/13/13
s 2
f 12/616/5 99/14/14 94/6/6
s 1
f 10/15/15 15/3/3 397/2/2 18/600/16
f 98/17/17 86/13/13 15/3/3 87/18/18
s 2
f 93/19/19 94/6/6 99/14/14 95/20/20
f 19/555/21 20/7/7 94/6/6 9/615/22
s 1
f 490/601/1 491/23/23 397/2/2
f 396/575/24 397/2/2 491/23/23 75/25/25
s 2
f 77/603/26 78/27/27 20/7/7 398/605/28
f 500/607/8 20/7/7 78/27/27
s 1
f 47/29/29 23/30/30 22/637/31
s 4
f 381/32/32 380/33/33 101/34/34
s 2
f 24/640/35 45/36/36 21/633/37
s 5
f 376/38/38 400/39/39 401/40/40 379/41/41
s 6
f 44/42/42 8/43/43 16/602/44
f 43/45/45 44/588/42 16/44/44 2/46/46
s 7
f 364/47/47 365/48/48 366/49/49 367/50/50
s 8
f 373/51/51 370/52/52 371/611/53 372/54/54
s 6
f 17/55/55 41/609/56 1/629/57
s 10
f 316/58/58 317/59/59 318/60/60 319/61/61
s 6
f 37/62/62 241/63/63 219/64/64
s 2
f 9/22/22 45/36/36 24/640/35 19/21/21
s 12
f 47/29/65 42/65/66 10/571/67
s 1
f 23/30/30 47/29/29 10/571/15 18/570/16
s off
f 28/641/68 23/30/69 18/570/70 25/551/71
s 13
f 235/567/72 236/69/73 221/70/74
s 14
f 377/71/75 380/562/76 381/561/77 378/72/78
s off
f 47/29/79 22/637/80 52/635/81 53/636/82
f 21/633/83 45/36/84 49/638/85 48/634/86
s 1
f 4/574/87 14/78/88 58/599/89 57/594/90
f 14/78/88 6/598/91 59/597/92 58/599/89
s 2
f 5/606/93 13/84/94 60/85/95 61/625/96
s 15
f 122/87/97 74/621/98 73/89/99 123/90/100
s 2
f 13/84/94 3/91/101 62/92/102 60/85/95
s 15
f 239/93/103 70/94/104 69/95/105
s 1
f 59/597/92 6/598/91 65/595/106 66/596/107
s 2
f 5/606/93 61/625/96 68/624/108 67/99/109
s 17
f 118/100/110 68/98/111 61/86/112 119/101/113
s 1
f 4/574/87 57/594/90 72/593/114 71/592/115
s 18
f 123/90/116 73/89/117 3/604/118 124/104/119
s 2
f 62/92/102 3/91/101 73/620/120 74/88/121
s 18
f 238/105/122 239/93/123 69/95/124 39/106/125
s 20
f 503/107/126 504/108/127 505/109/128 506/110/129
s 21
f 508/111/130 507/112/131 509/113/132 510/114/133
s 22
f 90/115/134 91/116/135 82/117/136 83/118/137
s 23
f 84/586/138 85/120/139 88/121/140 89/122/141
s off
f 157/123/142 156/124/143 158/125/144 159/126/145
s 22
f 83/118/137 82/117/136 96/127/146 97/128/147
s 10
f 318/60/60 317/59/59 320/129/148 321/130/149
s 1
f 87/18/18 15/3/3 143/131/150
s 24
f 143/131/151 144/583/152 88/579/153 87/18/154
s 23
f 89/122/141 88/121/140 144/132/155 145/581/156
s 25
f 329/134/157 328/135/158 330/136/159 331/137/160
s 22
f 146/138/161 147/139/162 91/116/135 90/115/134
s 26
f 168/140/163 169/141/164 170/142/165 171/143/166
s 27
f 93/619/167 92/612/168 151/614/169
s 2
f 151/145/170 94/6/6 93/19/19
s 8
f 374/146/171 375/147/172 370/52/52 373/51/51
s 27
f 103/148/173 113/149/174 114/150/175
s 22
f 97/128/147 96/127/146 35/151/176 36/152/177
s 10
f 321/130/149 320/129/148 322/153/178 323/154/179
s 23
f 43/577/180 85/120/139 84/586/138 44/587/181
s 7
f 367/50/50 366/49/49 368/576/182 369/156/183
s 1
f 2/46/184 16/44/185 86/13/13 98/17/17
f 11/584/4 86/13/13 16/44/185 8/585/186
s 2
f 7/157/187 17/628/188 99/14/14 12/616/5
f 95/20/20 99/14/14 17/628/188 1/57/189
s 29
f 100/158/190 386/159/191 387/160/192 101/34/193
s 4
f 101/34/34 387/160/194 382/161/195 381/32/32
s 14
f 381/561/77 382/560/196 383/162/197 378/72/78
s 5
f 401/40/40 402/163/198 384/164/199 379/41/41
s 21
f 507/112/131 511/165/200 512/166/201 509/113/132
s 18
f 124/104/119 131/167/202 132/168/203 123/90/116
s 15
f 132/168/204 122/87/97 123/90/100
s 6
f 391/169/205 134/170/206 114/150/207
s 27
f 134/170/208 135/171/209 103/148/173 114/150/175
s off
f 160/172/210 161/173/211 162/174/212 163/175/213
f 164/176/214 165/177/215 166/178/216 167/179/217
s 26
f 171/143/166 172/180/218 173/181/219 168/140/163
s 12
f 139/182/220 109/183/221 110/184/222 138/185/223
s 32
f 139/182/224 140/186/225 108/187/226 109/183/227
s 33
f 140/186/228 141/188/229 107/189/230 108/187/231
s 34
f 141/188/232 142/190/233 106/191/234 107/189/235
s 35
f 142/190/236 385/192/237 105/193/238 106/191/239
s 36
f 105/193/240 385/192/241 386/159/242 100/158/243
s 34
f 107/189/235 106/191/234 21/37/244 48/76/245
s 33
f 108/187/231 107/189/230 48/76/246 49/75/247
s 32
f 109/183/227 108/187/226 49/75/248 45/36/249
s 12
f 109/183/221 45/36/250 9/22/251 110/184/222
s 27
f 92/612/168 111/194/252 150/195/253 151/614/169
f 112/196/254 111/194/252 92/612/168 81/618/255
f 113/149/174 112/196/254 81/618/255
f 114/150/175 113/149/174 81/618/255 41/609/256
s 6
f 17/55/55 391/169/205 114/150/207 41/609/56
f 115/198/257 391/169/205 17/55/55 7/617/258
s 37
f 12/5/259 133/199/260 115/198/261 7/617/262
f 501/200/263 133/199/260 12/5/259 500/8/264
s 38
f 117/201/265 116/202/266 5/83/267 67/623/268
s 39
f 118/100/269 117/201/270 67/623/271 68/98/272
s 17
f 120/203/273 119/101/113 61/86/112 60/626/274
f 121/204/275 120/203/273 60/626/274 62/622/276
f 122/87/277 121/204/275 62/622/276 74/621/278
s 40
f 77/26/279 125/205/280 499/206/281
f 398/28/282 399/207/283 125/205/280 77/26/279
s 29
f 27/208/284 100/158/190 101/34/193 31/209/285
s 36
f 24/35/286 105/193/240 100/158/243 27/208/287
s 35
f 21/37/288 106/191/239 105/193/238 24/35/289
s 4
f 387/160/194 388/558/290 382/161/195
s 13
f 129/211/291 128/559/292 388/210/293 389/213/294
s 42
f 130/214/295 403/215/296 404/216/297 390/217/298
s 21
f 511/165/200 513/218/299 514/219/300 512/166/201
s 27
f 134/170/208 392/220/301 135/171/209
f 392/220/301 393/221/302 136/222/303 135/171/209
f 137/223/304 136/222/303 393/221/302 394/224/305
f 394/224/305 395/225/306 148/226/307 137/223/304
s 1
f 143/131/150 15/3/3 10/15/15
s 24
f 42/566/308 144/583/152 143/131/151 10/15/309
s 23
f 145/581/156 144/132/155 42/590/310 80/589/311
s 43
f 245/228/312 216/229/313 217/230/314
s 22
f 34/632/315 147/139/162 146/138/161 79/232/316
s 27
f 395/225/306 138/556/317 148/226/307
f 149/233/318 148/226/307 138/556/317 110/569/319
f 110/569/319 150/195/253 149/233/318
f 151/614/169 150/195/253 110/569/319 9/572/320
s 2
f 94/6/6 151/145/170 9/615/22
s 44
f 174/234/321 175/235/322 176/236/323 177/237/324
f 175/235/322 178/238/325 179/239/326 176/236/323
f 178/238/325 180/240/327 181/241/328 179/239/326
f 180/240/327 174/234/321 177/237/324 181/241/328
f 178/238/325 175/235/322 182/242/329 183/243/330
f 175/235/322 184/244/331 185/245/332 182/242/329
f 184/244/331 186/246/333 187/247/334 185/245/332
f 186/246/333 178/238/325 183/243/330 187/247/334
f 188/248/335 189/249/336 190/250/337 191/251/338
f 189/249/336 178/238/325 192/252/339 190/250/337
f 178/238/325 186/246/333 193/253/340 192/252/339
f 186/246/333 188/248/335 191/251/338 193/253/340
f 189/249/336 194/254/341 195/255/342 196/256/343
f 194/254/341 180/240/327 197/257/344 195/255/342
f 180/240/327 178/238/325 198/258/345 197/257/344
f 178/238/325 189/249/336 196/256/343 198/258/345
s 47
f 199/259/346 200/260/347 201/261/348 202/262/349
f 200/260/347 203/263/350 204/264/351 201/261/348
f 203/263/350 205/265/352 206/266/353 204/264/351
f 205/265/352 207/267/354 208/268/355 206/266/353
f 207/267/354 209/269/356 210/270/357 208/268/355
f 209/269/356 199/259/346 202/262/349 210/270/357
s 48
f 111/194/358 112/196/359 175/235/360 174/234/361
s off
f 153/10/362 152/9/363 177/237/364 176/236/365
f 154/11/366 153/10/367 176/236/368 179/239/369
f 155/12/370 154/11/371 179/239/372 181/241/373
s 49
f 104/271/374 111/194/375 174/234/376 180/240/377
s off
f 152/9/378 155/12/379 181/241/380 177/237/381
f 156/124/382 157/123/383 183/243/384 182/242/385
s 48
f 112/196/359 113/149/386 184/244/387 175/235/360
s off
f 158/125/388 156/124/389 182/242/390 185/245/391
s 50
f 113/149/392 103/148/393 186/246/394 184/244/395
s off
f 159/126/396 158/125/397 185/245/398 187/247/399
f 157/123/400 159/126/401 187/247/402 183/243/403
s 51
f 135/171/404 136/222/405 189/249/406 188/248/407
s off
f 161/173/408 160/172/409 191/251/410 190/250/411
f 162/174/412 161/173/413 190/250/414 192/252/415
f 163/175/416 162/174/417 192/252/418 193/253/419
s 50
f 103/148/393 135/171/420 188/248/421 186/246/394
s off
f 160/172/422 163/175/423 193/253/424 191/251/425
s 51
f 136/222/405 137/223/426 194/254/427 189/249/406
s off
f 165/177/428 164/176/429 196/256/430 195/255/431
s 49
f 137/223/432 104/271/374 180/240/377 194/254/433
s off
f 166/178/434 165/177/435 195/255/436 197/257/437
f 167/179/438 166/178/439 197/257/440 198/258/441
f 164/176/442 167/179/443 198/258/444 196/256/445
s 52
f 149/233/446 150/195/447 200/260/448 199/259/449
s 53
f 169/141/450 168/140/451 202/262/452 201/261/453
s off
f 150/195/454 111/194/455 203/263/456 200/260/457
f 170/142/458 169/141/459 201/261/460 204/264/461
s 54
f 111/194/462 104/271/463 205/265/464 203/263/465
s 55
f 171/143/466 170/142/467 204/264/468 206/266/469
s 54
f 104/271/463 137/223/470 207/267/471 205/265/464
s 55
f 172/180/472 171/143/466 206/266/469 208/268/473
s off
f 137/223/474 148/226/475 209/269/476 207/267/477
f 173/181/478 172/180/479 208/268/480 210/270/481
s 52
f 148/226/482 149/233/446 199/259/449 209/269/483
s 53
f 168/140/451 173/181/484 210/270/485 202/262/452
s 13
f 249/631/486 250/273/487 259/274/488
s 56
f 405/275/489 406/276/490 251/277/491 258/278/492
f 258/278/492 251/277/491 492/279/493
s 18
f 252/280/494 239/93/123 238/105/122
s 43
f 253/281/495 254/282/496 269/283/497
s off
f 275/284/498 276/285/499 277/286/500 278/287/501
f 279/288/502 280/289/503 281/290/504 282/291/505
s 25
f 332/292/506 333/293/507 334/294/508 335/295/509
s 43
f 256/296/510 265/297/511 266/298/512
s 34
f 33/299/513 51/300/514 212/301/515 211/302/516
s 33
f 51/300/517 50/303/518 213/304/519 212/301/520
s 32
f 50/303/521 46/305/522 214/306/523 213/304/524
s 12
f 214/306/525 46/305/526 222/307/527 215/308/528
f 222/563/527 223/309/529 216/229/530 215/564/528
s 43
f 223/309/531 224/310/532 217/230/314 216/229/313
s 25
f 336/311/533 337/312/534 329/134/157 331/137/160
s 10
f 324/313/535 317/59/59 316/58/58 325/314/536
f 320/129/148 317/59/59 324/313/535 326/315/537
f 322/153/178 320/129/148 326/315/537 327/316/538
s 6
f 219/64/64 228/317/539 37/62/62
s 13
f 40/318/540 229/568/541 235/567/72 221/70/74
s 4
f 230/320/542 234/321/543 235/68/544 229/319/545
s 29
f 230/320/546 231/322/547 233/323/548 234/321/549
s 36
f 231/322/550 232/324/551 246/325/552 233/323/553
s 35
f 232/324/554 33/299/555 211/302/556 246/325/557
s 12
f 46/305/526 34/231/558 222/307/527
f 223/309/529 222/563/527 34/557/558 79/232/559
s 43
f 79/232/560 146/138/561 224/310/532 223/309/531
f 225/326/562 224/310/532 146/138/561 90/115/563
f 226/327/564 225/326/562 90/115/563 83/118/565
f 227/328/566 226/327/564 83/118/565 97/128/567
f 228/317/568 227/328/566 97/128/567 36/152/569
s 6
f 36/152/570 37/62/62 228/317/539
s 29
f 234/321/549 233/323/548 247/329/571 248/330/572
s 4
f 234/321/543 248/330/573 249/272/574 235/68/544
s 13
f 236/69/73 235/567/72 249/631/486 259/274/488
s 20
f 506/110/129 515/331/575 516/332/576 503/107/126
s 6
f 241/63/63 37/62/62 253/281/577
s 43
f 269/283/497 242/333/578 241/63/579 253/281/495
f 268/334/580 243/335/581 242/333/578 269/283/497
f 244/336/582 243/335/581 268/334/580 267/337/583
s 25
f 330/136/159 328/135/158 335/295/509 334/294/508
s 43
f 265/297/511 216/229/313 245/228/312 266/298/512
s 12
f 264/565/584 215/564/528 216/229/530 265/297/585
f 263/339/586 214/306/525 215/308/528 264/338/584
s 32
f 262/340/587 213/304/524 214/306/523 263/339/588
s 33
f 261/341/589 212/301/520 213/304/519 262/340/590
s 34
f 260/342/591 211/302/516 212/301/515 261/341/592
s 35
f 246/325/557 211/302/556 260/342/593 257/343/594
s 36
f 233/323/553 246/325/552 257/343/595 247/329/596
s 29
f 248/330/572 247/329/571 28/66/597 32/344/598
s 4
f 29/345/599 249/272/574 248/330/573 32/344/600
s 56
f 251/277/491 406/276/490 396/24/601 75/573/602
s 18
f 239/93/123 252/280/494 4/77/603 71/103/604
s 15
f 70/94/104 239/93/103 71/103/605 72/102/606
s 17
f 56/346/607 70/94/608 72/102/609 57/80/610
f 54/347/611 56/346/607 57/80/610 58/79/612
f 55/348/613 54/347/611 58/79/612 59/82/614
f 64/349/615 55/348/613 59/82/614 66/97/616
s 39
f 63/350/617 64/349/618 66/97/619 65/96/620
s 38
f 38/351/621 63/350/622 65/96/623 6/81/624
s 37
f 240/352/625 502/353/626 490/1/627 11/4/628
f 37/62/629 240/352/625 11/4/628 8/43/630
s 6
f 44/42/42 253/281/577 37/62/62 8/43/43
s 43
f 254/282/496 253/281/495 44/42/631 270/354/632
s off
f 284/355/633 283/356/634 285/357/635 286/358/636
f 288/359/637 287/360/638 289/361/639 290/362/640
s 25
f 333/293/507 332/292/506 338/363/641 339/364/642
s 43
f 265/297/511 256/296/510 273/365/643 274/366/644
s 12
f 264/565/584 265/297/585 274/366/645 42/591/66
f 263/339/586 264/338/584 42/65/66 47/29/65
s 32
f 262/340/587 263/339/588 47/29/646 53/74/647
s 33
f 261/341/589 262/340/590 53/74/648 52/73/649
s 34
f 260/342/591 261/341/592 52/73/650 22/31/651
s 35
f 257/343/594 260/342/593 22/31/652 23/642/653
s 36
f 28/66/654 247/329/596 257/343/595 23/642/655
s 43
f 84/119/656 270/354/632 44/42/631
f 84/119/656 271/367/657 270/354/632
f 89/582/658 272/368/659 271/367/657 84/119/656
f 145/133/660 273/365/643 272/368/659 89/582/658
f 274/366/644 273/365/643 145/133/660 80/227/661
s 12
f 42/591/66 274/366/645 80/227/662
s 62
f 291/369/663 292/370/664 293/371/665 294/372/666
f 292/370/664 295/373/667 296/374/668 293/371/665
f 295/373/667 297/375/669 298/376/670 296/374/668
f 297/375/669 291/369/663 294/372/666 298/376/670
f 292/370/664 299/377/671 300/378/672 301/379/673
f 299/377/671 302/380/674 303/381/675 300/378/672
f 302/380/674 295/373/667 304/382/676 303/381/675
f 295/373/667 292/370/664 301/379/673 304/382/676
f 292/370/664 291/369/663 305/383/677 306/384/678
f 291/369/663 307/385/679 308/386/680 305/383/677
f 307/385/679 309/387/681 310/388/682 308/386/680
f 309/387/681 292/370/664 306/384/678 310/388/682
f 299/377/671 292/370/664 311/389/683 312/390/684
f 292/370/664 309/387/681 313/391/685 311/389/683
f 309/387/681 314/392/686 315/393/687 313/391/685
f 314/392/686 299/377/671 312/390/684 315/393/687
s off
f 276/285/688 275/284/689 294/372/690 293/371/691
f 277/286/692 276/285/693 293/371/694 296/374/695
s 64
f 268/334/696 269/283/697 297/375/698 295/373/699
s off
f 278/287/700 277/286/701 296/374/702 298/376/703
s 65
f 269/283/704 254/282/705 291/369/706 297/375/707
s off
f 275/284/708 278/287/709 298/376/710 294/372/711
f 280/289/712 279/288/713 301/379/714 300/378/715
s 66
f 255/394/716 267/337/717 302/380/718 299/377/719
s off
f 281/290/720 280/289/721 300/378/722 303/381/723
s 64
f 267/337/724 268/334/696 295/373/699 302/380/725
s off
f 282/291/726 281/290/727 303/381/728 304/382/729
f 279/288/730 282/291/731 304/382/732 301/379/733
f 283/356/734 284/355/735 306/384/736 305/383/737
s 65
f 254/282/705 270/354/738 307/385/739 291/369/706
s off
f 285/357/740 283/356/741 305/383/742 308/386/743
s 67
f 270/354/744 271/367/745 309/387/746 307/385/747
s off
f 286/358/748 285/357/749 308/386/750 310/388/751
f 284/355/752 286/358/753 310/388/754 306/384/755
f 287/360/756 288/359/757 312/390/758 311/389/759
f 289/361/760 287/360/761 311/389/762 313/391/763
s 67
f 271/367/745 272/368/764 314/392/765 309/387/746
s off
f 290/362/766 289/361/767 313/391/768 315/393/769
s 66
f 272/368/770 255/394/716 299/377/719 314/392/771
s off
f 288/359/772 290/362/773 315/393/774 312/390/775
s 68
f 243/335/776 244/336/777 319/61/778 318/60/779
s 69
f 244/336/780 218/395/781 316/58/782 319/61/783
s 68
f 242/333/784 243/335/776 318/60/779 321/130/785
s 6
f 219/64/64 241/63/63 323/154/786 322/153/787
s 68
f 241/63/788 242/333/784 321/130/785 323/154/789
s 69
f 218/395/781 225/326/790 325/314/791 316/58/782
s 70
f 225/326/792 226/327/793 324/313/794 325/314/795
f 226/327/793 227/328/796 326/315/797 324/313/794
f 227/328/796 228/317/798 327/316/799 326/315/797
s 6
f 228/317/539 219/64/64 322/153/787 327/316/800
s 71
f 341/396/801 340/397/802 342/398/803 343/399/804
f 344/400/805 345/401/806 346/402/807 347/403/808
f 348/404/809 349/405/810 350/406/811 351/407/812
f 353/408/813 352/409/814 354/410/815 355/411/816
f 356/412/817 357/413/818 358/414/819 359/415/820
f 357/413/818 341/396/801 343/399/804 358/414/819
f 345/401/806 356/412/817 359/415/820 346/402/807
f 340/397/802 353/408/813 355/411/816 342/398/803
f 349/405/810 344/400/805 347/403/808 350/406/811
f 352/409/814 360/416/821 361/417/822 354/410/815
f 360/416/821 362/418/823 363/419/824 361/417/822
f 362/418/823 348/404/809 351/407/812 363/419/824
s 74
f 218/395/825 244/336/826 340/397/827 341/396/828
s 75
f 328/135/829 329/134/830 343/399/831 342/398/832
s 76
f 245/228/833 217/230/834 345/401/835 344/400/836
s 77
f 331/137/837 330/136/838 347/403/839 346/402/840
s 76
f 256/296/841 266/298/842 349/405/843 348/404/844
s 77
f 334/294/845 333/293/846 351/407/847 350/406/848
s 74
f 267/337/849 255/394/850 352/409/851 353/408/852
s 75
f 332/292/853 335/295/854 355/411/855 354/410/856
s off
f 224/310/857 225/326/858 357/413/859 356/412/860
f 337/312/861 336/311/862 359/415/863 358/414/864
s 74
f 225/326/865 218/395/825 341/396/828 357/413/866
s 75
f 329/134/830 337/312/867 358/414/868 343/399/831
s 76
f 217/230/834 224/310/869 356/412/870 345/401/835
s 77
f 336/311/871 331/137/837 346/402/840 359/415/872
s 74
f 244/336/826 267/337/849 353/408/852 340/397/827
s 75
f 335/295/854 328/135/829 342/398/832 355/411/855
s 76
f 266/298/842 245/228/833 344/400/836 349/405/843
s 77
f 330/136/838 334/294/845 350/406/848 347/403/839
s 74
f 255/394/850 272/368/873 360/416/874 352/409/851
s 75
f 338/363/875 332/292/853 354/410/856 361/417/876
s off
f 272/368/877 273/365/878 362/418/879 360/416/880
f 339/364/881 338/363/882 361/417/883 363/419/884
s 76
f 273/365/885 256/296/841 348/404/844 362/418/886
s 77
f 333/293/846 339/364/887 363/419/888 351/407/847
s off
f 87/18/889 88/580/890 365/578/891 364/47/892
s 23
f 88/121/140 85/120/139 366/49/893 365/48/894
s 1
f 98/17/17 87/18/18 364/47/895 367/50/896
s 23
f 85/120/139 43/577/180 368/576/897 366/49/893
s 6
f 43/45/45 2/46/46 369/156/898 368/155/899
s 1
f 2/46/184 98/17/17 367/50/896 369/156/900
s 80
f 81/197/901 92/613/902 371/611/903 370/52/904
s off
f 92/144/905 93/19/906 372/54/907 371/53/908
s 2
f 93/19/19 95/20/20 373/51/909 372/54/910
s 6
f 1/57/57 41/610/56 375/608/911 374/146/912
s 80
f 41/56/913 81/197/901 370/52/904 375/147/914
s 2
f 95/20/20 1/57/189 374/146/915 373/51/909
s 81
f 125/205/916 399/207/917 400/39/918 376/38/919
s 82
f 102/420/920 125/205/921 376/38/922 379/41/923
s 83
f 128/559/924 129/211/925 383/162/926 382/560/927
f 402/163/928 403/215/929 130/214/930 384/164/931
s 82
f 130/214/932 102/420/920 379/41/923 384/164/933
s 4
f 128/212/934 382/161/195 388/558/290
s 36
f 231/322/550 386/159/242 385/192/241 232/324/551
s 29
f 387/160/192 386/159/191 231/322/547 230/320/546
s 4
f 388/558/290 387/160/194 230/320/542 229/319/545
s 13
f 389/213/294 388/210/293 229/568/541 40/318/540
s 18
f 69/95/124 132/168/203 131/167/202 39/106/125
s 15
f 70/94/104 122/87/97 132/168/204 69/95/105
s 17
f 56/346/607 121/204/275 122/87/277 70/94/608
f 54/347/611 120/203/273 121/204/275 56/346/607
f 55/348/613 119/101/113 120/203/273 54/347/611
f 64/349/615 118/100/110 119/101/113 55/348/613
s 39
f 63/350/617 117/201/270 118/100/269 64/349/618
s 38
f 38/351/621 116/202/266 117/201/265 63/350/622
s 37
f 133/199/260 501/200/263 502/353/626 240/352/625
f 37/62/629 115/198/261 133/199/260 240/352/625
s 6
f 391/169/205 115/198/257 37/62/62 36/152/570
f 35/151/935 134/170/206 391/169/205 36/152/570
s 27
f 96/127/936 392/220/301 134/170/208 35/151/937
f 82/117/938 393/221/302 392/220/301 96/127/936
f 394/224/305 393/221/302 82/117/938 91/116/939
f 147/139/940 395/225/306 394/224/305 91/116/939
f 34/632/941 138/556/317 395/225/306 147/139/940
s 12
f 34/231/558 46/305/526 139/182/220 138/185/223
s 32
f 50/303/521 140/186/225 139/182/224 46/305/522
s 33
f 51/300/517 141/188/229 140/186/228 50/303/518
s 34
f 33/299/513 142/190/233 141/188/232 51/300/514
s 35
f 385/192/237 142/190/236 33/299/555 232/324/554
s 1
f 18/600/16 397/2/2 396/575/24
s 2
f 398/605/28 20/7/7 19/555/21
s 40
f 26/552/942 126/422/943 399/207/283 398/28/282
s 81
f 400/39/918 399/207/917 126/422/944 377/71/945
s 5
f 401/40/40 400/39/39 377/71/946 378/72/947
f 378/72/947 383/162/948 402/163/198 401/40/40
s 83
f 129/211/925 403/215/929 402/163/928 383/162/926
s 42
f 404/216/297 403/215/296 129/211/949 389/213/950
s 56
f 250/273/951 406/276/490 405/275/489 259/274/952
s off
f 407/423/953 408/424/954 409/425/955 410/426/956
f 411/427/957 412/428/958 413/429/959 414/430/960
f 415/431/961 416/432/962 417/433/963 418/434/964
f 419/435/965 420/436/966 421/437/967 422/438/968
s 84
f 423/439/969 424/440/970 425/441/971 426/442/972
f 424/440/970 427/443/973 428/444/974 425/441/971
f 427/443/973 429/445/975 430/446/976 428/444/974
f 429/445/975 423/439/969 426/442/972 430/446/976
f 427/443/973 424/440/970 431/447/977 432/448/978
f 424/440/970 433/449/979 434/450/980 431/447/977
f 433/449/979 435/451/981 436/452/982 434/450/980
f 435/451/981 427/443/973 432/448/978 436/452/982
f 437/453/983 438/454/984 439/455/985 440/456/986
f 438/454/984 427/443/973 441/457/987 439/455/985
f 427/443/973 435/451/981 442/458/988 441/457/987
f 435/451/981 437/453/983 440/456/986 442/458/988
f 438/454/984 443/459/989 444/460/990 445/461/991
f 443/459/989 429/445/975 446/462/992 444/460/990
f 429/445/975 427/443/973 447/463/993 446/462/992
f 427/443/973 438/454/984 445/461/991 447/463/993
s 87
f 390/217/994 404/216/995 424/440/996 423/439/997
s off
f 408/424/998 407/423/999 426/442/1000 425/441/1001
f 409/425/1002 408/424/1003 425/441/1004 428/444/1005
f 410/426/1006 409/425/1007 428/444/1008 430/446/1009
s 88
f 76/464/1010 390/217/1011 423/439/1012 429/445/1013
s off
f 407/423/1014 410/426/1015 430/446/1016 426/442/1017
f 412/428/1018 411/427/1019 432/448/1020 431/447/1021
s 87
f 404/216/995 389/213/1022 433/449/1023 424/440/996
s off
f 413/429/1024 412/428/1025 431/447/1026 434/450/1027
s 89
f 389/213/1028 40/318/1029 435/451/1030 433/449/1031
s off
f 414/430/1032 413/429/1033 434/450/1034 436/452/1035
f 411/427/1036 414/430/1037 436/452/1038 432/448/1039
s 90
f 221/70/1040 448/465/1041 438/454/1042 437/453/1043
s off
f 416/432/1044 415/431/1045 440/456/1046 439/455/1047
f 417/433/1048 416/432/1049 439/455/1050 441/457/1051
f 418/434/1052 417/433/1053 441/457/1054 442/458/1055
s 89
f 40/318/1029 221/70/1056 437/453/1057 435/451/1030
s off
f 415/431/1058 418/434/1059 442/458/1060 440/456/1061
s 90
f 448/465/1041 220/466/1062 443/459/1063 438/454/1042
s off
f 420/436/1064 419/435/1065 445/461/1066 444/460/1067
s 88
f 220/466/1068 76/464/1010 429/445/1013 443/459/1069
s off
f 421/437/1070 420/436/1071 444/460/1072 446/462/1073
f 422/438/1074 421/437/1075 446/462/1076 447/463/1077
f 419/435/1078 422/438/1079 447/463/1080 445/461/1081
f 449/467/1082 450/468/1083 451/469/1084 452/470/1085
f 453/471/1086 454/472/1087 455/473/1088 456/474/1089
f 457/475/1090 458/476/1091 459/477/1092 460/478/1093
f 461/479/1094 462/480/1095 463/481/1096 464/482/1097
s 91
f 465/483/1098 466/484/1099 467/485/1100 468/486/1101
f 466/484/1099 469/487/1102 470/488/1103 467/485/1100
f 469/487/1102 471/489/1104 472/490/1105 470/488/1103
f 471/489/1104 465/483/1098 468/486/1101 472/490/1105
f 469/487/1102 466/484/1099 473/491/1106 474/492/1107
f 466/484/1099 475/493/1108 476/494/1109 473/491/1106
f 475/493/1108 477/495/1110 478/496/1111 476/494/1109
f 477/495/1110 469/487/1102 474/492/1107 478/496/1111
f 479/497/1112 480/498/1113 481/499/1114 482/500/1115
f 480/498/1113 469/487/1102 483/501/1116 481/499/1114
f 469/487/1102 477/495/1110 484/502/1117 483/501/1116
f 477/495/1110 479/497/1112 482/500/1115 484/502/1117
f 480/498/1113 485/503/1118 486/504/1119 487/505/1120
f 485/503/1118 471/489/1104 488/506/1121 486/504/1119
f 471/489/1104 469/487/1102 489/507/1122 488/506/1121
f 469/487/1102 480/498/1113 487/505/1120 489/507/1122
s 94
f 220/466/1123 448/465/1124 466/484/1125 465/483/1126
s off
f 450/468/1127 449/467/1128 468/486/1129 467/485/1130
f 451/469/1131 450/468/1132 467/485/1133 470/488/1134
f 452/470/1135 451/469/1136 470/488/1137 472/490/1138
s 95
f 237/508/1139 220/466/1140 465/483/1141 471/489/1142
s off
f 449/467/1143 452/470/1144 472/490/1145 468/486/1146
f 454/472/1147 453/471/1148 474/492/1149 473/491/1150
s 94
f 448/465/1124 221/70/1151 475/493/1152 466/484/1125
s off
f 455/473/1153 454/472/1154 473/491/1155 476/494/1156
s 96
f 221/70/1157 236/69/1158 477/495/1159 475/493/1160
s off
f 456/474/1161 455/473/1162 476/494/1163 478/496/1164
f 453/471/1165 456/474/1166 478/496/1167 474/492/1168
s 97
f 259/274/1169 405/275/1170 480/498/1171 479/497/1172
s off
f 458/476/1173 457/475/1174 482/500/1175 481/499/1176
f 459/477/1177 458/476/1178 481/499/1179 483/501/1180
f 460/478/1181 459/477/1182 483/501/1183 484/502/1184
s 96
f 236/69/1158 259/274/1185 479/497/1186 477/495/1159
s off
f 457/475/1187 460/478/1188 484/502/1189 482/500/1190
s 97
f 405/275/1170 258/278/1191 485/503/1192 480/498/1171
s off
f 462/480/1193 461/479/1194 487/505/1195 486/504/1196
s 95
f 258/278/1197 237/508/1139 471/489/1142 485/503/1198
s off
f 463/481/1199 462/480/1200 486/504/1201 488/506/1202
f 464/482/1203 463/481/1204 488/506/1205 489/507/1206
f 461/479/1207 464/482/1208 489/507/1209 487/505/1210
f 517/509/1211 505/109/1212 504/108/1213 518/510/1214
f 518/510/1215 514/219/1216 513/218/1217 517/509/1218
s 1
f 491/23/23 490/601/1 6/598/91 14/78/88
f 75/25/25 491/23/23 14/78/88 4/574/87
s 56
f 4/77/1219 252/280/1220 251/277/491 75/573/602
f 492/279/493 251/277/491 252/280/1220 238/105/1221
f 493/511/1222 492/279/493 238/105/1221
f 39/106/1223 494/512/1224 493/511/1222 238/105/1221
s off
f 495/513/1225 494/512/1226 39/106/1227
f 131/167/1228 496/514/1229 495/513/1230 39/106/1231
s 40
f 497/515/1232 496/514/1233 131/167/1234
f 498/516/1235 497/515/1232 131/167/1234 124/104/1236
f 499/206/281 498/516/1235 124/104/1236
f 77/26/279 499/206/281 124/104/1236 3/604/1237
s 2
f 78/27/27 77/603/26 3/91/101 13/84/94
f 500/607/8 78/27/27 13/84/94 5/606/93
s 37
f 5/83/1238 116/202/1239 501/200/263 500/8/264
f 502/353/626 501/200/263 116/202/1239 38/351/1240
f 38/351/1240 6/81/1241 490/1/627 502/353/626
s 99
f 519/517/1242 520/518/1243 521/519/1244 522/520/1245
f 524/521/1246 523/522/1247 525/523/1248 526/524/1249
f 528/525/1250 527/526/1251 529/527/1252 530/528/1253
f 531/529/1254 532/530/1255 533/531/1256 534/532/1257
f 532/530/1255 528/525/1250 530/528/1253 533/531/1256
f 527/526/1251 535/533/1258 536/534/1259 529/527/1252
f 537/535/1260 531/529/1254 534/532/1257 538/536/1261
f 535/533/1258 539/537/1262 540/538/1263 536/534/1259
f 541/539/1264 537/535/1260 538/536/1261 542/540/1265
f 523/522/1247 543/541/1266 544/542/1267 525/523/1248
f 543/541/1266 545/543/1268 546/544/1269 544/542/1267
f 545/543/1268 519/517/1242 522/520/1245 546/544/1269
f 547/545/1270 524/521/1246 526/524/1249 548/546/1271
f 520/518/1243 549/547/1272 550/548/1273 521/519/1244
f 549/547/1272 541/539/1264 542/540/1265 550/548/1273
f 539/537/1262 547/545/1270 548/546/1271 540/538/1263
s 102
f 493/511/1274 494/512/1275 520/518/1276 519/517/1277
s 103
f 504/108/1278 503/107/1279 522/520/1280 521/519/1281
s 104
f 220/466/1282 237/508/1283 523/522/1284 524/521/1285
s 105
f 506/110/1286 505/109/1287 526/524/1288 525/523/1289
s 104
f 125/205/1290 102/420/1291 527/526/1292 528/525/1293
s 105
f 507/112/1294 508/111/1295 530/528/1296 529/527/1297
s 102
f 498/516/1298 499/206/1299 532/530/1300 531/529/1301
s 103
f 510/114/1302 509/113/1303 534/532/1304 533/531/1305
s off
f 499/206/1306 125/205/1307 528/525/1308 532/530/1309
f 508/111/1310 510/114/1311 533/531/1312 530/528/1313
s 104
f 102/420/1291 130/214/1314 535/533/1315 527/526/1292
s 105
f 511/165/1316 507/112/1294 529/527/1297 536/534/1317
s 102
f 497/515/1318 498/516/1298 531/529/1301 537/535/1319
s 103
f 509/113/1303 512/166/1320 538/536/1321 534/532/1304
s 104
f 130/214/1314 390/217/1322 539/537/1323 535/533/1315
s 105
f 513/218/1324 511/165/1316 536/534/1317 540/538/1325
s 102
f 496/514/1326 497/515/1318 537/535/1319 541/539/1327
s 103
f 512/166/1320 514/219/1328 542/540/1329 538/536/1321
s 104
f 237/508/1283 258/278/1330 543/541/1331 523/522/1284
s 105
f 515/331/1332 506/110/1286 525/523/1289 544/542/1333
s off
f 258/278/1334 492/279/1335 545/543/1336 543/541/1337
f 516/332/1338 515/331/1339 544/542/1340 546/544/1341
s 102
f 492/279/1342 493/511/1274 519/517/1277 545/543/1343
s 103
f 503/107/1279 516/332/1344 546/544/1345 522/520/1280
s 104
f 76/464/1346 220/466/1282 524/521/1285 547/545/1347
s 105
f 505/109/1287 517/509/1348 548/546/1349 526/524/1288
s 102
f 494/512/1275 495/513/1350 549/547/1351 520/518/1276
s 103
f 518/510/1352 504/108/1278 521/519/1281 550/548/1353
s 102
f 495/513/1350 496/514/1326 541/539/1327 549/547/1351
s 103
f 514/219/1328 518/510/1352 550/548/1353 542/540/1329
s 104
f 390/217/1322 76/464/1346 547/545/1347 539/537/1323
s 105
f 517/509/1348 513/218/1324 540/538/1325 548/546/1349
s off
f 19/21/1354 24/640/1355 27/639/1356 26/644/1357
f 398/28/1358 19/627/1359 26/552/1360
f 380/33/1361 127/554/1362 30/553/1363 31/209/1364
f 380/33/1365 31/209/1366 101/34/1367
f 377/71/1368 126/422/1369 127/549/1370 380/562/1371
f 126/422/1372 26/552/1373 30/550/1374 127/549/1375
f 26/421/1376 27/208/1377 31/209/1378 30/553/1379
f 28/66/1380 25/643/1381 29/345/1382 32/344/1383
f 250/273/1384 249/631/1385 29/630/1386 25/67/1387
f 396/24/1388 406/276/1389 250/273/1390 25/67/1391
f 396/24/1392 25/67/1393 18/16/1394
