# Blender 4.4.3
# www.blender.org
mtllib peta.mtl
o peta_2
v 849.674805 0.000000 -4430.729492
v 841.590210 0.000000 -3362.382324
v 841.590210 0.000000 -4307.382324
v 841.590210 0.000000 -3047.382324
v 841.590210 0.000000 -2732.382324
v 849.674805 0.000000 -2609.035156
v 873.790283 0.000000 -4551.966309
v 873.790283 0.000000 -2487.798340
v 913.524048 0.000000 -4669.018066
v 913.524048 0.000000 -2370.746582
v 968.196167 0.000000 -4779.882324
v 968.196167 0.000000 -2259.882324
v 1036.871216 0.000000 -4882.661621
v 1036.871216 0.000000 -2157.102783
v 1118.374268 0.000000 -4975.598145
v 1118.374268 0.000000 -2064.166504
v 1156.590210 0.000000 -4307.382324
v 1161.979858 0.000000 -4389.613770
v 1211.310669 0.000000 -5057.101074
v 1178.056885 0.000000 -4470.437988
v 1204.546021 0.000000 -4548.472656
v 1240.994141 0.000000 -4622.382324
v 1314.090210 0.000000 -5125.775879
v 1286.777588 0.000000 -4690.901855
v 1341.112915 0.000000 -4752.859375
v 1424.954346 0.000000 -5180.448242
v 1403.070435 0.000000 -4807.194824
v 1471.590210 0.000000 -4852.978027
v 1542.006104 0.000000 -5220.182129
v 1545.499634 0.000000 -4889.426270
v 1663.242920 0.000000 -5244.297363
v 1623.534180 0.000000 -4915.915527
v 1704.358643 0.000000 -4931.992188
v 1786.590088 0.000000 -5252.382324
v 1786.590088 0.000000 -4937.382324
v 3361.590088 0.000000 -5252.382324
v 2101.590088 0.000000 -4937.382324
v 2416.590088 0.000000 -4937.382324
v 2101.590088 0.000000 -3362.382324
v 2101.590088 0.000000 -3047.382324
v 2101.590088 0.000000 -2584.156250
v 2151.028320 0.000000 -2275.682861
v 2240.327881 0.000000 -2292.379395
v 2330.906006 0.000000 -2285.394775
v 3361.590088 0.000000 -4937.382324
v 3484.937500 0.000000 -5244.297363
v 3443.821777 0.000000 -4931.992188
v 3524.646240 0.000000 -4915.915527
v 3606.174072 0.000000 -5220.182129
v 3602.680664 0.000000 -4889.426270
v 3676.590332 0.000000 -4852.978027
v 3723.226074 0.000000 -5180.448242
v 3745.109863 0.000000 -4807.194824
v 3834.090332 0.000000 -5125.775879
v 3807.067383 0.000000 -4752.859375
v 3861.402832 0.000000 -4690.901855
v 3936.869629 0.000000 -5057.101074
v 3907.186035 0.000000 -4622.382324
v 3943.634277 0.000000 -4548.472656
v 4029.806152 0.000000 -4975.598145
v 3970.123535 0.000000 -4470.437988
v 3986.200195 0.000000 -4389.613770
v 3991.590332 0.000000 -4307.382324
v 3676.590332 0.000000 -3362.382324
v 2416.590088 0.000000 -3047.382324
v 2416.590088 0.000000 -3362.382324
v 3676.590332 0.000000 -3047.382324
v 3799.937500 0.000000 -3354.297607
v 3758.821777 0.000000 -3041.992676
v 3839.645996 0.000000 -3025.915527
v 3921.174316 0.000000 -3330.182129
v 3917.680664 0.000000 -2999.426514
v 3991.590332 0.000000 -2962.978271
v 4038.226074 0.000000 -3290.448486
v 4060.109863 0.000000 -2917.194824
v 4149.090332 0.000000 -3235.776367
v 4122.067383 0.000000 -2862.859619
v 4176.402832 0.000000 -2800.902100
v 4251.869629 0.000000 -3167.101318
v 4222.186035 0.000000 -2732.382324
v 4258.634277 0.000000 -2658.472900
v 4344.806152 0.000000 -3085.598145
v 4285.123535 0.000000 -2580.438232
v 4301.200195 0.000000 -2499.613770
v 4306.590332 0.000000 -2417.382324
v 4306.590332 0.000000 -2102.382324
v 3676.590332 0.000000 -1157.382324
v 2416.590088 0.000000 -842.382263
v 2416.590088 0.000000 -1157.382324
v 3676.590332 0.000000 -842.382263
v 3799.937500 0.000000 -1149.297607
v 3758.821777 0.000000 -836.992493
v 3839.645996 0.000000 -820.915588
v 3921.174316 0.000000 -1125.182129
v 3917.680664 0.000000 -794.426331
v 3991.590332 0.000000 -757.978210
v 4038.226074 0.000000 -1085.448486
v 4060.109863 0.000000 -712.194885
v 4149.090332 0.000000 -1030.776367
v 4122.067383 0.000000 -657.859558
v 4176.402832 0.000000 -595.901978
v 4251.869629 0.000000 -962.101135
v 4222.186035 0.000000 -527.382263
v 4258.634277 0.000000 -453.472839
v 4344.806152 0.000000 -880.598206
v 4285.123535 0.000000 -375.438293
v 4301.200195 0.000000 -294.613770
v 4306.590332 0.000000 -212.382263
v 4306.590332 0.000000 102.617737
v 2416.590088 0.000000 -3992.382568
v 2416.590088 0.000000 -4307.382324
v 5251.590332 0.000000 -3992.382568
v 4306.590332 0.000000 -4307.382324
v 4111.309082 0.000000 -4882.661621
v 4179.984375 0.000000 -4779.882324
v 4234.656250 0.000000 -4669.018066
v 4274.390137 0.000000 -4551.966309
v 4298.505371 0.000000 -4430.729492
v 5251.590332 0.000000 -4307.382324
v 5374.937500 0.000000 -4299.297363
v 5333.821777 0.000000 -3986.992432
v 5414.645996 0.000000 -3970.915771
v 5496.174316 0.000000 -4275.182129
v 5492.680664 0.000000 -3944.426514
v 5566.590332 0.000000 -3907.978271
v 5613.226074 0.000000 -4235.448242
v 5635.109863 0.000000 -3862.195068
v 5724.090332 0.000000 -4180.775879
v 5697.067383 0.000000 -3807.859619
v 5751.402832 0.000000 -3745.902100
v 5826.869629 0.000000 -4112.101074
v 5797.186035 0.000000 -3677.382568
v 5833.634277 0.000000 -3603.472900
v 5919.806152 0.000000 -4030.598389
v 5860.123535 0.000000 -3525.438232
v 5876.200195 0.000000 -3444.613770
v 5881.590332 0.000000 -3362.382324
v 5881.590332 0.000000 -2102.382324
v 5881.590332 0.000000 -1787.382324
v 5881.590332 0.000000 -527.382263
v 5919.806152 0.000000 140.833649
v 6001.309082 0.000000 47.897278
v 6001.309082 0.000000 -3937.661865
v 6069.984375 0.000000 -54.882263
v 6069.984375 0.000000 -3834.882568
v 6124.656250 0.000000 -165.746399
v 6124.656250 0.000000 -3724.018311
v 6164.390137 0.000000 -282.798279
v 6164.390137 0.000000 -3606.966309
v 6188.505371 0.000000 -404.035034
v 6188.505371 0.000000 -3485.729492
v 6196.590332 0.000000 -527.382263
v 6196.590332 0.000000 -3362.382324
v -410.325195 0.000000 -2540.729492
v -418.409821 0.000000 -527.382263
v -418.409821 0.000000 -2417.382324
v -410.325195 0.000000 -404.035034
v -386.209717 0.000000 -282.798279
v -386.209717 0.000000 -2661.966309
v -346.475952 0.000000 -165.746399
v -346.475952 0.000000 -2779.018066
v -291.803833 0.000000 -54.882263
v -291.803833 0.000000 -2889.882324
v -223.128723 0.000000 47.897278
v -223.128723 0.000000 -2992.661865
v -141.625702 0.000000 140.833649
v -141.625702 0.000000 -3085.598145
v -103.409821 0.000000 -527.382263
v -98.020081 0.000000 -445.150757
v -48.689362 0.000000 222.336639
v -103.409821 0.000000 -2417.382324
v -103.409821 0.000000 -1157.382324
v -103.409821 0.000000 -842.382263
v -81.943085 0.000000 -364.326294
v -55.453918 0.000000 -286.291687
v -19.005798 0.000000 -212.382263
v 54.090179 0.000000 291.011719
v 26.777588 0.000000 -143.862549
v 81.112946 0.000000 -81.904999
v 164.954376 0.000000 345.683899
v 143.070465 0.000000 -27.569672
v 211.590179 0.000000 18.213745
v 282.006195 0.000000 385.417633
v 285.499603 0.000000 54.661835
v 403.242950 0.000000 409.533142
v 363.534210 0.000000 81.151001
v 444.358673 0.000000 97.227997
v 526.590210 0.000000 417.617737
v 526.590210 0.000000 102.617737
v 2101.590088 0.000000 102.617737
v 5251.590332 0.000000 417.617737
v 2416.590088 0.000000 102.617737
v 2187.274170 0.000000 -1604.369873
v 2277.852295 0.000000 -1597.385254
v 2367.151855 0.000000 -1614.081787
v 2416.590088 0.000000 -1305.608398
v 4621.590332 0.000000 102.617737
v 4426.309082 0.000000 -787.661804
v 4494.984375 0.000000 -684.882263
v 4549.656250 0.000000 -574.018127
v 4589.390137 0.000000 -456.966248
v 4613.505371 0.000000 -335.729492
v 4621.590332 0.000000 -212.382263
v 5251.590332 0.000000 102.617737
v 5333.821777 0.000000 97.227997
v 5374.937500 0.000000 409.533142
v 5414.645996 0.000000 81.151001
v 5496.174316 0.000000 385.417633
v 5492.680664 0.000000 54.661835
v 5566.590332 0.000000 18.213745
v 5613.226074 0.000000 345.683899
v 5635.109863 0.000000 -27.569672
v 5724.090332 0.000000 291.011719
v 5697.067383 0.000000 -81.904999
v 5751.402832 0.000000 -143.862549
v 5826.869629 0.000000 222.336639
v 5797.186035 0.000000 -212.382263
v 5833.634277 0.000000 -286.291687
v 5860.123535 0.000000 -364.326294
v 5876.200195 0.000000 -445.150757
v 2416.590088 0.000000 -2255.204834
v 2416.590088 0.000000 -2586.328369
v 2559.153564 0.000000 -2536.097412
v 2491.540771 0.000000 -2203.866699
v 2550.650391 0.000000 -2134.879395
v 2589.890625 0.000000 -2052.944092
v 2701.946777 0.000000 -2438.290283
v 2606.587402 0.000000 -1963.644531
v 2621.065918 0.000000 -1389.412354
v 2752.498047 0.000000 -1502.025635
v 2814.560303 0.000000 -2306.857910
v 2850.305420 0.000000 -1644.819092
v 2889.319092 0.000000 -2150.757812
v 2900.536133 0.000000 -1787.382324
v 2898.364258 0.000000 -2102.382324
v 4621.590332 0.000000 -2102.382324
v 4426.309082 0.000000 -2992.661865
v 4494.984375 0.000000 -2889.882324
v 4549.656250 0.000000 -2779.018066
v 4589.390137 0.000000 -2661.966309
v 4613.505371 0.000000 -2540.729492
v 4621.590332 0.000000 -2417.382324
v 2449.087402 0.000000 -1653.322021
v 2464.965576 0.000000 -1314.653320
v 2518.074707 0.000000 -1712.431641
v 2569.412598 0.000000 -1787.382324
v 2599.602539 0.000000 -1873.066406
v 1161.979858 0.000000 -2650.150879
v 1211.310669 0.000000 -1982.663330
v 1156.590210 0.000000 -2732.382324
v 1156.590210 0.000000 -3362.382324
v 1156.590210 0.000000 -3047.382324
v 1178.056885 0.000000 -2569.326416
v 1204.546021 0.000000 -2491.291748
v 1240.994141 0.000000 -2417.382324
v 1314.090210 0.000000 -1913.988281
v 1286.777588 0.000000 -2348.862549
v 1341.112915 0.000000 -2286.905029
v 1424.954346 0.000000 -1859.316162
v 1403.070435 0.000000 -2232.569824
v 1471.590210 0.000000 -2186.786377
v 1542.006104 0.000000 -1819.582520
v 1545.499634 0.000000 -2150.338135
v 1616.568604 0.000000 -1804.750977
v 1623.534180 0.000000 -2123.849121
v 1628.861084 0.000000 -1739.006836
v 1625.098145 0.000000 -2123.538086
v 1667.875000 0.000000 -2244.945557
v 1703.620117 0.000000 -1582.906494
v 1765.682373 0.000000 -2387.739014
v 1816.233398 0.000000 -1451.474365
v 1897.114502 0.000000 -2500.352295
v 1911.593018 0.000000 -1926.120117
v 1959.026855 0.000000 -1353.667236
v 1928.289795 0.000000 -1836.820557
v 1967.530029 0.000000 -1754.885254
v 2101.590088 0.000000 -1303.436279
v 2026.639404 0.000000 -1685.897949
v 2101.590088 0.000000 -1634.559814
v 2101.590088 0.000000 -1157.382324
v 2101.590088 0.000000 -842.382263
v 1918.577637 0.000000 -2016.698242
v 2053.214844 0.000000 -2575.111328
v 1948.767822 0.000000 -2102.382324
v 2000.105713 0.000000 -2177.333008
v 2069.093018 0.000000 -2236.442627
v -98.020081 0.000000 -2499.613770
v -48.689362 0.000000 -3167.101318
v -81.943085 0.000000 -2580.438232
v -55.453918 0.000000 -2658.472900
v -19.005798 0.000000 -2732.382324
v 54.090179 0.000000 -3235.776367
v 26.777588 0.000000 -2800.902100
v 81.112946 0.000000 -2862.859619
v 164.954376 0.000000 -3290.448486
v 143.070465 0.000000 -2917.194824
v 211.590179 0.000000 -2962.978271
v 282.006195 0.000000 -3330.182129
v 285.499603 0.000000 -2999.426514
v 403.242950 0.000000 -3354.297607
v 363.534210 0.000000 -3025.915527
v 444.358673 0.000000 -3041.992676
v 526.590210 0.000000 -3362.382324
v 526.590210 0.000000 -3047.382324
v -410.325195 5.000000 -404.035034
v -418.409821 5.000000 -2417.382324
v -418.409821 5.000000 -527.382263
v -410.325195 5.000000 -2540.729492
v -386.209717 5.000000 -282.798279
v -386.209717 5.000000 -2661.966309
v -346.475952 5.000000 -165.746399
v -346.475952 5.000000 -2779.018066
v -291.803833 5.000000 -54.882263
v -291.803833 5.000000 -2889.882324
v -223.128723 5.000000 47.897278
v -223.128723 5.000000 -2992.661865
v -141.625702 5.000000 140.833649
v -141.625702 5.000000 -3085.598145
v -103.409821 5.000000 -527.382263
v -98.020081 5.000000 -445.150757
v -48.689362 5.000000 222.336639
v -81.943085 5.000000 -364.326294
v -55.453918 5.000000 -286.291687
v -19.005798 5.000000 -212.382263
v 54.090179 5.000000 291.011719
v 26.777588 5.000000 -143.862549
v 81.112946 5.000000 -81.904999
v 164.954376 5.000000 345.683899
v 143.070465 5.000000 -27.569672
v 211.590179 5.000000 18.213745
v 282.006195 5.000000 385.417633
v 285.499603 5.000000 54.661835
v 403.242950 5.000000 409.533142
v 363.534210 5.000000 81.151001
v 444.358673 5.000000 97.227997
v 526.590210 5.000000 417.617737
v 526.590210 5.000000 102.617737
v 5251.590332 5.000000 417.617737
v 2101.590088 5.000000 102.617737
v 2416.590088 5.000000 102.617737
v 2101.590088 5.000000 -842.382263
v 2101.590088 5.000000 -1157.382324
v 2101.590088 5.000000 -1303.436279
v 2101.590088 5.000000 -1634.559814
v 2187.274170 5.000000 -1604.369873
v 2277.852295 5.000000 -1597.385254
v 2367.151855 5.000000 -1614.081787
v 4306.590332 5.000000 102.617737
v 4621.590332 5.000000 102.617737
v 4344.806152 5.000000 -880.598206
v 4426.309082 5.000000 -787.661804
v 4494.984375 5.000000 -684.882263
v 4549.656250 5.000000 -574.018127
v 4589.390137 5.000000 -456.966248
v 4613.505371 5.000000 -335.729492
v 4621.590332 5.000000 -212.382263
v 5251.590332 5.000000 102.617737
v 5374.937500 5.000000 409.533142
v 5333.821777 5.000000 97.227997
v 5414.645996 5.000000 81.151001
v 5496.174316 5.000000 385.417633
v 5492.680664 5.000000 54.661835
v 5566.590332 5.000000 18.213745
v 5613.226074 5.000000 345.683899
v 5635.109863 5.000000 -27.569672
v 5724.090332 5.000000 291.011719
v 5697.067383 5.000000 -81.904999
v 5751.402832 5.000000 -143.862549
v 5826.869629 5.000000 222.336639
v 5797.186035 5.000000 -212.382263
v 5833.634277 5.000000 -286.291687
v 5919.806152 5.000000 140.833649
v 5860.123535 5.000000 -364.326294
v 5876.200195 5.000000 -445.150757
v 5881.590332 5.000000 -527.382263
v 5881.590332 5.000000 -1787.382324
v 5881.590332 5.000000 -2102.382324
v 5881.590332 5.000000 -3362.382324
v 5251.590332 5.000000 -3992.382568
v 2416.590088 5.000000 -4307.382324
v 2416.590088 5.000000 -3992.382568
v 3991.590332 5.000000 -4307.382324
v 4306.590332 5.000000 -4307.382324
v 4029.806152 5.000000 -4975.598145
v 4111.309082 5.000000 -4882.661621
v 4179.984375 5.000000 -4779.882324
v 4234.656250 5.000000 -4669.018066
v 4274.390137 5.000000 -4551.966309
v 4298.505371 5.000000 -4430.729492
v 5251.590332 5.000000 -4307.382324
v 5333.821777 5.000000 -3986.992432
v 5374.937500 5.000000 -4299.297363
v 5414.645996 5.000000 -3970.915771
v 5496.174316 5.000000 -4275.182129
v 5492.680664 5.000000 -3944.426514
v 5566.590332 5.000000 -3907.978271
v 5613.226074 5.000000 -4235.448242
v 5635.109863 5.000000 -3862.195068
v 5724.090332 5.000000 -4180.775879
v 5697.067383 5.000000 -3807.859619
v 5751.402832 5.000000 -3745.902100
v 5826.869629 5.000000 -4112.101074
v 5797.186035 5.000000 -3677.382568
v 5833.634277 5.000000 -3603.472900
v 5919.806152 5.000000 -4030.598389
v 5860.123535 5.000000 -3525.438232
v 5876.200195 5.000000 -3444.613770
v 6001.309082 5.000000 47.897278
v 6001.309082 5.000000 -3937.661865
v 6069.984375 5.000000 -54.882263
v 6069.984375 5.000000 -3834.882568
v 6124.656250 5.000000 -165.746399
v 6124.656250 5.000000 -3724.018311
v 6164.390137 5.000000 -282.798279
v 6164.390137 5.000000 -3606.966309
v 6188.505371 5.000000 -404.035034
v 6188.505371 5.000000 -3485.729492
v 6196.590332 5.000000 -527.382263
v 6196.590332 5.000000 -3362.382324
v 2491.540771 5.000000 -2203.866699
v 2416.590088 5.000000 -2586.328369
v 2416.590088 5.000000 -2255.204834
v 2559.153564 5.000000 -2536.097412
v 2550.650391 5.000000 -2134.879395
v 2589.890625 5.000000 -2052.944092
v 2701.946777 5.000000 -2438.290283
v 2606.587402 5.000000 -1963.644531
v 2621.065918 5.000000 -1389.412354
v 2752.498047 5.000000 -1502.025635
v 2814.560303 5.000000 -2306.857910
v 2850.305420 5.000000 -1644.819092
v 2889.319092 5.000000 -2150.757812
v 2900.536133 5.000000 -1787.382324
v 2898.364258 5.000000 -2102.382324
v 4306.590332 5.000000 -2102.382324
v 4621.590332 5.000000 -2102.382324
v 4306.590332 5.000000 -2417.382324
v 4344.806152 5.000000 -3085.598145
v 4426.309082 5.000000 -2992.661865
v 4494.984375 5.000000 -2889.882324
v 4549.656250 5.000000 -2779.018066
v 4589.390137 5.000000 -2661.966309
v 4613.505371 5.000000 -2540.729492
v 4621.590332 5.000000 -2417.382324
v 2416.590088 5.000000 -1305.608398
v 2449.087402 5.000000 -1653.322021
v 2416.590088 5.000000 -842.382263
v 2416.590088 5.000000 -1157.382324
v 2464.965576 5.000000 -1314.653320
v 2518.074707 5.000000 -1712.431641
v 2569.412598 5.000000 -1787.382324
v 2599.602539 5.000000 -1873.066406
v 3676.590332 5.000000 -842.382263
v 3676.590332 5.000000 -1157.382324
v 3758.821777 5.000000 -836.992493
v 3799.937500 5.000000 -1149.297607
v 3839.645996 5.000000 -820.915588
v 3921.174316 5.000000 -1125.182129
v 3917.680664 5.000000 -794.426331
v 3991.590332 5.000000 -757.978210
v 4038.226074 5.000000 -1085.448486
v 4060.109863 5.000000 -712.194885
v 4149.090332 5.000000 -1030.776367
v 4122.067383 5.000000 -657.859558
v 4176.402832 5.000000 -595.901978
v 4251.869629 5.000000 -962.101135
v 4222.186035 5.000000 -527.382263
v 4258.634277 5.000000 -453.472839
v 4285.123535 5.000000 -375.438293
v 4301.200195 5.000000 -294.613770
v 4306.590332 5.000000 -212.382263
v 3676.590332 5.000000 -3047.382324
v 2416.590088 5.000000 -3362.382324
v 2416.590088 5.000000 -3047.382324
v 3676.590332 5.000000 -3362.382324
v 3758.821777 5.000000 -3041.992676
v 3799.937500 5.000000 -3354.297607
v 3839.645996 5.000000 -3025.915527
v 3921.174316 5.000000 -3330.182129
v 3917.680664 5.000000 -2999.426514
v 3991.590332 5.000000 -2962.978271
v 4038.226074 5.000000 -3290.448486
v 4060.109863 5.000000 -2917.194824
v 4149.090332 5.000000 -3235.776367
v 4122.067383 5.000000 -2862.859619
v 4176.402832 5.000000 -2800.902100
v 4251.869629 5.000000 -3167.101318
v 4222.186035 5.000000 -2732.382324
v 4258.634277 5.000000 -2658.472900
v 4285.123535 5.000000 -2580.438232
v 4301.200195 5.000000 -2499.613770
v 849.674805 5.000000 -2609.035156
v 841.590210 5.000000 -3047.382324
v 841.590210 5.000000 -2732.382324
v 841.590210 5.000000 -3362.382324
v 841.590210 5.000000 -4307.382324
v 849.674805 5.000000 -4430.729492
v 873.790283 5.000000 -2487.798340
v 873.790283 5.000000 -4551.966309
v 913.524048 5.000000 -2370.746582
v 913.524048 5.000000 -4669.018066
v 968.196167 5.000000 -2259.882324
v 968.196167 5.000000 -4779.882324
v 1036.871216 5.000000 -4882.661621
v 1036.871216 5.000000 -2157.102783
v 1118.374268 5.000000 -4975.598145
v 1118.374268 5.000000 -2064.166504
v 1156.590210 5.000000 -4307.382324
v 1161.979858 5.000000 -4389.613770
v 1211.310669 5.000000 -5057.101074
v 1156.590210 5.000000 -2732.382324
v 1156.590210 5.000000 -3047.382324
v 1156.590210 5.000000 -3362.382324
v 1178.056885 5.000000 -4470.437988
v 1204.546021 5.000000 -4548.472656
v 1240.994141 5.000000 -4622.382324
v 1314.090210 5.000000 -5125.775879
v 1286.777588 5.000000 -4690.901855
v 1341.112915 5.000000 -4752.859375
v 1424.954346 5.000000 -5180.448242
v 1403.070435 5.000000 -4807.194824
v 1471.590210 5.000000 -4852.978027
v 1542.006104 5.000000 -5220.182129
v 1545.499634 5.000000 -4889.426270
v 1663.242920 5.000000 -5244.297363
v 1623.534180 5.000000 -4915.915527
v 1704.358643 5.000000 -4931.992188
v 1786.590088 5.000000 -5252.382324
v 1786.590088 5.000000 -4937.382324
v 2101.590088 5.000000 -4937.382324
v 3361.590088 5.000000 -5252.382324
v 2416.590088 5.000000 -4937.382324
v 2151.028320 5.000000 -2275.682861
v 2240.327881 5.000000 -2292.379395
v 2330.906006 5.000000 -2285.394775
v 3361.590088 5.000000 -4937.382324
v 3443.821777 5.000000 -4931.992188
v 3484.937500 5.000000 -5244.297363
v 3524.646240 5.000000 -4915.915527
v 3606.174072 5.000000 -5220.182129
v 3602.680664 5.000000 -4889.426270
v 3676.590332 5.000000 -4852.978027
v 3723.226074 5.000000 -5180.448242
v 3745.109863 5.000000 -4807.194824
v 3834.090332 5.000000 -5125.775879
v 3807.067383 5.000000 -4752.859375
v 3861.402832 5.000000 -4690.901855
v 3936.869629 5.000000 -5057.101074
v 3907.186035 5.000000 -4622.382324
v 3943.634277 5.000000 -4548.472656
v 3970.123535 5.000000 -4470.437988
v 3986.200195 5.000000 -4389.613770
v -98.020081 5.000000 -2499.613770
v -48.689362 5.000000 -3167.101318
v -103.409821 5.000000 -2417.382324
v -103.409821 5.000000 -842.382263
v -103.409821 5.000000 -1157.382324
v -81.943085 5.000000 -2580.438232
v -55.453918 5.000000 -2658.472900
v -19.005798 5.000000 -2732.382324
v 54.090179 5.000000 -3235.776367
v 26.777588 5.000000 -2800.902100
v 81.112946 5.000000 -2862.859619
v 164.954376 5.000000 -3290.448486
v 143.070465 5.000000 -2917.194824
v 211.590179 5.000000 -2962.978271
v 282.006195 5.000000 -3330.182129
v 285.499603 5.000000 -2999.426514
v 403.242950 5.000000 -3354.297607
v 363.534210 5.000000 -3025.915527
v 444.358673 5.000000 -3041.992676
v 526.590210 5.000000 -3362.382324
v 526.590210 5.000000 -3047.382324
v 1897.114502 5.000000 -2500.352295
v 1918.577637 5.000000 -2016.698242
v 2053.214844 5.000000 -2575.111328
v 1911.593018 5.000000 -1926.120117
v 1948.767822 5.000000 -2102.382324
v 2000.105713 5.000000 -2177.333008
v 2069.093018 5.000000 -2236.442627
v 2101.590088 5.000000 -2584.156250
v 2101.590088 5.000000 -3047.382324
v 2101.590088 5.000000 -3362.382324
v 1161.979858 5.000000 -2650.150879
v 1211.310669 5.000000 -1982.663330
v 1178.056885 5.000000 -2569.326416
v 1204.546021 5.000000 -2491.291748
v 1240.994141 5.000000 -2417.382324
v 1314.090210 5.000000 -1913.988281
v 1286.777588 5.000000 -2348.862549
v 1341.112915 5.000000 -2286.905029
v 1424.954346 5.000000 -1859.316162
v 1403.070435 5.000000 -2232.569824
v 1471.590210 5.000000 -2186.786377
v 1542.006104 5.000000 -1819.582520
v 1545.499634 5.000000 -2150.338135
v 1616.568604 5.000000 -1804.750977
v 1623.534180 5.000000 -2123.849121
v 1628.861084 5.000000 -1739.006836
v 1625.098145 5.000000 -2123.538086
v 1667.875000 5.000000 -2244.945557
v 1703.620117 5.000000 -1582.906494
v 1765.682373 5.000000 -2387.739014
v 1816.233398 5.000000 -1451.474365
v 1959.026855 5.000000 -1353.667236
v 1928.289795 5.000000 -1836.820557
v 1967.530029 5.000000 -1754.885254
v 2026.639404 5.000000 -1685.897949
v -79.409821 0.000000 -818.382263
v 2077.590088 0.000000 -818.382263
v 2077.590088 0.000000 78.617737
v -74.225403 0.000000 -448.283386
v -79.409821 0.000000 -527.382263
v -58.760864 0.000000 -370.537903
v -33.280792 0.000000 -295.476135
v 1.778809 0.000000 -224.382263
v 45.818085 0.000000 -158.472839
v 98.083466 0.000000 -98.875549
v 157.680756 0.000000 -46.610138
v 223.590179 0.000000 -2.570862
v 294.684052 0.000000 32.488739
v 369.745880 0.000000 57.968781
v 447.491302 0.000000 73.433319
v 526.590210 0.000000 78.617737
v 2440.590088 0.000000 -818.382263
v 3676.590332 0.000000 -818.382263
v 3755.688965 0.000000 -813.197815
v 3833.434570 0.000000 -797.733337
v 3908.496094 0.000000 -772.253235
v 3979.590332 0.000000 -737.193665
v 4045.499512 0.000000 -693.154358
v 4105.096680 0.000000 -640.888977
v 4157.362305 0.000000 -581.291687
v 4201.401367 0.000000 -515.382263
v 4236.460938 0.000000 -444.288452
v 4261.941406 0.000000 -369.226624
v 4277.405762 0.000000 -291.481140
v 4282.590332 0.000000 -212.382263
v 4282.590332 0.000000 78.617737
v 2440.590088 0.000000 78.617737
v 2440.590088 0.000000 -1285.679688
v 2472.482422 0.000000 -1291.642822
v 2634.281982 0.000000 -1369.131348
v 2770.512939 0.000000 -1485.856445
v 2871.891357 0.000000 -1633.863281
v 2917.526123 0.000000 -1763.382324
v 5857.590332 0.000000 -1763.382324
v 5857.590332 0.000000 -527.382263
v 2440.590088 0.000000 -1181.382324
v 3676.590332 0.000000 -1181.382324
v 3803.069824 0.000000 -1173.092285
v 3927.385742 0.000000 -1148.364502
v 4047.410645 0.000000 -1107.621582
v 4161.090332 0.000000 -1051.560791
v 4266.479980 0.000000 -981.141663
v 4361.776855 0.000000 -897.568787
v 4445.349609 0.000000 -802.272034
v 4515.768555 0.000000 -696.882263
v 4571.829590 0.000000 -583.202515
v 4612.572266 0.000000 -463.177917
v 4637.300293 0.000000 -338.862122
v 4645.590332 0.000000 78.617737
v 4645.590332 0.000000 -212.382263
v 5251.590332 0.000000 78.617737
v 5330.688965 0.000000 73.433319
v 5408.434570 0.000000 57.968781
v 5483.496094 0.000000 32.488739
v 5554.590332 0.000000 -2.570862
v 5620.499512 0.000000 -46.610138
v 5680.096680 0.000000 -98.875549
v 5732.362305 0.000000 -158.472839
v 5776.401367 0.000000 -224.382263
v 5811.460938 0.000000 -295.476135
v 5836.941406 0.000000 -370.537903
v 5852.405762 0.000000 -448.283386
v -79.409821 0.000000 -2417.382324
v -79.409821 0.000000 -1181.382324
v -74.225403 0.000000 -2496.481201
v -58.760864 0.000000 -2574.226562
v -33.280792 0.000000 -2649.288574
v 1.778809 0.000000 -2720.382324
v 45.818085 0.000000 -2786.291748
v 98.083466 0.000000 -2845.888916
v 157.680756 0.000000 -2898.154541
v 223.590179 0.000000 -2942.193604
v 294.684052 0.000000 -2977.253418
v 369.745880 0.000000 -3002.733398
v 447.491302 0.000000 -3018.197998
v 526.590210 0.000000 -3023.382324
v 817.590210 0.000000 -3023.382324
v 817.590210 0.000000 -2731.596680
v 825.828979 0.000000 -2605.895752
v 850.558350 0.000000 -2481.573242
v 891.303345 0.000000 -2361.542480
v 947.366943 0.000000 -2247.856689
v 1017.789917 0.000000 -2142.461182
v 1101.367310 0.000000 -2047.159424
v 1196.668945 0.000000 -1963.582031
v 1302.064453 0.000000 -1893.159180
v 1415.750244 0.000000 -1837.095459
v 1535.781128 0.000000 -1796.350342
v 1595.961670 0.000000 -1784.379883
v 1605.850586 0.000000 -1731.490234
v 1683.339111 0.000000 -1569.690430
v 1800.064209 0.000000 -1433.459473
v 1948.071045 0.000000 -1332.081055
v 2077.590088 0.000000 -1286.446289
v 2077.590088 0.000000 -1181.382324
v 1180.590210 0.000000 -3023.382324
v 2077.590088 0.000000 -3023.382324
v 2077.590088 0.000000 -2604.084961
v 1185.825684 0.000000 -2653.290283
v 1180.590210 0.000000 -2733.167969
v 1201.288818 0.000000 -2575.551270
v 1226.766724 0.000000 -2500.495850
v 1261.823364 0.000000 -2429.407959
v 1305.858887 0.000000 -2363.504150
v 1358.119873 0.000000 -2303.912109
v 1417.712036 0.000000 -2251.651123
v 1483.615967 0.000000 -2207.615479
v 1554.703735 0.000000 -2172.558838
v 1610.277344 0.000000 -2153.694336
v 1646.289062 0.000000 -2255.901367
v 1747.667236 0.000000 -2403.908203
v 1883.898193 0.000000 -2520.633301
v 2045.697998 0.000000 -2598.121826
v 2440.590088 0.000000 -3023.382324
v 3676.590332 0.000000 -3023.382324
v 3755.688965 0.000000 -3018.197998
v 3833.434570 0.000000 -3002.733398
v 3908.496094 0.000000 -2977.253418
v 3979.590332 0.000000 -2942.193604
v 4045.499512 0.000000 -2898.154541
v 4105.096680 0.000000 -2845.888916
v 4157.362305 0.000000 -2786.291748
v 4201.401367 0.000000 -2720.382324
v 4236.460938 0.000000 -2649.288574
v 4261.941406 0.000000 -2574.226562
v 4277.405762 0.000000 -2496.481201
v 4282.590332 0.000000 -2417.382324
v 4282.590332 0.000000 -2126.382324
v 2440.590088 0.000000 -2603.318359
v 2570.109131 0.000000 -2557.683594
v 2718.115967 0.000000 -2456.305176
v 2834.841064 0.000000 -2320.074219
v 2912.329590 0.000000 -2158.274414
v 2918.292725 0.000000 -2126.382324
v 2440.590088 0.000000 -3968.382568
v 5251.590332 0.000000 -3968.382568
v 5330.688965 0.000000 -3963.197998
v 5408.434570 0.000000 -3947.733154
v 5483.496094 0.000000 -3922.253174
v 5554.590332 0.000000 -3887.193604
v 5620.499512 0.000000 -3843.154541
v 5680.096680 0.000000 -3790.888916
v 5732.362305 0.000000 -3731.291748
v 5776.401367 0.000000 -3665.382324
v 5811.460938 0.000000 -3594.288574
v 5836.941406 0.000000 -3519.226562
v 5852.405762 0.000000 -3441.481201
v 5857.590332 0.000000 -3362.382324
v 5857.590332 0.000000 -2126.382324
v 2440.590088 0.000000 -3386.382324
v 3676.590332 0.000000 -3386.382324
v 3803.069824 0.000000 -3378.092285
v 3927.385742 0.000000 -3353.364502
v 4047.410645 0.000000 -3312.621582
v 4161.090332 0.000000 -3256.561035
v 4266.479980 0.000000 -3186.141602
v 4361.776855 0.000000 -3102.568848
v 4445.349609 0.000000 -3007.272217
v 4515.768555 0.000000 -2901.882324
v 4571.829590 0.000000 -2788.202637
v 4612.572266 0.000000 -2668.177979
v 4637.300293 0.000000 -2543.862305
v 4645.590332 0.000000 -2126.382324
v 4645.590332 0.000000 -2417.382324
v 2440.590088 0.000000 -4913.382324
v 3360.804443 0.000000 -4913.382324
v 3440.682373 0.000000 -4908.146484
v 3518.421143 0.000000 -4892.683594
v 3593.476562 0.000000 -4867.205566
v 3664.564453 0.000000 -4832.148926
v 3730.468262 0.000000 -4788.113281
v 3790.060547 0.000000 -4735.852539
v 3842.321289 0.000000 -4676.260254
v 3886.356934 0.000000 -4610.356445
v 3921.413574 0.000000 -4539.268555
v 3946.891602 0.000000 -4464.212891
v 3962.354492 0.000000 -4386.474121
v 3965.965820 0.000000 -4331.382324
v 2440.590088 0.000000 -4331.382324
v 1185.774536 0.000000 -4386.480957
v 1180.590210 0.000000 -4307.382324
v 1201.239136 0.000000 -4464.226562
v 1226.719116 0.000000 -4539.288086
v 1261.778809 0.000000 -4610.382324
v 1305.817993 0.000000 -4676.291504
v 1358.083496 0.000000 -4735.888672
v 1417.680786 0.000000 -4788.154297
v 1483.590210 0.000000 -4832.193359
v 1554.683960 0.000000 -4867.252930
v 1629.745850 0.000000 -4892.732910
v 1707.491211 0.000000 -4908.197754
v 1786.590088 0.000000 -4913.382324
v 2077.590088 0.000000 -4913.382324
v 2077.590088 0.000000 -3386.382324
v 1180.590210 0.000000 -3386.382324
v 825.828979 12.000000 -2605.895752
v 817.590210 12.000000 -3023.382324
v 817.590210 12.000000 -2731.596680
v -103.409821 12.000000 -1157.382324
v -79.409821 12.000000 -1181.382324
v -103.409821 12.000000 -2417.382324
v 2101.590088 12.000000 -1157.382324
v -98.020081 12.000000 -2499.613770
v -81.943085 12.000000 -2580.438232
v 2077.590088 12.000000 -1181.382324
v 2077.590088 12.000000 -1286.446289
v 850.558350 12.000000 -2481.573242
v 841.590210 12.000000 -2732.382324
v 849.674805 12.000000 -2609.035156
v 873.790283 12.000000 -2487.798340
v 891.303345 12.000000 -2361.542480
v 913.524048 12.000000 -2370.746582
v 947.366943 12.000000 -2247.856689
v 968.196167 12.000000 -2259.882324
v 1017.789917 12.000000 -2142.461182
v 1036.871216 12.000000 -2157.102783
v 1101.367310 12.000000 -2047.159424
v 1118.374268 12.000000 -2064.166504
v 1196.668945 12.000000 -1963.582031
v 1211.310669 12.000000 -1982.663330
v 1302.064453 12.000000 -1893.159180
v 1314.090210 12.000000 -1913.988281
v 1415.750244 12.000000 -1837.095459
v 1424.954346 12.000000 -1859.316162
v 1535.781128 12.000000 -1796.350342
v 1542.006104 12.000000 -1819.582520
v 1595.961670 12.000000 -1784.379883
v 1616.568604 12.000000 -1804.750977
v 1605.850586 12.000000 -1731.490234
v 1628.861084 12.000000 -1739.006836
v 1683.339111 12.000000 -1569.690430
v 1703.620117 12.000000 -1582.906494
v 1800.064209 12.000000 -1433.459473
v 1816.233398 12.000000 -1451.474365
v 1948.071045 12.000000 -1332.081055
v 1959.026855 12.000000 -1353.667236
v 2101.590088 12.000000 -1303.436279
v -74.225403 12.000000 -2496.481201
v -55.453918 12.000000 -2658.472900
v -79.409821 12.000000 -2417.382324
v -58.760864 12.000000 -2574.226562
v -33.280792 12.000000 -2649.288574
v -19.005798 12.000000 -2732.382324
v 1.778809 12.000000 -2720.382324
v 26.777588 12.000000 -2800.902100
v 45.818085 12.000000 -2786.291748
v 81.112946 12.000000 -2862.859619
v 98.083466 12.000000 -2845.888916
v 143.070465 12.000000 -2917.194824
v 157.680756 12.000000 -2898.154541
v 211.590179 12.000000 -2962.978271
v 223.590179 12.000000 -2942.193604
v 285.499603 12.000000 -2999.426514
v 294.684052 12.000000 -2977.253418
v 363.534210 12.000000 -3025.915527
v 369.745880 12.000000 -3002.733398
v 444.358673 12.000000 -3041.992676
v 447.491302 12.000000 -3018.197998
v 526.590210 12.000000 -3047.382324
v 526.590210 12.000000 -3023.382324
v 841.590210 12.000000 -3047.382324
v 1178.056885 12.000000 -2569.326416
v 1185.825684 12.000000 -2653.290283
v 1180.590210 12.000000 -2733.167969
v 1204.546021 12.000000 -2491.291748
v 1201.288818 12.000000 -2575.551270
v 1226.766724 12.000000 -2500.495850
v 1240.994141 12.000000 -2417.382324
v 1261.823364 12.000000 -2429.407959
v 1286.777588 12.000000 -2348.862549
v 1305.858887 12.000000 -2363.504150
v 1341.112915 12.000000 -2286.905029
v 1358.119873 12.000000 -2303.912109
v 1403.070435 12.000000 -2232.569824
v 1417.712036 12.000000 -2251.651123
v 1471.590210 12.000000 -2186.786377
v 1483.615967 12.000000 -2207.615479
v 1545.499634 12.000000 -2150.338135
v 1554.703735 12.000000 -2172.558838
v 1623.534180 12.000000 -2123.849121
v 1610.277344 12.000000 -2153.694336
v 1646.289062 12.000000 -2255.901367
v 1625.098145 12.000000 -2123.538086
v 1667.875000 12.000000 -2244.945557
v 1747.667236 12.000000 -2403.908203
v 1765.682373 12.000000 -2387.739014
v 1883.898193 12.000000 -2520.633301
v 1897.114502 12.000000 -2500.352295
v 2045.697998 12.000000 -2598.121826
v 2053.214844 12.000000 -2575.111328
v 2077.590088 12.000000 -2604.084961
v 2101.590088 12.000000 -2584.156250
v 2077.590088 12.000000 -3023.382324
v 1161.979858 12.000000 -2650.150879
v 1156.590210 12.000000 -3047.382324
v 1156.590210 12.000000 -2732.382324
v 1180.590210 12.000000 -3023.382324
v 2101.590088 12.000000 -3047.382324
v 2416.590088 12.000000 -2586.328369
v 2440.590088 12.000000 -2603.318359
v 2416.590088 12.000000 -3047.382324
v 2559.153564 12.000000 -2536.097412
v 2570.109131 12.000000 -2557.683594
v 2701.946777 12.000000 -2438.290283
v 2718.115967 12.000000 -2456.305176
v 2814.560303 12.000000 -2306.857910
v 2834.841064 12.000000 -2320.074219
v 2889.319092 12.000000 -2150.757812
v 2912.329590 12.000000 -2158.274414
v 2898.364258 12.000000 -2102.382324
v 2918.292725 12.000000 -2126.382324
v 4306.590332 12.000000 -2102.382324
v 4282.590332 12.000000 -2126.382324
v 4282.590332 12.000000 -2417.382324
v 4285.123535 12.000000 -2580.438232
v 4301.200195 12.000000 -2499.613770
v 4306.590332 12.000000 -2417.382324
v 2440.590088 12.000000 -3023.382324
v 3676.590332 12.000000 -3047.382324
v 3676.590332 12.000000 -3023.382324
v 3755.688965 12.000000 -3018.197998
v 3758.821777 12.000000 -3041.992676
v 3833.434570 12.000000 -3002.733398
v 3839.645996 12.000000 -3025.915527
v 3908.496094 12.000000 -2977.253418
v 3917.680664 12.000000 -2999.426514
v 3979.590332 12.000000 -2942.193604
v 3991.590332 12.000000 -2962.978271
v 4045.499512 12.000000 -2898.154541
v 4060.109863 12.000000 -2917.194824
v 4105.096680 12.000000 -2845.888916
v 4122.067383 12.000000 -2862.859619
v 4157.362305 12.000000 -2786.291748
v 4176.402832 12.000000 -2800.902100
v 4201.401367 12.000000 -2720.382324
v 4222.186035 12.000000 -2732.382324
v 4236.460938 12.000000 -2649.288574
v 4258.634277 12.000000 -2658.472900
v 4261.941406 12.000000 -2574.226562
v 4277.405762 12.000000 -2496.481201
v 4621.590332 12.000000 102.617737
v 4645.590332 12.000000 78.617737
v 4621.590332 12.000000 -212.382263
v 5251.590332 12.000000 102.617737
v 4637.300293 12.000000 -338.862122
v 4645.590332 12.000000 -212.382263
v 5251.590332 12.000000 78.617737
v 5333.821777 12.000000 97.227997
v 5330.688965 12.000000 73.433319
v 5408.434570 12.000000 57.968781
v 5414.645996 12.000000 81.151001
v 5483.496094 12.000000 32.488739
v 5492.680664 12.000000 54.661835
v 5554.590332 12.000000 -2.570862
v 5566.590332 12.000000 18.213745
v 5620.499512 12.000000 -46.610138
v 5635.109863 12.000000 -27.569672
v 5680.096680 12.000000 -98.875549
v 5697.067383 12.000000 -81.904999
v 5732.362305 12.000000 -158.472839
v 5751.402832 12.000000 -143.862549
v 5776.401367 12.000000 -224.382263
v 5797.186035 12.000000 -212.382263
v 5811.460938 12.000000 -295.476135
v 5833.634277 12.000000 -286.291687
v 5836.941406 12.000000 -370.537903
v 5860.123535 12.000000 -364.326294
v 5852.405762 12.000000 -448.283386
v 5857.590332 12.000000 -527.382263
v 5857.590332 12.000000 -1763.382324
v 2416.590088 12.000000 -1305.608398
v 2440.590088 12.000000 -1285.679688
v 2464.965576 12.000000 -1314.653320
v 2440.590088 12.000000 -1181.382324
v 2472.482422 12.000000 -1291.642822
v 2621.065918 12.000000 -1389.412354
v 2634.281982 12.000000 -1369.131348
v 2752.498047 12.000000 -1502.025635
v 2770.512939 12.000000 -1485.856445
v 2850.305420 12.000000 -1644.819092
v 2871.891357 12.000000 -1633.863281
v 2900.536133 12.000000 -1787.382324
v 2917.526123 12.000000 -1763.382324
v 5881.590332 12.000000 -1787.382324
v 5876.200195 12.000000 -445.150757
v 5881.590332 12.000000 -527.382263
v 2416.590088 12.000000 -1157.382324
v 3676.590332 12.000000 -1157.382324
v 3676.590332 12.000000 -1181.382324
v 3803.069824 12.000000 -1173.092285
v 3799.937500 12.000000 -1149.297607
v 3921.174316 12.000000 -1125.182129
v 3927.385742 12.000000 -1148.364502
v 4038.226074 12.000000 -1085.448486
v 4047.410645 12.000000 -1107.621582
v 4149.090332 12.000000 -1030.776367
v 4161.090332 12.000000 -1051.560791
v 4251.869629 12.000000 -962.101135
v 4266.479980 12.000000 -981.141663
v 4344.806152 12.000000 -880.598206
v 4361.776855 12.000000 -897.568787
v 4426.309082 12.000000 -787.661804
v 4445.349609 12.000000 -802.272034
v 4494.984375 12.000000 -684.882263
v 4515.768555 12.000000 -696.882263
v 4549.656250 12.000000 -574.018127
v 4571.829590 12.000000 -583.202515
v 4589.390137 12.000000 -456.966248
v 4612.572266 12.000000 -463.177917
v 4613.505371 12.000000 -335.729492
v 2416.590088 12.000000 102.617737
v 2440.590088 12.000000 78.617737
v 2416.590088 12.000000 -842.382263
v 4306.590332 12.000000 102.617737
v 4282.590332 12.000000 78.617737
v 4285.123535 12.000000 -375.438293
v 4301.200195 12.000000 -294.613770
v 4306.590332 12.000000 -212.382263
v 2440.590088 12.000000 -818.382263
v 3676.590332 12.000000 -842.382263
v 3676.590332 12.000000 -818.382263
v 3755.688965 12.000000 -813.197815
v 3758.821777 12.000000 -836.992493
v 3833.434570 12.000000 -797.733337
v 3839.645996 12.000000 -820.915588
v 3908.496094 12.000000 -772.253235
v 3917.680664 12.000000 -794.426331
v 3979.590332 12.000000 -737.193665
v 3991.590332 12.000000 -757.978210
v 4045.499512 12.000000 -693.154358
v 4060.109863 12.000000 -712.194885
v 4105.096680 12.000000 -640.888977
v 4122.067383 12.000000 -657.859558
v 4157.362305 12.000000 -581.291687
v 4176.402832 12.000000 -595.901978
v 4201.401367 12.000000 -515.382263
v 4222.186035 12.000000 -527.382263
v 4236.460938 12.000000 -444.288452
v 4258.634277 12.000000 -453.472839
v 4261.941406 12.000000 -369.226624
v 4277.405762 12.000000 -291.481140
v 4282.590332 12.000000 -212.382263
v -81.943085 12.000000 -364.326294
v -79.409821 12.000000 -527.382263
v -79.409821 12.000000 -818.382263
v -74.225403 12.000000 -448.283386
v -55.453918 12.000000 -286.291687
v -58.760864 12.000000 -370.537903
v -33.280792 12.000000 -295.476135
v -19.005798 12.000000 -212.382263
v 1.778809 12.000000 -224.382263
v 26.777588 12.000000 -143.862549
v 45.818085 12.000000 -158.472839
v 81.112946 12.000000 -81.904999
v 98.083466 12.000000 -98.875549
v 143.070465 12.000000 -27.569672
v 157.680756 12.000000 -46.610138
v 211.590179 12.000000 18.213745
v 223.590179 12.000000 -2.570862
v 285.499603 12.000000 54.661835
v 294.684052 12.000000 32.488739
v 363.534210 12.000000 81.151001
v 369.745880 12.000000 57.968781
v 444.358673 12.000000 97.227997
v 447.491302 12.000000 73.433319
v 526.590210 12.000000 102.617737
v 526.590210 12.000000 78.617737
v 2101.590088 12.000000 102.617737
v 2077.590088 12.000000 78.617737
v 2077.590088 12.000000 -818.382263
v -98.020081 12.000000 -445.150757
v -103.409821 12.000000 -842.382263
v -103.409821 12.000000 -527.382263
v 2101.590088 12.000000 -842.382263
v 1156.590210 12.000000 -3362.382324
v 1180.590210 12.000000 -3386.382324
v 1156.590210 12.000000 -4307.382324
v 2101.590088 12.000000 -3362.382324
v 1161.979858 12.000000 -4389.613770
v 1178.056885 12.000000 -4470.437988
v 2077.590088 12.000000 -3386.382324
v 2077.590088 12.000000 -4913.382324
v 1185.774536 12.000000 -4386.480957
v 1204.546021 12.000000 -4548.472656
v 1180.590210 12.000000 -4307.382324
v 1201.239136 12.000000 -4464.226562
v 1226.719116 12.000000 -4539.288086
v 1240.994141 12.000000 -4622.382324
v 1261.778809 12.000000 -4610.382324
v 1286.777588 12.000000 -4690.901855
v 1305.817993 12.000000 -4676.291504
v 1341.112915 12.000000 -4752.859375
v 1358.083496 12.000000 -4735.888672
v 1403.070435 12.000000 -4807.194824
v 1417.680786 12.000000 -4788.154297
v 1471.590210 12.000000 -4852.978027
v 1483.590210 12.000000 -4832.193359
v 1545.499634 12.000000 -4889.426270
v 1554.683960 12.000000 -4867.252930
v 1623.534180 12.000000 -4915.915527
v 1629.745850 12.000000 -4892.732910
v 1704.358643 12.000000 -4931.992188
v 1707.491211 12.000000 -4908.197754
v 1786.590088 12.000000 -4937.382324
v 1786.590088 12.000000 -4913.382324
v 2101.590088 12.000000 -4937.382324
v 4621.590332 12.000000 -2102.382324
v 4645.590332 12.000000 -2126.382324
v 4621.590332 12.000000 -2417.382324
v 5881.590332 12.000000 -2102.382324
v 4637.300293 12.000000 -2543.862305
v 5857.590332 12.000000 -2126.382324
v 5857.590332 12.000000 -3362.382324
v 5860.123535 12.000000 -3525.438232
v 5876.200195 12.000000 -3444.613770
v 5881.590332 12.000000 -3362.382324
v 2416.590088 12.000000 -3992.382568
v 2440.590088 12.000000 -3968.382568
v 5251.590332 12.000000 -3992.382568
v 2440.590088 12.000000 -3386.382324
v 5251.590332 12.000000 -3968.382568
v 5330.688965 12.000000 -3963.197998
v 5333.821777 12.000000 -3986.992432
v 5408.434570 12.000000 -3947.733154
v 5414.645996 12.000000 -3970.915771
v 5483.496094 12.000000 -3922.253174
v 5492.680664 12.000000 -3944.426514
v 5554.590332 12.000000 -3887.193604
v 5566.590332 12.000000 -3907.978271
v 5620.499512 12.000000 -3843.154541
v 5635.109863 12.000000 -3862.195068
v 5680.096680 12.000000 -3790.888916
v 5697.067383 12.000000 -3807.859619
v 5732.362305 12.000000 -3731.291748
v 5751.402832 12.000000 -3745.902100
v 5776.401367 12.000000 -3665.382324
v 5797.186035 12.000000 -3677.382568
v 5811.460938 12.000000 -3594.288574
v 5833.634277 12.000000 -3603.472900
v 5836.941406 12.000000 -3519.226562
v 5852.405762 12.000000 -3441.481201
v 4645.590332 12.000000 -2417.382324
v 2416.590088 12.000000 -3362.382324
v 3676.590332 12.000000 -3362.382324
v 3676.590332 12.000000 -3386.382324
v 3799.937500 12.000000 -3354.297607
v 3803.069824 12.000000 -3378.092285
v 3921.174316 12.000000 -3330.182129
v 3927.385742 12.000000 -3353.364502
v 4038.226074 12.000000 -3290.448486
v 4047.410645 12.000000 -3312.621582
v 4149.090332 12.000000 -3235.776367
v 4161.090332 12.000000 -3256.561035
v 4251.869629 12.000000 -3167.101318
v 4266.479980 12.000000 -3186.141602
v 4344.806152 12.000000 -3085.598145
v 4361.776855 12.000000 -3102.568848
v 4426.309082 12.000000 -2992.661865
v 4445.349609 12.000000 -3007.272217
v 4494.984375 12.000000 -2889.882324
v 4515.768555 12.000000 -2901.882324
v 4549.656250 12.000000 -2779.018066
v 4571.829590 12.000000 -2788.202637
v 4589.390137 12.000000 -2661.966309
v 4612.572266 12.000000 -2668.177979
v 4613.505371 12.000000 -2540.729492
v 2416.590088 12.000000 -4307.382324
v 2440.590088 12.000000 -4331.382324
v 2416.590088 12.000000 -4937.382324
v 3991.590332 12.000000 -4307.382324
v 3965.965820 12.000000 -4331.382324
v 3970.123535 12.000000 -4470.437988
v 3986.200195 12.000000 -4389.613770
v 2440.590088 12.000000 -4913.382324
v 3361.590088 12.000000 -4937.382324
v 3360.804443 12.000000 -4913.382324
v 3440.682373 12.000000 -4908.146484
v 3443.821777 12.000000 -4931.992188
v 3518.421143 12.000000 -4892.683594
v 3524.646240 12.000000 -4915.915527
v 3593.476562 12.000000 -4867.205566
v 3602.680664 12.000000 -4889.426270
v 3664.564453 12.000000 -4832.148926
v 3676.590332 12.000000 -4852.978027
v 3730.468262 12.000000 -4788.113281
v 3745.109863 12.000000 -4807.194824
v 3790.060547 12.000000 -4735.852539
v 3807.067383 12.000000 -4752.859375
v 3842.321289 12.000000 -4676.260254
v 3861.402832 12.000000 -4690.901855
v 3886.356934 12.000000 -4610.356445
v 3907.186035 12.000000 -4622.382324
v 3921.413574 12.000000 -4539.268555
v 3943.634277 12.000000 -4548.472656
v 3946.891602 12.000000 -4464.212891
v 3962.354492 12.000000 -4386.474121
v 825.880127 0.000000 -4433.861816
v 817.590210 0.000000 -3386.382324
v 817.590210 0.000000 -4307.382324
v 850.608032 0.000000 -4558.177734
v 891.350952 0.000000 -4678.202148
v 947.411499 0.000000 -4791.882324
v 1017.830811 0.000000 -4897.271973
v 1101.403687 0.000000 -4992.568359
v 1196.700317 0.000000 -5076.141602
v 1302.090210 0.000000 -5146.560547
v 1415.769897 0.000000 -5202.621582
v 1535.794556 0.000000 -5243.364258
v 1660.110352 0.000000 -5268.092285
v 1786.590088 0.000000 -5276.382324
v 3362.375732 0.000000 -5276.382324
v 3488.076660 0.000000 -5268.143066
v 3612.399170 0.000000 -5243.414062
v 3732.430176 0.000000 -5202.668945
v 3846.115723 0.000000 -5146.605469
v 3951.511230 0.000000 -5076.182129
v 4046.812988 0.000000 -4992.604980
v 4130.390625 0.000000 -4897.303223
v 4200.813477 0.000000 -4791.907715
v 4256.876953 0.000000 -4678.222168
v 4297.622070 0.000000 -4558.190918
v 4322.351074 0.000000 -4433.868652
v 4329.068848 0.000000 -4331.382324
v 5251.590332 0.000000 -4331.382324
v 5378.069824 0.000000 -4323.092285
v 5502.385742 0.000000 -4298.364258
v 5622.410645 0.000000 -4257.621582
v 5736.090332 0.000000 -4201.560547
v 5841.479980 0.000000 -4131.141602
v 5936.776855 0.000000 -4047.568604
v 6020.349609 0.000000 -3952.272217
v 6090.768555 0.000000 -3846.882568
v 6146.829590 0.000000 -3733.202393
v 6141.910156 0.000000 -3673.190186
v 6167.200684 0.000000 -3673.190186
v 6187.572266 0.000000 -3613.177979
v 6212.300293 0.000000 -3488.862305
v -442.409821 0.000000 -2417.382324
v -434.119873 0.000000 -400.902405
v -442.409821 0.000000 -527.382263
v -434.119873 0.000000 -2543.862305
v -409.391937 0.000000 -276.586609
v -368.649078 0.000000 -156.562012
v -312.588440 0.000000 -42.882263
v -242.169189 0.000000 62.507568
v -158.596283 0.000000 157.804199
v -63.299622 0.000000 241.377121
v 42.090179 0.000000 311.796356
v 155.769928 0.000000 367.856995
v 275.794525 0.000000 408.599854
v 400.110321 0.000000 433.327820
v 526.590210 0.000000 441.617737
v 5251.590332 0.000000 441.617737
v 5378.069824 0.000000 433.327820
v 5502.385742 0.000000 408.599854
v 5622.410645 0.000000 367.856995
v 5736.090332 0.000000 311.796356
v 5841.479980 0.000000 241.377121
v 5936.776855 0.000000 157.804199
v 6020.349609 0.000000 62.507568
v 6090.768555 0.000000 -42.882263
v 6146.829590 0.000000 -156.562012
v 6187.572266 0.000000 -276.586609
v 6212.300293 0.000000 -400.902405
v 6220.590332 0.000000 -3362.382324
v 6220.590332 0.000000 -527.382263
v -409.391937 0.000000 -2668.177979
v -368.649078 0.000000 -2788.202637
v -312.588440 0.000000 -2901.882324
v -242.169189 0.000000 -3007.272217
v -158.596283 0.000000 -3102.568848
v -63.299622 0.000000 -3186.141602
v 42.090179 0.000000 -3256.561035
v 155.769928 0.000000 -3312.621582
v 275.794525 0.000000 -3353.364502
v 400.110321 0.000000 -3378.092285
v 526.590210 0.000000 -3386.382324
v -434.119873 12.000000 -400.902405
v -442.409821 12.000000 -2417.382324
v -442.409821 12.000000 -527.382263
v -434.119873 12.000000 -2543.862305
v -418.409821 12.000000 -527.382263
v -409.391937 12.000000 -276.586609
v -410.325195 12.000000 -404.035034
v -386.209717 12.000000 -282.798279
v -368.649078 12.000000 -156.562012
v -346.475952 12.000000 -165.746399
v -312.588440 12.000000 -42.882263
v -291.803833 12.000000 -54.882263
v -242.169189 12.000000 62.507568
v -223.128723 12.000000 47.897278
v -158.596283 12.000000 157.804199
v -141.625702 12.000000 140.833649
v -63.299622 12.000000 241.377121
v -48.689362 12.000000 222.336639
v 42.090179 12.000000 311.796356
v 54.090179 12.000000 291.011719
v 155.769928 12.000000 367.856995
v 164.954376 12.000000 345.683899
v 275.794525 12.000000 408.599854
v 282.006195 12.000000 385.417633
v 400.110321 12.000000 433.327820
v 403.242950 12.000000 409.533142
v 526.590210 12.000000 441.617737
v 526.590210 12.000000 417.617737
v 5251.590332 12.000000 417.617737
v 5251.590332 12.000000 441.617737
v 5378.069824 12.000000 433.327820
v 5374.937500 12.000000 409.533142
v 5496.174316 12.000000 385.417633
v 5502.385742 12.000000 408.599854
v 5613.226074 12.000000 345.683899
v 5622.410645 12.000000 367.856995
v 5724.090332 12.000000 291.011719
v 5736.090332 12.000000 311.796356
v 5826.869629 12.000000 222.336639
v 5841.479980 12.000000 241.377121
v 5919.806152 12.000000 140.833649
v 5936.776855 12.000000 157.804199
v 6001.309082 12.000000 47.897278
v 6020.349609 12.000000 62.507568
v 6069.984375 12.000000 -54.882263
v 6090.768555 12.000000 -42.882263
v 6124.656250 12.000000 -165.746399
v 6146.829590 12.000000 -156.562012
v 6164.390137 12.000000 -282.798279
v 6187.572266 12.000000 -276.586609
v 6188.505371 12.000000 -404.035034
v 6212.300293 12.000000 -400.902405
v 6196.590332 12.000000 -527.382263
v 6196.590332 12.000000 -3362.382324
v -418.409821 12.000000 -2417.382324
v -409.391937 12.000000 -2668.177979
v -410.325195 12.000000 -2540.729492
v -386.209717 12.000000 -2661.966309
v -368.649078 12.000000 -2788.202637
v -346.475952 12.000000 -2779.018066
v -312.588440 12.000000 -2901.882324
v -291.803833 12.000000 -2889.882324
v -242.169189 12.000000 -3007.272217
v -223.128723 12.000000 -2992.661865
v -158.596283 12.000000 -3102.568848
v -141.625702 12.000000 -3085.598145
v -63.299622 12.000000 -3186.141602
v -48.689362 12.000000 -3167.101318
v 42.090179 12.000000 -3256.561035
v 54.090179 12.000000 -3235.776367
v 155.769928 12.000000 -3312.621582
v 164.954376 12.000000 -3290.448486
v 275.794525 12.000000 -3353.364502
v 282.006195 12.000000 -3330.182129
v 400.110321 12.000000 -3378.092285
v 403.242950 12.000000 -3354.297607
v 526.590210 12.000000 -3386.382324
v 526.590210 12.000000 -3362.382324
v 841.590210 12.000000 -3362.382324
v 817.590210 12.000000 -3386.382324
v 817.590210 12.000000 -4307.382324
v 825.880127 12.000000 -4433.861816
v 841.590210 12.000000 -4307.382324
v 850.608032 12.000000 -4558.177734
v 849.674805 12.000000 -4430.729492
v 873.790283 12.000000 -4551.966309
v 891.350952 12.000000 -4678.202148
v 913.524048 12.000000 -4669.018066
v 947.411499 12.000000 -4791.882324
v 968.196167 12.000000 -4779.882324
v 1017.830811 12.000000 -4897.271973
v 1036.871216 12.000000 -4882.661621
v 1101.403687 12.000000 -4992.568359
v 1118.374268 12.000000 -4975.598145
v 1196.700317 12.000000 -5076.141602
v 1211.310669 12.000000 -5057.101074
v 1302.090210 12.000000 -5146.560547
v 1314.090210 12.000000 -5125.775879
v 1415.769897 12.000000 -5202.621582
v 1424.954346 12.000000 -5180.448242
v 1535.794556 12.000000 -5243.364258
v 1542.006104 12.000000 -5220.182129
v 1660.110352 12.000000 -5268.092285
v 1663.242920 12.000000 -5244.297363
v 1786.590088 12.000000 -5276.382324
v 1786.590088 12.000000 -5252.382324
v 3361.590088 12.000000 -5252.382324
v 3362.375732 12.000000 -5276.382324
v 3484.937500 12.000000 -5244.297363
v 3488.076660 12.000000 -5268.143066
v 3606.174072 12.000000 -5220.182129
v 3612.399170 12.000000 -5243.414062
v 3723.226074 12.000000 -5180.448242
v 3732.430176 12.000000 -5202.668945
v 3834.090332 12.000000 -5125.775879
v 3846.115723 12.000000 -5146.605469
v 3936.869629 12.000000 -5057.101074
v 3951.511230 12.000000 -5076.182129
v 4029.806152 12.000000 -4975.598145
v 4046.812988 12.000000 -4992.604980
v 4111.309082 12.000000 -4882.661621
v 4130.390625 12.000000 -4897.303223
v 4179.984375 12.000000 -4779.882324
v 4200.813477 12.000000 -4791.907715
v 4234.656250 12.000000 -4669.018066
v 4256.876953 12.000000 -4678.222168
v 4274.390137 12.000000 -4551.966309
v 4297.622070 12.000000 -4558.190918
v 4298.505371 12.000000 -4430.729492
v 4322.351074 12.000000 -4433.868652
v 4306.590332 12.000000 -4307.382324
v 4329.068848 12.000000 -4331.382324
v 5251.590332 12.000000 -4307.382324
v 5251.590332 12.000000 -4331.382324
v 5374.937500 12.000000 -4299.297363
v 5378.069824 12.000000 -4323.092285
v 5496.174316 12.000000 -4275.182129
v 5502.385742 12.000000 -4298.364258
v 5613.226074 12.000000 -4235.448242
v 5622.410645 12.000000 -4257.621582
v 5724.090332 12.000000 -4180.775879
v 5736.090332 12.000000 -4201.560547
v 5826.869629 12.000000 -4112.101074
v 5841.479980 12.000000 -4131.141602
v 5919.806152 12.000000 -4030.598389
v 5936.776855 12.000000 -4047.568604
v 6001.309082 12.000000 -3937.661865
v 6020.349609 12.000000 -3952.272217
v 6069.984375 12.000000 -3834.882568
v 6090.768555 12.000000 -3846.882568
v 6124.656250 12.000000 -3724.018311
v 6146.829590 12.000000 -3733.202393
v 6141.910156 12.000000 -3673.190186
v 6164.390137 12.000000 -3606.966309
v 6167.200684 12.000000 -3673.190186
v 6188.505371 12.000000 -3485.729492
v 6187.572266 12.000000 -3613.177979
v 6212.300293 12.000000 -3488.862305
v 6220.590332 12.000000 -527.382263
v 6220.590332 12.000000 -3362.382324
vn -0.0000 -1.0000 -0.0000
vn -0.0000 1.0000 -0.0000
vn -1.0000 -0.0000 -0.0000
vn 1.0000 -0.0000 -0.0000
vn -0.0000 -0.0000 -1.0000
vn -0.0654 -0.0000 -0.9979
vn -0.1951 -0.0000 -0.9808
vn -0.3214 -0.0000 -0.9469
vn -0.4423 -0.0000 -0.8969
vn -0.5556 -0.0000 -0.8315
vn -0.6593 -0.0000 -0.7518
vn -0.7518 -0.0000 -0.6593
vn -0.8315 -0.0000 -0.5556
vn -0.8969 -0.0000 -0.4423
vn -0.9469 -0.0000 -0.3214
vn -0.9808 -0.0000 -0.1951
vn -0.9979 -0.0000 -0.0654
vn -0.9979 -0.0000 0.0654
vn -0.9808 -0.0000 0.1951
vn -0.9469 -0.0000 0.3214
vn -0.8969 -0.0000 0.4423
vn -0.8315 -0.0000 0.5556
vn -0.7518 -0.0000 0.6593
vn -0.6593 -0.0000 0.7518
vn -0.5556 -0.0000 0.8315
vn -0.4423 -0.0000 0.8969
vn -0.3214 -0.0000 0.9469
vn -0.1951 -0.0000 0.9808
vn -0.0654 -0.0000 0.9979
vn -0.0000 -0.0000 1.0000
vn 0.0654 -0.0000 0.9979
vn 0.1951 -0.0000 0.9808
vn 0.3214 -0.0000 0.9469
vn 0.4423 -0.0000 0.8969
vn 0.5556 -0.0000 0.8315
vn 0.6593 -0.0000 0.7518
vn 0.7518 -0.0000 0.6593
vn 0.8315 -0.0000 0.5556
vn 0.8969 -0.0000 0.4423
vn 0.9469 -0.0000 0.3214
vn 0.9808 -0.0000 0.1951
vn 0.9979 -0.0000 0.0654
vn 0.9979 -0.0000 -0.0654
vn 0.9808 -0.0000 -0.1951
vn 0.9469 -0.0000 -0.3214
vn 0.8969 -0.0000 -0.4423
vn 0.8315 -0.0000 -0.5556
vn 0.7518 -0.0000 -0.6593
vn 0.6593 -0.0000 -0.7518
vn 0.5556 -0.0000 -0.8315
vn 0.4423 -0.0000 -0.8969
vn 0.3214 -0.0000 -0.9469
vn 0.1951 -0.0000 -0.9808
vn 0.0654 -0.0000 -0.9979
vn -0.7518 -0.0000 0.6594
vn 0.1838 -0.0000 0.9830
vn 0.4319 -0.0000 0.9019
vn 0.6506 -0.0000 0.7594
vn 0.8250 -0.0000 0.5651
vn 0.9432 -0.0000 0.3323
vn -0.7518 -0.0000 -0.6594
vn -0.9830 -0.0000 0.1838
vn -0.9019 -0.0000 0.4319
vn -0.7594 -0.0000 0.6506
vn -0.5651 -0.0000 0.8250
vn -0.3323 -0.0000 0.9432
vn -0.9970 -0.0000 -0.0769
vn -0.9432 -0.0000 -0.3323
vn -0.8250 -0.0000 -0.5651
vn -0.6507 -0.0000 -0.7594
vn -0.6506 -0.0000 -0.7594
vn -0.4319 -0.0000 -0.9019
vn -0.1838 -0.0000 -0.9830
vn 0.0769 -0.0000 -0.9970
vn 0.3323 -0.0000 -0.9432
vn 0.5651 -0.0000 -0.8250
vn 0.7594 -0.0000 -0.6506
vn 0.9019 -0.0000 -0.4319
vn 0.9830 -0.0000 -0.1838
vn 0.9970 -0.0000 0.0769
vn 0.6507 -0.0000 0.7594
vn -0.0769 -0.0000 0.9970
vn -0.7594 -0.0000 0.6507
vn 0.1950 -0.0000 -0.9808
vn -0.1950 -0.0000 0.9808
vn 0.7518 -0.0000 -0.6594
vn 0.7518 -0.0000 0.6594
vn -0.6594 -0.0000 -0.7518
vn -0.6594 -0.0000 0.7518
vn 0.9469 -0.0000 -0.3215
s 0
f 1//1 2//1 3//1
f 2//1 1//1 4//1
f 4//1 1//1 5//1
f 5//1 1//1 6//1
f 6//1 1//1 7//1
f 6//1 7//1 8//1
f 8//1 7//1 9//1
f 8//1 9//1 10//1
f 10//1 9//1 11//1
f 10//1 11//1 12//1
f 12//1 11//1 13//1
f 12//1 13//1 14//1
f 14//1 13//1 15//1
f 14//1 15//1 16//1
f 16//1 15//1 17//1
f 17//1 15//1 18//1
f 18//1 15//1 19//1
f 18//1 19//1 20//1
f 20//1 19//1 21//1
f 21//1 19//1 22//1
f 22//1 19//1 23//1
f 22//1 23//1 24//1
f 24//1 23//1 25//1
f 25//1 23//1 26//1
f 25//1 26//1 27//1
f 27//1 26//1 28//1
f 28//1 26//1 29//1
f 28//1 29//1 30//1
f 30//1 29//1 31//1
f 30//1 31//1 32//1
f 32//1 31//1 33//1
f 33//1 31//1 34//1
f 33//1 34//1 35//1
f 35//1 34//1 36//1
f 35//1 36//1 37//1
f 37//1 36//1 38//1
f 37//1 38//1 39//1
f 39//1 38//1 40//1
f 40//1 38//1 41//1
f 41//1 38//1 42//1
f 42//1 38//1 43//1
f 43//1 38//1 44//1
f 38//1 36//1 45//1
f 45//1 36//1 46//1
f 45//1 46//1 47//1
f 47//1 46//1 48//1
f 48//1 46//1 49//1
f 48//1 49//1 50//1
f 50//1 49//1 51//1
f 51//1 49//1 52//1
f 51//1 52//1 53//1
f 53//1 52//1 54//1
f 53//1 54//1 55//1
f 55//1 54//1 56//1
f 56//1 54//1 57//1
f 56//1 57//1 58//1
f 58//1 57//1 59//1
f 59//1 57//1 60//1
f 59//1 60//1 61//1
f 61//1 60//1 62//1
f 62//1 60//1 63//1
f 64//1 65//1 66//1
f 65//1 64//1 67//1
f 67//1 64//1 68//1
f 67//1 68//1 69//1
f 69//1 68//1 70//1
f 70//1 68//1 71//1
f 70//1 71//1 72//1
f 72//1 71//1 73//1
f 73//1 71//1 74//1
f 73//1 74//1 75//1
f 75//1 74//1 76//1
f 75//1 76//1 77//1
f 77//1 76//1 78//1
f 78//1 76//1 79//1
f 78//1 79//1 80//1
f 80//1 79//1 81//1
f 81//1 79//1 82//1
f 81//1 82//1 83//1
f 83//1 82//1 84//1
f 84//1 82//1 85//1
f 85//1 82//1 86//1
f 87//1 88//1 89//1
f 88//1 87//1 90//1
f 90//1 87//1 91//1
f 90//1 91//1 92//1
f 92//1 91//1 93//1
f 93//1 91//1 94//1
f 93//1 94//1 95//1
f 95//1 94//1 96//1
f 96//1 94//1 97//1
f 96//1 97//1 98//1
f 98//1 97//1 99//1
f 98//1 99//1 100//1
f 100//1 99//1 101//1
f 101//1 99//1 102//1
f 101//1 102//1 103//1
f 103//1 102//1 104//1
f 104//1 102//1 105//1
f 104//1 105//1 106//1
f 106//1 105//1 107//1
f 107//1 105//1 108//1
f 108//1 105//1 109//1
f 63//1 110//1 111//1
f 110//1 63//1 112//1
f 112//1 63//1 113//1
f 113//1 63//1 60//1
f 113//1 60//1 114//1
f 113//1 114//1 115//1
f 113//1 115//1 116//1
f 113//1 116//1 117//1
f 113//1 117//1 118//1
f 112//1 113//1 119//1
f 112//1 119//1 120//1
f 112//1 120//1 121//1
f 121//1 120//1 122//1
f 122//1 120//1 123//1
f 122//1 123//1 124//1
f 124//1 123//1 125//1
f 125//1 123//1 126//1
f 125//1 126//1 127//1
f 127//1 126//1 128//1
f 127//1 128//1 129//1
f 129//1 128//1 130//1
f 130//1 128//1 131//1
f 130//1 131//1 132//1
f 132//1 131//1 133//1
f 133//1 131//1 134//1
f 133//1 134//1 135//1
f 135//1 134//1 136//1
f 136//1 134//1 137//1
f 137//1 134//1 138//1
f 138//1 134//1 139//1
f 139//1 134//1 140//1
f 140//1 134//1 141//1
f 141//1 134//1 142//1
f 142//1 134//1 143//1
f 142//1 143//1 144//1
f 144//1 143//1 145//1
f 144//1 145//1 146//1
f 146//1 145//1 147//1
f 146//1 147//1 148//1
f 148//1 147//1 149//1
f 148//1 149//1 150//1
f 150//1 149//1 151//1
f 150//1 151//1 152//1
f 152//1 151//1 153//1
f 154//1 155//1 156//1
f 155//1 154//1 157//1
f 157//1 154//1 158//1
f 158//1 154//1 159//1
f 158//1 159//1 160//1
f 160//1 159//1 161//1
f 160//1 161//1 162//1
f 162//1 161//1 163//1
f 162//1 163//1 164//1
f 164//1 163//1 165//1
f 164//1 165//1 166//1
f 166//1 165//1 167//1
f 166//1 167//1 168//1
f 166//1 168//1 169//1
f 166//1 169//1 170//1
f 168//1 167//1 171//1
f 168//2 171//2 172//2
f 168//2 172//2 173//2
f 170//1 169//1 174//1
f 170//1 174//1 175//1
f 170//1 175//1 176//1
f 170//1 176//1 177//1
f 177//1 176//1 178//1
f 177//1 178//1 179//1
f 177//1 179//1 180//1
f 180//1 179//1 181//1
f 180//1 181//1 182//1
f 180//1 182//1 183//1
f 183//1 182//1 184//1
f 183//1 184//1 185//1
f 185//1 184//1 186//1
f 185//1 186//1 187//1
f 185//1 187//1 188//1
f 188//1 187//1 189//1
f 188//1 189//1 190//1
f 188//1 190//1 191//1
f 191//1 190//1 192//1
f 192//1 190//1 193//1
f 192//1 193//1 194//1
f 192//1 194//1 195//1
f 192//1 195//1 196//1
f 192//2 196//2 89//2
f 192//2 89//2 88//2
f 191//1 192//1 109//1
f 191//1 109//1 197//1
f 197//1 109//1 105//1
f 197//1 105//1 198//1
f 197//1 198//1 199//1
f 197//1 199//1 200//1
f 197//1 200//1 201//1
f 197//1 201//1 202//1
f 197//1 202//1 203//1
f 191//1 197//1 204//1
f 191//1 204//1 205//1
f 191//1 205//1 206//1
f 206//1 205//1 207//1
f 206//1 207//1 208//1
f 208//1 207//1 209//1
f 208//1 209//1 210//1
f 208//1 210//1 211//1
f 211//1 210//1 212//1
f 211//1 212//1 213//1
f 213//1 212//1 214//1
f 213//1 214//1 215//1
f 213//1 215//1 216//1
f 216//1 215//1 217//1
f 216//1 217//1 218//1
f 216//1 218//1 141//1
f 141//1 218//1 219//1
f 141//1 219//1 220//1
f 141//1 220//1 140//1
f 38//1 221//1 44//1
f 221//2 38//2 111//2
f 221//2 111//2 110//2
f 221//2 110//2 66//2
f 221//2 66//2 65//2
f 221//2 65//2 222//2
f 221//1 222//1 223//1
f 221//1 223//1 224//1
f 224//1 223//1 225//1
f 225//1 223//1 226//1
f 226//1 223//1 227//1
f 226//1 227//1 228//1
f 228//1 227//1 229//1
f 229//1 227//1 230//1
f 230//1 227//1 231//1
f 230//1 231//1 232//1
f 232//1 231//1 233//1
f 232//1 233//1 234//1
f 234//1 233//1 235//1
f 234//1 235//1 86//1
f 234//1 86//1 139//1
f 139//1 86//1 236//1
f 236//1 86//1 82//1
f 236//1 82//1 237//1
f 236//1 237//1 238//1
f 236//1 238//1 239//1
f 236//1 239//1 240//1
f 236//1 240//1 241//1
f 236//1 241//1 242//1
f 139//1 236//1 138//1
f 243//1 196//1 195//1
f 196//1 243//1 244//1
f 244//1 243//1 245//1
f 244//1 245//1 229//1
f 229//1 245//1 246//1
f 229//1 246//1 247//1
f 229//1 247//1 228//1
f 16//1 248//1 249//1
f 248//1 16//1 250//1
f 250//1 16//1 17//1
f 250//2 17//2 251//2
f 250//2 251//2 252//2
f 249//1 248//1 253//1
f 249//1 253//1 254//1
f 249//1 254//1 255//1
f 249//1 255//1 256//1
f 256//1 255//1 257//1
f 256//1 257//1 258//1
f 256//1 258//1 259//1
f 259//1 258//1 260//1
f 259//1 260//1 261//1
f 259//1 261//1 262//1
f 262//1 261//1 263//1
f 262//1 263//1 264//1
f 264//1 263//1 265//1
f 264//1 265//1 266//1
f 266//1 265//1 267//1
f 266//1 267//1 268//1
f 266//1 268//1 269//1
f 269//1 268//1 270//1
f 269//1 270//1 271//1
f 271//1 270//1 272//1
f 271//1 272//1 273//1
f 271//1 273//1 274//1
f 274//1 273//1 275//1
f 274//1 275//1 276//1
f 274//1 276//1 277//1
f 277//1 276//1 278//1
f 277//1 278//1 279//1
f 277//1 279//1 193//1
f 277//1 193//1 280//1
f 280//1 193//1 281//1
f 281//1 193//1 190//1
f 280//1 173//1 172//1
f 173//1 280//1 281//1
f 272//1 282//1 273//1
f 282//1 272//1 283//1
f 282//1 283//1 284//1
f 284//1 283//1 285//1
f 285//1 283//1 286//1
f 286//1 283//1 41//1
f 286//1 41//1 42//1
f 39//1 252//1 251//1
f 252//1 39//1 40//1
f 167//1 287//1 171//1
f 287//1 167//1 288//1
f 287//1 288//1 289//1
f 289//1 288//1 290//1
f 290//1 288//1 291//1
f 291//1 288//1 292//1
f 291//1 292//1 293//1
f 293//1 292//1 294//1
f 294//1 292//1 295//1
f 294//1 295//1 296//1
f 296//1 295//1 297//1
f 297//1 295//1 298//1
f 297//1 298//1 299//1
f 299//1 298//1 300//1
f 299//1 300//1 301//1
f 301//1 300//1 302//1
f 302//1 300//1 303//1
f 302//1 303//1 304//1
f 304//1 303//1 2//1
f 304//1 2//1 4//1
f 305//2 306//2 307//2
f 306//2 305//2 308//2
f 308//2 305//2 309//2
f 308//2 309//2 310//2
f 310//2 309//2 311//2
f 310//2 311//2 312//2
f 312//2 311//2 313//2
f 312//2 313//2 314//2
f 314//2 313//2 315//2
f 314//2 315//2 316//2
f 316//2 315//2 317//2
f 316//2 317//2 318//2
f 318//2 317//2 319//2
f 319//2 317//2 320//2
f 320//2 317//2 321//2
f 320//2 321//2 322//2
f 322//2 321//2 323//2
f 323//2 321//2 324//2
f 324//2 321//2 325//2
f 324//2 325//2 326//2
f 326//2 325//2 327//2
f 327//2 325//2 328//2
f 327//2 328//2 329//2
f 329//2 328//2 330//2
f 330//2 328//2 331//2
f 330//2 331//2 332//2
f 332//2 331//2 333//2
f 332//2 333//2 334//2
f 334//2 333//2 335//2
f 335//2 333//2 336//2
f 335//2 336//2 337//2
f 337//2 336//2 338//2
f 337//2 338//2 339//2
f 339//2 338//2 340//2
f 339//2 340//2 341//2
f 341//2 340//2 342//2
f 342//2 340//2 343//2
f 343//2 340//2 344//2
f 344//2 340//2 345//2
f 345//2 340//2 346//2
f 346//2 340//2 347//2
f 340//2 338//2 348//2
f 348//2 338//2 349//2
f 348//2 349//2 350//2
f 350//2 349//2 351//2
f 351//2 349//2 352//2
f 352//2 349//2 353//2
f 353//2 349//2 354//2
f 354//2 349//2 355//2
f 355//2 349//2 356//2
f 349//2 338//2 357//2
f 357//2 338//2 358//2
f 357//2 358//2 359//2
f 359//2 358//2 360//2
f 360//2 358//2 361//2
f 360//2 361//2 362//2
f 362//2 361//2 363//2
f 363//2 361//2 364//2
f 363//2 364//2 365//2
f 365//2 364//2 366//2
f 365//2 366//2 367//2
f 367//2 366//2 368//2
f 368//2 366//2 369//2
f 368//2 369//2 370//2
f 370//2 369//2 371//2
f 371//2 369//2 372//2
f 371//2 372//2 373//2
f 373//2 372//2 374//2
f 374//2 372//2 375//2
f 375//2 372//2 376//2
f 376//2 372//2 377//2
f 377//2 372//2 378//2
f 379//2 380//2 381//2
f 380//2 379//2 382//2
f 382//2 379//2 383//2
f 382//2 383//2 384//2
f 384//2 383//2 385//2
f 385//2 383//2 386//2
f 386//2 383//2 387//2
f 387//2 383//2 388//2
f 388//2 383//2 389//2
f 383//2 379//2 390//2
f 390//2 379//2 391//2
f 390//2 391//2 392//2
f 392//2 391//2 393//2
f 392//2 393//2 394//2
f 394//2 393//2 395//2
f 394//2 395//2 396//2
f 394//2 396//2 397//2
f 397//2 396//2 398//2
f 397//2 398//2 399//2
f 399//2 398//2 400//2
f 399//2 400//2 401//2
f 399//2 401//2 402//2
f 402//2 401//2 403//2
f 402//2 403//2 404//2
f 402//2 404//2 405//2
f 405//2 404//2 406//2
f 405//2 406//2 407//2
f 405//2 407//2 378//2
f 405//2 378//2 372//2
f 405//2 372//2 408//2
f 405//2 408//2 409//2
f 409//2 408//2 410//2
f 409//2 410//2 411//2
f 411//2 410//2 412//2
f 411//2 412//2 413//2
f 413//2 412//2 414//2
f 413//2 414//2 415//2
f 415//2 414//2 416//2
f 415//2 416//2 417//2
f 417//2 416//2 418//2
f 417//2 418//2 419//2
f 420//2 421//2 422//2
f 421//2 420//2 423//2
f 423//2 420//2 424//2
f 423//2 424//2 425//2
f 423//2 425//2 426//2
f 426//2 425//2 427//2
f 426//2 427//2 428//2
f 426//2 428//2 429//2
f 426//2 429//2 430//2
f 430//2 429//2 431//2
f 430//2 431//2 432//2
f 432//2 431//2 433//2
f 432//2 433//2 434//2
f 434//2 433//2 435//2
f 435//2 433//2 376//2
f 435//2 376//2 436//2
f 435//2 436//2 437//2
f 437//2 436//2 438//2
f 438//2 436//2 439//2
f 439//2 436//2 440//2
f 440//2 436//2 441//2
f 441//2 436//2 442//2
f 442//2 436//2 443//2
f 436//2 376//2 377//2
f 444//2 443//2 436//2
f 347//2 445//2 446//2
f 445//2 347//2 340//2
f 445//2 340//2 447//2
f 445//2 447//2 448//2
f 446//2 445//2 449//2
f 446//2 449//2 450//2
f 450//2 449//2 428//2
f 450//2 428//2 451//2
f 451//2 428//2 452//2
f 452//2 428//2 427//2
f 453//2 448//2 447//2
f 448//2 453//2 454//2
f 454//2 453//2 455//2
f 454//2 455//2 456//2
f 456//2 455//2 457//2
f 456//2 457//2 458//2
f 458//2 457//2 459//2
f 458//2 459//2 460//2
f 458//2 460//2 461//2
f 461//2 460//2 462//2
f 461//2 462//2 463//2
f 463//2 462//2 464//2
f 463//2 464//2 465//2
f 463//2 465//2 466//2
f 466//2 465//2 467//2
f 466//2 467//2 468//2
f 466//2 468//2 350//2
f 350//2 468//2 469//2
f 350//2 469//2 470//2
f 350//2 470//2 471//2
f 350//2 471//2 348//2
f 472//2 473//2 474//2
f 473//2 472//2 475//2
f 475//2 472//2 476//2
f 475//2 476//2 477//2
f 477//2 476//2 478//2
f 477//2 478//2 479//2
f 479//2 478//2 480//2
f 479//2 480//2 481//2
f 479//2 481//2 482//2
f 482//2 481//2 483//2
f 482//2 483//2 484//2
f 484//2 483//2 485//2
f 484//2 485//2 486//2
f 484//2 486//2 487//2
f 487//2 486//2 488//2
f 487//2 488//2 489//2
f 487//2 489//2 438//2
f 438//2 489//2 490//2
f 438//2 490//2 491//2
f 438//2 491//2 437//2
f 492//2 493//2 494//2
f 493//2 492//2 495//2
f 495//2 492//2 496//2
f 496//2 492//2 497//2
f 497//2 492//2 498//2
f 497//2 498//2 499//2
f 499//2 498//2 500//2
f 499//2 500//2 501//2
f 501//2 500//2 502//2
f 501//2 502//2 503//2
f 503//2 502//2 504//2
f 504//2 502//2 505//2
f 504//2 505//2 506//2
f 506//2 505//2 507//2
f 506//2 507//2 508//2
f 506//2 508//2 509//2
f 506//2 509//2 510//2
f 508//2 507//2 511//2
f 508//2 511//2 512//2
f 508//2 512//2 513//2
f 510//2 509//2 514//2
f 510//2 514//2 515//2
f 510//2 515//2 516//2
f 510//2 516//2 517//2
f 517//2 516//2 518//2
f 517//2 518//2 519//2
f 517//2 519//2 520//2
f 520//2 519//2 521//2
f 520//2 521//2 522//2
f 520//2 522//2 523//2
f 523//2 522//2 524//2
f 523//2 524//2 525//2
f 525//2 524//2 526//2
f 525//2 526//2 527//2
f 525//2 527//2 528//2
f 528//2 527//2 529//2
f 528//2 529//2 530//2
f 528//2 530//2 531//2
f 531//2 530//2 532//2
f 532//2 530//2 533//2
f 532//2 533//2 534//2
f 532//2 534//2 535//2
f 532//2 535//2 422//2
f 532//3 422//3 421//3
f 532//4 421//4 474//4
f 532//2 474//2 473//2
f 532//3 473//3 381//3
f 532//2 381//2 380//2
f 531//2 532//2 536//2
f 531//2 536//2 537//2
f 531//2 537//2 538//2
f 538//2 537//2 539//2
f 538//2 539//2 540//2
f 540//2 539//2 541//2
f 540//2 541//2 542//2
f 540//2 542//2 543//2
f 543//2 542//2 544//2
f 543//2 544//2 545//2
f 545//2 544//2 546//2
f 545//2 546//2 547//2
f 545//2 547//2 548//2
f 548//2 547//2 549//2
f 548//2 549//2 550//2
f 548//2 550//2 384//2
f 384//2 550//2 551//2
f 384//2 551//2 552//2
f 384//2 552//2 382//2
f 318//2 553//2 554//2
f 553//2 318//2 555//2
f 555//2 318//2 319//2
f 555//2 319//2 556//2
f 555//2 556//2 557//2
f 554//2 553//2 558//2
f 554//2 558//2 559//2
f 554//2 559//2 560//2
f 554//2 560//2 561//2
f 561//2 560//2 562//2
f 561//2 562//2 563//2
f 561//2 563//2 564//2
f 564//2 563//2 565//2
f 564//2 565//2 566//2
f 564//2 566//2 567//2
f 567//2 566//2 568//2
f 567//2 568//2 569//2
f 569//2 568//2 570//2
f 569//2 570//2 571//2
f 569//2 571//2 572//2
f 572//2 571//2 573//2
f 572//2 573//2 493//2
f 572//2 493//2 495//2
f 574//2 575//2 576//2
f 575//2 574//2 577//2
f 576//2 575//2 578//2
f 576//2 578//2 579//2
f 576//2 579//2 580//2
f 576//2 580//2 581//2
f 581//2 580//2 533//2
f 581//2 533//2 582//2
f 582//2 533//2 583//2
f 583//2 533//2 530//2
f 582//2 513//2 512//2
f 513//2 582//2 583//2
f 507//2 584//2 511//2
f 584//2 507//2 585//2
f 584//2 585//2 586//2
f 586//2 585//2 587//2
f 587//2 585//2 588//2
f 588//2 585//2 589//2
f 588//2 589//2 590//2
f 590//2 589//2 591//2
f 591//2 589//2 592//2
f 591//2 592//2 593//2
f 593//2 592//2 594//2
f 594//2 592//2 595//2
f 594//2 595//2 596//2
f 596//2 595//2 597//2
f 596//2 597//2 598//2
f 598//2 597//2 599//2
f 598//2 599//2 600//2
f 600//2 599//2 601//2
f 601//2 599//2 602//2
f 601//2 602//2 603//2
f 603//2 602//2 604//2
f 603//2 604//2 574//2
f 574//2 604//2 577//2
f 577//2 604//2 605//2
f 577//2 605//2 606//2
f 606//2 605//2 607//2
f 607//2 605//2 343//2
f 607//2 343//2 608//2
f 608//2 343//2 344//2
f 341//2 557//2 556//2
f 557//2 341//2 342//2
f 528//5 36//5 34//5
f 36//5 528//5 531//5
f 525//6 34//6 31//6
f 34//6 525//6 528//6
f 523//7 31//7 29//7
f 31//7 523//7 525//7
f 520//8 29//8 26//8
f 29//8 520//8 523//8
f 517//9 26//9 23//9
f 26//9 517//9 520//9
f 510//10 23//10 19//10
f 23//10 510//10 517//10
f 506//11 19//11 15//11
f 19//11 506//11 510//11
f 506//12 13//12 504//12
f 13//12 506//12 15//12
f 504//13 11//13 503//13
f 11//13 504//13 13//13
f 503//14 9//14 501//14
f 9//14 503//14 11//14
f 501//15 7//15 499//15
f 7//15 501//15 9//15
f 499//16 1//16 497//16
f 1//16 499//16 7//16
f 497//17 3//17 496//17
f 3//17 497//17 1//17
f 496//3 2//3 495//3
f 2//3 496//3 3//3
f 572//5 2//5 303//5
f 2//5 572//5 495//5
f 569//6 303//6 300//6
f 303//6 569//6 572//6
f 567//7 300//7 298//7
f 300//7 567//7 569//7
f 564//8 298//8 295//8
f 298//8 564//8 567//8
f 561//9 295//9 292//9
f 295//9 561//9 564//9
f 554//10 292//10 288//10
f 292//10 554//10 561//10
f 318//11 288//11 167//11
f 288//11 318//11 554//11
f 318//12 165//12 316//12
f 165//12 318//12 167//12
f 316//13 163//13 314//13
f 163//13 316//13 165//13
f 314//14 161//14 312//14
f 161//14 314//14 163//14
f 312//15 159//15 310//15
f 159//15 312//15 161//15
f 310//16 154//16 308//16
f 154//16 310//16 159//16
f 308//17 156//17 306//17
f 156//17 308//17 154//17
f 306//3 155//3 307//3
f 155//3 306//3 156//3
f 307//18 157//18 305//18
f 157//18 307//18 155//18
f 305//19 158//19 309//19
f 158//19 305//19 157//19
f 309//20 160//20 311//20
f 160//20 309//20 158//20
f 311//21 162//21 313//21
f 162//21 311//21 160//21
f 313//22 164//22 315//22
f 164//22 313//22 162//22
f 315//23 166//23 317//23
f 166//23 315//23 164//23
f 321//24 166//24 170//24
f 166//24 321//24 317//24
f 325//25 170//25 177//25
f 170//25 325//25 321//25
f 328//26 177//26 180//26
f 177//26 328//26 325//26
f 331//27 180//27 183//27
f 180//27 331//27 328//27
f 333//28 183//28 185//28
f 183//28 333//28 331//28
f 336//29 185//29 188//29
f 185//29 336//29 333//29
f 338//30 188//30 191//30
f 188//30 338//30 336//30
f 358//31 191//31 206//31
f 191//31 358//31 338//31
f 361//32 206//32 208//32
f 206//32 361//32 358//32
f 364//33 208//33 211//33
f 208//33 364//33 361//33
f 366//34 211//34 213//34
f 211//34 366//34 364//34
f 369//35 213//35 216//35
f 213//35 369//35 366//35
f 372//36 216//36 141//36
f 216//36 372//36 369//36
f 142//37 372//37 141//37
f 372//37 142//37 408//37
f 144//38 408//38 142//38
f 408//38 144//38 410//38
f 146//39 410//39 144//39
f 410//39 146//39 412//39
f 148//40 412//40 146//40
f 412//40 148//40 414//40
f 150//41 414//41 148//41
f 414//41 150//41 416//41
f 152//42 416//42 150//42
f 416//42 152//42 418//42
f 153//4 418//4 152//4
f 418//4 153//4 419//4
f 151//43 419//43 153//43
f 419//43 151//43 417//43
f 149//44 417//44 151//44
f 417//44 149//44 415//44
f 147//45 415//45 149//45
f 415//45 147//45 413//45
f 145//46 413//46 147//46
f 413//46 145//46 411//46
f 143//47 411//47 145//47
f 411//47 143//47 409//47
f 134//48 409//48 143//48
f 409//48 134//48 405//48
f 402//49 134//49 131//49
f 134//49 402//49 405//49
f 399//50 131//50 128//50
f 131//50 399//50 402//50
f 397//51 128//51 126//51
f 128//51 397//51 399//51
f 394//52 126//52 123//52
f 126//52 394//52 397//52
f 392//53 123//53 120//53
f 123//53 392//53 394//53
f 390//54 120//54 119//54
f 120//54 390//54 392//54
f 383//5 119//5 113//5
f 119//5 383//5 390//5
f 118//43 383//43 113//43
f 383//43 118//43 389//43
f 117//44 389//44 118//44
f 389//44 117//44 388//44
f 116//45 388//45 117//45
f 388//45 116//45 387//45
f 115//46 387//46 116//46
f 387//46 115//46 386//46
f 114//47 386//47 115//47
f 386//47 114//47 385//47
f 60//48 385//48 114//48
f 385//48 60//48 384//48
f 548//49 60//49 57//49
f 60//49 548//49 384//49
f 545//50 57//50 54//50
f 57//50 545//50 548//50
f 543//51 54//51 52//51
f 54//51 543//51 545//51
f 540//52 52//52 49//52
f 52//52 540//52 543//52
f 538//53 49//53 46//53
f 49//53 538//53 540//53
f 531//54 46//54 36//54
f 46//54 531//54 538//54
f 530//30 35//30 37//30
f 35//30 530//30 529//30
f 530//3 39//3 583//3
f 39//3 530//3 37//3
f 513//5 39//5 251//5
f 39//5 513//5 583//5
f 17//4 513//4 251//4
f 513//4 17//4 508//4
f 18//42 508//42 17//42
f 508//42 18//42 509//42
f 20//41 509//41 18//41
f 509//41 20//41 514//41
f 21//40 514//40 20//40
f 514//40 21//40 515//40
f 22//39 515//39 21//39
f 515//39 22//39 516//39
f 24//38 516//38 22//38
f 516//38 24//38 518//38
f 25//37 518//37 24//37
f 518//37 25//37 519//37
f 521//36 25//36 27//36
f 25//36 521//36 519//36
f 522//35 27//35 28//35
f 27//35 522//35 521//35
f 524//34 28//34 30//34
f 28//34 524//34 522//34
f 526//33 30//33 32//33
f 30//33 526//33 524//33
f 527//32 32//32 33//32
f 32//32 527//32 526//32
f 529//31 33//31 35//31
f 33//31 529//31 527//31
f 110//4 473//4 66//4
f 473//4 110//4 381//4
f 379//30 110//30 112//30
f 110//30 379//30 381//30
f 391//29 112//29 121//29
f 112//29 391//29 379//29
f 393//28 121//28 122//28
f 121//28 393//28 391//28
f 395//27 122//27 124//27
f 122//27 395//27 393//27
f 396//26 124//26 125//26
f 124//26 396//26 395//26
f 398//25 125//25 127//25
f 125//25 398//25 396//25
f 400//24 127//24 129//24
f 127//24 400//24 398//24
f 400//55 130//55 401//55
f 130//23 400//23 129//23
f 401//22 132//22 403//22
f 132//22 401//22 130//22
f 403//21 133//21 404//21
f 133//21 403//21 132//21
f 404//20 135//20 406//20
f 135//20 404//20 133//20
f 406//19 136//19 407//19
f 136//19 406//19 135//19
f 407//18 137//18 378//18
f 137//18 407//18 136//18
f 378//3 138//3 377//3
f 138//3 378//3 137//3
f 436//5 138//5 236//5
f 138//5 436//5 377//5
f 242//4 436//4 236//4
f 436//4 242//4 444//4
f 241//43 444//43 242//43
f 444//43 241//43 443//43
f 240//44 443//44 241//44
f 443//44 240//44 442//44
f 239//45 442//45 240//45
f 442//45 239//45 441//45
f 238//46 441//46 239//46
f 441//46 238//46 440//46
f 237//47 440//47 238//47
f 440//47 237//47 439//47
f 82//48 439//48 237//48
f 439//48 82//48 438//48
f 487//49 82//49 79//49
f 82//49 487//49 438//49
f 484//50 79//50 76//50
f 79//50 484//50 487//50
f 482//51 76//51 74//51
f 76//51 482//51 484//51
f 479//52 74//52 71//52
f 74//52 479//52 482//52
f 477//53 71//53 68//53
f 71//53 477//53 479//53
f 475//54 68//54 64//54
f 68//54 475//54 477//54
f 473//5 64//5 66//5
f 64//5 473//5 475//5
f 357//6 205//6 204//6
f 205//6 357//6 359//6
f 349//5 204//5 197//5
f 204//5 349//5 357//5
f 203//4 349//4 197//4
f 349//4 203//4 356//4
f 202//43 356//43 203//43
f 356//43 202//43 355//43
f 201//44 355//44 202//44
f 355//44 201//44 354//44
f 200//45 354//45 201//45
f 354//45 200//45 353//45
f 199//46 353//46 200//46
f 353//46 199//46 352//46
f 198//47 352//47 199//47
f 352//47 198//47 351//47
f 105//48 351//48 198//48
f 351//48 105//48 350//48
f 466//49 105//49 102//49
f 105//49 466//49 350//49
f 463//50 102//50 99//50
f 102//50 463//50 466//50
f 461//51 99//51 97//51
f 99//51 461//51 463//51
f 458//52 97//52 94//52
f 97//52 458//52 461//52
f 456//53 94//53 91//53
f 94//53 456//53 458//53
f 454//54 91//54 87//54
f 91//54 454//54 456//54
f 448//5 87//5 89//5
f 87//5 448//5 454//5
f 196//4 448//4 89//4
f 448//4 196//4 445//4
f 449//56 196//56 244//56
f 196//56 449//56 445//56
f 428//57 244//57 229//57
f 244//57 428//57 449//57
f 429//58 229//58 230//58
f 229//58 429//58 428//58
f 232//59 429//59 230//59
f 429//59 232//59 431//59
f 234//60 431//60 232//60
f 431//60 234//60 433//60
f 376//30 234//30 139//30
f 234//30 376//30 433//30
f 376//3 140//3 375//3
f 140//3 376//3 139//3
f 375//17 220//17 374//17
f 220//17 375//17 140//17
f 374//16 219//16 373//16
f 219//16 374//16 220//16
f 373//15 218//15 371//15
f 218//15 373//15 219//15
f 371//14 217//14 370//14
f 217//14 371//14 218//14
f 370//13 215//13 368//13
f 215//13 370//13 217//13
f 368//12 214//12 367//12
f 214//61 368//61 215//61
f 365//11 214//11 212//11
f 214//11 365//11 367//11
f 363//10 212//10 210//10
f 212//10 363//10 365//10
f 362//9 210//9 209//9
f 210//9 362//9 363//9
f 360//8 209//8 207//8
f 209//8 360//8 362//8
f 359//7 207//7 205//7
f 207//7 359//7 360//7
f 557//5 280//5 172//5
f 280//5 557//5 342//5
f 171//4 557//4 172//4
f 557//4 171//4 555//4
f 287//42 555//42 171//42
f 555//42 287//42 553//42
f 289//41 553//41 287//41
f 553//41 289//41 558//41
f 290//40 558//40 289//40
f 558//40 290//40 559//40
f 291//39 559//39 290//39
f 559//39 291//39 560//39
f 293//38 560//38 291//38
f 560//38 293//38 562//38
f 294//37 562//37 293//37
f 562//37 294//37 563//37
f 565//36 294//36 296//36
f 294//36 565//36 563//36
f 566//35 296//35 297//35
f 296//35 566//35 565//35
f 568//34 297//34 299//34
f 297//34 568//34 566//34
f 570//33 299//33 301//33
f 299//33 570//33 568//33
f 571//32 301//32 302//32
f 301//32 571//32 570//32
f 573//31 302//31 304//31
f 302//31 573//31 571//31
f 493//30 304//30 4//30
f 304//30 493//30 573//30
f 493//3 5//3 494//3
f 5//3 493//3 4//3
f 494//18 6//18 492//18
f 6//18 494//18 5//18
f 492//19 8//19 498//19
f 8//19 492//19 6//19
f 498//20 10//20 500//20
f 10//20 498//20 8//20
f 500//21 12//21 502//21
f 12//21 500//21 10//21
f 502//22 14//22 505//22
f 14//22 502//22 12//22
f 505//23 16//23 507//23
f 16//23 505//23 14//23
f 585//24 16//24 249//24
f 16//24 585//24 507//24
f 589//25 249//25 256//25
f 249//25 589//25 585//25
f 592//26 256//26 259//26
f 256//26 592//26 589//26
f 595//27 259//27 262//27
f 259//27 595//27 592//27
f 597//28 262//28 264//28
f 262//28 597//28 595//28
f 597//62 266//62 599//62
f 266//62 597//62 264//62
f 599//63 269//63 602//63
f 269//63 599//63 266//63
f 602//64 271//64 604//64
f 271//64 602//64 269//64
f 605//65 271//65 274//65
f 271//65 605//65 604//65
f 343//66 274//66 277//66
f 274//66 343//66 605//66
f 343//3 280//3 342//3
f 280//3 343//3 277//3
f 427//67 247//67 452//67
f 247//67 427//67 228//67
f 452//68 246//68 451//68
f 246//68 452//68 247//68
f 451//69 245//69 450//69
f 245//69 451//69 246//69
f 446//70 245//70 243//70
f 245//71 446//71 450//71
f 347//72 243//72 195//72
f 243//72 347//72 446//72
f 346//73 195//73 194//73
f 195//73 346//73 347//73
f 345//74 194//74 193//74
f 194//74 345//74 346//74
f 344//75 193//75 279//75
f 193//75 344//75 345//75
f 608//76 279//76 278//76
f 279//76 608//76 344//76
f 276//77 608//77 278//77
f 608//77 276//77 607//77
f 275//78 607//78 276//78
f 607//78 275//78 606//78
f 273//79 606//79 275//79
f 606//79 273//79 577//79
f 282//80 577//80 273//80
f 577//80 282//80 575//80
f 284//60 575//60 282//60
f 575//60 284//60 578//60
f 285//59 578//59 284//59
f 578//59 285//59 579//59
f 580//58 285//58 286//58
f 285//81 580//81 579//81
f 533//57 286//57 42//57
f 286//57 533//57 580//57
f 534//56 42//56 43//56
f 42//56 534//56 533//56
f 535//82 43//82 44//82
f 43//82 535//82 534//82
f 422//66 44//66 221//66
f 44//66 422//66 535//66
f 420//65 221//65 224//65
f 221//65 420//65 422//65
f 420//64 225//64 424//64
f 225//83 420//83 224//83
f 424//63 226//63 425//63
f 226//63 424//63 225//63
f 425//62 228//62 427//62
f 228//62 425//62 226//62
f 65//4 421//4 222//4
f 421//4 65//4 474//4
f 472//30 65//30 67//30
f 65//30 472//30 474//30
f 476//29 67//29 69//29
f 67//29 476//29 472//29
f 478//28 69//28 70//28
f 69//28 478//28 476//28
f 480//27 70//27 72//27
f 70//27 480//27 478//27
f 481//26 72//26 73//26
f 72//26 481//26 480//26
f 483//25 73//25 75//25
f 73//25 483//25 481//25
f 485//24 75//24 77//24
f 75//24 485//24 483//24
f 485//55 78//55 486//55
f 78//23 485//23 77//23
f 486//22 80//22 488//22
f 80//22 486//22 78//22
f 488//21 81//21 489//21
f 81//21 488//21 80//21
f 489//20 83//20 490//20
f 83//20 489//20 81//20
f 490//19 84//19 491//19
f 84//19 490//19 83//19
f 491//18 85//18 437//18
f 85//18 491//18 84//18
f 437//3 86//3 435//3
f 86//3 437//3 85//3
f 434//5 86//5 235//5
f 86//5 434//5 435//5
f 233//79 434//79 235//79
f 434//79 233//79 432//79
f 231//78 432//78 233//78
f 432//78 231//78 430//78
f 227//77 430//77 231//77
f 430//77 227//77 426//77
f 423//76 227//76 223//76
f 227//76 423//76 426//76
f 421//75 223//75 222//75
f 223//75 421//75 423//75
f 601//68 267//68 600//68
f 267//68 601//68 268//68
f 598//84 267//84 265//84
f 267//84 598//84 600//84
f 596//52 265//52 263//52
f 265//52 596//52 598//52
f 594//51 263//51 261//51
f 263//51 594//51 596//51
f 593//50 261//50 260//50
f 261//50 593//50 594//50
f 591//49 260//49 258//49
f 260//49 591//49 593//49
f 257//48 591//48 258//48
f 591//48 257//48 590//48
f 255//47 590//47 257//47
f 590//47 255//47 588//47
f 254//46 588//46 255//46
f 588//46 254//46 587//46
f 253//45 587//45 254//45
f 587//45 253//45 586//45
f 248//44 586//44 253//44
f 586//44 248//44 584//44
f 250//43 584//43 248//43
f 584//43 250//43 511//43
f 252//4 511//4 250//4
f 511//4 252//4 512//4
f 582//30 252//30 40//30
f 252//30 582//30 512//30
f 582//3 41//3 581//3
f 41//3 582//3 40//3
f 576//73 41//73 283//73
f 41//73 576//73 581//73
f 574//72 283//72 272//72
f 283//72 574//72 576//72
f 603//71 272//71 270//71
f 272//71 603//71 574//71
f 603//69 268//69 601//69
f 268//69 603//69 270//69
f 341//3 190//3 339//3
f 190//3 341//3 281//3
f 337//5 190//5 189//5
f 190//5 337//5 339//5
f 335//54 189//54 187//54
f 189//54 335//54 337//54
f 334//53 187//53 186//53
f 187//53 334//53 335//53
f 332//52 186//52 184//52
f 186//52 332//52 334//52
f 330//51 184//51 182//51
f 184//51 330//51 332//51
f 329//50 182//50 181//50
f 182//50 329//50 330//50
f 327//49 181//49 179//49
f 181//49 327//49 329//49
f 178//48 327//48 179//48
f 327//48 178//48 326//48
f 176//47 326//47 178//47
f 326//47 176//47 324//47
f 175//46 324//46 176//46
f 324//46 175//46 323//46
f 174//45 323//45 175//45
f 323//45 174//45 322//45
f 169//44 322//44 174//44
f 322//44 169//44 320//44
f 168//43 320//43 169//43
f 320//43 168//43 319//43
f 173//4 319//4 168//4
f 319//4 173//4 556//4
f 341//30 173//30 281//30
f 173//30 341//30 556//30
f 340//5 109//5 192//5
f 109//5 340//5 348//5
f 88//4 340//4 192//4
f 340//4 88//4 447//4
f 453//30 88//30 90//30
f 88//30 453//30 447//30
f 455//29 90//29 92//29
f 90//29 455//29 453//29
f 457//28 92//28 93//28
f 92//28 457//28 455//28
f 459//27 93//27 95//27
f 93//27 459//27 457//27
f 460//26 95//26 96//26
f 95//26 460//26 459//26
f 462//25 96//25 98//25
f 96//25 462//25 460//25
f 464//24 98//24 100//24
f 98//24 464//24 462//24
f 464//23 101//23 465//23
f 101//23 464//23 100//23
f 465//22 103//22 467//22
f 103//22 465//22 101//22
f 467//21 104//21 468//21
f 104//21 467//21 103//21
f 468//20 106//20 469//20
f 106//20 468//20 104//20
f 469//19 107//19 470//19
f 107//19 469//19 106//19
f 470//18 108//18 471//18
f 108//18 470//18 107//18
f 471//3 109//3 348//3
f 109//3 471//3 108//3
f 38//4 380//4 111//4
f 380//4 38//4 532//4
f 536//30 38//30 45//30
f 38//30 536//30 532//30
f 537//29 45//29 47//29
f 45//29 537//29 536//29
f 539//28 47//28 48//28
f 47//28 539//28 537//28
f 541//27 48//27 50//27
f 48//27 541//27 539//27
f 542//26 50//26 51//26
f 50//26 542//26 541//26
f 544//25 51//25 53//25
f 51//25 544//25 542//25
f 546//24 53//24 55//24
f 53//24 546//24 544//24
f 546//55 56//55 547//55
f 56//23 546//23 55//23
f 547//22 58//22 549//22
f 58//22 547//22 56//22
f 549//21 59//21 550//21
f 59//21 549//21 58//21
f 550//20 61//20 551//20
f 61//20 550//20 59//20
f 551//19 62//19 552//19
f 62//19 551//19 61//19
f 552//18 63//18 382//18
f 63//18 552//18 62//18
f 380//5 63//5 111//5
f 63//5 380//5 382//5
f 173//1 609//1 168//1
f 609//1 173//1 281//1
f 168//1 609//1 169//1
f 169//1 609//1 174//1
f 609//1 281//1 610//1
f 610//1 281//1 611//1
f 174//1 612//1 175//1
f 612//1 174//1 613//1
f 613//1 174//1 609//1
f 175//1 612//1 614//1
f 175//1 614//1 615//1
f 175//1 615//1 176//1
f 176//1 615//1 616//1
f 176//1 616//1 178//1
f 178//1 616//1 617//1
f 178//1 617//1 179//1
f 179//1 617//1 618//1
f 179//1 618//1 181//1
f 181//1 618//1 619//1
f 181//1 619//1 182//1
f 182//1 619//1 620//1
f 182//1 620//1 184//1
f 184//1 620//1 621//1
f 184//1 621//1 186//1
f 186//1 621//1 622//1
f 186//1 622//1 187//1
f 187//1 622//1 623//1
f 187//1 623//1 189//1
f 189//1 623//1 624//1
f 189//1 624//1 190//1
f 190//1 624//1 611//1
f 190//1 611//1 281//1
f 88//1 625//1 192//1
f 625//1 88//1 90//1
f 625//1 90//1 626//1
f 626//1 90//1 627//1
f 627//1 90//1 92//1
f 627//1 92//1 628//1
f 628//1 92//1 93//1
f 628//1 93//1 629//1
f 629//1 93//1 95//1
f 629//1 95//1 630//1
f 630//1 95//1 96//1
f 630//1 96//1 631//1
f 631//1 96//1 98//1
f 631//1 98//1 632//1
f 632//1 98//1 100//1
f 632//1 100//1 633//1
f 633//1 100//1 101//1
f 633//1 101//1 634//1
f 634//1 101//1 103//1
f 634//1 103//1 635//1
f 635//1 103//1 104//1
f 635//1 104//1 636//1
f 636//1 104//1 106//1
f 636//1 106//1 637//1
f 637//1 106//1 638//1
f 638//1 106//1 639//1
f 192//1 640//1 109//1
f 640//1 192//1 625//1
f 109//1 640//1 639//1
f 109//1 639//1 106//1
f 109//1 106//1 107//1
f 109//1 107//1 108//1
f 196//1 641//1 89//1
f 641//1 196//1 244//1
f 641//1 244//1 642//1
f 642//1 244//1 229//1
f 642//1 229//1 643//1
f 643//1 229//1 230//1
f 643//1 230//1 644//1
f 644//1 230//1 232//1
f 644//1 232//1 645//1
f 645//1 232//1 234//1
f 645//1 234//1 646//1
f 646//1 234//1 139//1
f 646//1 139//1 647//1
f 647//1 139//1 648//1
f 648//1 139//1 219//1
f 219//1 139//1 220//1
f 220//1 139//1 140//1
f 89//1 649//1 87//1
f 649//1 89//1 641//1
f 87//1 649//1 650//1
f 87//1 650//1 651//1
f 87//1 651//1 91//1
f 91//1 651//1 94//1
f 94//1 651//1 652//1
f 94//1 652//1 97//1
f 97//1 652//1 653//1
f 97//1 653//1 99//1
f 99//1 653//1 654//1
f 99//1 654//1 102//1
f 102//1 654//1 655//1
f 102//1 655//1 105//1
f 105//1 655//1 656//1
f 105//1 656//1 198//1
f 198//1 656//1 657//1
f 198//1 657//1 199//1
f 199//1 657//1 658//1
f 199//1 658//1 200//1
f 200//1 658//1 659//1
f 200//1 659//1 201//1
f 201//1 659//1 660//1
f 201//1 660//1 202//1
f 202//1 660//1 661//1
f 202//1 661//1 203//1
f 203//1 661//1 197//1
f 197//1 661//1 662//1
f 197//1 662//1 204//1
f 662//1 661//1 663//1
f 204//1 662//1 664//1
f 204//1 664//1 665//1
f 204//1 665//1 205//1
f 205//1 665//1 666//1
f 205//1 666//1 207//1
f 207//1 666//1 667//1
f 207//1 667//1 209//1
f 209//1 667//1 668//1
f 209//1 668//1 210//1
f 210//1 668//1 669//1
f 210//1 669//1 212//1
f 212//1 669//1 670//1
f 212//1 670//1 214//1
f 214//1 670//1 671//1
f 214//1 671//1 215//1
f 215//1 671//1 672//1
f 215//1 672//1 217//1
f 217//1 672//1 673//1
f 217//1 673//1 218//1
f 218//1 673//1 674//1
f 218//1 674//1 219//1
f 219//1 674//1 675//1
f 219//1 675//1 648//1
f 289//1 676//1 677//1
f 676//1 289//1 678//1
f 678//1 289//1 290//1
f 678//1 290//1 679//1
f 679//1 290//1 680//1
f 680//1 290//1 291//1
f 680//1 291//1 681//1
f 681//1 291//1 293//1
f 681//1 293//1 682//1
f 682//1 293//1 294//1
f 682//1 294//1 683//1
f 683//1 294//1 296//1
f 683//1 296//1 684//1
f 684//1 296//1 297//1
f 684//1 297//1 685//1
f 685//1 297//1 299//1
f 685//1 299//1 686//1
f 686//1 299//1 301//1
f 686//1 301//1 687//1
f 687//1 301//1 302//1
f 687//1 302//1 688//1
f 688//1 302//1 304//1
f 688//1 304//1 689//1
f 689//1 304//1 4//1
f 689//1 4//1 690//1
f 690//1 4//1 691//1
f 691//1 4//1 692//1
f 692//1 4//1 5//1
f 692//1 5//1 693//1
f 693//1 5//1 6//1
f 693//1 6//1 8//1
f 693//1 8//1 694//1
f 694//1 8//1 10//1
f 694//1 10//1 695//1
f 695//1 10//1 12//1
f 695//1 12//1 696//1
f 696//1 12//1 14//1
f 696//1 14//1 697//1
f 697//1 14//1 16//1
f 697//1 16//1 698//1
f 698//1 16//1 249//1
f 698//1 249//1 699//1
f 699//1 249//1 256//1
f 699//1 256//1 700//1
f 700//1 256//1 259//1
f 700//1 259//1 701//1
f 701//1 259//1 262//1
f 701//1 262//1 702//1
f 702//1 262//1 264//1
f 702//1 264//1 703//1
f 703//1 264//1 266//1
f 703//1 266//1 704//1
f 704//1 266//1 269//1
f 704//1 269//1 705//1
f 705//1 269//1 271//1
f 705//1 271//1 706//1
f 706//1 271//1 274//1
f 706//1 274//1 707//1
f 707//1 274//1 277//1
f 707//1 277//1 708//1
f 287//1 172//1 171//1
f 172//1 287//1 677//1
f 172//1 677//1 280//1
f 677//1 287//1 289//1
f 280//1 677//1 708//1
f 280//1 708//1 277//1
f 275//2 282//2 273//2
f 282//2 275//2 284//2
f 284//2 275//2 276//2
f 284//2 276//2 285//2
f 285//2 276//2 278//2
f 285//2 278//2 286//2
f 286//2 278//2 279//2
f 286//2 279//2 42//2
f 42//2 279//2 193//2
f 42//2 193//2 43//2
f 43//2 193//2 194//2
f 43//2 194//2 44//2
f 44//2 194//2 195//2
f 44//2 195//2 221//2
f 221//2 195//2 243//2
f 221//2 243//2 224//2
f 224//2 243//2 245//2
f 224//2 245//2 225//2
f 225//2 245//2 246//2
f 225//2 246//2 226//2
f 226//2 246//2 247//2
f 226//2 247//2 228//2
f 252//1 709//1 250//1
f 709//1 252//1 40//1
f 250//1 709//1 248//1
f 248//1 709//1 253//1
f 709//1 40//1 710//1
f 710//1 40//1 711//1
f 253//1 712//1 254//1
f 712//1 253//1 713//1
f 713//1 253//1 709//1
f 254//1 712//1 714//1
f 254//1 714//1 715//1
f 254//1 715//1 255//1
f 255//1 715//1 716//1
f 255//1 716//1 257//1
f 257//1 716//1 717//1
f 257//1 717//1 258//1
f 258//1 717//1 718//1
f 258//1 718//1 260//1
f 260//1 718//1 719//1
f 260//1 719//1 261//1
f 261//1 719//1 720//1
f 261//1 720//1 263//1
f 263//1 720//1 721//1
f 263//1 721//1 265//1
f 265//1 721//1 722//1
f 265//1 722//1 723//1
f 265//1 723//1 267//1
f 267//1 723//1 268//1
f 268//1 723//1 724//1
f 268//1 724//1 270//1
f 270//1 724//1 725//1
f 270//1 725//1 272//1
f 272//1 725//1 726//1
f 272//1 726//1 283//1
f 283//1 726//1 711//1
f 283//1 711//1 41//1
f 41//1 711//1 40//1
f 65//1 727//1 222//1
f 727//1 65//1 67//1
f 727//1 67//1 728//1
f 728//1 67//1 69//1
f 728//1 69//1 729//1
f 729//1 69//1 730//1
f 730//1 69//1 70//1
f 730//1 70//1 731//1
f 731//1 70//1 72//1
f 731//1 72//1 732//1
f 732//1 72//1 73//1
f 732//1 73//1 733//1
f 733//1 73//1 75//1
f 733//1 75//1 734//1
f 734//1 75//1 77//1
f 734//1 77//1 735//1
f 735//1 77//1 78//1
f 735//1 78//1 736//1
f 736//1 78//1 80//1
f 736//1 80//1 737//1
f 737//1 80//1 81//1
f 737//1 81//1 738//1
f 738//1 81//1 83//1
f 738//1 83//1 739//1
f 739//1 83//1 740//1
f 740//1 83//1 741//1
f 222//1 742//1 223//1
f 742//1 222//1 727//1
f 223//1 742//1 743//1
f 223//1 743//1 227//1
f 227//1 743//1 744//1
f 227//1 744//1 231//1
f 231//1 744//1 745//1
f 231//1 745//1 233//1
f 233//1 745//1 746//1
f 233//1 746//1 235//1
f 235//1 746//1 747//1
f 235//1 747//1 86//1
f 86//1 747//1 741//1
f 86//1 741//1 83//1
f 86//1 83//1 84//1
f 86//1 84//1 85//1
f 110//1 748//1 66//1
f 748//1 110//1 112//1
f 748//1 112//1 749//1
f 749//1 112//1 121//1
f 749//1 121//1 750//1
f 750//1 121//1 751//1
f 751//1 121//1 122//1
f 751//1 122//1 752//1
f 752//1 122//1 124//1
f 752//1 124//1 753//1
f 753//1 124//1 125//1
f 753//1 125//1 754//1
f 754//1 125//1 127//1
f 754//1 127//1 755//1
f 755//1 127//1 129//1
f 755//1 129//1 756//1
f 756//1 129//1 130//1
f 756//1 130//1 757//1
f 757//1 130//1 132//1
f 757//1 132//1 758//1
f 758//1 132//1 133//1
f 758//1 133//1 759//1
f 759//1 133//1 135//1
f 759//1 135//1 760//1
f 760//1 135//1 761//1
f 761//1 135//1 762//1
f 66//1 763//1 64//1
f 763//1 66//1 748//1
f 64//1 763//1 764//1
f 64//1 764//1 765//1
f 64//1 765//1 68//1
f 68//1 765//1 71//1
f 71//1 765//1 766//1
f 71//1 766//1 74//1
f 74//1 766//1 767//1
f 74//1 767//1 76//1
f 76//1 767//1 768//1
f 76//1 768//1 79//1
f 79//1 768//1 769//1
f 79//1 769//1 82//1
f 82//1 769//1 770//1
f 82//1 770//1 237//1
f 237//1 770//1 771//1
f 237//1 771//1 238//1
f 238//1 771//1 772//1
f 238//1 772//1 239//1
f 239//1 772//1 773//1
f 239//1 773//1 240//1
f 240//1 773//1 774//1
f 240//1 774//1 241//1
f 241//1 774//1 775//1
f 241//1 775//1 242//1
f 242//1 775//1 236//1
f 236//1 775//1 776//1
f 236//1 776//1 138//1
f 776//1 775//1 777//1
f 138//1 776//1 762//1
f 138//1 762//1 135//1
f 138//1 135//1 136//1
f 138//1 136//1 137//1
f 38//1 778//1 111//1
f 778//1 38//1 45//1
f 778//1 45//1 779//1
f 779//1 45//1 780//1
f 780//1 45//1 47//1
f 780//1 47//1 781//1
f 781//1 47//1 48//1
f 781//1 48//1 782//1
f 782//1 48//1 50//1
f 782//1 50//1 783//1
f 783//1 50//1 51//1
f 783//1 51//1 784//1
f 784//1 51//1 53//1
f 784//1 53//1 785//1
f 785//1 53//1 55//1
f 785//1 55//1 786//1
f 786//1 55//1 56//1
f 786//1 56//1 787//1
f 787//1 56//1 58//1
f 787//1 58//1 788//1
f 788//1 58//1 59//1
f 788//1 59//1 789//1
f 789//1 59//1 61//1
f 789//1 61//1 790//1
f 790//1 61//1 791//1
f 111//1 792//1 63//1
f 792//1 111//1 778//1
f 63//1 792//1 791//1
f 63//1 791//1 61//1
f 63//1 61//1 62//1
f 20//1 793//1 794//1
f 793//1 20//1 21//1
f 793//1 21//1 795//1
f 795//1 21//1 796//1
f 796//1 21//1 22//1
f 796//1 22//1 797//1
f 797//1 22//1 24//1
f 797//1 24//1 798//1
f 798//1 24//1 25//1
f 798//1 25//1 799//1
f 799//1 25//1 27//1
f 799//1 27//1 800//1
f 800//1 27//1 28//1
f 800//1 28//1 801//1
f 801//1 28//1 30//1
f 801//1 30//1 802//1
f 802//1 30//1 32//1
f 802//1 32//1 803//1
f 803//1 32//1 33//1
f 803//1 33//1 804//1
f 804//1 33//1 35//1
f 804//1 35//1 805//1
f 805//1 35//1 37//1
f 805//1 37//1 806//1
f 806//1 37//1 807//1
f 18//1 251//1 17//1
f 251//1 18//1 808//1
f 251//1 808//1 39//1
f 808//1 18//1 20//1
f 808//1 20//1 794//1
f 39//1 808//1 807//1
f 39//1 807//1 37//1
f 809//2 810//2 811//2
f 812//2 813//2 814//2
f 813//2 812//2 815//2
f 814//2 813//2 816//2
f 816//2 813//2 817//2
f 813//2 815//2 818//2
f 818//2 815//2 819//2
f 820//2 821//2 809//2
f 821//2 820//2 822//2
f 822//2 820//2 823//2
f 823//2 820//2 824//2
f 823//2 824//2 825//2
f 825//2 824//2 826//2
f 825//2 826//2 827//2
f 827//2 826//2 828//2
f 827//2 828//2 829//2
f 829//2 828//2 830//2
f 829//2 830//2 831//2
f 831//2 830//2 832//2
f 831//2 832//2 833//2
f 833//2 832//2 834//2
f 833//2 834//2 835//2
f 835//2 834//2 836//2
f 835//2 836//2 837//2
f 837//2 836//2 838//2
f 837//2 838//2 839//2
f 839//2 838//2 840//2
f 839//2 840//2 841//2
f 841//2 840//2 842//2
f 841//2 842//2 843//2
f 843//2 842//2 844//2
f 843//2 844//2 845//2
f 845//2 844//2 846//2
f 845//2 846//2 847//2
f 847//2 846//2 848//2
f 847//2 848//2 849//2
f 849//2 848//2 819//2
f 849//2 819//2 850//2
f 850//2 819//2 815//2
f 817//2 851//2 852//2
f 851//2 817//2 853//2
f 853//2 817//2 813//2
f 852//2 851//2 854//2
f 852//2 854//2 855//2
f 852//2 855//2 856//2
f 856//2 855//2 857//2
f 856//2 857//2 858//2
f 858//2 857//2 859//2
f 858//2 859//2 860//2
f 860//2 859//2 861//2
f 860//2 861//2 862//2
f 862//2 861//2 863//2
f 862//2 863//2 864//2
f 864//2 863//2 865//2
f 864//2 865//2 866//2
f 866//2 865//2 867//2
f 866//2 867//2 868//2
f 868//2 867//2 869//2
f 868//2 869//2 870//2
f 870//2 869//2 871//2
f 870//2 871//2 872//2
f 872//2 871//2 873//2
f 872//2 873//2 874//2
f 874//2 873//2 810//2
f 874//2 810//2 809//2
f 874//2 809//2 821//2
f 860//11 296//11 294//11
f 296//11 860//11 862//11
f 860//12 293//12 858//12
f 293//12 860//12 294//12
f 858//13 291//13 856//13
f 291//13 858//13 293//13
f 856//14 290//14 852//14
f 290//14 856//14 291//14
f 852//15 289//15 817//15
f 289//15 852//15 290//15
f 817//16 287//16 816//16
f 287//16 817//16 289//16
f 816//17 171//17 814//17
f 171//17 816//17 287//17
f 814//3 172//3 812//3
f 172//3 814//3 171//3
f 815//30 172//30 280//30
f 172//30 815//30 812//30
f 277//4 815//4 280//4
f 815//4 277//4 850//4
f 849//75 277//75 274//75
f 277//75 849//75 850//75
f 847//76 274//76 271//76
f 274//76 847//76 849//76
f 269//77 847//77 271//77
f 847//77 269//77 845//77
f 266//78 845//78 269//78
f 845//78 266//78 843//78
f 264//79 843//79 266//79
f 843//79 264//79 841//79
f 839//53 264//53 262//53
f 264//53 839//53 841//53
f 837//52 262//52 259//52
f 262//52 837//52 839//52
f 835//51 259//51 256//51
f 259//51 835//51 837//51
f 833//50 256//50 249//50
f 256//50 833//50 835//50
f 831//49 249//49 16//49
f 249//49 831//49 833//49
f 14//48 831//48 16//48
f 831//48 14//48 829//48
f 12//47 829//47 14//47
f 829//47 12//47 827//47
f 10//46 827//46 12//46
f 827//46 10//46 825//46
f 8//45 825//45 10//45
f 825//45 8//45 823//45
f 6//44 823//44 8//44
f 823//44 6//44 822//44
f 5//43 822//43 6//43
f 822//43 5//43 821//43
f 4//4 821//4 5//4
f 821//4 4//4 874//4
f 872//5 4//5 304//5
f 4//5 872//5 874//5
f 870//6 304//6 302//6
f 304//6 870//6 872//6
f 868//7 302//7 301//7
f 302//7 868//7 870//7
f 866//8 301//8 299//8
f 301//8 866//8 868//8
f 864//9 299//9 297//9
f 299//9 864//9 866//9
f 862//10 297//10 296//10
f 297//10 862//10 864//10
f 813//5 708//5 677//5
f 708//5 813//5 818//5
f 676//4 813//4 677//4
f 813//4 676//4 853//4
f 678//42 853//42 676//42
f 853//42 678//42 851//42
f 679//41 851//41 678//41
f 851//41 679//41 854//41
f 680//40 854//40 679//40
f 854//40 680//40 855//40
f 681//39 855//39 680//39
f 855//39 681//39 857//39
f 682//38 857//38 681//38
f 857//38 682//38 859//38
f 683//37 859//37 682//37
f 859//37 683//37 861//37
f 863//36 683//36 684//36
f 683//36 863//36 861//36
f 865//35 684//35 685//35
f 684//35 865//35 863//35
f 867//34 685//34 686//34
f 685//34 867//34 865//34
f 869//33 686//33 687//33
f 686//33 869//33 867//33
f 871//32 687//32 688//32
f 687//32 871//32 869//32
f 873//31 688//31 689//31
f 688//31 873//31 871//31
f 810//30 689//30 690//30
f 689//30 810//30 873//30
f 810//3 691//3 811//3
f 691//3 810//3 690//3
f 811//18 692//18 809//18
f 692//18 811//18 691//18
f 809//19 693//19 820//19
f 693//19 809//19 692//19
f 820//20 694//20 824//20
f 694//20 820//20 693//20
f 824//21 695//21 826//21
f 695//21 824//21 694//21
f 826//22 696//22 828//22
f 696//22 826//22 695//22
f 828//23 697//23 830//23
f 697//23 828//23 696//23
f 832//24 697//24 698//24
f 697//24 832//24 830//24
f 834//25 698//25 699//25
f 698//25 834//25 832//25
f 836//26 699//26 700//26
f 699//26 836//26 834//26
f 838//27 700//27 701//27
f 700//27 838//27 836//27
f 840//28 701//28 702//28
f 701//28 840//28 838//28
f 840//62 703//62 842//62
f 703//62 840//62 702//62
f 842//63 704//63 844//63
f 704//63 842//63 703//63
f 844//64 705//64 846//64
f 705//64 844//64 704//64
f 848//65 705//65 706//65
f 705//65 848//65 846//65
f 819//66 706//66 707//66
f 706//66 819//66 848//66
f 819//3 708//3 818//3
f 708//3 819//3 707//3
f 875//2 876//2 877//2
f 876//2 875//2 878//2
f 876//2 878//2 879//2
f 879//2 878//2 880//2
f 880//2 878//2 881//2
f 880//2 881//2 882//2
f 882//2 881//2 883//2
f 882//2 883//2 884//2
f 884//2 883//2 885//2
f 884//2 885//2 886//2
f 886//2 885//2 887//2
f 886//2 887//2 888//2
f 888//2 887//2 889//2
f 888//2 889//2 890//2
f 890//2 889//2 891//2
f 890//2 891//2 892//2
f 892//2 891//2 893//2
f 892//2 893//2 894//2
f 894//2 893//2 895//2
f 895//2 893//2 896//2
f 895//2 896//2 897//2
f 895//2 897//2 898//2
f 898//2 897//2 899//2
f 898//2 899//2 900//2
f 900//2 899//2 901//2
f 900//2 901//2 902//2
f 902//2 901//2 903//2
f 902//2 903//2 904//2
f 904//2 903//2 905//2
f 904//2 905//2 906//2
f 907//2 908//2 909//2
f 908//2 907//2 910//2
f 908//2 910//2 911//2
f 910//2 907//2 875//2
f 910//2 875//2 877//2
f 911//2 910//2 906//2
f 911//2 906//2 905//2
f 908//5 40//5 252//5
f 40//5 908//5 911//5
f 908//3 250//3 909//3
f 250//3 908//3 252//3
f 909//18 248//18 907//18
f 248//18 909//18 250//18
f 907//19 253//19 875//19
f 253//19 907//19 248//19
f 875//20 254//20 878//20
f 254//20 875//20 253//20
f 878//21 255//21 881//21
f 255//21 878//21 254//21
f 881//22 257//22 883//22
f 257//22 881//22 255//22
f 883//23 258//23 885//23
f 258//23 883//23 257//23
f 887//24 258//24 260//24
f 258//24 887//24 885//24
f 889//25 260//25 261//25
f 260//25 889//25 887//25
f 891//26 261//26 263//26
f 261//26 891//26 889//26
f 893//27 263//27 265//27
f 263//27 893//27 891//27
f 896//28 265//28 267//28
f 265//85 896//85 893//85
f 268//60 896//60 267//60
f 896//60 268//60 897//60
f 270//59 897//59 268//59
f 897//59 270//59 899//59
f 901//58 270//58 272//58
f 270//58 901//58 899//58
f 903//57 272//57 283//57
f 272//57 903//57 901//57
f 905//56 283//56 41//56
f 283//56 905//56 903//56
f 40//4 905//4 41//4
f 905//4 40//4 911//4
f 716//47 884//47 717//47
f 884//47 716//47 882//47
f 715//46 882//46 716//46
f 882//46 715//46 880//46
f 714//45 880//45 715//45
f 880//45 714//45 879//45
f 712//44 879//44 714//44
f 879//44 712//44 876//44
f 713//43 876//43 712//43
f 876//43 713//43 877//43
f 709//4 877//4 713//4
f 877//4 709//4 910//4
f 906//30 709//30 710//30
f 709//30 906//30 910//30
f 906//3 711//3 904//3
f 711//3 906//3 710//3
f 902//73 711//73 726//73
f 711//73 902//73 904//73
f 900//72 726//72 725//72
f 726//72 900//72 902//72
f 898//71 725//71 724//71
f 725//71 898//71 900//71
f 898//69 723//69 895//69
f 723//69 898//69 724//69
f 895//68 722//68 894//68
f 722//68 895//68 723//68
f 892//52 722//52 721//52
f 722//52 892//52 894//52
f 890//51 721//51 720//51
f 721//51 890//51 892//51
f 888//50 720//50 719//50
f 720//50 888//50 890//50
f 886//49 719//49 718//49
f 719//49 886//49 888//49
f 717//48 886//48 718//48
f 886//48 717//48 884//48
f 912//2 913//2 914//2
f 913//2 912//2 915//2
f 913//2 915//2 916//2
f 916//2 915//2 917//2
f 916//2 917//2 918//2
f 918//2 917//2 919//2
f 918//2 919//2 920//2
f 920//2 919//2 921//2
f 920//2 921//2 922//2
f 922//2 921//2 923//2
f 922//2 923//2 924//2
f 924//2 923//2 925//2
f 924//2 925//2 926//2
f 926//2 925//2 927//2
f 927//2 925//2 928//2
f 928//2 925//2 929//2
f 929//2 925//2 930//2
f 914//2 931//2 932//2
f 931//2 914//2 913//2
f 932//2 931//2 933//2
f 932//2 933//2 934//2
f 932//2 934//2 935//2
f 935//2 934//2 936//2
f 935//2 936//2 937//2
f 937//2 936//2 938//2
f 937//2 938//2 939//2
f 939//2 938//2 940//2
f 939//2 940//2 941//2
f 941//2 940//2 942//2
f 941//2 942//2 943//2
f 943//2 942//2 944//2
f 943//2 944//2 945//2
f 945//2 944//2 946//2
f 945//2 946//2 947//2
f 947//2 946//2 948//2
f 947//2 948//2 949//2
f 949//2 948//2 950//2
f 949//2 950//2 951//2
f 951//2 950//2 952//2
f 951//2 952//2 928//2
f 928//2 952//2 953//2
f 928//2 953//2 927//2
f 914//5 67//5 65//5
f 67//5 914//5 932//5
f 914//3 222//3 912//3
f 222//3 914//3 65//3
f 915//66 222//66 223//66
f 222//66 915//66 912//66
f 917//65 223//65 227//65
f 223//65 917//65 915//65
f 917//83 231//83 919//83
f 231//64 917//64 227//64
f 919//63 233//63 921//63
f 233//63 919//63 231//63
f 921//62 235//62 923//62
f 235//62 921//62 233//62
f 925//30 235//30 86//30
f 235//30 925//30 923//30
f 85//4 925//4 86//4
f 925//4 85//4 930//4
f 84//43 930//43 85//43
f 930//43 84//43 929//43
f 83//44 929//44 84//44
f 929//44 83//44 928//44
f 81//45 928//45 83//45
f 928//45 81//45 951//45
f 80//46 951//46 81//46
f 951//46 80//46 949//46
f 78//47 949//47 80//47
f 949//47 78//47 947//47
f 77//86 947//86 78//86
f 947//48 77//48 945//48
f 943//49 77//49 75//49
f 77//49 943//49 945//49
f 941//50 75//50 73//50
f 75//50 941//50 943//50
f 939//51 73//51 72//51
f 73//51 939//51 941//51
f 937//52 72//52 70//52
f 72//52 937//52 939//52
f 935//53 70//53 69//53
f 70//53 935//53 937//53
f 932//54 69//54 67//54
f 69//54 932//54 935//54
f 924//5 741//5 747//5
f 741//5 924//5 926//5
f 746//79 924//79 747//79
f 924//79 746//79 922//79
f 745//78 922//78 746//78
f 922//78 745//78 920//78
f 744//77 920//77 745//77
f 920//77 744//77 918//77
f 916//76 744//76 743//76
f 744//76 916//76 918//76
f 913//75 743//75 742//75
f 743//75 913//75 916//75
f 727//4 913//4 742//4
f 913//4 727//4 931//4
f 933//30 727//30 728//30
f 727//30 933//30 931//30
f 934//29 728//29 729//29
f 728//29 934//29 933//29
f 936//28 729//28 730//28
f 729//28 936//28 934//28
f 938//27 730//27 731//27
f 730//27 938//27 936//27
f 940//26 731//26 732//26
f 731//26 940//26 938//26
f 942//25 732//25 733//25
f 732//25 942//25 940//25
f 944//24 733//24 734//24
f 733//24 944//24 942//24
f 944//23 735//23 946//23
f 735//23 944//23 734//23
f 946//22 736//22 948//22
f 736//22 946//22 735//22
f 948//21 737//21 950//21
f 737//21 948//21 736//21
f 950//20 738//20 952//20
f 738//20 950//20 737//20
f 952//19 739//19 953//19
f 739//19 952//19 738//19
f 953//18 740//18 927//18
f 740//18 953//18 739//18
f 927//3 741//3 926//3
f 741//3 927//3 740//3
f 954//2 955//2 956//2
f 955//2 954//2 957//2
f 956//2 955//2 958//2
f 958//2 955//2 959//2
f 955//2 957//2 960//2
f 960//2 957//2 961//2
f 960//2 961//2 962//2
f 962//2 961//2 963//2
f 963//2 961//2 964//2
f 963//2 964//2 965//2
f 965//2 964//2 966//2
f 965//2 966//2 967//2
f 967//2 966//2 968//2
f 967//2 968//2 969//2
f 969//2 968//2 970//2
f 969//2 970//2 971//2
f 971//2 970//2 972//2
f 971//2 972//2 973//2
f 973//2 972//2 974//2
f 973//2 974//2 975//2
f 975//2 974//2 976//2
f 975//2 976//2 977//2
f 977//2 976//2 978//2
f 977//2 978//2 979//2
f 979//2 978//2 980//2
f 979//2 980//2 981//2
f 981//2 980//2 982//2
f 982//2 980//2 983//2
f 984//2 985//2 986//2
f 985//2 984//2 987//2
f 986//2 985//2 988//2
f 986//2 988//2 989//2
f 989//2 988//2 990//2
f 989//2 990//2 991//2
f 991//2 990//2 992//2
f 991//2 992//2 993//2
f 993//2 992//2 994//2
f 993//2 994//2 995//2
f 995//2 994//2 996//2
f 995//2 996//2 997//2
f 997//2 996//2 983//2
f 997//2 983//2 980//2
f 997//2 980//2 998//2
f 997//2 998//2 999//2
f 1000//2 987//2 984//2
f 987//2 1000//2 1001//2
f 987//2 1001//2 1002//2
f 1002//2 1001//2 1003//2
f 1003//2 1001//2 1004//2
f 1003//2 1004//2 1005//2
f 1003//2 1005//2 1006//2
f 1006//2 1005//2 1007//2
f 1006//2 1007//2 1008//2
f 1008//2 1007//2 1009//2
f 1008//2 1009//2 1010//2
f 1010//2 1009//2 1011//2
f 1010//2 1011//2 1012//2
f 1012//2 1011//2 1013//2
f 1012//2 1013//2 1014//2
f 1014//2 1013//2 1015//2
f 1014//2 1015//2 1016//2
f 1016//2 1015//2 1017//2
f 1016//2 1017//2 1018//2
f 1018//2 1017//2 1019//2
f 1018//2 1019//2 1020//2
f 1020//2 1019//2 1021//2
f 1020//2 1021//2 1022//2
f 1022//2 1021//2 1023//2
f 1022//2 1023//2 958//2
f 958//2 1023//2 956//2
f 995//5 139//5 234//5
f 139//5 995//5 997//5
f 995//68 232//68 993//68
f 232//68 995//68 234//68
f 993//69 230//69 991//69
f 230//69 993//69 232//69
f 989//71 230//71 229//71
f 230//70 989//70 991//70
f 986//72 229//72 244//72
f 229//72 986//72 989//72
f 984//73 244//73 196//73
f 244//73 984//73 986//73
f 984//3 89//3 1000//3
f 89//3 984//3 196//3
f 1001//30 89//30 87//30
f 89//30 1001//30 1000//30
f 1004//29 87//29 91//29
f 87//29 1004//29 1001//29
f 1005//28 91//28 94//28
f 91//28 1005//28 1004//28
f 1007//27 94//27 97//27
f 94//27 1007//27 1005//27
f 1009//26 97//26 99//26
f 97//26 1009//26 1007//26
f 1011//25 99//25 102//25
f 99//25 1011//25 1009//25
f 1013//24 102//24 105//24
f 102//24 1013//24 1011//24
f 1013//23 198//23 1015//23
f 198//23 1013//23 105//23
f 1015//22 199//22 1017//22
f 199//22 1015//22 198//22
f 1017//21 200//21 1019//21
f 200//21 1017//21 199//21
f 1019//20 201//20 1021//20
f 201//20 1019//20 200//20
f 1021//19 202//19 1023//19
f 202//19 1021//19 201//19
f 1023//18 203//18 956//18
f 203//18 1023//18 202//18
f 956//3 197//3 954//3
f 197//3 956//3 203//3
f 957//30 197//30 204//30
f 197//30 957//30 954//30
f 961//31 204//31 205//31
f 204//31 961//31 957//31
f 964//32 205//32 207//32
f 205//32 964//32 961//32
f 966//33 207//33 209//33
f 207//33 966//33 964//33
f 968//34 209//34 210//34
f 209//34 968//34 966//34
f 970//35 210//35 212//35
f 210//35 970//35 968//35
f 972//36 212//36 214//36
f 212//36 972//36 970//36
f 215//37 972//37 214//37
f 972//87 215//87 974//87
f 217//38 974//38 215//38
f 974//38 217//38 976//38
f 218//39 976//39 217//39
f 976//39 218//39 978//39
f 219//40 978//40 218//40
f 978//40 219//40 980//40
f 220//41 980//41 219//41
f 980//41 220//41 998//41
f 140//42 998//42 220//42
f 998//42 140//42 999//42
f 139//4 999//4 140//4
f 999//4 139//4 997//4
f 983//30 646//30 647//30
f 646//30 983//30 996//30
f 983//3 648//3 982//3
f 648//3 983//3 647//3
f 982//17 675//17 981//17
f 675//17 982//17 648//17
f 981//16 674//16 979//16
f 674//16 981//16 675//16
f 979//15 673//15 977//15
f 673//15 979//15 674//15
f 977//14 672//14 975//14
f 672//14 977//14 673//14
f 975//13 671//13 973//13
f 671//13 975//13 672//13
f 973//12 670//12 971//12
f 670//12 973//12 671//12
f 969//11 670//11 669//11
f 670//88 969//88 971//88
f 967//10 669//10 668//10
f 669//10 967//10 969//10
f 965//9 668//9 667//9
f 668//9 965//9 967//9
f 963//8 667//8 666//8
f 667//8 963//8 965//8
f 962//7 666//7 665//7
f 666//7 962//7 963//7
f 960//6 665//6 664//6
f 665//6 960//6 962//6
f 955//5 664//5 662//5
f 664//5 955//5 960//5
f 663//4 955//4 662//4
f 955//4 663//4 959//4
f 661//43 959//43 663//43
f 959//43 661//43 958//43
f 660//44 958//44 661//44
f 958//44 660//44 1022//44
f 659//45 1022//45 660//45
f 1022//45 659//45 1020//45
f 658//46 1020//46 659//46
f 1020//46 658//46 1018//46
f 657//47 1018//47 658//47
f 1018//47 657//47 1016//47
f 656//48 1016//48 657//48
f 1016//48 656//48 1014//48
f 1012//49 656//49 655//49
f 656//49 1012//49 1014//49
f 1010//50 655//50 654//50
f 655//50 1010//50 1012//50
f 1008//51 654//51 653//51
f 654//51 1008//51 1010//51
f 1006//52 653//52 652//52
f 653//52 1006//52 1008//52
f 1003//53 652//53 651//53
f 652//53 1003//53 1006//53
f 1002//54 651//54 650//54
f 651//54 1002//54 1003//54
f 987//5 650//5 649//5
f 650//5 987//5 1002//5
f 641//4 987//4 649//4
f 987//4 641//4 985//4
f 988//56 641//56 642//56
f 641//56 988//56 985//56
f 990//57 642//57 643//57
f 642//57 990//57 988//57
f 992//81 643//81 644//81
f 643//58 992//58 990//58
f 645//59 992//59 644//59
f 992//59 645//59 994//59
f 646//60 994//60 645//60
f 994//60 646//60 996//60
f 1024//2 1025//2 1026//2
f 1025//2 1024//2 1027//2
f 1025//2 1027//2 1028//2
f 1028//2 1027//2 1029//2
f 1029//2 1027//2 1030//2
f 1030//2 1027//2 1031//2
f 1026//2 1032//2 1033//2
f 1032//2 1026//2 1025//2
f 1033//2 1032//2 1034//2
f 1033//2 1034//2 1035//2
f 1033//2 1035//2 1036//2
f 1036//2 1035//2 1037//2
f 1036//2 1037//2 1038//2
f 1038//2 1037//2 1039//2
f 1038//2 1039//2 1040//2
f 1040//2 1039//2 1041//2
f 1040//2 1041//2 1042//2
f 1042//2 1041//2 1043//2
f 1042//2 1043//2 1044//2
f 1044//2 1043//2 1045//2
f 1044//2 1045//2 1046//2
f 1046//2 1045//2 1047//2
f 1046//2 1047//2 1048//2
f 1048//2 1047//2 1049//2
f 1048//2 1049//2 1050//2
f 1050//2 1049//2 1051//2
f 1050//2 1051//2 1052//2
f 1052//2 1051//2 1053//2
f 1052//2 1053//2 1029//2
f 1029//2 1053//2 1054//2
f 1029//2 1054//2 1055//2
f 1029//2 1055//2 1028//2
f 1027//30 192//30 109//30
f 192//30 1027//30 1024//30
f 108//4 1027//4 109//4
f 1027//4 108//4 1031//4
f 107//43 1031//43 108//43
f 1031//43 107//43 1030//43
f 106//44 1030//44 107//44
f 1030//44 106//44 1029//44
f 104//45 1029//45 106//45
f 1029//45 104//45 1052//45
f 103//46 1052//46 104//46
f 1052//46 103//46 1050//46
f 101//47 1050//47 103//47
f 1050//47 101//47 1048//47
f 100//48 1048//48 101//48
f 1048//48 100//48 1046//48
f 1044//49 100//49 98//49
f 100//49 1044//49 1046//49
f 1042//50 98//50 96//50
f 98//50 1042//50 1044//50
f 1040//51 96//51 95//51
f 96//51 1040//51 1042//51
f 1038//52 95//52 93//52
f 95//52 1038//52 1040//52
f 1036//53 93//53 92//53
f 93//53 1036//53 1038//53
f 1033//54 92//54 90//54
f 92//54 1033//54 1036//54
f 1026//5 90//5 88//5
f 90//5 1026//5 1033//5
f 1026//3 192//3 1024//3
f 192//3 1026//3 88//3
f 1025//5 639//5 640//5
f 639//5 1025//5 1028//5
f 625//4 1025//4 640//4
f 1025//4 625//4 1032//4
f 1034//30 625//30 626//30
f 625//30 1034//30 1032//30
f 1035//29 626//29 627//29
f 626//29 1035//29 1034//29
f 1037//28 627//28 628//28
f 627//28 1037//28 1035//28
f 1039//27 628//27 629//27
f 628//27 1039//27 1037//27
f 1041//26 629//26 630//26
f 629//26 1041//26 1039//26
f 1043//25 630//25 631//25
f 630//25 1043//25 1041//25
f 1045//24 631//24 632//24
f 631//24 1045//24 1043//24
f 1045//23 633//23 1047//23
f 633//23 1045//23 632//23
f 1047//22 634//22 1049//22
f 634//22 1047//22 633//22
f 1049//21 635//21 1051//21
f 635//21 1049//21 634//21
f 1051//20 636//20 1053//20
f 636//20 1051//20 635//20
f 1053//19 637//19 1054//19
f 637//19 1053//19 636//19
f 1054//18 638//18 1055//18
f 638//18 1054//18 637//18
f 1055//3 639//3 1028//3
f 639//3 1055//3 638//3
f 1056//2 1057//2 1058//2
f 1057//2 1056//2 1059//2
f 1059//2 1056//2 1060//2
f 1059//2 1060//2 1061//2
f 1061//2 1060//2 1062//2
f 1062//2 1060//2 1063//2
f 1062//2 1063//2 1064//2
f 1064//2 1063//2 1065//2
f 1064//2 1065//2 1066//2
f 1066//2 1065//2 1067//2
f 1066//2 1067//2 1068//2
f 1068//2 1067//2 1069//2
f 1068//2 1069//2 1070//2
f 1070//2 1069//2 1071//2
f 1070//2 1071//2 1072//2
f 1072//2 1071//2 1073//2
f 1072//2 1073//2 1074//2
f 1074//2 1073//2 1075//2
f 1074//2 1075//2 1076//2
f 1076//2 1075//2 1077//2
f 1076//2 1077//2 1078//2
f 1078//2 1077//2 1079//2
f 1078//2 1079//2 1080//2
f 1080//2 1079//2 1081//2
f 1080//2 1081//2 1082//2
f 1082//2 1081//2 1083//2
f 1084//2 1085//2 1086//2
f 1085//2 1084//2 1058//2
f 1085//2 1058//2 1087//2
f 1058//2 1084//2 1056//2
f 1087//2 1058//2 1083//2
f 1087//2 1083//2 1081//2
f 1085//5 281//5 173//5
f 281//5 1085//5 1087//5
f 1085//3 168//3 1086//3
f 168//3 1085//3 173//3
f 1086//18 169//18 1084//18
f 169//18 1086//18 168//18
f 1084//19 174//19 1056//19
f 174//19 1084//19 169//19
f 1056//20 175//20 1060//20
f 175//20 1056//20 174//20
f 1060//21 176//21 1063//21
f 176//21 1060//21 175//21
f 1063//22 178//22 1065//22
f 178//22 1063//22 176//22
f 1065//23 179//23 1067//23
f 179//23 1065//23 178//23
f 1069//24 179//24 181//24
f 179//24 1069//24 1067//24
f 1071//25 181//25 182//25
f 181//25 1071//25 1069//25
f 1073//26 182//26 184//26
f 182//26 1073//26 1071//26
f 1075//27 184//27 186//27
f 184//27 1075//27 1073//27
f 1077//28 186//28 187//28
f 186//28 1077//28 1075//28
f 1079//29 187//29 189//29
f 187//29 1079//29 1077//29
f 1081//30 189//30 190//30
f 189//30 1081//30 1079//30
f 281//4 1081//4 190//4
f 1081//4 281//4 1087//4
f 1083//30 609//30 610//30
f 609//30 1083//30 1058//30
f 1083//3 611//3 1082//3
f 611//3 1083//3 610//3
f 1080//5 611//5 624//5
f 611//5 1080//5 1082//5
f 1078//54 624//54 623//54
f 624//54 1078//54 1080//54
f 1076//53 623//53 622//53
f 623//53 1076//53 1078//53
f 1074//52 622//52 621//52
f 622//52 1074//52 1076//52
f 1072//51 621//51 620//51
f 621//51 1072//51 1074//51
f 1070//50 620//50 619//50
f 620//50 1070//50 1072//50
f 1068//49 619//49 618//49
f 619//49 1068//49 1070//49
f 617//48 1068//48 618//48
f 1068//48 617//48 1066//48
f 616//47 1066//47 617//47
f 1066//47 616//47 1064//47
f 615//46 1064//46 616//46
f 1064//46 615//46 1062//46
f 614//45 1062//45 615//45
f 1062//45 614//45 1061//45
f 612//44 1061//44 614//44
f 1061//44 612//44 1059//44
f 613//43 1059//43 612//43
f 1059//43 613//43 1057//43
f 609//4 1057//4 613//4
f 1057//4 609//4 1058//4
f 1088//2 1089//2 1090//2
f 1089//2 1088//2 1091//2
f 1090//2 1089//2 1092//2
f 1092//2 1089//2 1093//2
f 1089//2 1091//2 1094//2
f 1094//2 1091//2 1095//2
f 1093//2 1096//2 1097//2
f 1096//2 1093//2 1098//2
f 1098//2 1093//2 1089//2
f 1097//2 1096//2 1099//2
f 1097//2 1099//2 1100//2
f 1097//2 1100//2 1101//2
f 1101//2 1100//2 1102//2
f 1101//2 1102//2 1103//2
f 1103//2 1102//2 1104//2
f 1103//2 1104//2 1105//2
f 1105//2 1104//2 1106//2
f 1105//2 1106//2 1107//2
f 1107//2 1106//2 1108//2
f 1107//2 1108//2 1109//2
f 1109//2 1108//2 1110//2
f 1109//2 1110//2 1111//2
f 1111//2 1110//2 1112//2
f 1111//2 1112//2 1113//2
f 1113//2 1112//2 1114//2
f 1113//2 1114//2 1115//2
f 1115//2 1114//2 1116//2
f 1115//2 1116//2 1117//2
f 1117//2 1116//2 1118//2
f 1117//2 1118//2 1095//2
f 1117//2 1095//2 1119//2
f 1119//2 1095//2 1091//2
f 1091//30 251//30 39//30
f 251//30 1091//30 1088//30
f 37//4 1091//4 39//4
f 1091//4 37//4 1119//4
f 1117//5 37//5 35//5
f 37//5 1117//5 1119//5
f 1115//6 35//6 33//6
f 35//6 1115//6 1117//6
f 1113//7 33//7 32//7
f 33//7 1113//7 1115//7
f 1111//8 32//8 30//8
f 32//8 1111//8 1113//8
f 1109//9 30//9 28//9
f 30//9 1109//9 1111//9
f 1107//10 28//10 27//10
f 28//10 1107//10 1109//10
f 1105//11 27//11 25//11
f 27//11 1105//11 1107//11
f 1105//12 24//12 1103//12
f 24//12 1105//12 25//12
f 1103//13 22//13 1101//13
f 22//13 1103//13 24//13
f 1101//14 21//14 1097//14
f 21//14 1101//14 22//14
f 1097//15 20//15 1093//15
f 20//15 1097//15 21//15
f 1093//16 18//16 1092//16
f 18//16 1093//16 20//16
f 1092//17 17//17 1090//17
f 17//17 1092//17 18//17
f 1090//3 251//3 1088//3
f 251//3 1090//3 17//3
f 1095//30 805//30 806//30
f 805//30 1095//30 1118//30
f 1095//3 807//3 1094//3
f 807//3 1095//3 806//3
f 1089//5 807//5 808//5
f 807//5 1089//5 1094//5
f 794//4 1089//4 808//4
f 1089//4 794//4 1098//4
f 793//42 1098//42 794//42
f 1098//42 793//42 1096//42
f 795//41 1096//41 793//41
f 1096//41 795//41 1099//41
f 796//40 1099//40 795//40
f 1099//40 796//40 1100//40
f 797//39 1100//39 796//39
f 1100//39 797//39 1102//39
f 798//38 1102//38 797//38
f 1102//38 798//38 1104//38
f 799//37 1104//37 798//37
f 1104//37 799//37 1106//37
f 1108//36 799//36 800//36
f 799//36 1108//36 1106//36
f 1110//35 800//35 801//35
f 800//35 1110//35 1108//35
f 1112//34 801//34 802//34
f 801//34 1112//34 1110//34
f 1114//33 802//33 803//33
f 802//33 1114//33 1112//33
f 1116//32 803//32 804//32
f 803//32 1116//32 1114//32
f 1118//31 804//31 805//31
f 804//31 1118//31 1116//31
f 1120//2 1121//2 1122//2
f 1121//2 1120//2 1123//2
f 1122//2 1121//2 1124//2
f 1121//2 1123//2 1125//2
f 1125//2 1123//2 1126//2
f 1126//2 1123//2 1127//2
f 1127//2 1123//2 1128//2
f 1128//2 1123//2 1129//2
f 1130//2 1131//2 1132//2
f 1131//2 1130//2 1133//2
f 1132//2 1131//2 1134//2
f 1132//2 1134//2 1135//2
f 1132//2 1135//2 1136//2
f 1136//2 1135//2 1137//2
f 1136//2 1137//2 1138//2
f 1138//2 1137//2 1139//2
f 1138//2 1139//2 1140//2
f 1140//2 1139//2 1141//2
f 1140//2 1141//2 1142//2
f 1142//2 1141//2 1143//2
f 1142//2 1143//2 1144//2
f 1144//2 1143//2 1145//2
f 1144//2 1145//2 1146//2
f 1146//2 1145//2 1147//2
f 1146//2 1147//2 1148//2
f 1148//2 1147//2 1149//2
f 1148//2 1149//2 1150//2
f 1150//2 1149//2 1151//2
f 1150//2 1151//2 1152//2
f 1152//2 1151//2 1153//2
f 1152//2 1153//2 1127//2
f 1127//2 1153//2 1154//2
f 1127//2 1154//2 1126//2
f 1155//2 1124//2 1121//2
f 1156//2 1133//2 1130//2
f 1133//2 1156//2 1157//2
f 1133//2 1157//2 1158//2
f 1158//2 1157//2 1159//2
f 1158//2 1159//2 1160//2
f 1160//2 1159//2 1161//2
f 1160//2 1161//2 1162//2
f 1162//2 1161//2 1163//2
f 1162//2 1163//2 1164//2
f 1164//2 1163//2 1165//2
f 1164//2 1165//2 1166//2
f 1166//2 1165//2 1167//2
f 1166//2 1167//2 1168//2
f 1168//2 1167//2 1169//2
f 1168//2 1169//2 1170//2
f 1170//2 1169//2 1171//2
f 1170//2 1171//2 1172//2
f 1172//2 1171//2 1173//2
f 1172//2 1173//2 1174//2
f 1174//2 1173//2 1175//2
f 1174//2 1175//2 1176//2
f 1176//2 1175//2 1177//2
f 1176//2 1177//2 1178//2
f 1178//2 1177//2 1179//2
f 1178//2 1179//2 1124//2
f 1124//2 1179//2 1122//2
f 1130//5 112//5 110//5
f 112//5 1130//5 1132//5
f 1130//3 66//3 1156//3
f 66//3 1130//3 110//3
f 1157//30 66//30 64//30
f 66//30 1157//30 1156//30
f 1159//29 64//29 68//29
f 64//29 1159//29 1157//29
f 1161//28 68//28 71//28
f 68//28 1161//28 1159//28
f 1163//27 71//27 74//27
f 71//27 1163//27 1161//27
f 1165//26 74//26 76//26
f 74//26 1165//26 1163//26
f 1167//25 76//25 79//25
f 76//25 1167//25 1165//25
f 1169//24 79//24 82//24
f 79//24 1169//24 1167//24
f 1169//23 237//23 1171//23
f 237//23 1169//23 82//23
f 1171//22 238//22 1173//22
f 238//22 1171//22 237//22
f 1173//21 239//21 1175//21
f 239//21 1173//21 238//21
f 1175//20 240//20 1177//20
f 240//20 1175//20 239//20
f 1177//19 241//19 1179//19
f 241//19 1177//19 240//19
f 1179//18 242//18 1122//18
f 242//18 1179//18 241//18
f 1122//3 236//3 1120//3
f 236//3 1122//3 242//3
f 1123//30 236//30 138//30
f 236//30 1123//30 1120//30
f 137//4 1123//4 138//4
f 1123//4 137//4 1129//4
f 136//43 1129//43 137//43
f 1129//43 136//43 1128//43
f 135//44 1128//44 136//44
f 1128//44 135//44 1127//44
f 133//45 1127//45 135//45
f 1127//45 133//45 1152//45
f 132//46 1152//46 133//46
f 1152//46 132//46 1150//46
f 130//47 1150//47 132//47
f 1150//47 130//47 1148//47
f 129//86 1148//86 130//86
f 1148//48 129//48 1146//48
f 1144//49 129//49 127//49
f 129//49 1144//49 1146//49
f 1142//50 127//50 125//50
f 127//50 1142//50 1144//50
f 1140//51 125//51 124//51
f 125//51 1140//51 1142//51
f 1138//52 124//52 122//52
f 124//52 1138//52 1140//52
f 1136//53 122//53 121//53
f 122//53 1136//53 1138//53
f 1132//54 121//54 112//54
f 121//54 1132//54 1136//54
f 1134//30 748//30 749//30
f 748//30 1134//30 1131//30
f 1135//29 749//29 750//29
f 749//29 1135//29 1134//29
f 1137//28 750//28 751//28
f 750//28 1137//28 1135//28
f 1139//27 751//27 752//27
f 751//27 1139//27 1137//27
f 1141//26 752//26 753//26
f 752//26 1141//26 1139//26
f 1143//25 753//25 754//25
f 753//25 1143//25 1141//25
f 1145//89 754//89 755//89
f 754//24 1145//24 1143//24
f 1145//23 756//23 1147//23
f 756//23 1145//23 755//23
f 1147//22 757//22 1149//22
f 757//22 1147//22 756//22
f 1149//21 758//21 1151//21
f 758//21 1149//21 757//21
f 1151//20 759//20 1153//20
f 759//20 1151//20 758//20
f 1153//19 760//19 1154//19
f 760//19 1153//19 759//19
f 1154//18 761//18 1126//18
f 761//18 1154//18 760//18
f 1126//3 762//3 1125//3
f 762//3 1126//3 761//3
f 1121//5 762//5 776//5
f 762//5 1121//5 1125//5
f 777//4 1121//4 776//4
f 1121//4 777//4 1155//4
f 775//43 1155//43 777//43
f 1155//43 775//43 1124//43
f 774//44 1124//44 775//44
f 1124//44 774//44 1178//44
f 773//45 1178//45 774//45
f 1178//45 773//45 1176//45
f 772//46 1176//46 773//46
f 1176//46 772//46 1174//46
f 771//47 1174//47 772//47
f 1174//47 771//47 1172//47
f 770//48 1172//48 771//48
f 1172//48 770//48 1170//48
f 1168//49 770//49 769//49
f 770//49 1168//49 1170//49
f 1166//50 769//50 768//50
f 769//50 1166//50 1168//50
f 1164//51 768//51 767//51
f 768//51 1164//51 1166//51
f 1162//52 767//52 766//52
f 767//52 1162//52 1164//52
f 1160//53 766//53 765//53
f 766//53 1160//53 1162//53
f 1158//54 765//54 764//54
f 765//54 1158//54 1160//54
f 1133//5 764//5 763//5
f 764//5 1133//5 1158//5
f 748//4 1133//4 763//4
f 1133//4 748//4 1131//4
f 1180//2 1181//2 1182//2
f 1181//2 1180//2 1183//2
f 1181//2 1183//2 1184//2
f 1184//2 1183//2 1185//2
f 1185//2 1183//2 1186//2
f 1182//2 1187//2 1188//2
f 1187//2 1182//2 1181//2
f 1188//2 1187//2 1189//2
f 1188//2 1189//2 1190//2
f 1188//2 1190//2 1191//2
f 1191//2 1190//2 1192//2
f 1191//2 1192//2 1193//2
f 1193//2 1192//2 1194//2
f 1193//2 1194//2 1195//2
f 1195//2 1194//2 1196//2
f 1195//2 1196//2 1197//2
f 1197//2 1196//2 1198//2
f 1197//2 1198//2 1199//2
f 1199//2 1198//2 1200//2
f 1199//2 1200//2 1201//2
f 1201//2 1200//2 1202//2
f 1201//2 1202//2 1203//2
f 1203//2 1202//2 1204//2
f 1203//2 1204//2 1205//2
f 1205//2 1204//2 1206//2
f 1205//2 1206//2 1207//2
f 1207//2 1206//2 1208//2
f 1207//2 1208//2 1185//2
f 1185//2 1208//2 1209//2
f 1185//2 1209//2 1184//2
f 1182//5 45//5 38//5
f 45//5 1182//5 1188//5
f 1182//3 111//3 1180//3
f 111//3 1182//3 38//3
f 1183//30 111//30 63//30
f 111//30 1183//30 1180//30
f 62//43 1183//43 63//43
f 1183//43 62//43 1186//43
f 61//44 1186//44 62//44
f 1186//44 61//44 1185//44
f 59//45 1185//45 61//45
f 1185//45 59//45 1207//45
f 58//46 1207//46 59//46
f 1207//46 58//46 1205//46
f 56//47 1205//47 58//47
f 1205//47 56//47 1203//47
f 55//86 1203//86 56//86
f 1203//48 55//48 1201//48
f 1199//49 55//49 53//49
f 55//49 1199//49 1201//49
f 1197//50 53//50 51//50
f 53//50 1197//50 1199//50
f 1195//51 51//51 50//51
f 51//51 1195//51 1197//51
f 1193//52 50//52 48//52
f 50//52 1193//52 1195//52
f 1191//53 48//53 47//53
f 48//53 1191//53 1193//53
f 1188//54 47//54 45//54
f 47//54 1188//54 1191//54
f 1181//5 791//5 792//5
f 791//5 1181//5 1184//5
f 778//4 1181//4 792//4
f 1181//4 778//4 1187//4
f 1189//30 778//30 779//30
f 778//30 1189//30 1187//30
f 1190//29 779//29 780//29
f 779//29 1190//29 1189//29
f 1192//28 780//28 781//28
f 780//28 1192//28 1190//28
f 1194//27 781//27 782//27
f 781//27 1194//27 1192//27
f 1196//26 782//26 783//26
f 782//26 1196//26 1194//26
f 1198//25 783//25 784//25
f 783//25 1198//25 1196//25
f 1200//24 784//24 785//24
f 784//24 1200//24 1198//24
f 1200//23 786//23 1202//23
f 786//23 1200//23 785//23
f 1202//22 787//22 1204//22
f 787//22 1202//22 786//22
f 1204//21 788//21 1206//21
f 788//21 1204//21 787//21
f 1206//20 789//20 1208//20
f 789//20 1206//20 788//20
f 1208//19 790//19 1209//19
f 790//19 1208//19 789//19
f 1209//18 791//18 1184//18
f 791//18 1209//18 790//18
f 1210//1 1211//1 1212//1
f 1213//1 3//1 1210//1
f 3//1 1213//1 1//1
f 1//1 1213//1 7//1
f 7//1 1213//1 1214//1
f 7//1 1214//1 9//1
f 9//1 1214//1 1215//1
f 9//1 1215//1 11//1
f 11//1 1215//1 1216//1
f 11//1 1216//1 13//1
f 13//1 1216//1 1217//1
f 13//1 1217//1 15//1
f 15//1 1217//1 1218//1
f 15//1 1218//1 19//1
f 19//1 1218//1 1219//1
f 19//1 1219//1 23//1
f 23//1 1219//1 1220//1
f 23//1 1220//1 26//1
f 26//1 1220//1 1221//1
f 26//1 1221//1 29//1
f 29//1 1221//1 1222//1
f 29//1 1222//1 31//1
f 31//1 1222//1 1223//1
f 31//1 1223//1 34//1
f 34//1 1223//1 1224//1
f 34//1 1224//1 36//1
f 36//1 1224//1 46//1
f 46//1 1224//1 1225//1
f 46//1 1225//1 49//1
f 49//1 1225//1 1226//1
f 49//1 1226//1 52//1
f 52//1 1226//1 1227//1
f 52//1 1227//1 54//1
f 54//1 1227//1 1228//1
f 54//1 1228//1 57//1
f 57//1 1228//1 1229//1
f 57//1 1229//1 60//1
f 60//1 1229//1 1230//1
f 60//1 1230//1 114//1
f 114//1 1230//1 1231//1
f 114//1 1231//1 115//1
f 115//1 1231//1 1232//1
f 115//1 1232//1 116//1
f 116//1 1232//1 1233//1
f 116//1 1233//1 117//1
f 117//1 1233//1 1234//1
f 117//1 1234//1 118//1
f 118//1 1234//1 1235//1
f 118//1 1235//1 113//1
f 113//1 1235//1 1236//1
f 113//1 1236//1 119//1
f 119//1 1236//1 1237//1
f 119//1 1237//1 1238//1
f 119//1 1238//1 120//1
f 120//1 1238//1 123//1
f 123//1 1238//1 1239//1
f 123//1 1239//1 126//1
f 126//1 1239//1 1240//1
f 126//1 1240//1 128//1
f 128//1 1240//1 1241//1
f 128//1 1241//1 131//1
f 131//1 1241//1 1242//1
f 131//1 1242//1 134//1
f 134//1 1242//1 1243//1
f 134//1 1243//1 143//1
f 143//1 1243//1 1244//1
f 143//1 1244//1 145//1
f 145//1 1244//1 1245//1
f 145//1 1245//1 147//1
f 147//1 1245//1 1246//1
f 147//1 1246//1 1247//1
f 1247//1 1246//1 149//1
f 149//1 1246//1 1248//1
f 149//1 1248//1 151//1
f 151//1 1248//1 1249//1
f 151//1 1249//1 1250//1
f 151//1 1250//1 153//1
f 153//1 1250//1 152//1
f 1251//1 1252//1 1253//1
f 1252//1 1251//1 1254//1
f 1252//1 1254//1 155//1
f 1252//1 155//1 1255//1
f 155//1 1254//1 156//1
f 1255//1 155//1 157//1
f 1255//1 157//1 158//1
f 1255//1 158//1 1256//1
f 1256//1 158//1 160//1
f 1256//1 160//1 1257//1
f 1257//1 160//1 162//1
f 1257//1 162//1 1258//1
f 1258//1 162//1 164//1
f 1258//1 164//1 1259//1
f 1259//1 164//1 166//1
f 1259//1 166//1 1260//1
f 1260//1 166//1 170//1
f 1260//1 170//1 1261//1
f 1261//1 170//1 177//1
f 1261//1 177//1 1262//1
f 1262//1 177//1 180//1
f 1262//1 180//1 1263//1
f 1263//1 180//1 183//1
f 1263//1 183//1 1264//1
f 1264//1 183//1 185//1
f 1264//1 185//1 1265//1
f 1265//1 185//1 188//1
f 1265//1 188//1 191//1
f 1265//1 191//1 1266//1
f 1266//1 191//1 206//1
f 1266//1 206//1 1267//1
f 1267//1 206//1 208//1
f 1267//1 208//1 1268//1
f 1268//1 208//1 211//1
f 1268//1 211//1 1269//1
f 1269//1 211//1 213//1
f 1269//1 213//1 1270//1
f 1270//1 213//1 216//1
f 1270//1 216//1 1271//1
f 1271//1 216//1 141//1
f 1271//1 141//1 1272//1
f 1272//1 141//1 142//1
f 1272//1 142//1 1273//1
f 1273//1 142//1 144//1
f 1273//1 144//1 1274//1
f 1274//1 144//1 146//1
f 1274//1 146//1 1275//1
f 1275//1 146//1 148//1
f 1275//1 148//1 1276//1
f 1276//1 148//1 150//1
f 1276//1 150//1 1277//1
f 1277//1 150//1 152//1
f 1277//1 152//1 1250//1
f 1277//1 1250//1 1278//1
f 1277//1 1278//1 1279//1
f 1280//1 156//1 1254//1
f 156//1 1280//1 154//1
f 154//1 1280//1 159//1
f 159//1 1280//1 1281//1
f 159//1 1281//1 161//1
f 161//1 1281//1 1282//1
f 161//1 1282//1 163//1
f 163//1 1282//1 1283//1
f 163//1 1283//1 165//1
f 165//1 1283//1 1284//1
f 165//1 1284//1 167//1
f 167//1 1284//1 1285//1
f 167//1 1285//1 288//1
f 288//1 1285//1 1286//1
f 288//1 1286//1 292//1
f 292//1 1286//1 1287//1
f 292//1 1287//1 295//1
f 295//1 1287//1 1288//1
f 295//1 1288//1 298//1
f 298//1 1288//1 1289//1
f 298//1 1289//1 300//1
f 300//1 1289//1 1290//1
f 300//1 1290//1 303//1
f 303//1 1290//1 2//1
f 2//1 1290//1 1211//1
f 2//1 1211//1 1210//1
f 2//1 1210//1 3//1
f 1291//2 1292//2 1293//2
f 1292//2 1291//2 1294//2
f 1294//2 1291//2 1295//2
f 1295//2 1291//2 1296//2
f 1295//2 1296//2 1297//2
f 1297//2 1296//2 1298//2
f 1298//2 1296//2 1299//2
f 1298//2 1299//2 1300//2
f 1300//2 1299//2 1301//2
f 1300//2 1301//2 1302//2
f 1302//2 1301//2 1303//2
f 1302//2 1303//2 1304//2
f 1304//2 1303//2 1305//2
f 1304//2 1305//2 1306//2
f 1306//2 1305//2 1307//2
f 1306//2 1307//2 1308//2
f 1308//2 1307//2 1309//2
f 1308//2 1309//2 1310//2
f 1310//2 1309//2 1311//2
f 1310//2 1311//2 1312//2
f 1312//2 1311//2 1313//2
f 1312//2 1313//2 1314//2
f 1314//2 1313//2 1315//2
f 1314//2 1315//2 1316//2
f 1316//2 1315//2 1317//2
f 1316//2 1317//2 1318//2
f 1318//2 1317//2 1319//2
f 1319//2 1317//2 1320//2
f 1319//2 1320//2 1321//2
f 1319//2 1321//2 1322//2
f 1322//2 1321//2 1323//2
f 1323//2 1321//2 1324//2
f 1323//2 1324//2 1325//2
f 1325//2 1324//2 1326//2
f 1325//2 1326//2 1327//2
f 1327//2 1326//2 1328//2
f 1327//2 1328//2 1329//2
f 1329//2 1328//2 1330//2
f 1329//2 1330//2 1331//2
f 1331//2 1330//2 1332//2
f 1331//2 1332//2 1333//2
f 1333//2 1332//2 1334//2
f 1333//2 1334//2 1335//2
f 1335//2 1334//2 1336//2
f 1335//2 1336//2 1337//2
f 1337//2 1336//2 1338//2
f 1337//2 1338//2 1339//2
f 1339//2 1338//2 1340//2
f 1339//2 1340//2 1341//2
f 1341//2 1340//2 1342//2
f 1341//2 1342//2 1343//2
f 1343//2 1342//2 1344//2
f 1294//2 1345//2 1346//2
f 1345//2 1294//2 1295//2
f 1346//2 1345//2 1347//2
f 1346//2 1347//2 1348//2
f 1346//2 1348//2 1349//2
f 1349//2 1348//2 1350//2
f 1349//2 1350//2 1351//2
f 1351//2 1350//2 1352//2
f 1351//2 1352//2 1353//2
f 1353//2 1352//2 1354//2
f 1353//2 1354//2 1355//2
f 1355//2 1354//2 1356//2
f 1355//2 1356//2 1357//2
f 1357//2 1356//2 1358//2
f 1357//2 1358//2 1359//2
f 1359//2 1358//2 1360//2
f 1359//2 1360//2 1361//2
f 1361//2 1360//2 1362//2
f 1361//2 1362//2 1363//2
f 1363//2 1362//2 1364//2
f 1363//2 1364//2 1365//2
f 1365//2 1364//2 1366//2
f 1365//2 1366//2 1367//2
f 1367//2 1366//2 1368//2
f 1367//2 1368//2 1369//2
f 1367//2 1369//2 1370//2
f 1370//2 1369//2 1371//2
f 1371//2 1369//2 1372//2
f 1372//2 1369//2 1373//2
f 1372//2 1373//2 1374//2
f 1374//2 1373//2 1375//2
f 1374//2 1375//2 1376//2
f 1374//2 1376//2 1377//2
f 1377//2 1376//2 1378//2
f 1377//2 1378//2 1379//2
f 1379//2 1378//2 1380//2
f 1379//2 1380//2 1381//2
f 1381//2 1380//2 1382//2
f 1381//2 1382//2 1383//2
f 1383//2 1382//2 1384//2
f 1383//2 1384//2 1385//2
f 1385//2 1384//2 1386//2
f 1385//2 1386//2 1387//2
f 1387//2 1386//2 1388//2
f 1387//2 1388//2 1389//2
f 1389//2 1388//2 1390//2
f 1389//2 1390//2 1391//2
f 1391//2 1390//2 1392//2
f 1391//2 1392//2 1393//2
f 1393//2 1392//2 1394//2
f 1393//2 1394//2 1395//2
f 1395//2 1394//2 1396//2
f 1395//2 1396//2 1397//2
f 1395//2 1397//2 1398//2
f 1398//2 1397//2 1399//2
f 1398//2 1399//2 1400//2
f 1400//2 1399//2 1401//2
f 1400//2 1401//2 1402//2
f 1402//2 1401//2 1403//2
f 1402//2 1403//2 1404//2
f 1404//2 1403//2 1405//2
f 1404//2 1405//2 1406//2
f 1406//2 1405//2 1407//2
f 1406//2 1407//2 1408//2
f 1408//2 1407//2 1409//2
f 1408//2 1409//2 1410//2
f 1410//2 1409//2 1411//2
f 1410//2 1411//2 1412//2
f 1412//2 1411//2 1413//2
f 1412//2 1413//2 1414//2
f 1414//2 1413//2 1415//2
f 1414//2 1415//2 1416//2
f 1416//2 1415//2 1417//2
f 1416//2 1417//2 1418//2
f 1418//2 1417//2 1419//2
f 1418//2 1419//2 1420//2
f 1420//2 1419//2 1421//2
f 1420//2 1421//2 1422//2
f 1422//2 1421//2 1423//2
f 1422//2 1423//2 1424//2
f 1424//2 1423//2 1425//2
f 1424//2 1425//2 1426//2
f 1426//2 1425//2 1427//2
f 1426//2 1427//2 1428//2
f 1428//2 1427//2 1429//2
f 1428//2 1429//2 1430//2
f 1430//2 1429//2 1431//2
f 1430//2 1431//2 1432//2
f 1432//2 1431//2 1433//2
f 1432//2 1433//2 1434//2
f 1434//2 1433//2 1435//2
f 1434//2 1435//2 1436//2
f 1436//2 1435//2 1437//2
f 1436//2 1437//2 1438//2
f 1438//2 1437//2 1439//2
f 1438//2 1439//2 1440//2
f 1440//2 1439//2 1441//2
f 1440//2 1441//2 1442//2
f 1442//2 1441//2 1443//2
f 1442//2 1443//2 1444//2
f 1442//2 1444//2 1445//2
f 1445//2 1444//2 1446//2
f 1445//2 1446//2 1447//2
f 1447//2 1446//2 1448//2
f 1448//2 1446//2 1344//2
f 1448//2 1344//2 1342//2
f 1448//2 1342//2 1449//2
f 1448//2 1449//2 1450//2
f 1278//4 1449//4 1279//4
f 1449//4 1278//4 1450//4
f 1250//43 1450//43 1278//43
f 1450//43 1250//43 1448//43
f 1249//44 1448//44 1250//44
f 1448//44 1249//44 1447//44
f 1248//90 1447//90 1249//90
f 1447//45 1248//45 1445//45
f 1246//90 1445//90 1248//90
f 1445//45 1246//45 1442//45
f 1245//46 1442//46 1246//46
f 1442//46 1245//46 1440//46
f 1244//47 1440//47 1245//47
f 1440//47 1244//47 1438//47
f 1243//48 1438//48 1244//48
f 1438//48 1243//48 1436//48
f 1434//49 1243//49 1242//49
f 1243//49 1434//49 1436//49
f 1432//50 1242//50 1241//50
f 1242//50 1432//50 1434//50
f 1430//51 1241//51 1240//51
f 1241//51 1430//51 1432//51
f 1428//52 1240//52 1239//52
f 1240//52 1428//52 1430//52
f 1426//53 1239//53 1238//53
f 1239//53 1426//53 1428//53
f 1424//54 1238//54 1237//54
f 1238//54 1424//54 1426//54
f 1422//5 1237//5 1236//5
f 1237//5 1422//5 1424//5
f 1235//43 1422//43 1236//43
f 1422//43 1235//43 1420//43
f 1234//44 1420//44 1235//44
f 1420//44 1234//44 1418//44
f 1233//45 1418//45 1234//45
f 1418//45 1233//45 1416//45
f 1232//46 1416//46 1233//46
f 1416//46 1232//46 1414//46
f 1231//47 1414//47 1232//47
f 1414//47 1231//47 1412//47
f 1230//48 1412//48 1231//48
f 1412//48 1230//48 1410//48
f 1408//49 1230//49 1229//49
f 1230//49 1408//49 1410//49
f 1406//50 1229//50 1228//50
f 1229//50 1406//50 1408//50
f 1404//51 1228//51 1227//51
f 1228//51 1404//51 1406//51
f 1402//52 1227//52 1226//52
f 1227//52 1402//52 1404//52
f 1400//53 1226//53 1225//53
f 1226//53 1400//53 1402//53
f 1398//54 1225//54 1224//54
f 1225//54 1398//54 1400//54
f 1395//5 1224//5 1223//5
f 1224//5 1395//5 1398//5
f 1393//6 1223//6 1222//6
f 1223//6 1393//6 1395//6
f 1391//7 1222//7 1221//7
f 1222//7 1391//7 1393//7
f 1389//8 1221//8 1220//8
f 1221//8 1389//8 1391//8
f 1387//9 1220//9 1219//9
f 1220//9 1387//9 1389//9
f 1385//10 1219//10 1218//10
f 1219//10 1385//10 1387//10
f 1383//11 1218//11 1217//11
f 1218//11 1383//11 1385//11
f 1383//12 1216//12 1381//12
f 1216//12 1383//12 1217//12
f 1381//13 1215//13 1379//13
f 1215//13 1381//13 1216//13
f 1379//14 1214//14 1377//14
f 1214//14 1379//14 1215//14
f 1377//15 1213//15 1374//15
f 1213//15 1377//15 1214//15
f 1374//16 1210//16 1372//16
f 1210//16 1374//16 1213//16
f 1372//17 1212//17 1371//17
f 1212//17 1372//17 1210//17
f 1371//3 1211//3 1370//3
f 1211//3 1371//3 1212//3
f 1367//5 1211//5 1290//5
f 1211//5 1367//5 1370//5
f 1365//6 1290//6 1289//6
f 1290//6 1365//6 1367//6
f 1363//7 1289//7 1288//7
f 1289//7 1363//7 1365//7
f 1361//8 1288//8 1287//8
f 1288//8 1361//8 1363//8
f 1359//9 1287//9 1286//9
f 1287//9 1359//9 1361//9
f 1357//10 1286//10 1285//10
f 1286//10 1357//10 1359//10
f 1355//11 1285//11 1284//11
f 1285//11 1355//11 1357//11
f 1355//12 1283//12 1353//12
f 1283//12 1355//12 1284//12
f 1353//13 1282//13 1351//13
f 1282//13 1353//13 1283//13
f 1351//14 1281//14 1349//14
f 1281//14 1351//14 1282//14
f 1349//15 1280//15 1346//15
f 1280//15 1349//15 1281//15
f 1346//16 1254//16 1294//16
f 1254//16 1346//16 1280//16
f 1294//17 1251//17 1292//17
f 1251//17 1294//17 1254//17
f 1292//3 1253//3 1293//3
f 1253//3 1292//3 1251//3
f 1293//18 1252//18 1291//18
f 1252//18 1293//18 1253//18
f 1291//19 1255//19 1296//19
f 1255//19 1291//19 1252//19
f 1296//20 1256//20 1299//20
f 1256//20 1296//20 1255//20
f 1299//21 1257//21 1301//21
f 1257//21 1299//21 1256//21
f 1301//22 1258//22 1303//22
f 1258//22 1301//22 1257//22
f 1303//23 1259//23 1305//23
f 1259//23 1303//23 1258//23
f 1307//24 1259//24 1260//24
f 1259//24 1307//24 1305//24
f 1309//25 1260//25 1261//25
f 1260//25 1309//25 1307//25
f 1311//26 1261//26 1262//26
f 1261//26 1311//26 1309//26
f 1313//27 1262//27 1263//27
f 1262//27 1313//27 1311//27
f 1315//28 1263//28 1264//28
f 1263//28 1315//28 1313//28
f 1317//29 1264//29 1265//29
f 1264//29 1317//29 1315//29
f 1320//30 1265//30 1266//30
f 1265//30 1320//30 1317//30
f 1321//31 1266//31 1267//31
f 1266//31 1321//31 1320//31
f 1324//32 1267//32 1268//32
f 1267//32 1324//32 1321//32
f 1326//33 1268//33 1269//33
f 1268//33 1326//33 1324//33
f 1328//34 1269//34 1270//34
f 1269//34 1328//34 1326//34
f 1330//35 1270//35 1271//35
f 1270//35 1330//35 1328//35
f 1332//36 1271//36 1272//36
f 1271//36 1332//36 1330//36
f 1273//37 1332//37 1272//37
f 1332//37 1273//37 1334//37
f 1274//38 1334//38 1273//38
f 1334//38 1274//38 1336//38
f 1275//39 1336//39 1274//39
f 1336//39 1275//39 1338//39
f 1276//40 1338//40 1275//40
f 1338//40 1276//40 1340//40
f 1277//41 1340//41 1276//41
f 1340//41 1277//41 1342//41
f 1279//42 1342//42 1277//42
f 1342//42 1279//42 1449//42
f 1446//18 153//18 1344//18
f 153//18 1446//18 151//18
f 1344//3 152//3 1343//3
f 152//3 1344//3 153//3
f 1343//17 150//17 1341//17
f 150//17 1343//17 152//17
f 1341//16 148//16 1339//16
f 148//16 1341//16 150//16
f 1339//15 146//15 1337//15
f 146//15 1339//15 148//15
f 1337//14 144//14 1335//14
f 144//14 1337//14 146//14
f 1335//13 142//13 1333//13
f 142//13 1335//13 144//13
f 1333//12 141//12 1331//12
f 141//12 1333//12 142//12
f 1329//11 141//11 216//11
f 141//11 1329//11 1331//11
f 1327//10 216//10 213//10
f 216//10 1327//10 1329//10
f 1325//9 213//9 211//9
f 213//9 1325//9 1327//9
f 1323//8 211//8 208//8
f 211//8 1323//8 1325//8
f 1322//7 208//7 206//7
f 208//7 1322//7 1323//7
f 1319//6 206//6 191//6
f 206//6 1319//6 1322//6
f 1318//5 191//5 188//5
f 191//5 1318//5 1319//5
f 1316//54 188//54 185//54
f 188//54 1316//54 1318//54
f 1314//53 185//53 183//53
f 185//53 1314//53 1316//53
f 1312//52 183//52 180//52
f 183//52 1312//52 1314//52
f 1310//51 180//51 177//51
f 180//51 1310//51 1312//51
f 1308//50 177//50 170//50
f 177//50 1308//50 1310//50
f 1306//49 170//49 166//49
f 170//49 1306//49 1308//49
f 164//48 1306//48 166//48
f 1306//48 164//48 1304//48
f 162//47 1304//47 164//47
f 1304//47 162//47 1302//47
f 160//46 1302//46 162//46
f 1302//46 160//46 1300//46
f 158//45 1300//45 160//45
f 1300//45 158//45 1298//45
f 157//44 1298//44 158//44
f 1298//44 157//44 1297//44
f 155//43 1297//43 157//43
f 1297//43 155//43 1295//43
f 156//4 1295//4 155//4
f 1295//4 156//4 1345//4
f 154//42 1345//42 156//42
f 1345//42 154//42 1347//42
f 159//41 1347//41 154//41
f 1347//41 159//41 1348//41
f 161//40 1348//40 159//40
f 1348//40 161//40 1350//40
f 163//39 1350//39 161//39
f 1350//39 163//39 1352//39
f 165//38 1352//38 163//38
f 1352//38 165//38 1354//38
f 167//37 1354//37 165//37
f 1354//37 167//37 1356//37
f 1358//36 167//36 288//36
f 167//36 1358//36 1356//36
f 1360//35 288//35 292//35
f 288//35 1360//35 1358//35
f 1362//34 292//34 295//34
f 292//34 1362//34 1360//34
f 1364//33 295//33 298//33
f 295//33 1364//33 1362//33
f 1366//32 298//32 300//32
f 298//32 1366//32 1364//32
f 1368//31 300//31 303//31
f 300//31 1368//31 1366//31
f 1369//30 303//30 2//30
f 303//30 1369//30 1368//30
f 3//4 1369//4 2//4
f 1369//4 3//4 1373//4
f 1//42 1373//42 3//42
f 1373//42 1//42 1375//42
f 7//41 1375//41 1//41
f 1375//41 7//41 1376//41
f 9//40 1376//40 7//40
f 1376//40 9//40 1378//40
f 11//39 1378//39 9//39
f 1378//39 11//39 1380//39
f 13//38 1380//38 11//38
f 1380//38 13//38 1382//38
f 15//37 1382//37 13//37
f 1382//37 15//37 1384//37
f 1386//36 15//36 19//36
f 15//36 1386//36 1384//36
f 1388//35 19//35 23//35
f 19//35 1388//35 1386//35
f 1390//34 23//34 26//34
f 23//34 1390//34 1388//34
f 1392//33 26//33 29//33
f 26//33 1392//33 1390//33
f 1394//32 29//32 31//32
f 29//32 1394//32 1392//32
f 1396//31 31//31 34//31
f 31//31 1396//31 1394//31
f 1397//30 34//30 36//30
f 34//30 1397//30 1396//30
f 1399//29 36//29 46//29
f 36//29 1399//29 1397//29
f 1401//28 46//28 49//28
f 46//28 1401//28 1399//28
f 1403//27 49//27 52//27
f 49//27 1403//27 1401//27
f 1405//26 52//26 54//26
f 52//26 1405//26 1403//26
f 1407//25 54//25 57//25
f 54//25 1407//25 1405//25
f 1409//24 57//24 60//24
f 57//24 1409//24 1407//24
f 1409//23 114//23 1411//23
f 114//23 1409//23 60//23
f 1411//22 115//22 1413//22
f 115//22 1411//22 114//22
f 1413//21 116//21 1415//21
f 116//21 1413//21 115//21
f 1415//20 117//20 1417//20
f 117//20 1415//20 116//20
f 1417//19 118//19 1419//19
f 118//19 1417//19 117//19
f 1419//18 113//18 1421//18
f 113//18 1419//18 118//18
f 1423//30 113//30 119//30
f 113//30 1423//30 1421//30
f 1425//29 119//29 120//29
f 119//29 1425//29 1423//29
f 1427//28 120//28 123//28
f 120//28 1427//28 1425//28
f 1429//27 123//27 126//27
f 123//27 1429//27 1427//27
f 1431//26 126//26 128//26
f 126//26 1431//26 1429//26
f 1433//25 128//25 131//25
f 128//25 1433//25 1431//25
f 1435//24 131//24 134//24
f 131//24 1435//24 1433//24
f 1435//23 143//23 1437//23
f 143//23 1435//23 134//23
f 1437//22 145//22 1439//22
f 145//22 1437//22 143//22
f 1439//21 147//21 1441//21
f 147//21 1439//21 145//21
f 1441//20 1247//20 1443//20
f 1247//20 1441//20 147//20
f 1443//20 149//20 1444//20
f 149//20 1443//20 1247//20
f 1444//19 151//19 1446//19
f 151//19 1444//19 149//19
