# This file uses centimeters as units for non-parametric coordinates.

mtllib Office_geo.mtl
g default
v -591.997559 1171.559570 -574.544617
v -968.803345 1171.511963 -1893.417358
v -591.997498 1171.511963 -1893.417358
v -596.346558 1171.511963 -478.714020
v -609.321533 1171.511963 -413.490631
v -630.696167 1171.511963 -350.519135
v -660.105408 1171.511963 -290.876465
v -697.052429 1171.511963 -235.582748
v -740.901306 1171.511963 -185.584610
v -790.900574 1171.511963 -141.738022
v -846.193481 1171.511963 -104.791740
v -968.804565 1171.511963 -54.003326
v -905.835693 1171.511963 -75.379059
v -1034.027832 1171.511963 -41.029659
v -1034.027832 1171.511963 -1893.417358
v -1100.389404 1171.511963 -1893.417358
v -1100.389404 1171.511963 -36.680260
v -1896.133545 1171.511963 -104.791718
v -1896.133545 1171.511963 -141.737946
v -1896.133545 1171.511963 -185.584641
v -1896.133545 1171.511963 -235.582626
v -1896.133545 1171.511963 -290.874512
v -1896.133545 1171.511963 -350.517487
v -1896.133545 1171.511963 -413.489288
v -1896.133545 1171.511963 -478.712738
v -1896.133545 1171.511963 -545.071289
v -1896.133545 1171.511963 -1893.417358
v -1896.133545 1171.511963 -36.680260
v -1100.389404 878.633911 -36.680260
v -1896.133545 878.633911 -36.680260
v -1034.027832 878.633911 -41.029659
v -968.804565 878.633911 -54.003326
v -905.835693 878.633911 -75.379059
v -846.193481 878.633911 -104.791740
v -790.900574 878.633911 -141.738022
v -740.901306 878.633911 -185.584610
v -697.052429 878.633911 -235.582748
v -660.105408 878.633911 -290.876465
v -630.696167 878.633911 -350.519135
v -609.321533 878.633911 -413.490631
v -596.346558 878.633911 -478.714020
v -591.997559 878.681519 -574.544617
v -591.997498 878.633911 -1893.417358
v -1896.133545 878.633911 -1893.417358
v -1896.133545 878.633911 -290.874512
v -1896.133545 878.633911 -350.517487
v -1896.133545 878.633911 -413.489288
v -1896.133545 878.633911 -478.712738
v -1896.133545 878.633911 -545.071289
v -1896.133545 878.633911 -235.582626
v -1896.133545 878.633911 -185.584641
v -1896.133545 878.633911 -141.737946
v -1896.133545 878.633911 -104.791718
v -968.803467 878.633911 -1893.417358
v -1034.027832 878.633911 -1893.417358
v -1100.389404 878.633911 -1893.417358
v -1098.725952 878.633911 14.131718
v -1934.815552 878.633911 -0.731519
v -1027.392090 878.633911 9.374607
v -955.646301 878.633911 -4.896491
v -886.380005 878.633911 -28.409908
v -820.773621 878.633911 -60.763889
v -759.951721 878.633911 -101.404449
v -704.953186 878.633911 -149.635208
v -656.719421 878.633911 -204.633179
v -616.076904 878.633911 -265.457581
v -583.726318 878.633911 -331.065277
v -560.214661 878.633911 -400.332458
v -545.942322 878.633911 -472.077820
v -541.185669 878.681519 -572.881348
v -591.997009 878.633911 -1932.099365
v -1934.815552 878.633911 -1932.099365
v -1100.389404 878.633911 -1932.099487
v -1934.815674 878.633911 -104.791718
v -1934.815674 878.633911 -290.874512
v -1934.815674 878.633911 -350.517487
v -1934.815674 878.633911 -413.489288
v -1934.815674 878.633911 -478.712738
v -1934.815674 878.633911 -545.071289
v -1934.815674 878.633911 -235.582626
v -1934.815674 878.633911 -185.584641
v -1934.815674 878.633911 -141.737946
v -968.803467 878.633911 -1932.099487
v -1034.027832 878.633911 -1932.099487
v -1098.725952 895.211914 14.131718
v -1934.815552 895.211914 -0.731519
v -1027.392090 895.211914 9.374607
v -955.646301 895.211914 -4.896491
v -886.380005 895.211914 -28.409908
v -820.773621 895.211914 -60.763889
v -759.951721 895.211914 -101.404449
v -704.953186 895.211914 -149.635208
v -656.719421 895.211914 -204.633179
v -616.076904 895.211914 -265.457581
v -583.726318 895.211914 -331.065277
v -560.214661 895.211914 -400.332458
v -545.942322 895.211914 -472.077820
v -541.185669 895.259521 -572.881348
v -591.997009 895.211914 -1932.099365
v -1934.815552 895.211914 -1932.099365
v -1100.389404 895.211914 -1932.099487
v -1934.815674 895.211914 -104.791718
v -1934.815674 895.211914 -290.874512
v -1934.815674 895.211914 -350.517487
v -1934.815674 895.211914 -413.489288
v -1934.815674 895.211914 -478.712738
v -1934.815674 895.211914 -545.071289
v -1934.815674 895.211914 -235.582626
v -1934.815674 895.211914 -185.584641
v -1934.815674 895.211914 -141.737946
v -968.803467 895.211914 -1932.099487
v -1034.027832 895.211914 -1932.099487
v -1896.133545 895.211914 -36.680260
v -1100.389404 895.211914 -36.680260
v -1034.027832 895.211914 -41.029659
v -968.804565 895.211914 -54.003326
v -905.835693 895.211914 -75.379059
v -846.193481 895.211914 -104.791740
v -790.900574 895.211914 -141.738022
v -740.901306 895.211914 -185.584610
v -697.052429 895.211914 -235.582748
v -660.105408 895.211914 -290.876465
v -630.696167 895.211914 -350.519135
v -609.321533 895.211914 -413.490631
v -596.346558 895.211914 -478.714020
v -591.997559 895.259521 -574.544617
v -591.997498 895.211914 -1893.417358
v -1100.389404 895.211914 -1893.417358
v -1896.133545 895.211914 -1893.417358
v -1896.133545 895.211914 -104.791718
v -1896.133545 895.211914 -350.517487
v -1896.133545 895.211914 -290.874512
v -1896.133545 895.211914 -413.489288
v -1896.133545 895.211914 -478.712738
v -1896.133545 895.211914 -545.071289
v -1896.133545 895.211914 -235.582626
v -1896.133545 895.211914 -185.584641
v -1896.133545 895.211914 -141.737946
v -968.803345 895.211914 -1893.417358
v -1034.027832 895.211914 -1893.417358
v -1100.389404 16.577999 -36.680260
v -1896.133545 16.577999 -36.680260
v -1896.133545 16.577999 -1893.417358
v -591.997498 16.577999 -1893.417236
v -591.997559 16.625622 -574.544617
v -596.346558 16.577999 -478.714020
v -609.321533 16.577999 -413.490631
v -630.696167 16.577999 -350.519135
v -660.105408 16.577999 -290.876465
v -697.052429 16.577999 -235.582748
v -740.901306 16.577999 -185.584610
v -790.900574 16.577999 -141.738022
v -846.193481 16.577999 -104.791740
v -905.835693 16.577999 -75.379059
v -968.804565 16.577999 -54.003326
v -1034.027832 16.577999 -41.029659
v -1896.133545 16.577999 -290.874512
v -1896.133545 16.577999 -350.517487
v -1896.133545 16.577999 -413.489288
v -1896.133545 16.577999 -478.712738
v -1896.133545 16.577999 -545.071289
v -1896.133545 16.577999 -235.582626
v -1896.133545 16.577999 -185.584641
v -1896.133545 16.577999 -141.737946
v -1896.133545 16.577999 -104.791718
v -968.803467 16.577999 -104.791740
v -968.803467 16.577999 -141.738007
v -968.803467 16.577999 -185.584610
v -968.803223 16.577999 -235.582733
v -968.803223 16.577999 -290.876007
v -968.803467 16.577997 -350.518707
v -968.803467 16.577999 -413.490265
v -968.803223 16.577999 -478.713684
v -968.803223 16.577999 -545.072144
v -968.803223 16.577999 -1893.417358
v -1034.027832 16.577999 -104.791740
v -1034.027832 16.577999 -141.738007
v -1034.027832 16.577999 -185.584610
v -1034.027832 16.577999 -235.582733
v -1034.027832 16.577999 -290.875916
v -1034.027832 16.577997 -350.518585
v -1034.027832 16.577999 -413.490204
v -1034.027832 16.577999 -478.713623
v -1034.027832 16.577999 -545.072021
v -1034.027832 16.577999 -1893.417358
v -1100.389404 16.577999 -104.791740
v -1100.389404 16.577999 -141.738007
v -1100.389404 16.577999 -185.584610
v -1100.389404 16.577999 -235.582718
v -1100.389404 16.577999 -290.875793
v -1100.389404 16.577997 -350.518494
v -1100.389404 16.577999 -413.490143
v -1100.389404 16.577999 -478.713562
v -1100.389404 16.577999 -545.072021
v -1100.389404 16.577999 -1893.417358
v -1100.389404 292.877991 -36.680260
v -1896.133545 292.877991 -36.680260
v -1034.027832 292.877991 -41.029659
v -968.804565 292.877991 -54.003326
v -905.835693 292.877991 -75.379059
v -846.193481 292.877991 -104.791740
v -790.900574 292.877991 -141.738022
v -740.901306 292.877991 -185.584610
v -697.052429 292.877991 -235.582748
v -660.105408 292.877991 -290.876465
v -630.696167 292.877991 -350.519135
v -609.321533 292.877991 -413.490631
v -596.346558 292.877991 -478.714020
v -591.997559 292.925598 -574.544617
v -591.997498 292.877991 -1893.417358
v -968.803467 292.877991 -1893.417358
v -1034.027832 292.877991 -1893.417358
v -1100.389404 292.877991 -1893.417358
v -1896.133545 292.877991 -1893.417358
v -1896.133545 292.877991 -545.071289
v -1896.133545 292.877991 -478.712738
v -1896.133545 292.877991 -413.489288
v -1896.133545 292.877991 -350.517487
v -1896.133545 292.877991 -290.874512
v -1896.133545 292.877991 -235.582626
v -1896.133545 292.877991 -185.584641
v -1896.133545 292.877991 -141.737946
v -1896.133545 292.877991 -104.791718
v -1896.133545 602.333984 -36.680260
v -1100.389404 602.333984 -36.680260
v -1034.027832 602.333984 -41.029659
v -968.804565 602.333984 -54.003326
v -905.835693 602.333984 -75.379059
v -846.193481 602.333984 -104.791740
v -790.900574 602.333984 -141.738022
v -740.901306 602.333984 -185.584610
v -697.052429 602.333984 -235.582748
v -660.105408 602.333984 -290.876465
v -630.696167 602.333984 -350.519135
v -609.321533 602.333984 -413.490631
v -596.346558 602.333984 -478.714020
v -591.997559 602.381592 -574.544617
v -591.997498 602.333984 -1893.417358
v -968.803345 602.333984 -1893.417358
v -1896.133545 602.333984 -1893.417358
v -1896.133545 602.333984 -545.071289
v -1896.133545 602.333984 -290.874512
v -1896.133545 602.333984 -235.582626
v -1896.133545 602.333984 -350.517487
v -1896.133545 602.333984 -413.489288
v -1896.133545 602.333984 -478.712738
v -1896.133545 602.333984 -185.584641
v -1896.133545 602.333984 -141.737946
v -1896.133545 602.333984 -104.791718
v -1034.027832 602.333984 -1893.417358
v -1100.389404 602.333984 -1893.417358
v -1896.133545 309.455994 -36.680260
v -1100.389404 309.455994 -36.680260
v -1100.389404 585.755981 -36.680260
v -1896.133545 585.755981 -36.680260
v -1034.027832 309.455994 -41.029659
v -1034.027832 585.755981 -41.029659
v -968.804565 309.455994 -54.003326
v -968.804565 585.755981 -54.003326
v -905.835693 309.455994 -75.379059
v -905.835693 585.755981 -75.379059
v -846.193481 309.455994 -104.791740
v -846.193481 585.755981 -104.791740
v -790.900574 309.455994 -141.738022
v -790.900574 585.755981 -141.738022
v -740.901306 309.455994 -185.584610
v -740.901306 585.755981 -185.584610
v -697.052429 309.455994 -235.582748
v -697.052429 585.755981 -235.582748
v -660.105408 309.455994 -290.876465
v -660.105408 585.755981 -290.876465
v -630.696167 309.455994 -350.519135
v -630.696167 585.755981 -350.519135
v -609.321533 309.455994 -413.490631
v -609.321533 585.755981 -413.490631
v -596.346558 309.455994 -478.714020
v -596.346558 585.755981 -478.714020
v -591.997559 309.503601 -574.544617
v -591.997559 585.803589 -574.544617
v -591.997498 309.455994 -1893.417358
v -591.997498 585.755981 -1893.417358
v -968.803345 309.455994 -1893.417358
v -968.803467 585.755981 -1893.417358
v -1896.133545 309.455994 -1893.417358
v -1896.133545 309.455994 -545.071289
v -1896.133545 585.755981 -545.071289
v -1896.133545 585.755981 -1893.417358
v -1896.133545 585.755981 -290.874512
v -1896.133545 309.455994 -290.874512
v -1896.133545 309.455994 -235.582626
v -1896.133545 585.755981 -235.582626
v -1896.133545 585.755981 -350.517487
v -1896.133545 309.455994 -350.517487
v -1896.133545 585.755981 -413.489288
v -1896.133545 309.455994 -413.489288
v -1896.133545 585.755981 -478.712738
v -1896.133545 309.455994 -478.712738
v -1896.133545 309.455994 -185.584641
v -1896.133545 585.755981 -185.584641
v -1896.133545 309.455994 -141.737946
v -1896.133545 585.755981 -141.737946
v -1896.133545 309.455994 -104.791718
v -1896.133545 585.755981 -104.791718
v -1034.027832 309.455994 -1893.417358
v -1034.027832 585.755981 -1893.417358
v -1100.389404 309.455994 -1893.417358
v -1100.389404 585.755981 -1893.417358
v -1098.725952 585.755981 14.131718
v -1934.815552 585.755981 -0.731519
v -1027.392090 585.755981 9.374607
v -955.646301 585.755981 -4.896491
v -886.380005 585.755981 -28.409908
v -820.773621 585.755981 -60.763889
v -759.951721 585.755981 -101.404449
v -704.953186 585.755981 -149.635208
v -656.719421 585.755981 -204.633179
v -616.076904 585.755981 -265.457581
v -583.726318 585.755981 -331.065277
v -560.214661 585.755981 -400.332458
v -545.942322 585.755981 -472.077820
v -541.185669 585.803589 -572.881348
v -591.997009 585.755981 -1932.099365
v -1934.815552 585.755981 -1932.099365
v -1100.389404 585.755981 -1932.099487
v -1934.815674 585.755981 -104.791718
v -1934.815674 585.755981 -290.874512
v -1934.815674 585.755981 -350.517487
v -1934.815674 585.755981 -413.489288
v -1934.815674 585.755981 -478.712738
v -1934.815674 585.755981 -545.071289
v -1934.815674 585.755981 -235.582626
v -1934.815674 585.755981 -185.584641
v -1934.815674 585.755981 -141.737946
v -968.803467 585.755981 -1932.099487
v -1034.027832 585.755981 -1932.099487
v -1098.725952 602.333984 14.131718
v -1934.815552 602.333984 -0.731519
v -1027.392090 602.333984 9.374607
v -955.646301 602.333984 -4.896491
v -886.380005 602.333984 -28.409908
v -820.773621 602.333984 -60.763889
v -759.951721 602.333984 -101.404449
v -704.953186 602.333984 -149.635208
v -656.719421 602.333984 -204.633179
v -616.076904 602.333984 -265.457581
v -583.726318 602.333984 -331.065277
v -560.214661 602.333984 -400.332458
v -545.942322 602.333984 -472.077820
v -541.185669 602.381592 -572.881348
v -591.997009 602.333984 -1932.099365
v -1934.815552 602.333984 -1932.099365
v -1100.389404 602.333984 -1932.099487
v -1934.815674 602.333984 -104.791718
v -1934.815674 602.333984 -290.874512
v -1934.815674 602.333984 -350.517487
v -1934.815674 602.333984 -413.489288
v -1934.815674 602.333984 -478.712738
v -1934.815674 602.333984 -545.071289
v -1934.815674 602.333984 -235.582626
v -1934.815674 602.333984 -185.584641
v -1934.815674 602.333984 -141.737946
v -968.803467 602.333984 -1932.099487
v -1034.027832 602.333984 -1932.099487
v -1098.725952 292.877991 14.131718
v -1934.815552 292.877991 -0.731519
v -1027.392090 292.877991 9.374607
v -955.646301 292.877991 -4.896491
v -886.380005 292.877991 -28.409908
v -820.773621 292.877991 -60.763889
v -759.951721 292.877991 -101.404449
v -704.953186 292.877991 -149.635208
v -656.719421 292.877991 -204.633179
v -616.076904 292.877991 -265.457581
v -583.726318 292.877991 -331.065277
v -560.214661 292.877991 -400.332458
v -545.942322 292.877991 -472.077820
v -541.185669 292.925598 -572.881348
v -591.997009 292.877991 -1932.099365
v -1934.815552 292.877991 -1932.099365
v -1100.389404 292.877991 -1932.099487
v -1934.815674 292.877991 -104.791718
v -1934.815674 292.877991 -290.874512
v -1934.815674 292.877991 -350.517487
v -1934.815674 292.877991 -413.489288
v -1934.815674 292.877991 -478.712738
v -1934.815674 292.877991 -545.071289
v -1934.815674 292.877991 -235.582626
v -1934.815674 292.877991 -185.584641
v -1934.815674 292.877991 -141.737946
v -968.803467 292.877991 -1932.099487
v -1034.027832 292.877991 -1932.099487
v -1098.725952 309.455994 14.131718
v -1934.815552 309.455994 -0.731519
v -1027.392090 309.455994 9.374607
v -955.646301 309.455994 -4.896491
v -886.380005 309.455994 -28.409908
v -820.773621 309.455994 -60.763889
v -759.951721 309.455994 -101.404449
v -704.953186 309.455994 -149.635208
v -656.719421 309.455994 -204.633179
v -616.076904 309.455994 -265.457581
v -583.726318 309.455994 -331.065277
v -560.214661 309.455994 -400.332458
v -545.942322 309.455994 -472.077820
v -541.185669 309.503601 -572.881348
v -591.997009 309.455994 -1932.099365
v -1934.815552 309.455994 -1932.099365
v -1100.389404 309.455994 -1932.099487
v -1934.815674 309.455994 -104.791718
v -1934.815674 309.455994 -290.874512
v -1934.815674 309.455994 -350.517487
v -1934.815674 309.455994 -413.489288
v -1934.815674 309.455994 -478.712738
v -1934.815674 309.455994 -545.071289
v -1934.815674 309.455994 -235.582626
v -1934.815674 309.455994 -185.584641
v -1934.815674 309.455994 -141.737946
v -968.803467 309.455994 -1932.099487
v -1034.027832 309.455994 -1932.099487
v -591.997498 1243.350220 -1893.417358
v -591.997498 1243.350220 -545.072327
v -968.803345 1243.350220 -1893.417358
v -968.803223 1243.350220 -545.072083
v -596.346558 1243.350220 -478.713928
v -968.803223 1243.350220 -478.713654
v -609.321533 1243.350220 -413.490723
v -968.803467 1243.350220 -413.490326
v -630.696167 1243.350220 -350.519226
v -968.803467 1243.350220 -350.518738
v -660.105408 1243.350220 -290.876404
v -968.803223 1243.350220 -290.875977
v -697.052429 1243.350220 -235.582672
v -968.803223 1243.350220 -235.582718
v -740.901306 1243.350220 -185.584610
v -968.803467 1243.350220 -185.584625
v -790.900574 1243.350220 -141.737915
v -968.803467 1243.350220 -141.737961
v -846.193481 1243.350220 -104.791573
v -968.803467 1243.350220 -104.791656
v -905.835693 1243.350220 -75.378906
v -968.804565 1243.350220 -54.003246
v -1034.027832 1243.350220 -41.029659
v -1034.027832 1243.350220 -104.791740
v -1034.027832 1243.350220 -141.738007
v -1034.027832 1243.350220 -185.584625
v -1034.027832 1243.350220 -235.582748
v -1034.027832 1243.350220 -290.875916
v -1034.027832 1243.350220 -350.518585
v -1034.027832 1243.350220 -413.490204
v -1034.027832 1243.350220 -478.713623
v -1034.027832 1243.350220 -545.072021
v -1034.027832 1243.350220 -1893.417358
v -1100.389404 1243.350220 -141.738007
v -1100.389404 1243.350220 -104.791740
v -1100.389404 1243.350220 -185.584610
v -1100.389404 1243.350220 -235.582718
v -1100.389404 1243.350220 -290.875793
v -1100.389404 1243.350220 -350.518494
v -1100.389404 1243.350220 -413.490143
v -1100.389404 1243.350220 -478.713562
v -1100.389404 1243.350220 -545.072021
v -1100.389404 1243.350220 -1893.417358
v -1100.389404 1243.350220 -36.680260
v -1896.133545 1243.350220 -141.737946
v -1896.133545 1243.350220 -104.791718
v -1896.133545 1243.350220 -185.584641
v -1896.133545 1243.350220 -235.582626
v -1896.133545 1243.350220 -290.874512
v -1896.133545 1243.350220 -350.517487
v -1896.133545 1243.350220 -413.489288
v -1896.133545 1243.350220 -478.712738
v -1896.133545 1243.350220 -545.071289
v -1896.133545 1243.350220 -1893.417358
v -1896.133545 1243.350220 -36.680260
v -591.997070 1171.511963 -1932.099365
v -541.185669 1171.511963 -543.829712
v -591.997070 1243.350220 -1932.099365
v -541.185669 1243.350220 -543.829590
v -968.803345 1171.511963 -1932.099365
v -968.803345 1243.350220 -1932.099365
v -545.942444 1171.511963 -472.077881
v -545.942444 1243.350220 -472.077881
v -560.214722 1171.511963 -400.332489
v -560.214783 1243.350220 -400.332489
v -583.726440 1171.511963 -331.065308
v -583.726440 1243.350220 -331.065308
v -616.076904 1171.511963 -265.457642
v -616.076904 1243.350220 -265.457611
v -656.719482 1171.511963 -204.633255
v -656.719482 1243.350220 -204.633270
v -704.953247 1171.511963 -149.635284
v -704.953247 1243.350220 -149.635284
v -759.951782 1171.511963 -101.404556
v -759.951782 1243.350220 -101.404556
v -820.773682 1171.511963 -60.764004
v -820.773682 1243.350220 -60.764004
v -886.380066 1171.511963 -28.410025
v -955.646362 1171.511963 -4.896615
v -886.380066 1243.350220 -28.410025
v -955.646362 1243.350220 -4.896615
v -1027.392090 1171.511963 9.374481
v -1027.392090 1243.350220 9.374481
v -1034.027832 1171.511963 -1932.099365
v -1034.027832 1243.350220 -1932.099365
v -1100.389404 1171.511963 -1932.099365
v -1100.389404 1243.350220 -1932.099365
v -1098.725952 1171.511963 14.131589
v -1098.725952 1243.350220 14.131589
v -1934.815674 1171.511963 -104.791718
v -1934.815674 1171.511963 -141.737946
v -1934.815674 1243.350220 -104.791718
v -1934.815674 1243.350220 -141.737946
v -1934.815674 1171.511963 -185.584641
v -1934.815674 1243.350220 -185.584641
v -1934.815674 1171.511963 -235.582626
v -1934.815674 1243.350220 -235.582626
v -1934.815674 1171.511963 -290.874512
v -1934.815674 1243.350220 -290.874512
v -1934.815674 1171.511963 -350.517487
v -1934.815674 1243.350220 -350.517487
v -1934.815674 1171.511963 -413.489288
v -1934.815674 1243.350220 -413.489288
v -1934.815674 1171.511963 -478.712738
v -1934.815674 1243.350220 -478.712738
v -1934.815674 1171.511963 -545.071289
v -1934.815674 1243.350220 -545.071289
v -1934.815674 1171.511963 -1932.099365
v -1934.815674 1243.350220 -1932.099365
v -1934.815552 1171.511963 -0.731491
v -1934.815552 1243.350220 -0.731491
v -541.185547 16.581318 -1893.417114
v -541.185608 292.877991 -1893.417236
v -541.185608 309.455994 -1893.417236
v -541.185608 585.755981 -1893.417236
v -541.185608 602.333984 -1893.417236
v -541.185608 878.633911 -1893.417236
v -541.185608 895.211914 -1893.417236
v -541.185669 1171.511963 -1893.417358
v -541.185669 1243.350220 -1893.417358
v -541.185669 878.633911 -1932.099365
v -541.185669 895.211914 -1932.099365
v -541.185669 585.755981 -1932.099365
v -541.185669 602.333984 -1932.099365
v -541.185547 292.877991 -1932.098877
v -541.185608 309.455994 -1932.098877
v -541.185669 1171.511963 -1932.099365
v -541.185669 1243.350220 -1932.099365
v -591.102173 895.235657 -605.859619
v -540.737915 895.223816 -605.859619
v -540.738037 1171.523682 -605.859619
v -591.102173 1171.535767 -605.859619
v -590.972656 878.681519 -605.859619
v -540.673218 878.681519 -605.859619
v -590.972656 602.381592 -605.859619
v -540.673218 602.381592 -605.859619
v -590.972656 585.803589 -605.859619
v -540.673218 585.803589 -605.859619
v -590.972656 309.503601 -605.859619
v -540.673218 309.503601 -605.859619
v -590.972656 292.925598 -605.859619
v -540.673218 292.925598 -605.859619
v -591.997559 16.625622 -605.860229
v -540.673218 16.627478 -605.859619
v -968.803223 16.577999 -576.388000
v -1034.027832 16.577999 -576.388062
v -1100.389404 16.577999 -576.388000
v -1896.133545 16.577999 -576.388000
v -1896.133545 292.877991 -576.388000
v -1934.815674 292.877991 -576.388062
v -1934.815674 309.455994 -576.388062
v -1896.133545 309.455994 -576.388000
v -1896.133545 585.755981 -576.388000
v -1934.815674 585.755981 -576.388062
v -1934.815674 602.333984 -576.388062
v -1896.133545 602.333984 -576.388000
v -1896.133545 878.633972 -576.388000
v -1934.815674 878.633972 -576.388062
v -1934.815674 895.211975 -576.388062
v -1896.133545 895.211975 -576.388000
v -1896.133545 1171.511963 -576.388000
v -1934.815796 1171.511963 -576.388062
v -1934.815796 1243.350342 -576.388062
v -1896.133545 1243.350342 -576.388000
v -1100.389404 1243.350342 -576.388000
v -1034.027832 1243.350342 -576.388062
v -968.803223 1243.350342 -576.388000
v -591.997498 1243.350220 -576.388000
v -541.185669 1243.350220 -576.388000
v 591.997681 1171.559570 -574.544617
v 968.803467 1171.511963 -1893.417358
v 591.997620 1171.511963 -1893.417358
v 596.346680 1171.511963 -478.714020
v 609.321655 1171.511963 -413.490631
v 630.696350 1171.511963 -350.519135
v 660.105591 1171.511963 -290.876465
v 697.052612 1171.511963 -235.582748
v 740.901428 1171.511963 -185.584610
v 790.900696 1171.511963 -141.738022
v 846.193604 1171.511963 -104.791740
v 968.804688 1171.511963 -54.003326
v 905.835815 1171.511963 -75.379059
v 1034.027954 1171.511963 -41.029659
v 1034.027954 1171.511963 -1893.417358
v 1100.389648 1171.511963 -1893.417358
v 1100.389648 1171.511963 -36.680260
v 1896.133545 1171.511963 -104.791718
v 1896.133545 1171.511963 -141.737946
v 1896.133545 1171.511963 -185.584641
v 1896.133545 1171.511963 -235.582626
v 1896.133545 1171.511963 -290.874512
v 1896.133545 1171.511963 -350.517487
v 1896.133545 1171.511963 -413.489288
v 1896.133545 1171.511963 -478.712738
v 1896.133545 1171.511963 -545.071289
v 1896.133545 1171.511963 -1893.417358
v 1896.133545 1171.511963 -36.680260
v 1100.389648 878.633911 -36.680260
v 1896.133545 878.633911 -36.680260
v 1034.027954 878.633911 -41.029659
v 968.804688 878.633911 -54.003326
v 905.835815 878.633911 -75.379059
v 846.193604 878.633911 -104.791740
v 790.900696 878.633911 -141.738022
v 740.901428 878.633911 -185.584610
v 697.052612 878.633911 -235.582748
v 660.105591 878.633911 -290.876465
v 630.696350 878.633911 -350.519135
v 609.321655 878.633911 -413.490631
v 596.346680 878.633911 -478.714020
v 591.997681 878.681519 -574.544617
v 591.997620 878.633911 -1893.417358
v 1896.133545 878.633911 -1893.417358
v 1896.133545 878.633911 -290.874512
v 1896.133545 878.633911 -350.517487
v 1896.133545 878.633911 -413.489288
v 1896.133545 878.633911 -478.712738
v 1896.133545 878.633911 -545.071289
v 1896.133545 878.633911 -235.582626
v 1896.133545 878.633911 -185.584641
v 1896.133545 878.633911 -141.737946
v 1896.133545 878.633911 -104.791718
v 968.803589 878.633911 -1893.417358
v 1034.027954 878.633911 -1893.417358
v 1100.389648 878.633911 -1893.417358
v 1098.726074 878.633911 14.131718
v 1934.815552 878.633911 -0.731519
v 1027.392090 878.633911 9.374607
v 955.646423 878.633911 -4.896491
v 886.380127 878.633911 -28.409908
v 820.773743 878.633911 -60.763889
v 759.951843 878.633911 -101.404449
v 704.953308 878.633911 -149.635208
v 656.719543 878.633911 -204.633179
v 616.077026 878.633911 -265.457581
v 583.726440 878.633911 -331.065277
v 560.214722 878.633911 -400.332458
v 545.942383 878.633911 -472.077820
v 541.185669 878.681519 -572.881348
v 591.997131 878.633911 -1932.099365
v 1934.815552 878.633911 -1932.099365
v 1100.389648 878.633911 -1932.099487
v 1934.815674 878.633911 -104.791718
v 1934.815674 878.633911 -290.874512
v 1934.815674 878.633911 -350.517487
v 1934.815674 878.633911 -413.489288
v 1934.815674 878.633911 -478.712738
v 1934.815674 878.633911 -545.071289
v 1934.815674 878.633911 -235.582626
v 1934.815674 878.633911 -185.584641
v 1934.815674 878.633911 -141.737946
v 968.803589 878.633911 -1932.099487
v 1034.027954 878.633911 -1932.099487
v 1098.726074 895.211914 14.131718
v 1934.815552 895.211914 -0.731519
v 1027.392090 895.211914 9.374607
v 955.646423 895.211914 -4.896491
v 886.380127 895.211914 -28.409908
v 820.773743 895.211914 -60.763889
v 759.951843 895.211914 -101.404449
v 704.953308 895.211914 -149.635208
v 656.719543 895.211914 -204.633179
v 616.077026 895.211914 -265.457581
v 583.726440 895.211914 -331.065277
v 560.214722 895.211914 -400.332458
v 545.942383 895.211914 -472.077820
v 541.185669 895.259521 -572.881348
v 591.997131 895.211914 -1932.099365
v 1934.815552 895.211914 -1932.099365
v 1100.389648 895.211914 -1932.099487
v 1934.815674 895.211914 -104.791718
v 1934.815674 895.211914 -290.874512
v 1934.815674 895.211914 -350.517487
v 1934.815674 895.211914 -413.489288
v 1934.815674 895.211914 -478.712738
v 1934.815674 895.211914 -545.071289
v 1934.815674 895.211914 -235.582626
v 1934.815674 895.211914 -185.584641
v 1934.815674 895.211914 -141.737946
v 968.803589 895.211914 -1932.099487
v 1034.027954 895.211914 -1932.099487
v 1896.133545 895.211914 -36.680260
v 1100.389648 895.211914 -36.680260
v 1034.027954 895.211914 -41.029659
v 968.804688 895.211914 -54.003326
v 905.835815 895.211914 -75.379059
v 846.193604 895.211914 -104.791740
v 790.900696 895.211914 -141.738022
v 740.901428 895.211914 -185.584610
v 697.052612 895.211914 -235.582748
v 660.105591 895.211914 -290.876465
v 630.696350 895.211914 -350.519135
v 609.321655 895.211914 -413.490631
v 596.346680 895.211914 -478.714020
v 591.997681 895.259521 -574.544617
v 591.997620 895.211914 -1893.417358
v 1100.389648 895.211914 -1893.417358
v 1896.133545 895.211914 -1893.417358
v 1896.133545 895.211914 -104.791718
v 1896.133545 895.211914 -350.517487
v 1896.133545 895.211914 -290.874512
v 1896.133545 895.211914 -413.489288
v 1896.133545 895.211914 -478.712738
v 1896.133545 895.211914 -545.071289
v 1896.133545 895.211914 -235.582626
v 1896.133545 895.211914 -185.584641
v 1896.133545 895.211914 -141.737946
v 968.803467 895.211914 -1893.417358
v 1034.027954 895.211914 -1893.417358
v 1100.389648 16.577999 -36.680260
v 1896.133545 16.577999 -36.680260
v 1896.133545 16.577999 -1893.417358
v 591.997620 16.577999 -1893.417236
v 591.997681 16.625622 -574.544617
v 596.346680 16.577999 -478.714020
v 609.321655 16.577999 -413.490631
v 630.696350 16.577999 -350.519135
v 660.105591 16.577999 -290.876465
v 697.052612 16.577999 -235.582748
v 740.901428 16.577999 -185.584610
v 790.900696 16.577999 -141.738022
v 846.193604 16.577999 -104.791740
v 905.835815 16.577999 -75.379059
v 968.804688 16.577999 -54.003326
v 1034.027954 16.577999 -41.029659
v 1896.133545 16.577999 -290.874512
v 1896.133545 16.577999 -350.517487
v 1896.133545 16.577999 -413.489288
v 1896.133545 16.577999 -478.712738
v 1896.133545 16.577999 -545.071289
v 1896.133545 16.577999 -235.582626
v 1896.133545 16.577999 -185.584641
v 1896.133545 16.577999 -141.737946
v 1896.133545 16.577999 -104.791718
v 968.803589 16.577999 -104.791740
v 968.803589 16.577999 -141.738007
v 968.803589 16.577999 -185.584610
v 968.803345 16.577999 -235.582733
v 968.803345 16.577999 -290.876007
v 968.803589 16.577997 -350.518707
v 968.803589 16.577999 -413.490265
v 968.803345 16.577999 -478.713684
v 968.803345 16.577999 -545.072144
v 968.803345 16.577999 -1893.417358
v 1034.027954 16.577999 -104.791740
v 1034.027954 16.577999 -141.738007
v 1034.027954 16.577999 -185.584610
v 1034.027954 16.577999 -235.582733
v 1034.027954 16.577999 -290.875916
v 1034.027954 16.577997 -350.518585
v 1034.027954 16.577999 -413.490204
v 1034.027954 16.577999 -478.713623
v 1034.027954 16.577999 -545.072021
v 1034.027954 16.577999 -1893.417358
v 1100.389648 16.577999 -104.791740
v 1100.389648 16.577999 -141.738007
v 1100.389648 16.577999 -185.584610
v 1100.389648 16.577999 -235.582718
v 1100.389648 16.577999 -290.875793
v 1100.389648 16.577997 -350.518494
v 1100.389648 16.577999 -413.490143
v 1100.389648 16.577999 -478.713562
v 1100.389648 16.577999 -545.072021
v 1100.389648 16.577999 -1893.417358
v 1100.389648 292.877991 -36.680260
v 1896.133545 292.877991 -36.680260
v 1034.027954 292.877991 -41.029659
v 968.804688 292.877991 -54.003326
v 905.835815 292.877991 -75.379059
v 846.193604 292.877991 -104.791740
v 790.900696 292.877991 -141.738022
v 740.901428 292.877991 -185.584610
v 697.052612 292.877991 -235.582748
v 660.105591 292.877991 -290.876465
v 630.696350 292.877991 -350.519135
v 609.321655 292.877991 -413.490631
v 596.346680 292.877991 -478.714020
v 591.997681 292.925598 -574.544617
v 591.997620 292.877991 -1893.417358
v 968.803589 292.877991 -1893.417358
v 1034.027954 292.877991 -1893.417358
v 1100.389648 292.877991 -1893.417358
v 1896.133545 292.877991 -1893.417358
v 1896.133545 292.877991 -545.071289
v 1896.133545 292.877991 -478.712738
v 1896.133545 292.877991 -413.489288
v 1896.133545 292.877991 -350.517487
v 1896.133545 292.877991 -290.874512
v 1896.133545 292.877991 -235.582626
v 1896.133545 292.877991 -185.584641
v 1896.133545 292.877991 -141.737946
v 1896.133545 292.877991 -104.791718
v 1896.133545 602.333984 -36.680260
v 1100.389648 602.333984 -36.680260
v 1034.027954 602.333984 -41.029659
v 968.804688 602.333984 -54.003326
v 905.835815 602.333984 -75.379059
v 846.193604 602.333984 -104.791740
v 790.900696 602.333984 -141.738022
v 740.901428 602.333984 -185.584610
v 697.052612 602.333984 -235.582748
v 660.105591 602.333984 -290.876465
v 630.696350 602.333984 -350.519135
v 609.321655 602.333984 -413.490631
v 596.346680 602.333984 -478.714020
v 591.997681 602.381592 -574.544617
v 591.997620 602.333984 -1893.417358
v 968.803467 602.333984 -1893.417358
v 1896.133545 602.333984 -1893.417358
v 1896.133545 602.333984 -545.071289
v 1896.133545 602.333984 -290.874512
v 1896.133545 602.333984 -235.582626
v 1896.133545 602.333984 -350.517487
v 1896.133545 602.333984 -413.489288
v 1896.133545 602.333984 -478.712738
v 1896.133545 602.333984 -185.584641
v 1896.133545 602.333984 -141.737946
v 1896.133545 602.333984 -104.791718
v 1034.027954 602.333984 -1893.417358
v 1100.389648 602.333984 -1893.417358
v 1896.133545 309.455994 -36.680260
v 1100.389648 309.455994 -36.680260
v 1100.389648 585.755981 -36.680260
v 1896.133545 585.755981 -36.680260
v 1034.027954 309.455994 -41.029659
v 1034.027954 585.755981 -41.029659
v 968.804688 309.455994 -54.003326
v 968.804688 585.755981 -54.003326
v 905.835815 309.455994 -75.379059
v 905.835815 585.755981 -75.379059
v 846.193604 309.455994 -104.791740
v 846.193604 585.755981 -104.791740
v 790.900696 309.455994 -141.738022
v 790.900696 585.755981 -141.738022
v 740.901428 309.455994 -185.584610
v 740.901428 585.755981 -185.584610
v 697.052612 309.455994 -235.582748
v 697.052612 585.755981 -235.582748
v 660.105591 309.455994 -290.876465
v 660.105591 585.755981 -290.876465
v 630.696350 309.455994 -350.519135
v 630.696350 585.755981 -350.519135
v 609.321655 309.455994 -413.490631
v 609.321655 585.755981 -413.490631
v 596.346680 309.455994 -478.714020
v 596.346680 585.755981 -478.714020
v 591.997681 309.503601 -574.544617
v 591.997681 585.803589 -574.544617
v 591.997620 309.455994 -1893.417358
v 591.997620 585.755981 -1893.417358
v 968.803467 309.455994 -1893.417358
v 968.803589 585.755981 -1893.417358
v 1896.133545 309.455994 -1893.417358
v 1896.133545 309.455994 -545.071289
v 1896.133545 585.755981 -545.071289
v 1896.133545 585.755981 -1893.417358
v 1896.133545 585.755981 -290.874512
v 1896.133545 309.455994 -290.874512
v 1896.133545 309.455994 -235.582626
v 1896.133545 585.755981 -235.582626
v 1896.133545 585.755981 -350.517487
v 1896.133545 309.455994 -350.517487
v 1896.133545 585.755981 -413.489288
v 1896.133545 309.455994 -413.489288
v 1896.133545 585.755981 -478.712738
v 1896.133545 309.455994 -478.712738
v 1896.133545 309.455994 -185.584641
v 1896.133545 585.755981 -185.584641
v 1896.133545 309.455994 -141.737946
v 1896.133545 585.755981 -141.737946
v 1896.133545 309.455994 -104.791718
v 1896.133545 585.755981 -104.791718
v 1034.027954 309.455994 -1893.417358
v 1034.027954 585.755981 -1893.417358
v 1100.389648 309.455994 -1893.417358
v 1100.389648 585.755981 -1893.417358
v 1098.726074 585.755981 14.131718
v 1934.815552 585.755981 -0.731519
v 1027.392090 585.755981 9.374607
v 955.646423 585.755981 -4.896491
v 886.380127 585.755981 -28.409908
v 820.773743 585.755981 -60.763889
v 759.951843 585.755981 -101.404449
v 704.953308 585.755981 -149.635208
v 656.719543 585.755981 -204.633179
v 616.077026 585.755981 -265.457581
v 583.726440 585.755981 -331.065277
v 560.214722 585.755981 -400.332458
v 545.942383 585.755981 -472.077820
v 541.185669 585.803589 -572.881348
v 591.997131 585.755981 -1932.099365
v 1934.815552 585.755981 -1932.099365
v 1100.389648 585.755981 -1932.099487
v 1934.815674 585.755981 -104.791718
v 1934.815674 585.755981 -290.874512
v 1934.815674 585.755981 -350.517487
v 1934.815674 585.755981 -413.489288
v 1934.815674 585.755981 -478.712738
v 1934.815674 585.755981 -545.071289
v 1934.815674 585.755981 -235.582626
v 1934.815674 585.755981 -185.584641
v 1934.815674 585.755981 -141.737946
v 968.803589 585.755981 -1932.099487
v 1034.027954 585.755981 -1932.099487
v 1098.726074 602.333984 14.131718
v 1934.815552 602.333984 -0.731519
v 1027.392090 602.333984 9.374607
v 955.646423 602.333984 -4.896491
v 886.380127 602.333984 -28.409908
v 820.773743 602.333984 -60.763889
v 759.951843 602.333984 -101.404449
v 704.953308 602.333984 -149.635208
v 656.719543 602.333984 -204.633179
v 616.077026 602.333984 -265.457581
v 583.726440 602.333984 -331.065277
v 560.214722 602.333984 -400.332458
v 545.942383 602.333984 -472.077820
v 541.185669 602.381592 -572.881348
v 591.997131 602.333984 -1932.099365
v 1934.815552 602.333984 -1932.099365
v 1100.389648 602.333984 -1932.099487
v 1934.815674 602.333984 -104.791718
v 1934.815674 602.333984 -290.874512
v 1934.815674 602.333984 -350.517487
v 1934.815674 602.333984 -413.489288
v 1934.815674 602.333984 -478.712738
v 1934.815674 602.333984 -545.071289
v 1934.815674 602.333984 -235.582626
v 1934.815674 602.333984 -185.584641
v 1934.815674 602.333984 -141.737946
v 968.803589 602.333984 -1932.099487
v 1034.027954 602.333984 -1932.099487
v 1098.726074 292.877991 14.131718
v 1934.815552 292.877991 -0.731519
v 1027.392090 292.877991 9.374607
v 955.646423 292.877991 -4.896491
v 886.380127 292.877991 -28.409908
v 820.773743 292.877991 -60.763889
v 759.951843 292.877991 -101.404449
v 704.953308 292.877991 -149.635208
v 656.719543 292.877991 -204.633179
v 616.077026 292.877991 -265.457581
v 583.726440 292.877991 -331.065277
v 560.214722 292.877991 -400.332458
v 545.942383 292.877991 -472.077820
v 541.185669 292.925598 -572.881348
v 591.997131 292.877991 -1932.099365
v 1934.815552 292.877991 -1932.099365
v 1100.389648 292.877991 -1932.099487
v 1934.815674 292.877991 -104.791718
v 1934.815674 292.877991 -290.874512
v 1934.815674 292.877991 -350.517487
v 1934.815674 292.877991 -413.489288
v 1934.815674 292.877991 -478.712738
v 1934.815674 292.877991 -545.071289
v 1934.815674 292.877991 -235.582626
v 1934.815674 292.877991 -185.584641
v 1934.815674 292.877991 -141.737946
v 968.803589 292.877991 -1932.099487
v 1034.027954 292.877991 -1932.099487
v 1098.726074 309.455994 14.131718
v 1934.815552 309.455994 -0.731519
v 1027.392090 309.455994 9.374607
v 955.646423 309.455994 -4.896491
v 886.380127 309.455994 -28.409908
v 820.773743 309.455994 -60.763889
v 759.951843 309.455994 -101.404449
v 704.953308 309.455994 -149.635208
v 656.719543 309.455994 -204.633179
v 616.077026 309.455994 -265.457581
v 583.726440 309.455994 -331.065277
v 560.214722 309.455994 -400.332458
v 545.942383 309.455994 -472.077820
v 541.185669 309.503601 -572.881348
v 591.997131 309.455994 -1932.099365
v 1934.815552 309.455994 -1932.099365
v 1100.389648 309.455994 -1932.099487
v 1934.815674 309.455994 -104.791718
v 1934.815674 309.455994 -290.874512
v 1934.815674 309.455994 -350.517487
v 1934.815674 309.455994 -413.489288
v 1934.815674 309.455994 -478.712738
v 1934.815674 309.455994 -545.071289
v 1934.815674 309.455994 -235.582626
v 1934.815674 309.455994 -185.584641
v 1934.815674 309.455994 -141.737946
v 968.803589 309.455994 -1932.099487
v 1034.027954 309.455994 -1932.099487
v 591.997620 1243.350220 -1893.417358
v 591.997620 1243.350220 -545.072327
v 968.803467 1243.350220 -1893.417358
v 968.803345 1243.350220 -545.072083
v 596.346680 1243.350220 -478.713928
v 968.803345 1243.350220 -478.713654
v 609.321655 1243.350220 -413.490723
v 968.803589 1243.350220 -413.490326
v 630.696350 1243.350220 -350.519226
v 968.803589 1243.350220 -350.518738
v 660.105591 1243.350220 -290.876404
v 968.803345 1243.350220 -290.875977
v 697.052612 1243.350220 -235.582672
v 968.803345 1243.350220 -235.582718
v 740.901428 1243.350220 -185.584610
v 968.803589 1243.350220 -185.584625
v 790.900696 1243.350220 -141.737915
v 968.803589 1243.350220 -141.737961
v 846.193604 1243.350220 -104.791573
v 968.803589 1243.350220 -104.791656
v 905.835815 1243.350220 -75.378906
v 968.804688 1243.350220 -54.003246
v 1034.027954 1243.350220 -41.029659
v 1034.027954 1243.350220 -104.791740
v 1034.027954 1243.350220 -141.738007
v 1034.027954 1243.350220 -185.584625
v 1034.027954 1243.350220 -235.582748
v 1034.027954 1243.350220 -290.875916
v 1034.027954 1243.350220 -350.518585
v 1034.027954 1243.350220 -413.490204
v 1034.027954 1243.350220 -478.713623
v 1034.027954 1243.350220 -545.072021
v 1034.027954 1243.350220 -1893.417358
v 1100.389648 1243.350220 -141.738007
v 1100.389648 1243.350220 -104.791740
v 1100.389648 1243.350220 -185.584610
v 1100.389648 1243.350220 -235.582718
v 1100.389648 1243.350220 -290.875793
v 1100.389648 1243.350220 -350.518494
v 1100.389648 1243.350220 -413.490143
v 1100.389648 1243.350220 -478.713562
v 1100.389648 1243.350220 -545.072021
v 1100.389648 1243.350220 -1893.417358
v 1100.389648 1243.350220 -36.680260
v 1896.133545 1243.350220 -141.737946
v 1896.133545 1243.350220 -104.791718
v 1896.133545 1243.350220 -185.584641
v 1896.133545 1243.350220 -235.582626
v 1896.133545 1243.350220 -290.874512
v 1896.133545 1243.350220 -350.517487
v 1896.133545 1243.350220 -413.489288
v 1896.133545 1243.350220 -478.712738
v 1896.133545 1243.350220 -545.071289
v 1896.133545 1243.350220 -1893.417358
v 1896.133545 1243.350220 -36.680260
v 591.997192 1171.511963 -1932.099365
v 541.185791 1171.511963 -543.829712
v 591.997192 1243.350220 -1932.099365
v 541.185791 1243.350220 -543.829590
v 968.803467 1171.511963 -1932.099365
v 968.803467 1243.350220 -1932.099365
v 545.942505 1171.511963 -472.077881
v 545.942505 1243.350220 -472.077881
v 560.214844 1171.511963 -400.332489
v 560.214844 1243.350220 -400.332489
v 583.726562 1171.511963 -331.065308
v 583.726562 1243.350220 -331.065308
v 616.077026 1171.511963 -265.457642
v 616.077026 1243.350220 -265.457611
v 656.719604 1171.511963 -204.633255
v 656.719604 1243.350220 -204.633270
v 704.953369 1171.511963 -149.635284
v 704.953369 1243.350220 -149.635284
v 759.951904 1171.511963 -101.404556
v 759.951904 1243.350220 -101.404556
v 820.773804 1171.511963 -60.764004
v 820.773804 1243.350220 -60.764004
v 886.380188 1171.511963 -28.410025
v 955.646484 1171.511963 -4.896615
v 886.380188 1243.350220 -28.410025
v 955.646484 1243.350220 -4.896615
v 1027.392212 1171.511963 9.374481
v 1027.392212 1243.350220 9.374481
v 1034.027954 1171.511963 -1932.099365
v 1034.027954 1243.350220 -1932.099365
v 1100.389648 1171.511963 -1932.099365
v 1100.389648 1243.350220 -1932.099365
v 1098.726074 1171.511963 14.131589
v 1098.726074 1243.350220 14.131589
v 1934.815674 1171.511963 -104.791718
v 1934.815674 1171.511963 -141.737946
v 1934.815674 1243.350220 -104.791718
v 1934.815674 1243.350220 -141.737946
v 1934.815674 1171.511963 -185.584641
v 1934.815674 1243.350220 -185.584641
v 1934.815674 1171.511963 -235.582626
v 1934.815674 1243.350220 -235.582626
v 1934.815674 1171.511963 -290.874512
v 1934.815674 1243.350220 -290.874512
v 1934.815674 1171.511963 -350.517487
v 1934.815674 1243.350220 -350.517487
v 1934.815674 1171.511963 -413.489288
v 1934.815674 1243.350220 -413.489288
v 1934.815674 1171.511963 -478.712738
v 1934.815674 1243.350220 -478.712738
v 1934.815674 1171.511963 -545.071289
v 1934.815674 1243.350220 -545.071289
v 1934.815674 1171.511963 -1932.099365
v 1934.815674 1243.350220 -1932.099365
v 1934.815552 1171.511963 -0.731491
v 1934.815552 1243.350220 -0.731491
v 541.185669 16.581318 -1893.417114
v 541.185669 292.877991 -1893.417236
v 541.185669 309.455994 -1893.417236
v 541.185669 585.755981 -1893.417236
v 541.185669 602.333984 -1893.417236
v 541.185669 878.633911 -1893.417236
v 541.185669 895.211914 -1893.417236
v 541.185791 1171.511963 -1893.417358
v 541.185791 1243.350220 -1893.417358
v 541.185791 878.633911 -1932.099365
v 541.185791 895.211914 -1932.099365
v 541.185791 585.755981 -1932.099365
v 541.185791 602.333984 -1932.099365
v 541.185669 292.877991 -1932.098877
v 541.185669 309.455994 -1932.098877
v 541.185791 1171.511963 -1932.099365
v 541.185791 1243.350220 -1932.099365
v 591.102295 895.235657 -605.859619
v 540.737976 895.223816 -605.859619
v 540.738098 1171.523682 -605.859619
v 591.102295 1171.535767 -605.859619
v 590.972778 878.681519 -605.859619
v 540.673218 878.681519 -605.859619
v 590.972778 602.381592 -605.859619
v 540.673218 602.381592 -605.859619
v 590.972778 585.803589 -605.859619
v 540.673218 585.803589 -605.859619
v 590.972778 309.503601 -605.859619
v 540.673218 309.503601 -605.859619
v 590.972778 292.925598 -605.859619
v 540.673218 292.925598 -605.859619
v 591.997681 16.625622 -605.860229
v 540.673218 16.627478 -605.859619
v 968.803345 16.577999 -576.388000
v 1034.028076 16.577999 -576.388062
v 1100.389648 16.577999 -576.388000
v 1896.133545 16.577999 -576.388000
v 1896.133545 292.877991 -576.388000
v 1934.815674 292.877991 -576.388062
v 1934.815674 309.455994 -576.388062
v 1896.133545 309.455994 -576.388000
v 1896.133545 585.755981 -576.388000
v 1934.815674 585.755981 -576.388062
v 1934.815674 602.333984 -576.388062
v 1896.133545 602.333984 -576.388000
v 1896.133545 878.633972 -576.388000
v 1934.815674 878.633972 -576.388062
v 1934.815674 895.211975 -576.388062
v 1896.133545 895.211975 -576.388000
v 1896.133545 1171.511963 -576.388000
v 1934.815796 1171.511963 -576.388062
v 1934.815796 1243.350342 -576.388062
v 1896.133545 1243.350342 -576.388000
v 1100.389648 1243.350342 -576.388000
v 1034.028076 1243.350342 -576.388062
v 968.803345 1243.350342 -576.388000
v 591.997620 1243.350220 -576.388000
v 541.185791 1243.350220 -576.388000
v 131.913849 16.586769 -578.229492
v 131.913849 16.586769 -605.859497
v 104.283844 16.586769 -605.859497
v 104.283844 16.586769 -578.229492
v 131.913849 1171.511963 -578.229492
v 131.913849 1171.511963 -605.859497
v 104.283844 1171.511963 -578.229492
v 104.283844 1171.511963 -605.859497
v 391.635803 16.586769 -578.229492
v 391.635803 16.586769 -605.859497
v 364.005829 16.586769 -605.859497
v 364.005829 16.586769 -578.229492
v 391.635803 1171.511963 -578.229492
v 391.635803 1171.511963 -605.859497
v 364.005829 1171.511963 -578.229492
v 364.005829 1171.511963 -605.859497
v 651.357788 16.586769 -1876.839355
v 651.357788 16.586769 -1904.469360
v 623.727783 16.586769 -1904.469360
v 623.727783 16.586769 -1876.839355
v 651.357788 1171.511963 -1876.839355
v 651.357788 1171.511963 -1904.469360
v 623.727783 1171.511963 -1876.839355
v 623.727783 1171.511963 -1904.469360
v 391.635803 16.586769 -1876.839355
v 391.635803 16.586769 -1904.469360
v 364.005829 16.586769 -1904.469360
v 364.005829 16.586769 -1876.839355
v 391.635803 1171.511963 -1876.839355
v 391.635803 1171.511963 -1904.469360
v 364.005829 1171.511963 -1876.839355
v 364.005829 1171.511963 -1904.469360
v 131.913849 16.586769 -1876.839355
v 131.913849 16.586769 -1904.469360
v 104.283844 16.586769 -1904.469360
v 104.283844 16.586769 -1876.839355
v 131.913849 1171.511963 -1876.839355
v 131.913849 1171.511963 -1904.469360
v 104.283844 1171.511963 -1876.839355
v 104.283844 1171.511963 -1904.469360
v 1878.848145 16.586769 -804.795532
v 1906.478027 16.586769 -804.795532
v 1906.478027 16.586769 -832.425537
v 1878.848145 16.586769 -832.425537
v 1878.848145 1171.511963 -804.795532
v 1906.478027 1171.511963 -804.795532
v 1878.848145 1171.511963 -832.425537
v 1906.478027 1171.511963 -832.425537
v 663.879822 16.586769 -312.956726
v 639.952026 16.586769 -299.141724
v 653.767029 16.586769 -275.213013
v 677.694763 16.586769 -289.028015
v 663.879822 1171.511963 -312.956726
v 639.952026 1171.511963 -299.141724
v 677.694763 1171.511963 -289.028015
v 653.767029 1171.511963 -275.213013
v 580.238037 16.586769 -545.072388
v 607.868042 16.586769 -545.072388
v 607.868042 16.586769 -572.703552
v 580.238037 16.586769 -572.703552
v 580.238037 1171.511963 -545.072388
v 607.868042 1171.511963 -545.072388
v 580.238037 1171.511963 -572.703552
v 607.868042 1171.511963 -572.703552
v 1878.848145 16.586769 -1843.683350
v 1906.478027 16.586769 -1843.683350
v 1906.478027 16.586769 -1871.313354
v 1878.848145 16.586769 -1871.313354
v 1878.848145 1171.511963 -1843.683350
v 1906.478027 1171.511963 -1843.683350
v 1878.848145 1171.511963 -1871.313354
v 1906.478027 1171.511963 -1871.313354
v 1878.848145 16.586769 -545.072388
v 1906.478027 16.586769 -545.072388
v 1906.478027 16.586769 -572.703552
v 1878.848145 16.586769 -572.703552
v 1878.848145 1171.511963 -545.072388
v 1906.478027 1171.511963 -545.072388
v 1878.848145 1171.511963 -572.703552
v 1906.478027 1171.511963 -572.703552
v 1878.848145 16.586769 -25.628260
v 1906.478027 16.586769 -25.628260
v 1906.478027 16.586769 -53.258259
v 1878.848145 16.586769 -53.258259
v 1878.848145 1171.511963 -25.628260
v 1906.478027 1171.511963 -25.628260
v 1878.848145 1171.511963 -53.258259
v 1906.478027 1171.511963 -53.258259
v 1878.848145 16.586769 -1583.961426
v 1906.478027 16.586769 -1583.961426
v 1906.478027 16.586769 -1611.591431
v 1878.848145 16.586769 -1611.591431
v 1878.848145 1171.511963 -1583.961426
v 1906.478027 1171.511963 -1583.961426
v 1878.848145 1171.511963 -1611.591431
v 1906.478027 1171.511963 -1611.591431
v 833.527954 16.586769 -96.257935
v 857.980530 16.586769 -83.393967
v 870.844910 16.586769 -107.846512
v 846.392395 16.586769 -120.710480
v 833.527954 1171.511963 -96.257935
v 857.980530 1171.511963 -83.393967
v 846.392395 1171.511963 -120.710480
v 870.844910 1171.511963 -107.846512
v 1878.848145 16.586769 -1324.239380
v 1906.478027 16.586769 -1324.239380
v 1906.478027 16.586769 -1351.869385
v 1878.848145 16.586769 -1351.869385
v 1878.848145 1171.511963 -1324.239380
v 1906.478027 1171.511963 -1324.239380
v 1878.848145 1171.511963 -1351.869385
v 1906.478027 1171.511963 -1351.869385
v 1878.848145 16.586769 -1064.517578
v 1906.478027 16.586769 -1064.517578
v 1906.478027 16.586769 -1092.147461
v 1878.848145 16.586769 -1092.147461
v 1878.848145 1171.511963 -1064.517578
v 1906.478027 1171.511963 -1064.517578
v 1878.848145 1171.511963 -1092.147461
v 1906.478027 1171.511963 -1092.147461
v 1619.126099 16.586769 -25.628260
v 1646.756104 16.586769 -25.628260
v 1646.756104 16.586769 -53.258259
v 1619.126099 16.586769 -53.258259
v 1619.126099 1171.511963 -25.628260
v 1646.756104 1171.511963 -25.628260
v 1619.126099 1171.511963 -53.258259
v 1646.756104 1171.511963 -53.258259
v 1359.404053 16.586769 -25.628260
v 1387.033936 16.586769 -25.628260
v 1387.033936 16.586769 -53.258259
v 1359.404053 16.586769 -53.258259
v 1359.404053 1171.511963 -25.628260
v 1387.033936 1171.511963 -25.628260
v 1359.404053 1171.511963 -53.258259
v 1387.033936 1171.511963 -53.258259
v 1099.682007 16.586769 -25.628260
v 1127.312012 16.586769 -25.628260
v 1127.312012 16.586769 -53.258259
v 1099.682007 16.586769 -53.258259
v 1099.682007 1171.511963 -25.628260
v 1127.312012 1171.511963 -25.628260
v 1099.682007 1171.511963 -53.258259
v 1127.312012 1171.511963 -53.258259
v 1878.848145 16.586769 -285.350464
v 1906.478027 16.586769 -285.350464
v 1906.478027 16.586769 -312.980469
v 1878.848145 16.586769 -312.980469
v 1878.848145 1171.511963 -285.350464
v 1906.478027 1171.511963 -285.350464
v 1878.848145 1171.511963 -312.980469
v 1906.478027 1171.511963 -312.980469
v -131.913788 16.586769 -578.229492
v -131.913788 16.586769 -605.859497
v -104.283783 16.586769 -605.859497
v -104.283783 16.586769 -578.229492
v -131.913788 1171.511963 -578.229492
v -131.913788 1171.511963 -605.859497
v -104.283783 1171.511963 -578.229492
v -104.283783 1171.511963 -605.859497
v -391.635742 16.586769 -578.229492
v -391.635742 16.586769 -605.859497
v -364.005768 16.586769 -605.859497
v -364.005768 16.586769 -578.229492
v -391.635742 1171.511963 -578.229492
v -391.635742 1171.511963 -605.859497
v -364.005768 1171.511963 -578.229492
v -364.005768 1171.511963 -605.859497
v -651.357727 16.586769 -1876.839355
v -651.357727 16.586769 -1904.469360
v -623.727722 16.586769 -1904.469360
v -623.727722 16.586769 -1876.839355
v -651.357727 1171.511963 -1876.839355
v -651.357727 1171.511963 -1904.469360
v -623.727722 1171.511963 -1876.839355
v -623.727722 1171.511963 -1904.469360
v -391.635742 16.586769 -1876.839355
v -391.635742 16.586769 -1904.469360
v -364.005768 16.586769 -1904.469360
v -364.005768 16.586769 -1876.839355
v -391.635742 1171.511963 -1876.839355
v -391.635742 1171.511963 -1904.469360
v -364.005768 1171.511963 -1876.839355
v -364.005768 1171.511963 -1904.469360
v -131.913788 16.586769 -1876.839355
v -131.913788 16.586769 -1904.469360
v -104.283783 16.586769 -1904.469360
v -104.283783 16.586769 -1876.839355
v -131.913788 1171.511963 -1876.839355
v -131.913788 1171.511963 -1904.469360
v -104.283783 1171.511963 -1876.839355
v -104.283783 1171.511963 -1904.469360
v -1878.848022 16.586769 -804.795532
v -1906.478027 16.586769 -804.795532
v -1906.478027 16.586769 -832.425537
v -1878.848022 16.586769 -832.425537
v -1878.848022 1171.511963 -804.795532
v -1906.478027 1171.511963 -804.795532
v -1878.848022 1171.511963 -832.425537
v -1906.478027 1171.511963 -832.425537
v -663.879761 16.586769 -312.956726
v -639.951965 16.586769 -299.141724
v -653.766968 16.586769 -275.213013
v -677.694702 16.586769 -289.028015
v -663.879761 1171.511963 -312.956726
v -639.951965 1171.511963 -299.141724
v -677.694702 1171.511963 -289.028015
v -653.766968 1171.511963 -275.213013
v -580.238037 16.586769 -545.072388
v -607.868042 16.586769 -545.072388
v -607.868042 16.586769 -572.703552
v -580.238037 16.586769 -572.703552
v -580.238037 1171.511963 -545.072388
v -607.868042 1171.511963 -545.072388
v -580.238037 1171.511963 -572.703552
v -607.868042 1171.511963 -572.703552
v -1878.848022 16.586769 -1843.683350
v -1906.478027 16.586769 -1843.683350
v -1906.478027 16.586769 -1871.313354
v -1878.848022 16.586769 -1871.313354
v -1878.848022 1171.511963 -1843.683350
v -1906.478027 1171.511963 -1843.683350
v -1878.848022 1171.511963 -1871.313354
v -1906.478027 1171.511963 -1871.313354
v -1878.848022 16.586769 -545.072388
v -1906.478027 16.586769 -545.072388
v -1906.478027 16.586769 -572.703552
v -1878.848022 16.586769 -572.703552
v -1878.848022 1171.511963 -545.072388
v -1906.478027 1171.511963 -545.072388
v -1878.848022 1171.511963 -572.703552
v -1906.478027 1171.511963 -572.703552
v -1878.848022 16.586769 -25.628260
v -1906.478027 16.586769 -25.628260
v -1906.478027 16.586769 -53.258259
v -1878.848022 16.586769 -53.258259
v -1878.848022 1171.511963 -25.628260
v -1906.478027 1171.511963 -25.628260
v -1878.848022 1171.511963 -53.258259
v -1906.478027 1171.511963 -53.258259
v -1878.848022 16.586769 -1583.961426
v -1906.478027 16.586769 -1583.961426
v -1906.478027 16.586769 -1611.591431
v -1878.848022 16.586769 -1611.591431
v -1878.848022 1171.511963 -1583.961426
v -1906.478027 1171.511963 -1583.961426
v -1878.848022 1171.511963 -1611.591431
v -1906.478027 1171.511963 -1611.591431
v -833.527893 16.586769 -96.257935
v -857.980469 16.586769 -83.393967
v -870.844849 16.586769 -107.846512
v -846.392334 16.586769 -120.710480
v -833.527893 1171.511963 -96.257935
v -857.980469 1171.511963 -83.393967
v -846.392334 1171.511963 -120.710480
v -870.844849 1171.511963 -107.846512
v -1878.848022 16.586769 -1324.239380
v -1906.478027 16.586769 -1324.239380
v -1906.478027 16.586769 -1351.869385
v -1878.848022 16.586769 -1351.869385
v -1878.848022 1171.511963 -1324.239380
v -1906.478027 1171.511963 -1324.239380
v -1878.848022 1171.511963 -1351.869385
v -1906.478027 1171.511963 -1351.869385
v -1878.848022 16.586769 -1064.517578
v -1906.478027 16.586769 -1064.517578
v -1906.478027 16.586769 -1092.147461
v -1878.848022 16.586769 -1092.147461
v -1878.848022 1171.511963 -1064.517578
v -1906.478027 1171.511963 -1064.517578
v -1878.848022 1171.511963 -1092.147461
v -1906.478027 1171.511963 -1092.147461
v -1619.126099 16.586769 -25.628260
v -1646.756104 16.586769 -25.628260
v -1646.756104 16.586769 -53.258259
v -1619.126099 16.586769 -53.258259
v -1619.126099 1171.511963 -25.628260
v -1646.756104 1171.511963 -25.628260
v -1619.126099 1171.511963 -53.258259
v -1646.756104 1171.511963 -53.258259
v -1359.403931 16.586769 -25.628260
v -1387.033936 16.586769 -25.628260
v -1387.033936 16.586769 -53.258259
v -1359.403931 16.586769 -53.258259
v -1359.403931 1171.511963 -25.628260
v -1387.033936 1171.511963 -25.628260
v -1359.403931 1171.511963 -53.258259
v -1387.033936 1171.511963 -53.258259
v -1099.681885 16.586769 -25.628260
v -1127.312012 16.586769 -25.628260
v -1127.312012 16.586769 -53.258259
v -1099.681885 16.586769 -53.258259
v -1099.681885 1171.511963 -25.628260
v -1127.312012 1171.511963 -25.628260
v -1099.681885 1171.511963 -53.258259
v -1127.312012 1171.511963 -53.258259
v -1878.848022 16.586769 -285.350464
v -1906.478027 16.586769 -285.350464
v -1906.478027 16.586769 -312.980469
v -1878.848022 16.586769 -312.980469
v -1878.848022 1171.511963 -285.350464
v -1906.478027 1171.511963 -285.350464
v -1878.848022 1171.511963 -312.980469
v -1906.478027 1171.511963 -312.980469
vt 0.160772 0.146991
vt 0.177707 0.181844
vt 0.063769 0.200119
vt 0.054713 0.173693
vt 0.185208 0.175541
vt 0.180421 0.180371
vt 0.163057 0.146025
vt 0.167450 0.143136
vt 0.188890 0.169536
vt 0.171676 0.140030
vt 0.191921 0.163237
vt 0.175723 0.136906
vt 0.194351 0.156893
vt 0.179550 0.133903
vt 0.196137 0.150598
vt 0.183104 0.131115
vt 0.197245 0.144419
vt 0.186327 0.128609
vt 0.197664 0.138429
vt 0.189167 0.126436
vt 0.197414 0.132714
vt 0.191590 0.124650
vt 0.194979 0.122366
vt 0.196587 0.127394
vt 0.193145 0.117415
vt 0.188772 0.120006
vt 0.186347 0.121695
vt 0.183477 0.123725
vt 0.180229 0.126056
vt 0.176668 0.128640
vt 0.172853 0.131413
vt 0.168841 0.134287
vt 0.164682 0.137145
vt 0.160379 0.139838
vt 0.052826 0.168936
vt 0.158268 0.140946
vt 0.183750 0.116576
vt 0.186227 0.114937
vt 0.180820 0.118472
vt 0.177527 0.120635
vt 0.173938 0.123033
vt 0.170112 0.125608
vt 0.166100 0.128283
vt 0.161951 0.130976
vt 0.157717 0.133614
vt 0.050975 0.164029
vt 0.155705 0.134825
vt 0.191251 0.112491
vt 0.160256 0.051289
vt 0.163476 0.050381
vt 0.156487 0.052451
vt 0.152261 0.053914
vt 0.147671 0.055668
vt 0.142810 0.057680
vt 0.137773 0.059904
vt 0.132653 0.062284
vt 0.127544 0.064774
vt 0.021073 0.104388
vt 0.125193 0.066013
vt 0.169426 0.048838
vt 0.389337 0.520922
vt 0.253194 0.104166
vt 0.248837 0.104204
vt 0.248479 0.031493
vt 0.253320 0.109995
vt 0.248974 0.109960
vt 0.253492 0.115833
vt 0.249136 0.115823
vt 0.253669 0.121673
vt 0.249308 0.121671
vt 0.253848 0.127514
vt 0.249487 0.127515
vt 0.254031 0.133353
vt 0.249674 0.133356
vt 0.254218 0.139192
vt 0.249871 0.139198
vt 0.254407 0.145030
vt 0.250077 0.145042
vt 0.254595 0.150866
vt 0.250296 0.150892
vt 0.254775 0.156699
vt 0.250529 0.156764
vt 0.254929 0.162522
vt 0.250778 0.162713
vt 0.255040 0.168300
vt 0.251076 0.168963
vt 0.255813 0.176176
vt 0.251957 0.180108
vt 0.388453 0.295930
vt 0.388497 0.362049
vt 0.385442 0.361609
vt 0.385076 0.295990
vt 0.389273 0.514947
vt 0.385892 0.514980
vt 0.389100 0.493369
vt 0.389134 0.498608
vt 0.385752 0.498640
vt 0.385717 0.493401
vt 0.389069 0.487835
vt 0.385686 0.487867
vt 0.389044 0.482102
vt 0.385658 0.482130
vt 0.389026 0.476269
vt 0.385632 0.476284
vt 0.389022 0.473520
vt 0.385640 0.473497
vt 0.389171 0.503465
vt 0.385789 0.503497
vt 0.389207 0.507855
vt 0.385826 0.507887
vt 0.389242 0.511704
vt 0.385861 0.511737
vt 0.388413 0.251200
vt 0.388430 0.284339
vt 0.385044 0.284318
vt 0.385024 0.251193
vt 0.388441 0.290085
vt 0.385052 0.290068
vt 0.247409 0.104201
vt 0.247034 0.031488
vt 0.247553 0.109961
vt 0.247711 0.115825
vt 0.247880 0.121674
vt 0.248059 0.127517
vt 0.248248 0.133359
vt 0.248448 0.139201
vt 0.248660 0.145045
vt 0.248889 0.150897
vt 0.249142 0.156773
vt 0.249433 0.162730
vt 0.249785 0.168990
vt 0.250424 0.180165
vt 0.384000 0.361626
vt 0.383600 0.295965
vt 0.384444 0.514995
vt 0.384303 0.498655
vt 0.384268 0.493415
vt 0.384236 0.487881
vt 0.384209 0.482145
vt 0.384187 0.476291
vt 0.384171 0.473515
vt 0.384339 0.503511
vt 0.384376 0.507902
vt 0.384411 0.511751
vt 0.383592 0.284308
vt 0.383572 0.251190
vt 0.383603 0.290056
vt 0.243858 0.034793
vt 0.243043 0.104159
vt 0.243205 0.109999
vt 0.243352 0.115843
vt 0.243515 0.121688
vt 0.243694 0.127531
vt 0.243887 0.133373
vt 0.244098 0.139214
vt 0.244329 0.145057
vt 0.244591 0.150905
vt 0.244899 0.156761
vt 0.245279 0.162624
vt 0.245760 0.168463
vt 0.245940 0.176169
vt 0.380224 0.295831
vt 0.380917 0.362125
vt 0.381062 0.515030
vt 0.380885 0.493450
vt 0.380920 0.498690
vt 0.380852 0.487918
vt 0.380824 0.482188
vt 0.380800 0.476357
vt 0.380787 0.473607
vt 0.380957 0.503546
vt 0.380994 0.507937
vt 0.381030 0.511787
vt 0.380183 0.251179
vt 0.380205 0.284283
vt 0.380208 0.290010
vt 0.512732 0.273709
vt 0.511326 0.255050
vt 0.576527 0.255236
vt 0.477516 0.251306
vt 0.339039 0.030303
vt 0.484626 0.248460
vt 0.320682 0.102002
vt 0.315125 0.032523
vt 0.484832 0.251746
vt 0.320912 0.107918
vt 0.485465 0.254977
vt 0.321142 0.113848
vt 0.345225 0.118124
vt 0.321343 0.119785
vt 0.487962 0.261054
vt 0.321516 0.125730
vt 0.489783 0.263797
vt 0.321662 0.131681
vt 0.491946 0.266278
vt 0.321778 0.137641
vt 0.494416 0.268456
vt 0.321861 0.143611
vt 0.497148 0.270293
vt 0.321901 0.149594
vt 0.500096 0.271757
vt 0.321881 0.155593
vt 0.503210 0.272824
vt 0.321778 0.161605
vt 0.506438 0.273476
vt 0.321565 0.167596
vt 0.511182 0.273704
vt 0.321656 0.175635
vt 0.453168 0.284296
vt 0.453276 0.251264
vt 0.576659 0.209327
vt 0.477969 0.473430
vt 0.453769 0.473264
vt 0.452598 0.361929
vt 0.453870 0.498294
vt 0.497322 0.209101
vt 0.494585 0.209094
vt 0.453899 0.503141
vt 0.453839 0.493065
vt 0.500274 0.209110
vt 0.453809 0.487545
vt 0.503392 0.209119
vt 0.453783 0.481826
vt 0.506622 0.209128
vt 0.453768 0.476007
vt 0.509906 0.209138
vt 0.506491 0.255036
vt 0.509776 0.255046
vt 0.503262 0.255028
vt 0.500144 0.255019
vt 0.497192 0.255010
vt 0.494455 0.255002
vt 0.492110 0.209087
vt 0.453927 0.507524
vt 0.491979 0.254995
vt 0.489939 0.209080
vt 0.453951 0.511368
vt 0.489808 0.254989
vt 0.488109 0.209076
vt 0.453972 0.514607
vt 0.487979 0.254984
vt 0.487988 0.251755
vt 0.489818 0.251760
vt 0.491988 0.251766
vt 0.494464 0.251773
vt 0.497201 0.251781
vt 0.500153 0.251790
vt 0.503271 0.251799
vt 0.506500 0.251807
vt 0.509785 0.251817
vt 0.511335 0.251821
vt 0.576536 0.252008
vt 0.453152 0.290022
vt 0.487998 0.248470
vt 0.489827 0.248475
vt 0.491997 0.248481
vt 0.494473 0.248488
vt 0.497210 0.248496
vt 0.500163 0.248504
vt 0.503279 0.248513
vt 0.506509 0.248522
vt 0.509795 0.248531
vt 0.511344 0.248536
vt 0.576546 0.248722
vt 0.453140 0.295844
vt 0.413458 0.520736
vt 0.276853 0.103857
vt 0.277055 0.109706
vt 0.277225 0.115554
vt 0.277396 0.121404
vt 0.277569 0.127254
vt 0.277741 0.133105
vt 0.277913 0.138956
vt 0.278086 0.144808
vt 0.278269 0.150661
vt 0.278472 0.156515
vt 0.278716 0.162364
vt 0.279022 0.168171
vt 0.278857 0.175729
vt 0.412613 0.251249
vt 0.412584 0.284387
vt 0.412955 0.362008
vt 0.413168 0.473293
vt 0.413284 0.498413
vt 0.413316 0.503272
vt 0.413254 0.493171
vt 0.413226 0.487632
vt 0.413201 0.481893
vt 0.413179 0.476050
vt 0.413347 0.507663
vt 0.413377 0.511514
vt 0.413404 0.514757
vt 0.412585 0.290133
vt 0.412592 0.295969
vt 0.204508 0.106235
vt 0.182485 0.047525
vt 0.205920 0.110920
vt 0.207973 0.115862
vt 0.209937 0.121509
vt 0.211361 0.127896
vt 0.212016 0.134814
vt 0.211819 0.142029
vt 0.210787 0.149371
vt 0.208958 0.156710
vt 0.206414 0.163914
vt 0.203335 0.170818
vt 0.200128 0.177085
vt 0.222371 0.175410
vt 0.042033 0.177289
vt 0.050888 0.202470
vt 0.119102 0.054157
vt 0.356580 0.362254
vt 0.143451 0.042956
vt 0.148534 0.041107
vt 0.138090 0.045128
vt 0.132591 0.047553
vt 0.127066 0.050126
vt 0.121554 0.052795
vt 0.153190 0.039616
vt 0.157279 0.038481
vt 0.160699 0.037660
vt 0.040520 0.172964
vt 0.039108 0.169053
vt 0.445791 0.520609
vt 0.310567 0.102617
vt 0.286930 0.103582
vt 0.283438 0.034244
vt 0.310820 0.108510
vt 0.287114 0.109435
vt 0.311022 0.114410
vt 0.287320 0.115297
vt 0.311210 0.120319
vt 0.287511 0.121161
vt 0.311382 0.126236
vt 0.287690 0.127026
vt 0.311539 0.132158
vt 0.287855 0.132892
vt 0.311679 0.138088
vt 0.288007 0.138757
vt 0.311804 0.144024
vt 0.288140 0.144623
vt 0.311916 0.149965
vt 0.288248 0.150488
vt 0.312022 0.155910
vt 0.288314 0.156350
vt 0.312134 0.161846
vt 0.288314 0.162202
vt 0.312260 0.167731
vt 0.288222 0.168008
vt 0.311755 0.175373
vt 0.288653 0.175922
vt 0.445047 0.251264
vt 0.444946 0.284323
vt 0.420801 0.284400
vt 0.420839 0.251256
vt 0.445015 0.361963
vt 0.445536 0.473209
vt 0.421392 0.473272
vt 0.420555 0.361948
vt 0.421494 0.498369
vt 0.445649 0.498301
vt 0.445677 0.503153
vt 0.421525 0.503226
vt 0.421463 0.493128
vt 0.445620 0.493064
vt 0.421435 0.487592
vt 0.445593 0.487533
vt 0.421412 0.481857
vt 0.445569 0.481800
vt 0.421395 0.476022
vt 0.445547 0.475963
vt 0.445705 0.507541
vt 0.421555 0.507617
vt 0.445729 0.511388
vt 0.421584 0.511466
vt 0.445751 0.514630
vt 0.421609 0.514708
vt 0.444933 0.290059
vt 0.420803 0.290151
vt 0.444925 0.295888
vt 0.420804 0.295999
vt 0.282602 0.103743
vt 0.280146 0.031026
vt 0.282791 0.109516
vt 0.282982 0.115395
vt 0.283166 0.121258
vt 0.283341 0.127117
vt 0.283510 0.132976
vt 0.283670 0.138836
vt 0.283821 0.144698
vt 0.283960 0.150567
vt 0.284085 0.156456
vt 0.284186 0.162421
vt 0.284261 0.168684
vt 0.284605 0.179870
vt 0.417475 0.361501
vt 0.417433 0.296088
vt 0.418230 0.514727
vt 0.418113 0.498386
vt 0.418083 0.493144
vt 0.418055 0.487606
vt 0.418029 0.481863
vt 0.418004 0.476010
vt 0.418015 0.473220
vt 0.418144 0.503244
vt 0.418175 0.507634
vt 0.418204 0.511484
vt 0.417419 0.284396
vt 0.417452 0.251254
vt 0.417420 0.290156
vt 0.281185 0.103782
vt 0.278706 0.031068
vt 0.281378 0.109556
vt 0.281563 0.115432
vt 0.281743 0.121292
vt 0.281918 0.127150
vt 0.282087 0.133007
vt 0.282250 0.138865
vt 0.282407 0.144725
vt 0.282558 0.150592
vt 0.282703 0.156480
vt 0.282849 0.162447
vt 0.282981 0.168715
vt 0.283057 0.179905
vt 0.416030 0.361518
vt 0.415960 0.296075
vt 0.416782 0.514736
vt 0.416664 0.498394
vt 0.416634 0.493151
vt 0.416606 0.487613
vt 0.416581 0.481870
vt 0.416561 0.476006
vt 0.416547 0.473224
vt 0.416696 0.503252
vt 0.416727 0.507643
vt 0.416756 0.511493
vt 0.415969 0.284393
vt 0.416001 0.251253
vt 0.415973 0.290155
vt 0.316334 0.102314
vt 0.311733 0.029416
vt 0.316572 0.108140
vt 0.316792 0.114080
vt 0.316987 0.120011
vt 0.317160 0.125945
vt 0.317311 0.131885
vt 0.317438 0.137834
vt 0.317540 0.143794
vt 0.317613 0.149769
vt 0.317649 0.155776
vt 0.317634 0.161868
vt 0.317532 0.168259
vt 0.317288 0.179646
vt 0.449509 0.361475
vt 0.449768 0.295965
vt 0.450586 0.514617
vt 0.450484 0.498296
vt 0.450454 0.493063
vt 0.450424 0.487536
vt 0.450398 0.481806
vt 0.450374 0.475963
vt 0.450387 0.473178
vt 0.450513 0.503145
vt 0.450540 0.507530
vt 0.450565 0.511376
vt 0.449783 0.284308
vt 0.449888 0.251264
vt 0.449767 0.290050
vt 0.314912 0.102402
vt 0.310293 0.029513
vt 0.315154 0.108225
vt 0.315369 0.114160
vt 0.315562 0.120087
vt 0.315736 0.126018
vt 0.315888 0.131954
vt 0.316018 0.137898
vt 0.316126 0.143853
vt 0.316209 0.149823
vt 0.316265 0.155822
vt 0.316290 0.161906
vt 0.316239 0.168288
vt 0.315753 0.179633
vt 0.448067 0.361485
vt 0.448294 0.295964
vt 0.449135 0.514621
vt 0.449033 0.498297
vt 0.449003 0.493063
vt 0.448975 0.487534
vt 0.448949 0.481801
vt 0.448930 0.475946
vt 0.448919 0.473169
vt 0.449062 0.503148
vt 0.449089 0.507533
vt 0.449114 0.511380
vt 0.448332 0.284312
vt 0.448435 0.251264
vt 0.448320 0.290059
vt 0.054220 0.201668
vt 0.045326 0.176331
vt 0.051421 0.174582
vt 0.060444 0.200605
vt 0.195757 0.177868
vt 0.188783 0.188804
vt 0.182881 0.186573
vt 0.188822 0.178277
vt 0.198858 0.170849
vt 0.192746 0.170718
vt 0.201979 0.163927
vt 0.195934 0.163787
vt 0.204543 0.156958
vt 0.198467 0.157092
vt 0.206405 0.149969
vt 0.200314 0.150507
vt 0.207512 0.143037
vt 0.201450 0.144046
vt 0.207843 0.136265
vt 0.201872 0.137776
vt 0.207383 0.129772
vt 0.201610 0.131776
vt 0.204350 0.118226
vt 0.206155 0.123716
vt 0.200576 0.126080
vt 0.198850 0.120815
vt 0.202220 0.113056
vt 0.197024 0.115744
vt 0.043812 0.171975
vt 0.049730 0.169962
vt 0.042235 0.167662
vt 0.047937 0.165152
vt 0.200388 0.108045
vt 0.195019 0.110756
vt 0.157972 0.041843
vt 0.161297 0.041022
vt 0.162790 0.047052
vt 0.159504 0.047964
vt 0.154007 0.042958
vt 0.155614 0.049129
vt 0.149492 0.044412
vt 0.151248 0.050589
vt 0.144553 0.046216
vt 0.146516 0.052356
vt 0.139319 0.048338
vt 0.141514 0.054404
vt 0.133908 0.050717
vt 0.136332 0.056684
vt 0.128418 0.053277
vt 0.131059 0.059133
vt 0.122950 0.055923
vt 0.125791 0.061660
vt 0.013993 0.096984
vt 0.016165 0.102946
vt 0.120500 0.057305
vt 0.123405 0.063020
vt 0.178237 0.044671
vt 0.171663 0.045093
vt 0.245606 0.178141
vt 0.247567 0.181259
vt 0.223075 0.182006
vt 0.222576 0.178010
vt 0.254914 0.181002
vt 0.256409 0.178085
vt 0.278331 0.177756
vt 0.280138 0.180984
vt 0.287568 0.180780
vt 0.289176 0.177845
vt 0.311147 0.177410
vt 0.312827 0.180677
vt 0.320166 0.180670
vt 0.322092 0.177619
vt 0.512725 0.276249
vt 0.179602 0.186850
vt 0.065739 0.203418
vt 0.385029 0.246728
vt 0.388417 0.246736
vt 0.383576 0.246725
vt 0.380187 0.246714
vt 0.453298 0.246814
vt 0.477532 0.246868
vt 0.412623 0.246781
vt 0.052465 0.204170
vt 0.420852 0.246792
vt 0.445063 0.246807
vt 0.417463 0.246788
vt 0.416011 0.246786
vt 0.449907 0.246810
vt 0.448453 0.246809
vt 0.055893 0.204066
vt 0.062285 0.203659
vt 0.251624 0.275906
vt 0.250098 0.275830
vt 0.284191 0.276294
vt 0.282647 0.276258
vt 0.316784 0.276334
vt 0.315248 0.276358
vt 0.060492 0.282226
vt 0.182177 0.298949
vt 0.191493 0.296501
vt 0.185436 0.299126
vt 0.356168 0.151622
vt 0.380407 0.151703
vt 0.196450 0.293948
vt 0.247232 0.274638
vt 0.388647 0.151724
vt 0.412880 0.151793
vt 0.254613 0.275008
vt 0.279716 0.275112
vt 0.421120 0.151812
vt 0.445356 0.151876
vt 0.287184 0.275347
vt 0.312301 0.275274
vt 0.453598 0.151897
vt 0.576315 0.329990
vt 0.319700 0.275252
vt 0.512572 0.329783
vt 0.050828 0.280952
vt 0.057111 0.281765
vt 0.385254 0.151715
vt 0.383800 0.151712
vt 0.417727 0.151804
vt 0.416273 0.151801
vt 0.448750 0.151885
vt 0.162376 0.338535
vt 0.052399 0.312592
vt 0.059070 0.285685
vt 0.180065 0.303840
vt 0.187464 0.310104
vt 0.169105 0.342378
vt 0.164677 0.339506
vt 0.182759 0.305304
vt 0.191051 0.316084
vt 0.173360 0.345468
vt 0.194000 0.322355
vt 0.177433 0.348576
vt 0.196363 0.328667
vt 0.181285 0.351563
vt 0.198096 0.334929
vt 0.184860 0.354335
vt 0.199161 0.341076
vt 0.188102 0.356827
vt 0.199546 0.347036
vt 0.190960 0.358986
vt 0.199270 0.352725
vt 0.193396 0.360761
vt 0.196802 0.363031
vt 0.198422 0.358022
vt 0.194964 0.367970
vt 0.190571 0.365398
vt 0.188130 0.363720
vt 0.185241 0.361703
vt 0.181971 0.359387
vt 0.178383 0.356817
vt 0.174536 0.354059
vt 0.170489 0.351201
vt 0.166289 0.348356
vt 0.161939 0.345673
vt 0.159805 0.344564
vt 0.050834 0.317464
vt 0.188023 0.370458
vt 0.185529 0.368832
vt 0.182579 0.366949
vt 0.179260 0.364800
vt 0.175640 0.362415
vt 0.171777 0.359855
vt 0.167721 0.357193
vt 0.163522 0.354511
vt 0.159230 0.351883
vt 0.157189 0.350675
vt 0.049271 0.322476
vt 0.193068 0.372883
vt 0.165559 0.435142
vt 0.162329 0.434257
vt 0.158547 0.433122
vt 0.154304 0.431692
vt 0.149692 0.429975
vt 0.144804 0.428004
vt 0.139735 0.425823
vt 0.134577 0.423490
vt 0.129424 0.421049
vt 0.127050 0.419833
vt 0.021286 0.382775
vt 0.171524 0.436644
vt 0.252386 0.421340
vt 0.249402 0.422899
vt 0.249334 0.352301
vt 0.253655 0.352367
vt 0.249397 0.346484
vt 0.253714 0.346494
vt 0.249483 0.340569
vt 0.253809 0.340609
vt 0.249574 0.334680
vt 0.253907 0.334723
vt 0.249674 0.328799
vt 0.254009 0.328839
vt 0.249785 0.322920
vt 0.254117 0.322958
vt 0.249907 0.317041
vt 0.254231 0.317080
vt 0.250043 0.311160
vt 0.254352 0.311204
vt 0.250195 0.305271
vt 0.254477 0.305330
vt 0.250366 0.299362
vt 0.254598 0.299461
vt 0.250561 0.293376
vt 0.254702 0.293604
vt 0.250812 0.287093
vt 0.254773 0.287792
vt 0.255503 0.279869
vt 0.388792 0.102649
vt 0.385399 0.102638
vt 0.248103 0.587205
vt 0.251511 0.583849
vt 0.252607 0.427400
vt 0.249365 0.427566
vt 0.252404 0.448943
vt 0.249022 0.448898
vt 0.249089 0.443682
vt 0.252468 0.443725
vt 0.252342 0.454449
vt 0.248957 0.454406
vt 0.252282 0.460150
vt 0.248896 0.460109
vt 0.252228 0.465949
vt 0.248840 0.465911
vt 0.248818 0.468648
vt 0.252204 0.468684
vt 0.249156 0.438849
vt 0.252529 0.438886
vt 0.249220 0.434489
vt 0.252580 0.434505
vt 0.249282 0.430697
vt 0.252612 0.430656
vt 0.388659 0.147264
vt 0.385266 0.147255
vt 0.385364 0.114186
vt 0.388757 0.114196
vt 0.385381 0.108462
vt 0.388775 0.108472
vt 0.247963 0.422869
vt 0.247890 0.352281
vt 0.247985 0.346458
vt 0.248066 0.340548
vt 0.248155 0.334662
vt 0.248255 0.328782
vt 0.248366 0.322904
vt 0.248491 0.317026
vt 0.248632 0.311145
vt 0.248793 0.305255
vt 0.248983 0.299342
vt 0.249218 0.293347
vt 0.249522 0.287053
vt 0.383944 0.102634
vt 0.246652 0.587193
vt 0.247830 0.427554
vt 0.247572 0.448878
vt 0.247640 0.443662
vt 0.247507 0.454386
vt 0.247445 0.460091
vt 0.247389 0.465895
vt 0.247366 0.468633
vt 0.247709 0.438829
vt 0.247775 0.434470
vt 0.247828 0.430680
vt 0.383812 0.147251
vt 0.383909 0.114182
vt 0.383927 0.108458
vt 0.244927 0.421206
vt 0.243562 0.352211
vt 0.243658 0.346336
vt 0.243730 0.340463
vt 0.243814 0.334590
vt 0.243914 0.328717
vt 0.244028 0.322845
vt 0.244161 0.316971
vt 0.244319 0.311093
vt 0.244509 0.305209
vt 0.244752 0.299315
vt 0.245073 0.293411
vt 0.245499 0.287530
vt 0.245624 0.279755
vt 0.380551 0.102623
vt 0.243286 0.583783
vt 0.244604 0.427284
vt 0.244189 0.448827
vt 0.244259 0.443608
vt 0.244122 0.454338
vt 0.244060 0.460047
vt 0.244004 0.465855
vt 0.243980 0.468595
vt 0.244334 0.438769
vt 0.244412 0.434390
vt 0.244499 0.430543
vt 0.380419 0.147242
vt 0.380516 0.114171
vt 0.380533 0.108447
vt 0.512566 0.332324
vt 0.576308 0.332504
vt 0.576255 0.351159
vt 0.511053 0.350974
vt 0.341161 0.422168
vt 0.316769 0.422031
vt 0.320654 0.353411
vt 0.484316 0.357413
vt 0.320775 0.347528
vt 0.484539 0.354128
vt 0.320920 0.341627
vt 0.485191 0.350901
vt 0.321052 0.335719
vt 0.344887 0.336465
vt 0.321168 0.329807
vt 0.487724 0.344838
vt 0.321267 0.323890
vt 0.489561 0.342105
vt 0.321346 0.317967
vt 0.491739 0.339636
vt 0.321397 0.312036
vt 0.494219 0.337473
vt 0.321411 0.306094
vt 0.496961 0.335652
vt 0.321371 0.300140
vt 0.499920 0.334203
vt 0.321253 0.294175
vt 0.503039 0.333154
vt 0.321036 0.288233
vt 0.506271 0.332521
vt 0.321139 0.280247
vt 0.344780 0.281616
vt 0.453613 0.147440
vt 0.453720 0.114388
vt 0.340553 0.584295
vt 0.316390 0.584207
vt 0.317042 0.469163
vt 0.341230 0.469130
vt 0.317111 0.444294
vt 0.317113 0.439481
vt 0.494050 0.396836
vt 0.496788 0.396843
vt 0.317103 0.449486
vt 0.499741 0.396851
vt 0.317090 0.454970
vt 0.502858 0.396860
vt 0.317073 0.460652
vt 0.506086 0.396870
vt 0.317051 0.466433
vt 0.509372 0.396879
vt 0.509502 0.350970
vt 0.506217 0.350961
vt 0.502989 0.350951
vt 0.499872 0.350942
vt 0.496919 0.350934
vt 0.494180 0.350927
vt 0.317108 0.435129
vt 0.491575 0.396829
vt 0.491705 0.350920
vt 0.317087 0.431305
vt 0.489404 0.396822
vt 0.489534 0.350914
vt 0.317038 0.428067
vt 0.487575 0.396817
vt 0.487706 0.350908
vt 0.487698 0.354136
vt 0.489527 0.354142
vt 0.491697 0.354148
vt 0.494172 0.354155
vt 0.496908 0.354163
vt 0.499861 0.354172
vt 0.502980 0.354180
vt 0.506209 0.354189
vt 0.509495 0.354198
vt 0.576246 0.354389
vt 0.511045 0.354203
vt 0.453738 0.108666
vt 0.489517 0.357427
vt 0.487689 0.357422
vt 0.491688 0.357433
vt 0.494164 0.357440
vt 0.496899 0.357449
vt 0.499852 0.357457
vt 0.502969 0.357466
vt 0.506200 0.357474
vt 0.509483 0.357485
vt 0.576236 0.357675
vt 0.511034 0.357489
vt 0.453757 0.102844
vt 0.277118 0.421621
vt 0.277130 0.352761
vt 0.277250 0.346846
vt 0.277341 0.340942
vt 0.277439 0.335040
vt 0.277543 0.329142
vt 0.277651 0.323249
vt 0.277763 0.317360
vt 0.277884 0.311473
vt 0.278018 0.305589
vt 0.278178 0.299706
vt 0.278385 0.293830
vt 0.278656 0.287996
vt 0.278461 0.280398
vt 0.412894 0.147334
vt 0.412996 0.114269
vt 0.275723 0.584003
vt 0.276391 0.468940
vt 0.276628 0.439154
vt 0.276583 0.443994
vt 0.276538 0.449210
vt 0.276494 0.454714
vt 0.276451 0.460412
vt 0.276410 0.466207
vt 0.276676 0.434771
vt 0.276732 0.430919
vt 0.276812 0.427660
vt 0.413014 0.108545
vt 0.413033 0.102722
vt 0.169074 0.449091
vt 0.206370 0.379070
vt 0.207789 0.374405
vt 0.209846 0.369478
vt 0.211817 0.363850
vt 0.213253 0.357490
vt 0.213929 0.350604
vt 0.213764 0.343427
vt 0.212774 0.336124
vt 0.211003 0.328825
vt 0.208531 0.321659
vt 0.205537 0.314787
vt 0.202422 0.308544
vt 0.198748 0.297118
vt 0.356180 0.147163
vt 0.039481 0.309602
vt 0.015793 0.394421
vt 0.121125 0.431778
vt 0.145604 0.442731
vt 0.150705 0.444537
vt 0.140221 0.440608
vt 0.134694 0.438236
vt 0.129137 0.435718
vt 0.123592 0.433110
vt 0.155374 0.445988
vt 0.159472 0.447089
vt 0.162898 0.447882
vt 0.038344 0.313926
vt 0.037264 0.317766
vt 0.309337 0.421926
vt 0.284615 0.421723
vt 0.287136 0.352883
vt 0.310578 0.353278
vt 0.287232 0.346993
vt 0.310733 0.347355
vt 0.287355 0.341088
vt 0.310853 0.341437
vt 0.287471 0.335181
vt 0.310971 0.335519
vt 0.287582 0.329277
vt 0.311085 0.329601
vt 0.287687 0.323378
vt 0.311192 0.323683
vt 0.287784 0.317483
vt 0.311291 0.317763
vt 0.287870 0.311592
vt 0.311381 0.311840
vt 0.287936 0.305707
vt 0.311465 0.305916
vt 0.287966 0.299828
vt 0.311549 0.299990
vt 0.287938 0.293964
vt 0.311644 0.294073
vt 0.287827 0.288147
vt 0.311757 0.288208
vt 0.288243 0.280213
vt 0.311252 0.280589
vt 0.445371 0.147419
vt 0.421134 0.147354
vt 0.421237 0.114292
vt 0.445478 0.114363
vt 0.308163 0.584168
vt 0.283954 0.584059
vt 0.284619 0.469001
vt 0.308815 0.469139
vt 0.284783 0.444078
vt 0.284818 0.439244
vt 0.308912 0.439432
vt 0.308897 0.444258
vt 0.284745 0.449290
vt 0.308882 0.449460
vt 0.284707 0.454789
vt 0.308866 0.454948
vt 0.284670 0.460481
vt 0.308848 0.460631
vt 0.284634 0.466269
vt 0.308827 0.466412
vt 0.284848 0.434869
vt 0.308934 0.435060
vt 0.284863 0.431025
vt 0.308970 0.431215
vt 0.284848 0.427773
vt 0.309038 0.427960
vt 0.421256 0.108569
vt 0.445496 0.108641
vt 0.421274 0.102747
vt 0.445515 0.102819
vt 0.281556 0.423284
vt 0.282848 0.352830
vt 0.282943 0.346988
vt 0.283054 0.341048
vt 0.283162 0.335136
vt 0.283269 0.329234
vt 0.283375 0.323336
vt 0.283479 0.317442
vt 0.283579 0.311551
vt 0.283674 0.305656
vt 0.283760 0.299745
vt 0.283828 0.293761
vt 0.283878 0.287484
vt 0.417881 0.102737
vt 0.280545 0.587417
vt 0.281601 0.427947
vt 0.281366 0.449259
vt 0.281406 0.444048
vt 0.281325 0.454760
vt 0.281285 0.460454
vt 0.281247 0.466246
vt 0.281231 0.468978
vt 0.281446 0.439218
vt 0.281485 0.434861
vt 0.281527 0.431073
vt 0.417741 0.147346
vt 0.417844 0.114283
vt 0.417862 0.108559
vt 0.280109 0.423260
vt 0.281416 0.352814
vt 0.281541 0.346963
vt 0.281645 0.341027
vt 0.281751 0.335116
vt 0.281857 0.329214
vt 0.281963 0.323318
vt 0.282069 0.317425
vt 0.282175 0.311534
vt 0.282280 0.305639
vt 0.282386 0.299727
vt 0.282496 0.293738
vt 0.282601 0.287456
vt 0.416426 0.102732
vt 0.279093 0.587406
vt 0.280061 0.427936
vt 0.279917 0.449245
vt 0.279959 0.444033
vt 0.279876 0.454747
vt 0.279835 0.460442
vt 0.279796 0.466235
vt 0.279779 0.468968
vt 0.280000 0.439202
vt 0.280039 0.434845
vt 0.280069 0.431057
vt 0.416286 0.147342
vt 0.416390 0.114278
vt 0.416408 0.108555
vt 0.313684 0.423576
vt 0.316334 0.353350
vt 0.316454 0.347508
vt 0.316590 0.341564
vt 0.316716 0.335643
vt 0.316832 0.329726
vt 0.316935 0.323806
vt 0.317023 0.317882
vt 0.317092 0.311950
vt 0.317138 0.306005
vt 0.317153 0.300031
vt 0.317121 0.293975
vt 0.317013 0.287628
vt 0.450363 0.102834
vt 0.312983 0.587570
vt 0.313803 0.428242
vt 0.313717 0.449480
vt 0.313728 0.444286
vt 0.313704 0.454965
vt 0.313686 0.460647
vt 0.313666 0.466429
vt 0.313655 0.469156
vt 0.313735 0.439475
vt 0.313742 0.435136
vt 0.313754 0.431361
vt 0.450219 0.147431
vt 0.450326 0.114377
vt 0.450345 0.108656
vt 0.312248 0.423551
vt 0.314892 0.353335
vt 0.315044 0.347479
vt 0.315175 0.341536
vt 0.315299 0.335614
vt 0.315414 0.329696
vt 0.315518 0.323776
vt 0.315609 0.317852
vt 0.315684 0.311922
vt 0.315739 0.305978
vt 0.315774 0.300008
vt 0.315782 0.293957
vt 0.315723 0.287615
vt 0.448909 0.102829
vt 0.311532 0.587563
vt 0.312270 0.428234
vt 0.312267 0.449475
vt 0.312278 0.444280
vt 0.312252 0.454961
vt 0.312235 0.460643
vt 0.312215 0.466425
vt 0.312203 0.469151
vt 0.312287 0.439467
vt 0.312295 0.435124
vt 0.312298 0.431348
vt 0.448764 0.147427
vt 0.448871 0.114373
vt 0.448890 0.108651
vt 0.049460 0.283971
vt 0.055708 0.285108
vt 0.049035 0.311854
vt 0.042824 0.310386
vt 0.198052 0.307773
vt 0.191137 0.307385
vt 0.201058 0.314764
vt 0.194935 0.314907
vt 0.204092 0.321652
vt 0.198033 0.321802
vt 0.206584 0.328584
vt 0.200495 0.328462
vt 0.208388 0.335536
vt 0.202286 0.335011
vt 0.209451 0.342431
vt 0.203377 0.341438
vt 0.209749 0.349168
vt 0.203764 0.347677
vt 0.209265 0.355630
vt 0.203477 0.353649
vt 0.206208 0.367132
vt 0.200690 0.364567
vt 0.202425 0.359321
vt 0.208023 0.361661
vt 0.204076 0.372287
vt 0.198858 0.369623
vt 0.047691 0.316554
vt 0.041679 0.314772
vt 0.046194 0.321440
vt 0.040423 0.319083
vt 0.202240 0.377280
vt 0.196851 0.374599
vt 0.160132 0.443720
vt 0.161605 0.437587
vt 0.164899 0.438474
vt 0.163462 0.444515
vt 0.156157 0.442638
vt 0.157704 0.436452
vt 0.151628 0.441221
vt 0.153322 0.435027
vt 0.146670 0.439459
vt 0.148570 0.433298
vt 0.141413 0.437384
vt 0.143542 0.431293
vt 0.135974 0.435056
vt 0.138329 0.429061
vt 0.130451 0.432550
vt 0.133020 0.426661
vt 0.124948 0.429963
vt 0.127712 0.424186
vt 0.016412 0.384313
vt 0.014332 0.390307
vt 0.125304 0.422852
vt 0.122478 0.428610
vt 0.173781 0.440371
vt 0.180359 0.440755
vt 0.245275 0.277761
vt 0.222116 0.277507
vt 0.277919 0.278358
vt 0.256100 0.277954
vt 0.310629 0.278557
vt 0.288772 0.278286
vt 0.321584 0.278271
vt 0.450204 0.151888
vt 0.499096 0.053030
vt 0.509930 0.053030
vt 0.509930 0.042189
vt 0.499096 0.042189
vt 0.488261 0.150535
vt 0.488261 0.042189
vt 0.488261 0.150535
vt 0.499096 0.150535
vt 0.499096 0.042189
vt 0.488261 0.042189
vt 0.499096 0.150535
vt 0.509930 0.150535
vt 0.509930 0.042189
vt 0.499096 0.042189
vt 0.499096 0.150535
vt 0.509930 0.150535
vt 0.509930 0.042189
vt 0.488261 0.053030
vt 0.499096 0.053030
vt 0.499096 0.042189
vt 0.488261 0.042189
vt 0.499096 0.053030
vt 0.509930 0.053030
vt 0.509930 0.042189
vt 0.499096 0.042189
vt 0.488261 0.150535
vt 0.488261 0.042189
vt 0.488261 0.150535
vt 0.499096 0.150535
vt 0.499096 0.042189
vt 0.488261 0.042189
vt 0.499096 0.150535
vt 0.509930 0.150535
vt 0.509930 0.042189
vt 0.499096 0.042189
vt 0.499096 0.150535
vt 0.509930 0.150535
vt 0.509930 0.042189
vt 0.488261 0.053030
vt 0.499096 0.053030
vt 0.499096 0.042189
vt 0.488261 0.042189
vt 0.499096 0.053030
vt 0.509930 0.053030
vt 0.509930 0.042189
vt 0.499096 0.042189
vt 0.488261 0.150535
vt 0.488261 0.042189
vt 0.488261 0.150535
vt 0.499096 0.150535
vt 0.499096 0.042189
vt 0.488261 0.042189
vt 0.499096 0.150535
vt 0.509930 0.150535
vt 0.509930 0.042189
vt 0.499096 0.042189
vt 0.499096 0.150535
vt 0.509930 0.150535
vt 0.509930 0.042189
vt 0.488261 0.053030
vt 0.499096 0.053030
vt 0.499096 0.042189
vt 0.488261 0.042189
vt 0.499096 0.053030
vt 0.509930 0.053030
vt 0.509930 0.042189
vt 0.499096 0.042189
vt 0.488261 0.150535
vt 0.488261 0.042189
vt 0.488261 0.150535
vt 0.499096 0.150535
vt 0.499096 0.042189
vt 0.488261 0.042189
vt 0.499096 0.150535
vt 0.509930 0.150535
vt 0.509930 0.042189
vt 0.499096 0.042189
vt 0.499096 0.150535
vt 0.509930 0.150535
vt 0.509930 0.042189
vt 0.488261 0.053030
vt 0.499096 0.053030
vt 0.499096 0.042189
vt 0.488261 0.042189
vt 0.499096 0.053030
vt 0.509930 0.053030
vt 0.509930 0.042189
vt 0.499096 0.042189
vt 0.488261 0.150535
vt 0.488261 0.042189
vt 0.488261 0.150535
vt 0.499096 0.150535
vt 0.499096 0.042189
vt 0.488261 0.042189
vt 0.499096 0.150535
vt 0.509930 0.150535
vt 0.509930 0.042189
vt 0.499096 0.042189
vt 0.499096 0.150535
vt 0.509930 0.150535
vt 0.509930 0.042189
vt 0.488261 0.053030
vt 0.499096 0.053030
vt 0.499096 0.042189
vt 0.488261 0.042189
vt 0.499096 0.053030
vt 0.509930 0.053030
vt 0.509930 0.042189
vt 0.499096 0.042189
vt 0.488261 0.150535
vt 0.488261 0.042189
vt 0.488261 0.150535
vt 0.499096 0.150535
vt 0.499096 0.042189
vt 0.488261 0.042189
vt 0.499096 0.150535
vt 0.509930 0.150535
vt 0.509930 0.042189
vt 0.499096 0.042189
vt 0.499096 0.150535
vt 0.509930 0.150535
vt 0.509930 0.042189
vt 0.488261 0.053030
vt 0.499096 0.053030
vt 0.499096 0.042189
vt 0.488261 0.042189
vt 0.499096 0.053030
vt 0.509930 0.053030
vt 0.509930 0.042189
vt 0.499096 0.042189
vt 0.488261 0.150535
vt 0.488261 0.042189
vt 0.488261 0.150535
vt 0.499096 0.150535
vt 0.499096 0.042189
vt 0.488261 0.042189
vt 0.499096 0.150535
vt 0.509930 0.150535
vt 0.509930 0.042189
vt 0.499096 0.042189
vt 0.499096 0.150535
vt 0.509930 0.150535
vt 0.509930 0.042189
vt 0.488261 0.053030
vt 0.499096 0.053030
vt 0.499096 0.042189
vt 0.488261 0.042189
vt 0.499096 0.053030
vt 0.509930 0.053030
vt 0.509930 0.042189
vt 0.499096 0.042189
vt 0.488261 0.150535
vt 0.488261 0.042189
vt 0.488261 0.150535
vt 0.499096 0.150535
vt 0.499096 0.042189
vt 0.488261 0.042189
vt 0.499096 0.150535
vt 0.509930 0.150535
vt 0.509930 0.042189
vt 0.499096 0.042189
vt 0.499096 0.150535
vt 0.509930 0.150535
vt 0.509930 0.042189
vt 0.488261 0.053030
vt 0.499096 0.053030
vt 0.499096 0.042189
vt 0.488261 0.042189
vt 0.499096 0.053030
vt 0.509930 0.053030
vt 0.509930 0.042189
vt 0.499096 0.042189
vt 0.488261 0.150535
vt 0.488261 0.042189
vt 0.488261 0.150535
vt 0.499096 0.150535
vt 0.499096 0.042189
vt 0.488261 0.042189
vt 0.499096 0.150535
vt 0.509930 0.150535
vt 0.509930 0.042189
vt 0.499096 0.042189
vt 0.499096 0.150535
vt 0.509930 0.150535
vt 0.509930 0.042189
vt 0.488261 0.053030
vt 0.499096 0.053030
vt 0.499096 0.042189
vt 0.488261 0.042189
vt 0.499096 0.053030
vt 0.509930 0.053030
vt 0.509930 0.042189
vt 0.499096 0.042189
vt 0.488261 0.150535
vt 0.488261 0.042189
vt 0.488261 0.150535
vt 0.499096 0.150535
vt 0.499096 0.042189
vt 0.488261 0.042189
vt 0.499096 0.150535
vt 0.509930 0.150535
vt 0.509930 0.042189
vt 0.499096 0.042189
vt 0.499096 0.150535
vt 0.509930 0.150535
vt 0.509930 0.042189
vt 0.488261 0.053030
vt 0.499096 0.053030
vt 0.499096 0.042189
vt 0.488261 0.042189
vt 0.499096 0.053030
vt 0.509930 0.053030
vt 0.509930 0.042189
vt 0.499096 0.042189
vt 0.488261 0.150535
vt 0.488261 0.042189
vt 0.488261 0.150535
vt 0.499096 0.150535
vt 0.499096 0.042189
vt 0.488261 0.042189
vt 0.499096 0.150535
vt 0.509930 0.150535
vt 0.509930 0.042189
vt 0.499096 0.042189
vt 0.499096 0.150535
vt 0.509930 0.150535
vt 0.509930 0.042189
vt 0.488261 0.053030
vt 0.499096 0.053030
vt 0.499096 0.042189
vt 0.488261 0.042189
vt 0.499096 0.053030
vt 0.509930 0.053030
vt 0.509930 0.042189
vt 0.499096 0.042189
vt 0.488261 0.150535
vt 0.488261 0.042189
vt 0.488261 0.150535
vt 0.499096 0.150535
vt 0.499096 0.042189
vt 0.488261 0.042189
vt 0.499096 0.150535
vt 0.509930 0.150535
vt 0.509930 0.042189
vt 0.499096 0.042189
vt 0.499096 0.150535
vt 0.509930 0.150535
vt 0.509930 0.042189
vt 0.488261 0.053030
vt 0.499096 0.053030
vt 0.499096 0.042189
vt 0.488261 0.042189
vt 0.499096 0.053030
vt 0.509930 0.053030
vt 0.509930 0.042189
vt 0.499096 0.042189
vt 0.488261 0.150535
vt 0.488261 0.042189
vt 0.488261 0.150535
vt 0.499096 0.150535
vt 0.499096 0.042189
vt 0.488261 0.042189
vt 0.499096 0.150535
vt 0.509930 0.150535
vt 0.509930 0.042189
vt 0.499096 0.042189
vt 0.499096 0.150535
vt 0.509930 0.150535
vt 0.509930 0.042189
vt 0.488261 0.053030
vt 0.499096 0.053030
vt 0.499096 0.042189
vt 0.488261 0.042189
vt 0.499096 0.053030
vt 0.509930 0.053030
vt 0.509930 0.042189
vt 0.499096 0.042189
vt 0.488261 0.150535
vt 0.488261 0.042189
vt 0.488261 0.150535
vt 0.499096 0.150535
vt 0.499096 0.042189
vt 0.488261 0.042189
vt 0.499096 0.150535
vt 0.509930 0.150535
vt 0.509930 0.042189
vt 0.499096 0.042189
vt 0.499096 0.150535
vt 0.509930 0.150535
vt 0.509930 0.042189
vt 0.488261 0.053030
vt 0.499096 0.053030
vt 0.499096 0.042189
vt 0.488261 0.042189
vt 0.488261 0.042189
vt 0.499096 0.150535
vt 0.488261 0.150535
vt 0.509930 0.042189
vt 0.509930 0.150535
vt 0.499096 0.150535
vt 0.499096 0.042189
vt 0.509930 0.042189
vt 0.509930 0.150535
vt 0.499096 0.150535
vt 0.499096 0.042189
vt 0.509930 0.042189
vt 0.509930 0.053030
vt 0.499096 0.053030
vt 0.488261 0.042189
vt 0.499096 0.042189
vt 0.499096 0.150535
vt 0.488261 0.150535
vt 0.488261 0.042189
vt 0.499096 0.042189
vt 0.499096 0.053030
vt 0.488261 0.053030
vt 0.488261 0.042189
vt 0.499096 0.150535
vt 0.488261 0.150535
vt 0.509930 0.042189
vt 0.509930 0.150535
vt 0.499096 0.150535
vt 0.499096 0.042189
vt 0.509930 0.042189
vt 0.509930 0.150535
vt 0.499096 0.150535
vt 0.499096 0.042189
vt 0.509930 0.042189
vt 0.509930 0.053030
vt 0.499096 0.053030
vt 0.488261 0.042189
vt 0.499096 0.042189
vt 0.499096 0.150535
vt 0.488261 0.150535
vt 0.488261 0.042189
vt 0.499096 0.042189
vt 0.499096 0.053030
vt 0.488261 0.053030
vt 0.488261 0.042189
vt 0.499096 0.150535
vt 0.488261 0.150535
vt 0.509930 0.042189
vt 0.509930 0.150535
vt 0.499096 0.150535
vt 0.499096 0.042189
vt 0.509930 0.042189
vt 0.509930 0.150535
vt 0.499096 0.150535
vt 0.499096 0.042189
vt 0.509930 0.042189
vt 0.509930 0.053030
vt 0.499096 0.053030
vt 0.488261 0.042189
vt 0.499096 0.042189
vt 0.499096 0.150535
vt 0.488261 0.150535
vt 0.488261 0.042189
vt 0.499096 0.042189
vt 0.499096 0.053030
vt 0.488261 0.053030
vt 0.488261 0.042189
vt 0.499096 0.150535
vt 0.488261 0.150535
vt 0.509930 0.042189
vt 0.509930 0.150535
vt 0.499096 0.150535
vt 0.499096 0.042189
vt 0.509930 0.042189
vt 0.509930 0.150535
vt 0.499096 0.150535
vt 0.499096 0.042189
vt 0.509930 0.042189
vt 0.509930 0.053030
vt 0.499096 0.053030
vt 0.488261 0.042189
vt 0.499096 0.042189
vt 0.499096 0.150535
vt 0.488261 0.150535
vt 0.488261 0.042189
vt 0.499096 0.042189
vt 0.499096 0.053030
vt 0.488261 0.053030
vt 0.488261 0.042189
vt 0.499096 0.150535
vt 0.488261 0.150535
vt 0.509930 0.042189
vt 0.509930 0.150535
vt 0.499096 0.150535
vt 0.499096 0.042189
vt 0.509930 0.042189
vt 0.509930 0.150535
vt 0.499096 0.150535
vt 0.499096 0.042189
vt 0.509930 0.042189
vt 0.509930 0.053030
vt 0.499096 0.053030
vt 0.488261 0.042189
vt 0.499096 0.042189
vt 0.499096 0.150535
vt 0.488261 0.150535
vt 0.488261 0.042189
vt 0.499096 0.042189
vt 0.499096 0.053030
vt 0.488261 0.053030
vt 0.509930 0.042189
vt 0.509930 0.053030
vt 0.499096 0.053030
vt 0.499096 0.042189
vt 0.488261 0.150535
vt 0.488261 0.042189
vt 0.499096 0.042189
vt 0.499096 0.150535
vt 0.488261 0.150535
vt 0.488261 0.042189
vt 0.509930 0.042189
vt 0.509930 0.150535
vt 0.499096 0.150535
vt 0.499096 0.042189
vt 0.509930 0.042189
vt 0.509930 0.150535
vt 0.499096 0.150535
vt 0.499096 0.042189
vt 0.499096 0.053030
vt 0.488261 0.053030
vt 0.488261 0.042189
vt 0.509930 0.042189
vt 0.509930 0.053030
vt 0.499096 0.053030
vt 0.499096 0.042189
vt 0.488261 0.150535
vt 0.488261 0.042189
vt 0.499096 0.042189
vt 0.499096 0.150535
vt 0.488261 0.150535
vt 0.488261 0.042189
vt 0.509930 0.042189
vt 0.509930 0.150535
vt 0.499096 0.150535
vt 0.499096 0.042189
vt 0.509930 0.042189
vt 0.509930 0.150535
vt 0.499096 0.150535
vt 0.499096 0.042189
vt 0.499096 0.053030
vt 0.488261 0.053030
vt 0.488261 0.042189
vt 0.509930 0.042189
vt 0.509930 0.053030
vt 0.499096 0.053030
vt 0.499096 0.042189
vt 0.488261 0.150535
vt 0.488261 0.042189
vt 0.499096 0.042189
vt 0.499096 0.150535
vt 0.488261 0.150535
vt 0.488261 0.042189
vt 0.509930 0.042189
vt 0.509930 0.150535
vt 0.499096 0.150535
vt 0.499096 0.042189
vt 0.509930 0.042189
vt 0.509930 0.150535
vt 0.499096 0.150535
vt 0.499096 0.042189
vt 0.499096 0.053030
vt 0.488261 0.053030
vt 0.488261 0.042189
vt 0.509930 0.042189
vt 0.509930 0.053030
vt 0.499096 0.053030
vt 0.499096 0.042189
vt 0.488261 0.150535
vt 0.488261 0.042189
vt 0.499096 0.042189
vt 0.499096 0.150535
vt 0.488261 0.150535
vt 0.488261 0.042189
vt 0.509930 0.042189
vt 0.509930 0.150535
vt 0.499096 0.150535
vt 0.499096 0.042189
vt 0.509930 0.042189
vt 0.509930 0.150535
vt 0.499096 0.150535
vt 0.499096 0.042189
vt 0.499096 0.053030
vt 0.488261 0.053030
vt 0.488261 0.042189
vt 0.509930 0.042189
vt 0.509930 0.053030
vt 0.499096 0.053030
vt 0.499096 0.042189
vt 0.488261 0.150535
vt 0.488261 0.042189
vt 0.499096 0.042189
vt 0.499096 0.150535
vt 0.488261 0.150535
vt 0.488261 0.042189
vt 0.509930 0.042189
vt 0.509930 0.150535
vt 0.499096 0.150535
vt 0.499096 0.042189
vt 0.509930 0.042189
vt 0.509930 0.150535
vt 0.499096 0.150535
vt 0.499096 0.042189
vt 0.499096 0.053030
vt 0.488261 0.053030
vt 0.488261 0.042189
vt 0.509930 0.042189
vt 0.509930 0.053030
vt 0.499096 0.053030
vt 0.499096 0.042189
vt 0.488261 0.150535
vt 0.488261 0.042189
vt 0.499096 0.042189
vt 0.499096 0.150535
vt 0.488261 0.150535
vt 0.488261 0.042189
vt 0.509930 0.042189
vt 0.509930 0.150535
vt 0.499096 0.150535
vt 0.499096 0.042189
vt 0.509930 0.042189
vt 0.509930 0.150535
vt 0.499096 0.150535
vt 0.499096 0.042189
vt 0.499096 0.053030
vt 0.488261 0.053030
vt 0.488261 0.042189
vt 0.509930 0.042189
vt 0.509930 0.053030
vt 0.499096 0.053030
vt 0.499096 0.042189
vt 0.488261 0.150535
vt 0.488261 0.042189
vt 0.499096 0.042189
vt 0.499096 0.150535
vt 0.488261 0.150535
vt 0.488261 0.042189
vt 0.509930 0.042189
vt 0.509930 0.150535
vt 0.499096 0.150535
vt 0.499096 0.042189
vt 0.509930 0.042189
vt 0.509930 0.150535
vt 0.499096 0.150535
vt 0.499096 0.042189
vt 0.499096 0.053030
vt 0.488261 0.053030
vt 0.488261 0.042189
vt 0.509930 0.042189
vt 0.509930 0.053030
vt 0.499096 0.053030
vt 0.499096 0.042189
vt 0.488261 0.150535
vt 0.488261 0.042189
vt 0.499096 0.042189
vt 0.499096 0.150535
vt 0.488261 0.150535
vt 0.488261 0.042189
vt 0.509930 0.042189
vt 0.509930 0.150535
vt 0.499096 0.150535
vt 0.499096 0.042189
vt 0.509930 0.042189
vt 0.509930 0.150535
vt 0.499096 0.150535
vt 0.499096 0.042189
vt 0.499096 0.053030
vt 0.488261 0.053030
vt 0.488261 0.042189
vt 0.509930 0.042189
vt 0.509930 0.053030
vt 0.499096 0.053030
vt 0.499096 0.042189
vt 0.488261 0.150535
vt 0.488261 0.042189
vt 0.499096 0.042189
vt 0.499096 0.150535
vt 0.488261 0.150535
vt 0.488261 0.042189
vt 0.509930 0.042189
vt 0.509930 0.150535
vt 0.499096 0.150535
vt 0.499096 0.042189
vt 0.509930 0.042189
vt 0.509930 0.150535
vt 0.499096 0.150535
vt 0.499096 0.042189
vt 0.499096 0.053030
vt 0.488261 0.053030
vt 0.488261 0.042189
vt 0.509930 0.042189
vt 0.509930 0.053030
vt 0.499096 0.053030
vt 0.499096 0.042189
vt 0.488261 0.150535
vt 0.488261 0.042189
vt 0.499096 0.042189
vt 0.499096 0.150535
vt 0.488261 0.150535
vt 0.488261 0.042189
vt 0.509930 0.042189
vt 0.509930 0.150535
vt 0.499096 0.150535
vt 0.499096 0.042189
vt 0.509930 0.042189
vt 0.509930 0.150535
vt 0.499096 0.150535
vt 0.499096 0.042189
vt 0.499096 0.053030
vt 0.488261 0.053030
vt 0.488261 0.042189
vt 0.509930 0.042189
vt 0.509930 0.053030
vt 0.499096 0.053030
vt 0.499096 0.042189
vt 0.488261 0.150535
vt 0.488261 0.042189
vt 0.499096 0.042189
vt 0.499096 0.150535
vt 0.488261 0.150535
vt 0.488261 0.042189
vt 0.509930 0.042189
vt 0.509930 0.150535
vt 0.499096 0.150535
vt 0.499096 0.042189
vt 0.509930 0.042189
vt 0.509930 0.150535
vt 0.499096 0.150535
vt 0.499096 0.042189
vt 0.499096 0.053030
vt 0.488261 0.053030
vt 0.488261 0.042189
vt 0.509930 0.042189
vt 0.509930 0.053030
vt 0.499096 0.053030
vt 0.499096 0.042189
vt 0.488261 0.150535
vt 0.488261 0.042189
vt 0.499096 0.042189
vt 0.499096 0.150535
vt 0.488261 0.150535
vt 0.488261 0.042189
vt 0.509930 0.042189
vt 0.509930 0.150535
vt 0.499096 0.150535
vt 0.499096 0.042189
vt 0.509930 0.042189
vt 0.509930 0.150535
vt 0.499096 0.150535
vt 0.499096 0.042189
vt 0.499096 0.053030
vt 0.488261 0.053030
vt 0.488261 0.042189
vt 0.509930 0.042189
vt 0.509930 0.053030
vt 0.499096 0.053030
vt 0.499096 0.042189
vt 0.488261 0.150535
vt 0.488261 0.042189
vt 0.499096 0.042189
vt 0.499096 0.150535
vt 0.488261 0.150535
vt 0.488261 0.042189
vt 0.509930 0.042189
vt 0.509930 0.150535
vt 0.499096 0.150535
vt 0.499096 0.042189
vt 0.509930 0.042189
vt 0.509930 0.150535
vt 0.499096 0.150535
vt 0.499096 0.042189
vt 0.499096 0.053030
vt 0.488261 0.053030
vt 0.488261 0.042189
vt 0.509930 0.042189
vt 0.509930 0.053030
vt 0.499096 0.053030
vt 0.499096 0.042189
vt 0.488261 0.150535
vt 0.488261 0.042189
vt 0.499096 0.042189
vt 0.499096 0.150535
vt 0.488261 0.150535
vt 0.488261 0.042189
vt 0.509930 0.042189
vt 0.509930 0.150535
vt 0.499096 0.150535
vt 0.499096 0.042189
vt 0.509930 0.042189
vt 0.509930 0.150535
vt 0.499096 0.150535
vt 0.499096 0.042189
vt 0.499096 0.053030
vt 0.488261 0.053030
vt 0.488261 0.042189
vt 0.499096 0.150535
vt 0.488261 0.042189
vt 0.488261 0.150535
vt 0.509930 0.150535
vt 0.509930 0.042189
vt 0.499096 0.150535
vt 0.509930 0.150535
vt 0.509930 0.042189
vt 0.499096 0.042189
vt 0.499096 0.150535
vt 0.509930 0.053030
vt 0.509930 0.042189
vt 0.499096 0.042189
vt 0.499096 0.053030
vt 0.499096 0.150535
vt 0.499096 0.042189
vt 0.488261 0.042189
vt 0.488261 0.150535
vt 0.499096 0.053030
vt 0.499096 0.042189
vt 0.488261 0.042189
vt 0.488261 0.053030
vt 0.499096 0.150535
vt 0.488261 0.042189
vt 0.488261 0.150535
vt 0.509930 0.150535
vt 0.509930 0.042189
vt 0.499096 0.150535
vt 0.509930 0.150535
vt 0.509930 0.042189
vt 0.499096 0.042189
vt 0.499096 0.150535
vt 0.509930 0.053030
vt 0.509930 0.042189
vt 0.499096 0.042189
vt 0.499096 0.053030
vt 0.499096 0.150535
vt 0.499096 0.042189
vt 0.488261 0.042189
vt 0.488261 0.150535
vt 0.499096 0.053030
vt 0.499096 0.042189
vt 0.488261 0.042189
vt 0.488261 0.053030
vt 0.499096 0.150535
vt 0.488261 0.042189
vt 0.488261 0.150535
vt 0.509930 0.150535
vt 0.509930 0.042189
vt 0.499096 0.150535
vt 0.509930 0.150535
vt 0.509930 0.042189
vt 0.499096 0.042189
vt 0.499096 0.150535
vt 0.509930 0.053030
vt 0.509930 0.042189
vt 0.499096 0.042189
vt 0.499096 0.053030
vt 0.499096 0.150535
vt 0.499096 0.042189
vt 0.488261 0.042189
vt 0.488261 0.150535
vt 0.499096 0.053030
vt 0.499096 0.042189
vt 0.488261 0.042189
vt 0.488261 0.053030
vt 0.499096 0.150535
vt 0.488261 0.042189
vt 0.488261 0.150535
vt 0.509930 0.150535
vt 0.509930 0.042189
vt 0.499096 0.150535
vt 0.509930 0.150535
vt 0.509930 0.042189
vt 0.499096 0.042189
vt 0.499096 0.150535
vt 0.509930 0.053030
vt 0.509930 0.042189
vt 0.499096 0.042189
vt 0.499096 0.053030
vt 0.499096 0.150535
vt 0.499096 0.042189
vt 0.488261 0.042189
vt 0.488261 0.150535
vt 0.499096 0.053030
vt 0.499096 0.042189
vt 0.488261 0.042189
vt 0.488261 0.053030
vt 0.499096 0.150535
vt 0.488261 0.042189
vt 0.488261 0.150535
vt 0.509930 0.150535
vt 0.509930 0.042189
vt 0.499096 0.150535
vt 0.509930 0.150535
vt 0.509930 0.042189
vt 0.499096 0.042189
vt 0.499096 0.150535
vt 0.509930 0.053030
vt 0.509930 0.042189
vt 0.499096 0.042189
vt 0.499096 0.053030
vt 0.499096 0.150535
vt 0.499096 0.042189
vt 0.488261 0.042189
vt 0.488261 0.150535
vt 0.499096 0.053030
vt 0.499096 0.042189
vt 0.488261 0.042189
vt 0.488261 0.053030
vt 0.510923 0.396883
vt 0.576124 0.397067
vt 0.344211 0.274345
vt 0.344960 0.181369
vt 0.344631 0.278854
vt 0.511015 0.332320
vt 0.477841 0.151965
vt 0.576467 0.276406
vt 0.477855 0.147510
vt 0.478000 0.102919
vt 0.477981 0.108740
vt 0.477963 0.114461
vt 0.341136 0.427988
vt 0.341174 0.431176
vt 0.341210 0.434976
vt 0.341239 0.439323
vt 0.341258 0.444142
vt 0.341241 0.466383
vt 0.341257 0.460567
vt 0.341266 0.454856
vt 0.341267 0.449350
vt 0.344622 0.348128
vt 0.344467 0.353950
vt 0.344762 0.342302
vt 0.486259 0.347786
vt 0.344995 0.330620
vt 0.345082 0.324768
vt 0.345144 0.318912
vt 0.345178 0.313056
vt 0.345180 0.307208
vt 0.345145 0.301376
vt 0.345072 0.295575
vt 0.344968 0.289820
vt 0.484204 0.396807
vt 0.511457 0.209142
vt 0.476930 0.361916
vt 0.345321 0.176756
vt 0.345439 0.173940
vt 0.576474 0.273891
vt 0.477313 0.295485
vt 0.477328 0.289774
vt 0.477344 0.284140
vt 0.478191 0.514546
vt 0.478172 0.511310
vt 0.478150 0.507472
vt 0.478124 0.503100
vt 0.478095 0.498270
vt 0.477978 0.476145
vt 0.478005 0.481906
vt 0.478034 0.487579
vt 0.478065 0.493066
vt 0.344835 0.106204
vt 0.344603 0.100238
vt 0.345042 0.112164
vt 0.486514 0.258097
vt 0.345382 0.124084
vt 0.345510 0.130046
vt 0.345608 0.136005
vt 0.345672 0.141959
vt 0.345700 0.147904
vt 0.345690 0.153831
vt 0.345643 0.159728
vt 0.345568 0.165582
vt 0.484737 0.209066
vt 0.499096 0.150535
vt 0.499096 0.042189
vt 0.499096 0.042189
vt 0.499096 0.150535
vt 0.499096 0.042189
vt 0.499096 0.042189
vt 0.499096 0.150535
vt 0.499096 0.042189
vt 0.499096 0.042189
vt 0.499096 0.150535
vt 0.499096 0.042189
vt 0.499096 0.042189
vt 0.499096 0.150535
vt 0.499096 0.042189
vt 0.499096 0.042189
vt 0.499096 0.150535
vt 0.499096 0.042189
vt 0.499096 0.042189
vt 0.499096 0.150535
vt 0.499096 0.042189
vt 0.499096 0.042189
vt 0.499096 0.150535
vt 0.499096 0.042189
vt 0.499096 0.042189
vt 0.499096 0.150535
vt 0.499096 0.042189
vt 0.499096 0.042189
vt 0.499096 0.150535
vt 0.499096 0.042189
vt 0.499096 0.042189
vt 0.499096 0.150535
vt 0.499096 0.042189
vt 0.499096 0.042189
vt 0.499096 0.150535
vt 0.499096 0.042189
vt 0.499096 0.042189
vt 0.499096 0.150535
vt 0.499096 0.042189
vt 0.499096 0.042189
vt 0.499096 0.150535
vt 0.499096 0.042189
vt 0.499096 0.042189
vt 0.499096 0.042189
vt 0.499096 0.042189
vt 0.499096 0.042189
vt 0.499096 0.042189
vt 0.499096 0.042189
vt 0.499096 0.042189
vt 0.499096 0.042189
vt 0.499096 0.042189
vt 0.499096 0.042189
vt 0.499096 0.042189
vt 0.499096 0.150535
vt 0.499096 0.042189
vt 0.499096 0.042189
vt 0.499096 0.150535
vt 0.499096 0.042189
vt 0.499096 0.042189
vt 0.499096 0.150535
vt 0.499096 0.042189
vt 0.499096 0.042189
vt 0.499096 0.150535
vt 0.499096 0.042189
vt 0.499096 0.042189
vt 0.499096 0.150535
vt 0.499096 0.042189
vt 0.499096 0.042189
vt 0.499096 0.150535
vt 0.499096 0.042189
vt 0.499096 0.042189
vt 0.499096 0.150535
vt 0.499096 0.042189
vt 0.499096 0.042189
vt 0.499096 0.150535
vt 0.499096 0.042189
vt 0.499096 0.042189
vt 0.499096 0.150535
vt 0.499096 0.042189
vt 0.499096 0.042189
vt 0.499096 0.150535
vt 0.499096 0.042189
vt 0.499096 0.042189
vt 0.499096 0.150535
vt 0.499096 0.042189
vt 0.499096 0.042189
vt 0.499096 0.150535
vt 0.499096 0.042189
vt 0.499096 0.042189
vt 0.499096 0.150535
vt 0.499096 0.042189
vt 0.499096 0.042189
vt 0.499096 0.150535
vt 0.499096 0.042189
vt 0.499096 0.042189
vt 0.499096 0.042189
vt 0.499096 0.042189
vt 0.499096 0.042189
vt 0.499096 0.042189
vt 0.499096 0.042189
vt 0.499096 0.042189
vt 0.499096 0.042189
vt 0.499096 0.042189
vt 0.499096 0.042189
vt 0.499096 0.042189
vt 0.219819 0.468259
vt 0.356527 0.032723
vt 0.222528 0.273436
vt 0.193651 0.191024
vt 0.199546 0.294391
vt 0.221946 0.280146
vt 0.047425 0.280584
vt 0.355965 0.246622
vt 0.046098 0.283280
vt 0.220560 0.420853
vt 0.220424 0.426780
vt 0.219695 0.351640
vt 0.356309 0.102547
vt 0.219846 0.465496
vt 0.219901 0.459645
vt 0.219963 0.453897
vt 0.220032 0.448352
vt 0.220106 0.443103
vt 0.220186 0.438242
vt 0.220268 0.433853
vt 0.220349 0.430010
vt 0.219765 0.345881
vt 0.356291 0.108370
vt 0.356274 0.114094
vt 0.219845 0.340109
vt 0.219936 0.334327
vt 0.220042 0.328539
vt 0.220165 0.322748
vt 0.220308 0.316959
vt 0.220475 0.311177
vt 0.220667 0.305410
vt 0.220887 0.299670
vt 0.221132 0.293971
vt 0.221393 0.288326
vt 0.356584 0.474081
vt 0.010440 0.112510
vt 0.196754 0.190646
vt 0.201103 0.184618
vt 0.355972 0.251076
vt 0.219742 0.034291
vt 0.356877 0.515316
vt 0.219104 0.103931
vt 0.356026 0.295450
vt 0.356592 0.476800
vt 0.356622 0.482576
vt 0.356656 0.488270
vt 0.356692 0.493776
vt 0.356730 0.498999
vt 0.356769 0.503844
vt 0.356807 0.508228
vt 0.356844 0.512074
vt 0.219243 0.109789
vt 0.355999 0.289705
vt 0.355980 0.284036
vt 0.219397 0.115632
vt 0.219569 0.121462
vt 0.219759 0.127281
vt 0.219967 0.133087
vt 0.220196 0.138877
vt 0.220448 0.144647
vt 0.220724 0.150390
vt 0.221026 0.156096
vt 0.221352 0.161749
vt 0.221695 0.167336
vt 0.172710 0.446386
vt 0.184595 0.437879
vt 0.011583 0.380068
vt 0.010440 0.374877
vt 0.197764 0.300761
vt 0.203447 0.301007
vt 0.170531 0.039076
vt 0.166867 0.036399
vt 0.011441 0.107296
vt 0.015358 0.092857
vt 0.195409 0.184892
vt 0.195965 0.187941
vt 0.307324 0.033050
vt 0.449196 0.523751
vt 0.450647 0.523745
vt 0.454009 0.520580
vt 0.275639 0.034480
vt 0.416863 0.523868
vt 0.418312 0.523858
vt 0.421660 0.520683
vt 0.356944 0.521292
vt 0.381128 0.521008
vt 0.251685 0.034818
vt 0.478224 0.520519
vt 0.384543 0.524126
vt 0.385993 0.524111
vt 0.445738 0.033002
vt 0.449143 0.029619
vt 0.450598 0.029624
vt 0.453981 0.033028
vt 0.413254 0.032901
vt 0.416658 0.029518
vt 0.418113 0.029522
vt 0.421496 0.032927
vt 0.380770 0.032800
vt 0.219104 0.583597
vt 0.389012 0.032826
vt 0.478224 0.033105
vt 0.384174 0.029416
vt 0.385629 0.029421
vn 0.000000 1.000000 0.000000
vn 0.000000 1.000000 0.000000
vn 0.000000 1.000000 -0.000000
vn 0.000000 1.000000 -0.000000
vn 0.000000 1.000000 -0.000000
vn 0.000000 1.000000 0.000002
vn 0.000000 1.000000 0.000002
vn 0.000000 1.000000 0.000000
vn 0.000000 1.000000 -0.000000
vn 0.000000 1.000000 0.000000
vn 0.000000 1.000000 0.000000
vn 0.000000 1.000000 -0.000000
vn 0.000000 1.000000 0.000000
vn 0.000000 1.000000 -0.000000
vn 0.000000 1.000000 0.000000
vn 0.000000 1.000000 0.000001
vn 0.000000 1.000000 0.000002
vn 0.000000 1.000000 0.000001
vn 0.000000 1.000000 0.000000
vn 0.000000 1.000000 0.000000
vn 0.000000 1.000000 0.000000
vn 0.000000 1.000000 0.000000
vn 0.000000 1.000000 0.000000
vn 0.000000 1.000000 0.000001
vn 0.000000 1.000000 -0.000000
vn 0.000000 1.000000 0.000000
vn 0.000000 1.000000 0.000000
vn 0.000000 1.000000 0.000000
vn 0.000000 1.000000 0.000000
vn 0.000000 1.000000 -0.000000
vn 0.000000 1.000000 -0.000000
vn 0.000000 1.000000 0.000000
vn 0.000000 1.000000 0.000000
vn 0.000000 1.000000 0.000001
vn 0.000000 1.000000 -0.000000
vn 0.000000 1.000000 0.000000
vn 0.000000 1.000000 0.000000
vn 0.000000 1.000000 0.000000
vn 0.000000 1.000000 0.000000
vn 0.000000 1.000000 0.000000
vn 0.000000 1.000000 0.000000
vn 0.000000 1.000000 0.000000
vn 0.000000 1.000000 0.000000
vn 0.000000 1.000000 0.000000
vn 0.000000 1.000000 0.000002
vn 0.000000 1.000000 -0.000000
vn 0.000000 1.000000 0.000000
vn 0.000000 1.000000 -0.000001
vn 0.000000 1.000000 0.000000
vn 0.000000 1.000000 0.000000
vn 0.000000 1.000000 0.000000
vn 0.000000 1.000000 0.000000
vn 0.000000 1.000000 0.000000
vn 0.000000 1.000000 0.000000
vn 0.000000 1.000000 0.000000
vn 0.000000 1.000000 0.000000
vn 0.000000 1.000000 0.000002
vn 0.000000 1.000000 -0.000000
vn 0.000000 1.000000 -0.000000
vn 0.000000 1.000000 -0.000001
vn 0.000000 -1.000000 -0.000000
vn 0.000000 -1.000000 -0.000000
vn 0.000000 -1.000000 -0.000000
vn 0.000000 -1.000000 -0.000000
vn 0.000000 -1.000000 0.000000
vn 0.000000 -1.000000 0.000000
vn 0.000000 -1.000000 -0.000000
vn 0.000000 -1.000000 -0.000000
vn 0.000000 -1.000000 -0.000000
vn 0.000000 -1.000000 -0.000000
vn 0.000000 -1.000000 -0.000001
vn 0.000000 -1.000000 -0.000001
vn 0.000000 -1.000000 -0.000000
vn 0.000000 -1.000000 -0.000000
vn 0.000000 -1.000000 -0.000001
vn 0.000000 -1.000000 -0.000001
vn 0.000000 -1.000000 -0.000001
vn 0.000000 -1.000000 -0.000001
vn 0.000000 -1.000000 0.000000
vn 0.000000 -1.000000 0.000000
vn 0.000000 -1.000000 -0.000001
vn 0.000000 -1.000000 -0.000001
vn 0.000000 -1.000000 -0.000001
vn 0.000000 -1.000000 -0.000001
vn 0.000023 -1.000000 -0.000284
vn 0.000023 -1.000000 -0.000281
vn 0.000030 -1.000000 -0.000365
vn 0.000005 -1.000000 -0.000058
vn 0.000000 -1.000000 0.000000
vn -0.000000 -1.000000 0.000000
vn -0.000000 -1.000000 0.000000
vn 0.000000 -1.000000 0.000000
vn 0.000000 -1.000000 0.000000
vn 0.000000 -1.000000 0.000000
vn 0.000000 -1.000000 0.000000
vn 0.000000 -1.000000 0.000000
vn 0.000000 -1.000000 0.000000
vn 0.000000 -1.000000 0.000000
vn 0.000000 -1.000000 0.000000
vn 0.000000 -1.000000 0.000000
vn 0.000000 -1.000000 0.000000
vn 0.000000 -1.000000 0.000000
vn 0.000000 -1.000000 -0.000001
vn 0.000000 -1.000000 -0.000001
vn -0.000000 -1.000000 -0.000000
vn -0.000000 -1.000000 -0.000000
vn 0.000000 -1.000000 0.000000
vn 0.000000 -1.000000 0.000000
vn 0.000000 -1.000000 0.000000
vn 0.000000 -1.000000 0.000000
vn 0.000000 -1.000000 0.000000
vn 0.000000 -1.000000 0.000000
vn 0.000000 -1.000000 -0.000001
vn 0.000000 -1.000000 -0.000000
vn 0.000000 -1.000000 -0.000000
vn 0.000000 -1.000000 -0.000001
vn 0.000000 -1.000000 0.000000
vn 0.000000 -1.000000 0.000000
vn -0.017774 0.000000 0.999842
vn -0.017774 0.000000 0.999842
vn -0.017774 0.000000 0.999842
vn -0.017774 0.000000 0.999842
vn 0.066540 0.000000 0.997784
vn 0.066540 0.000000 0.997784
vn 0.066540 0.000000 0.997784
vn 0.066540 0.000000 0.997784
vn 0.195090 0.000000 0.980785
vn 0.195090 0.000000 0.980785
vn 0.195090 0.000000 0.980785
vn 0.195090 0.000000 0.980785
vn 0.321448 0.000000 0.946927
vn 0.321448 0.000000 0.946927
vn 0.321448 0.000000 0.946927
vn 0.321448 0.000000 0.946927
vn 0.442293 0.000000 0.896870
vn 0.442293 0.000000 0.896870
vn 0.442293 0.000000 0.896870
vn 0.442293 0.000000 0.896870
vn 0.555577 0.000000 0.831465
vn 0.555577 0.000000 0.831465
vn 0.555577 0.000000 0.831465
vn 0.555577 0.000000 0.831465
vn 0.659333 0.000000 0.751851
vn 0.659333 0.000000 0.751851
vn 0.659333 0.000000 0.751851
vn 0.659333 0.000000 0.751851
vn 0.751827 0.000000 0.659361
vn 0.751827 0.000000 0.659361
vn 0.751827 0.000000 0.659361
vn 0.751827 0.000000 0.659361
vn 0.831464 0.000000 0.555578
vn 0.831464 0.000000 0.555578
vn 0.831464 0.000000 0.555578
vn 0.831464 0.000000 0.555578
vn 0.896892 0.000000 0.442250
vn 0.896892 0.000000 0.442250
vn 0.896892 0.000000 0.442250
vn 0.896892 0.000000 0.442250
vn 0.946936 0.000000 0.321422
vn 0.946936 0.000000 0.321422
vn 0.946936 0.000000 0.321422
vn 0.946936 0.000000 0.321422
vn 0.980782 0.000000 0.195107
vn 0.980782 0.000000 0.195107
vn 0.980782 0.000000 0.195107
vn 0.980782 0.000000 0.195107
vn 0.998889 0.000000 0.047135
vn 0.998888 0.000000 0.047135
vn 0.998889 0.000000 0.047135
vn 0.998888 0.000000 0.047135
vn -0.000000 0.000000 -1.000000
vn -0.000000 0.000000 -1.000000
vn -0.000000 0.000000 -1.000000
vn -0.000000 0.000000 -1.000000
vn -1.000000 0.000000 0.000001
vn -1.000000 0.000000 0.000001
vn -1.000000 0.000000 0.000001
vn -1.000000 0.000000 0.000001
vn -1.000000 0.000000 0.000000
vn -1.000000 0.000000 0.000000
vn -1.000000 0.000000 0.000000
vn -1.000000 0.000000 0.000000
vn -1.000000 0.000000 0.000000
vn -1.000000 0.000000 0.000000
vn -1.000000 0.000000 0.000000
vn -1.000000 0.000000 0.000000
vn -1.000000 0.000000 0.000000
vn -1.000000 0.000000 0.000000
vn -1.000000 0.000000 0.000000
vn -1.000000 0.000000 0.000000
vn -1.000000 0.000000 0.000000
vn -1.000000 0.000000 0.000000
vn -1.000000 0.000000 0.000000
vn -1.000000 0.000000 0.000000
vn -1.000000 0.000000 -0.000000
vn -1.000000 0.000000 -0.000000
vn -1.000000 0.000000 -0.000000
vn -1.000000 0.000000 -0.000000
vn -1.000000 0.000000 0.000000
vn -1.000000 0.000000 0.000000
vn -1.000000 0.000000 0.000000
vn -1.000000 0.000000 0.000000
vn -1.000000 0.000000 0.000000
vn -1.000000 0.000000 0.000000
vn -1.000000 0.000000 0.000000
vn -1.000000 0.000000 0.000000
vn -1.000000 0.000000 0.000000
vn -1.000000 0.000000 0.000000
vn -1.000000 0.000000 0.000000
vn -1.000000 0.000000 0.000000
vn -1.000000 0.000000 0.000000
vn -1.000000 0.000000 0.000000
vn -1.000000 0.000000 0.000000
vn -1.000000 0.000000 0.000000
vn 0.000000 0.000000 -1.000000
vn 0.000000 0.000000 -1.000000
vn 0.000000 0.000000 -1.000000
vn 0.000000 0.000000 -1.000000
vn 0.000000 0.000000 -1.000000
vn 0.000000 0.000000 -1.000000
vn 0.000000 0.000000 -1.000000
vn 0.000000 0.000000 -1.000000
vn 0.000000 0.000000 -1.000000
vn 0.000000 0.000000 -1.000000
vn 0.000000 0.000000 -1.000000
vn 0.000000 0.000000 -1.000000
vn 0.000000 1.000000 0.000000
vn 0.000000 1.000000 0.000000
vn 0.000000 1.000000 0.000000
vn 0.000000 1.000000 0.000000
vn 0.000000 1.000000 0.000001
vn 0.000000 1.000000 0.000001
vn 0.000000 1.000000 -0.000001
vn 0.000000 1.000000 -0.000001
vn 0.000000 1.000000 -0.000000
vn 0.000000 1.000000 -0.000000
vn 0.000000 1.000000 0.000001
vn 0.000000 1.000000 0.000001
vn 0.000000 1.000000 0.000001
vn 0.000000 1.000000 0.000001
vn 0.000000 1.000000 0.000001
vn 0.000000 1.000000 0.000001
vn 0.000000 1.000000 0.000001
vn 0.000000 1.000000 0.000001
vn 0.000000 1.000000 0.000001
vn 0.000000 1.000000 0.000001
vn 0.000000 1.000000 0.000001
vn 0.000000 1.000000 0.000001
vn 0.000000 1.000000 -0.000000
vn 0.000000 1.000000 -0.000000
vn -0.000023 1.000000 0.000281
vn -0.000023 1.000000 0.000283
vn 0.000000 1.000000 -0.000892
vn 0.000002 1.000000 0.000139
vn 0.000000 1.000000 0.000000
vn 0.000000 1.000000 0.000000
vn 0.000000 1.000000 0.000000
vn 0.000000 1.000000 0.000000
vn 0.000000 1.000000 0.000000
vn 0.000000 1.000000 0.000000
vn 0.000000 1.000000 0.000000
vn 0.000000 1.000000 0.000000
vn 0.000000 1.000000 0.000000
vn 0.000000 1.000000 0.000000
vn 0.000000 1.000000 0.000000
vn 0.000000 1.000000 0.000000
vn 0.000000 1.000000 0.000000
vn 0.000000 1.000000 0.000000
vn -0.000000 1.000000 0.000000
vn -0.000000 1.000000 0.000000
vn 0.000000 1.000000 0.000000
vn 0.000000 1.000000 0.000000
vn 0.000000 1.000000 0.000000
vn 0.000000 1.000000 0.000000
vn 0.000000 1.000000 0.000000
vn 0.000000 1.000000 0.000000
vn 0.000000 1.000000 0.000000
vn 0.000000 1.000000 0.000000
vn 0.000000 1.000000 0.000000
vn 0.000000 1.000000 0.000000
vn 0.000000 1.000000 0.000000
vn 0.000000 1.000000 0.000000
vn 0.000000 1.000000 0.000000
vn 0.000000 1.000000 0.000000
vn 0.000065 -1.000000 0.000018
vn 0.000055 -1.000000 0.000015
vn 0.000054 -1.000000 0.000016
vn 0.000064 -1.000000 0.000018
vn 0.000000 0.000000 1.000000
vn 0.000000 0.000000 1.000000
vn 0.000000 0.000000 1.000000
vn 0.000000 0.000000 1.000000
vn 0.065401 0.000000 0.997859
vn 0.065401 0.000000 0.997859
vn 0.065401 0.000000 0.997859
vn 0.065401 0.000000 0.997859
vn 0.195090 0.000000 0.980785
vn 0.195090 0.000000 0.980785
vn 0.195090 0.000000 0.980785
vn 0.195090 0.000000 0.980785
vn 0.321449 0.000000 0.946927
vn 0.321449 0.000000 0.946927
vn 0.321449 0.000000 0.946927
vn 0.321449 0.000000 0.946927
vn 0.442294 0.000000 0.896870
vn 0.442294 0.000000 0.896870
vn 0.442294 0.000000 0.896870
vn 0.442294 0.000000 0.896870
vn 0.555578 0.000000 0.831464
vn 0.555578 0.000000 0.831464
vn 0.555578 0.000000 0.831464
vn 0.555578 0.000000 0.831464
vn 0.659332 0.000000 0.751852
vn 0.659332 0.000000 0.751852
vn 0.659332 0.000000 0.751852
vn 0.659332 0.000000 0.751852
vn 0.751827 0.000000 0.659360
vn 0.751827 0.000000 0.659360
vn 0.751827 0.000000 0.659360
vn 0.751827 0.000000 0.659360
vn 0.831463 0.000000 0.555580
vn 0.831463 0.000000 0.555580
vn 0.831463 0.000000 0.555580
vn 0.831463 0.000000 0.555580
vn 0.896892 0.000000 0.442249
vn 0.896892 0.000000 0.442249
vn 0.896892 0.000000 0.442249
vn 0.896892 0.000000 0.442249
vn 0.946936 0.000000 0.321422
vn 0.946936 0.000000 0.321422
vn 0.946936 0.000000 0.321422
vn 0.946936 0.000000 0.321422
vn 0.980782 0.000000 0.195108
vn 0.980782 0.000000 0.195108
vn 0.980782 0.000000 0.195108
vn 0.980782 0.000000 0.195108
vn 0.998972 0.000000 0.045335
vn 0.999270 -0.000456 0.038209
vn 0.999270 -0.000457 0.038206
vn 0.998972 0.000000 0.045335
vn 0.000000 -0.000000 -1.000000
vn 0.000000 -0.000000 -1.000000
vn 0.000000 -0.000000 -1.000000
vn 0.000000 -0.000000 -1.000000
vn -1.000000 0.000000 0.000000
vn -1.000000 0.000000 0.000000
vn -1.000000 0.000000 0.000000
vn -1.000000 0.000000 0.000000
vn -1.000000 0.000000 0.000000
vn -1.000000 0.000000 0.000000
vn -1.000000 0.000000 0.000000
vn -1.000000 0.000000 0.000000
vn -1.000000 0.000000 0.000000
vn -1.000000 0.000000 0.000000
vn -1.000000 0.000000 0.000000
vn -1.000000 0.000000 0.000000
vn -1.000000 0.000000 0.000000
vn -1.000000 0.000000 0.000000
vn -1.000000 0.000000 0.000000
vn -1.000000 0.000000 0.000000
vn 0.000031 -1.000000 -0.000175
vn 0.000025 -1.000000 -0.000141
vn 0.000062 -1.000000 -0.000188
vn 0.000075 -1.000000 -0.000203
vn 0.000000 -1.000000 0.000000
vn 0.000000 -1.000000 -0.000000
vn 0.000000 -1.000000 0.000000
vn 0.000000 -1.000000 -0.000000
vn 0.000000 -1.000000 -0.000000
vn 0.000000 -1.000000 -0.000000
vn 0.000000 -1.000000 -0.000000
vn 0.000000 -1.000000 -0.000000
vn -1.000000 0.000000 0.000000
vn -1.000000 0.000000 0.000000
vn 0.000000 -1.000000 -0.000000
vn 0.000000 -1.000000 -0.000000
vn -1.000000 0.000000 0.000000
vn -1.000000 0.000000 0.000000
vn 0.000000 -1.000000 -0.000000
vn 0.000000 -1.000000 -0.000000
vn -1.000000 0.000000 0.000000
vn -1.000000 0.000000 0.000000
vn 0.000000 -1.000000 0.000000
vn 0.000000 -1.000000 0.000000
vn -1.000000 0.000000 0.000000
vn -1.000000 0.000000 0.000000
vn 0.000000 -1.000000 0.000000
vn 0.000000 -1.000000 0.000000
vn 0.000000 -1.000000 0.000000
vn 0.000000 -1.000000 0.000000
vn 0.000000 -1.000000 0.000000
vn 0.000000 -1.000000 0.000000
vn 0.000000 -1.000000 0.000000
vn 0.000000 -1.000000 0.000000
vn 0.000000 -1.000000 -0.000000
vn -0.000000 -1.000000 -0.000000
vn 0.000000 -1.000000 0.000000
vn 0.000000 -1.000000 0.000000
vn 0.000000 -1.000000 0.000000
vn 0.000000 -1.000000 0.000000
vn 0.000000 0.000000 -1.000000
vn 0.000000 0.000000 -1.000000
vn 0.000000 -1.000000 0.000000
vn 0.000000 -1.000000 0.000000
vn 0.000000 -1.000000 0.000000
vn 0.000000 -1.000000 0.000000
vn -0.000000 -1.000000 0.000000
vn -0.000000 -1.000000 0.000000
vn -0.000000 -1.000000 -0.000000
vn 0.000000 -1.000000 0.000000
vn 0.000000 -1.000000 0.000000
vn 0.000000 -1.000000 0.000000
vn 0.000000 -1.000000 0.000000
vn 0.000000 0.000000 -1.000000
vn 0.000000 0.000000 -1.000000
vn 0.000000 -1.000000 0.000000
vn 0.000000 -1.000000 0.000000
vn 0.000000 -1.000000 0.000000
vn 0.000000 -1.000000 0.000000
vn 0.000000 -1.000000 0.000000
vn -0.000000 -1.000000 0.000000
vn -0.000000 -1.000000 0.000000
vn -0.000000 -1.000000 0.000000
vn 0.000000 -1.000000 0.000000
vn 0.000000 -1.000000 0.000000
vn 0.000000 -1.000000 0.000000
vn 0.000000 -1.000000 0.000000
vn 0.000000 0.000000 -1.000000
vn 0.000000 0.000000 -1.000000
vn 0.000000 -1.000000 0.000000
vn 0.000000 0.000000 1.000000
vn 0.000000 0.000000 1.000000
vn 0.000000 0.000000 1.000000
vn 0.000000 0.000000 1.000000
vn 0.065401 0.000000 0.997859
vn 0.065401 0.000000 0.997859
vn 0.065401 0.000000 0.997859
vn 0.065401 0.000000 0.997859
vn 0.195090 0.000000 0.980785
vn 0.195090 0.000000 0.980785
vn 0.195090 0.000000 0.980785
vn 0.195090 0.000000 0.980785
vn 0.321449 0.000000 0.946927
vn 0.321449 0.000000 0.946927
vn 0.321449 0.000000 0.946927
vn 0.321449 0.000000 0.946927
vn 0.442294 0.000000 0.896870
vn 0.442294 0.000000 0.896870
vn 0.442294 0.000000 0.896870
vn 0.442294 0.000000 0.896870
vn 0.555578 0.000000 0.831465
vn 0.555578 0.000000 0.831465
vn 0.555578 0.000000 0.831465
vn 0.555578 0.000000 0.831465
vn 0.659332 0.000000 0.751852
vn 0.659332 0.000000 0.751852
vn 0.659332 0.000000 0.751852
vn 0.659332 0.000000 0.751852
vn 0.751827 0.000000 0.659360
vn 0.751827 0.000000 0.659360
vn 0.751827 0.000000 0.659360
vn 0.751827 0.000000 0.659360
vn 0.831463 0.000000 0.555580
vn 0.831463 0.000000 0.555580
vn 0.831463 0.000000 0.555580
vn 0.831463 0.000000 0.555580
vn 0.896892 0.000000 0.442249
vn 0.896892 0.000000 0.442249
vn 0.896892 0.000000 0.442249
vn 0.896892 0.000000 0.442249
vn 0.946936 0.000000 0.321422
vn 0.946936 0.000000 0.321422
vn 0.946936 0.000000 0.321422
vn 0.946936 0.000000 0.321422
vn 0.980782 0.000000 0.195108
vn 0.980782 0.000000 0.195108
vn 0.980782 0.000000 0.195108
vn 0.980782 0.000000 0.195108
vn 0.998972 0.000000 0.045336
vn 0.999108 0.000000 0.042229
vn 0.999108 0.000000 0.042227
vn 0.998972 0.000000 0.045335
vn 0.000000 0.000000 -1.000000
vn 0.000000 0.000000 -1.000000
vn 0.000000 0.000000 -1.000000
vn 0.000000 0.000000 -1.000000
vn -1.000000 0.000000 0.000000
vn -1.000000 0.000000 0.000000
vn -1.000000 0.000000 0.000000
vn -1.000000 0.000000 0.000000
vn -1.000000 0.000000 0.000000
vn -1.000000 0.000000 0.000000
vn -1.000000 0.000000 0.000000
vn -1.000000 0.000000 0.000000
vn -1.000000 0.000000 0.000000
vn -1.000000 0.000000 0.000000
vn -1.000000 0.000000 0.000000
vn -1.000000 0.000000 0.000000
vn -1.000000 0.000000 0.000000
vn -1.000000 0.000000 0.000000
vn -1.000000 0.000000 0.000000
vn -1.000000 0.000000 0.000000
vn -1.000000 0.000000 0.000000
vn -1.000000 0.000000 0.000000
vn -1.000000 0.000000 0.000000
vn -1.000000 0.000000 0.000000
vn -1.000000 0.000000 0.000000
vn -1.000000 0.000000 0.000000
vn -1.000000 0.000000 0.000000
vn -1.000000 0.000000 0.000000
vn 0.000000 0.000000 -1.000000
vn 0.000000 0.000000 -1.000000
vn 0.000000 0.000000 -1.000000
vn 0.000000 0.000000 -1.000000
vn 0.000000 0.000000 -1.000000
vn 0.000000 0.000000 -1.000000
vn 0.000000 0.000000 1.000000
vn 0.000000 0.000000 1.000000
vn 0.000000 0.000000 1.000000
vn 0.000000 0.000000 1.000000
vn 0.065401 0.000000 0.997859
vn 0.065401 0.000000 0.997859
vn 0.065401 0.000000 0.997859
vn 0.065401 0.000000 0.997859
vn 0.195090 0.000000 0.980785
vn 0.195090 0.000000 0.980785
vn 0.195090 0.000000 0.980785
vn 0.195090 0.000000 0.980785
vn 0.321449 0.000000 0.946927
vn 0.321449 0.000000 0.946927
vn 0.321449 0.000000 0.946927
vn 0.321449 0.000000 0.946927
vn 0.442293 0.000000 0.896870
vn 0.442293 0.000000 0.896870
vn 0.442293 0.000000 0.896870
vn 0.442293 0.000000 0.896870
vn 0.555578 0.000000 0.831465
vn 0.555578 0.000000 0.831465
vn 0.555578 0.000000 0.831465
vn 0.555578 0.000000 0.831465
vn 0.659332 0.000000 0.751852
vn 0.659332 0.000000 0.751852
vn 0.659332 0.000000 0.751852
vn 0.659332 0.000000 0.751852
vn 0.751827 0.000000 0.659360
vn 0.751827 0.000000 0.659360
vn 0.751827 0.000000 0.659360
vn 0.751827 0.000000 0.659360
vn 0.831463 0.000000 0.555580
vn 0.831463 0.000000 0.555580
vn 0.831463 0.000000 0.555580
vn 0.831463 0.000000 0.555580
vn 0.896892 0.000000 0.442249
vn 0.896892 0.000000 0.442249
vn 0.896892 0.000000 0.442249
vn 0.896892 0.000000 0.442249
vn 0.946936 0.000000 0.321422
vn 0.946936 0.000000 0.321422
vn 0.946936 0.000000 0.321422
vn 0.946936 0.000000 0.321422
vn 0.980782 0.000000 0.195108
vn 0.980782 0.000000 0.195108
vn 0.980782 0.000000 0.195108
vn 0.980782 0.000000 0.195108
vn 0.998972 0.000000 0.045335
vn 0.999150 0.000000 0.041212
vn 0.999150 0.000000 0.041213
vn 0.998972 0.000000 0.045335
vn 0.000000 0.000000 -1.000000
vn 0.000000 0.000000 -1.000000
vn 0.000000 0.000000 -1.000000
vn 0.000000 0.000000 -1.000000
vn -1.000000 0.000000 0.000000
vn -1.000000 0.000000 0.000000
vn -1.000000 0.000000 0.000000
vn -1.000000 0.000000 0.000000
vn -1.000000 0.000000 0.000000
vn -1.000000 0.000000 0.000000
vn -1.000000 0.000000 0.000000
vn -1.000000 0.000000 0.000000
vn -1.000000 0.000000 0.000000
vn -1.000000 0.000000 0.000000
vn -1.000000 0.000000 0.000000
vn -1.000000 0.000000 0.000000
vn -1.000000 0.000000 0.000000
vn -1.000000 0.000000 0.000000
vn -1.000000 0.000000 0.000000
vn -1.000000 0.000000 0.000000
vn -1.000000 0.000000 0.000000
vn -1.000000 0.000000 0.000000
vn -1.000000 0.000000 0.000000
vn -1.000000 0.000000 0.000000
vn -1.000000 0.000000 0.000000
vn -1.000000 0.000000 0.000000
vn -1.000000 0.000000 0.000000
vn -1.000000 0.000000 0.000000
vn 0.000000 0.000000 -1.000000
vn 0.000000 0.000000 -1.000000
vn 0.000000 0.000000 -1.000000
vn 0.000000 0.000000 -1.000000
vn 0.000000 0.000000 -1.000000
vn 0.000000 0.000000 -1.000000
vn 0.000000 0.000000 1.000000
vn 0.000000 0.000000 1.000000
vn 0.000000 0.000000 1.000000
vn 0.000000 0.000000 1.000000
vn 0.065401 0.000000 0.997859
vn 0.065401 0.000000 0.997859
vn 0.065401 0.000000 0.997859
vn 0.065401 0.000000 0.997859
vn 0.195090 0.000000 0.980785
vn 0.195090 0.000000 0.980785
vn 0.195090 0.000000 0.980785
vn 0.195090 0.000000 0.980785
vn 0.321449 0.000000 0.946927
vn 0.321449 0.000000 0.946927
vn 0.321449 0.000000 0.946927
vn 0.321449 0.000000 0.946927
vn 0.442294 0.000000 0.896870
vn 0.442294 0.000000 0.896870
vn 0.442294 0.000000 0.896870
vn 0.442294 0.000000 0.896870
vn 0.555578 0.000000 0.831464
vn 0.555578 0.000000 0.831464
vn 0.555578 0.000000 0.831464
vn 0.555578 0.000000 0.831464
vn 0.659332 0.000000 0.751852
vn 0.659332 0.000000 0.751852
vn 0.659332 0.000000 0.751852
vn 0.659332 0.000000 0.751852
vn 0.751827 0.000000 0.659360
vn 0.751827 0.000000 0.659360
vn 0.751827 0.000000 0.659360
vn 0.751827 0.000000 0.659360
vn 0.831463 0.000000 0.555580
vn 0.831463 0.000000 0.555580
vn 0.831463 0.000000 0.555580
vn 0.831463 0.000000 0.555580
vn 0.896892 0.000000 0.442249
vn 0.896892 0.000000 0.442249
vn 0.896892 0.000000 0.442249
vn 0.896892 0.000000 0.442249
vn 0.946936 0.000000 0.321422
vn 0.946936 0.000000 0.321422
vn 0.946936 0.000000 0.321422
vn 0.946936 0.000000 0.321422
vn 0.980782 0.000000 0.195108
vn 0.980782 0.000000 0.195108
vn 0.980782 0.000000 0.195108
vn 0.980782 0.000000 0.195108
vn 0.998972 0.000000 0.045335
vn 0.999108 0.000000 0.042229
vn 0.999108 0.000000 0.042227
vn 0.998972 0.000000 0.045335
vn 0.000000 0.000000 -1.000000
vn 0.000000 0.000000 -1.000000
vn 0.000000 0.000000 -1.000000
vn 0.000000 0.000000 -1.000000
vn -1.000000 0.000000 0.000000
vn -1.000000 0.000000 0.000000
vn -1.000000 0.000000 0.000000
vn -1.000000 0.000000 0.000000
vn -1.000000 0.000000 0.000000
vn -1.000000 0.000000 0.000000
vn -1.000000 0.000000 0.000000
vn -1.000000 0.000000 0.000000
vn -1.000000 0.000000 0.000000
vn -1.000000 0.000000 0.000000
vn -1.000000 0.000000 0.000000
vn -1.000000 0.000000 0.000000
vn -1.000000 0.000000 0.000000
vn -1.000000 0.000000 0.000000
vn -1.000000 0.000000 0.000000
vn -1.000000 0.000000 0.000000
vn -1.000000 0.000000 0.000000
vn -1.000000 0.000000 0.000000
vn -1.000000 0.000000 0.000000
vn -1.000000 0.000000 0.000000
vn -1.000000 0.000000 0.000000
vn -1.000000 0.000000 0.000000
vn -1.000000 0.000000 0.000000
vn -1.000000 0.000000 0.000000
vn 0.000000 0.000000 -1.000000
vn 0.000000 0.000000 -1.000000
vn 0.000000 0.000000 -1.000000
vn 0.000000 0.000000 -1.000000
vn 0.000000 0.000000 -1.000000
vn 0.000000 0.000000 -1.000000
vn 0.000000 -1.000000 0.000000
vn 0.000000 -1.000000 0.000000
vn 0.000000 -1.000000 0.000000
vn 0.000000 -1.000000 0.000000
vn 0.000000 -1.000000 0.000000
vn 0.000000 -1.000000 0.000000
vn 0.000000 -1.000000 0.000000
vn 0.000000 -1.000000 0.000000
vn 0.000000 -1.000000 0.000000
vn 0.000000 -1.000000 0.000000
vn 0.000000 -1.000000 0.000001
vn 0.000000 -1.000000 0.000001
vn 0.000000 -1.000000 0.000001
vn 0.000000 -1.000000 0.000001
vn 0.000000 -1.000000 0.000000
vn 0.000000 -1.000000 0.000000
vn 0.000000 -1.000000 0.000000
vn 0.000000 -1.000000 0.000000
vn 0.000000 -1.000000 0.000000
vn 0.000000 -1.000000 0.000000
vn 0.000000 -1.000000 -0.000000
vn 0.000000 -1.000000 -0.000000
vn 0.000000 -1.000000 0.000000
vn 0.000000 -1.000000 0.000000
vn 0.000023 -1.000000 -0.000284
vn 0.000023 -1.000000 -0.000281
vn 0.000030 -1.000000 -0.000365
vn 0.000005 -1.000000 -0.000057
vn 0.000000 -1.000000 0.000000
vn 0.000000 -1.000000 0.000000
vn 0.000000 -1.000000 0.000000
vn 0.000000 -1.000000 0.000000
vn 0.000000 -1.000000 0.000000
vn 0.000000 -1.000000 0.000000
vn 0.000000 -1.000000 0.000000
vn 0.000000 -1.000000 0.000000
vn 0.000000 -1.000000 0.000000
vn 0.000000 -1.000000 0.000000
vn 0.000000 -1.000000 0.000000
vn 0.000000 -1.000000 0.000000
vn 0.000000 -1.000000 0.000000
vn 0.000000 -1.000000 0.000000
vn 0.000000 -1.000000 0.000000
vn 0.000000 -1.000000 0.000000
vn 0.000000 -1.000000 0.000000
vn 0.000000 -1.000000 0.000000
vn 0.000000 -1.000000 0.000000
vn 0.000000 -1.000000 0.000000
vn 0.000000 -1.000000 0.000000
vn 0.000000 -1.000000 0.000000
vn 0.000000 -1.000000 0.000000
vn 0.000000 -1.000000 0.000000
vn 0.000000 -1.000000 -0.000001
vn 0.000000 -1.000000 -0.000001
vn 0.000000 -1.000000 -0.000001
vn 0.000000 -1.000000 -0.000001
vn 0.000000 -1.000000 0.000000
vn 0.000000 -1.000000 0.000000
vn -0.017774 0.000000 0.999842
vn -0.017774 0.000000 0.999842
vn -0.017774 0.000000 0.999842
vn -0.017774 0.000000 0.999842
vn 0.066540 0.000000 0.997784
vn 0.066540 0.000000 0.997784
vn 0.066540 0.000000 0.997784
vn 0.066540 0.000000 0.997784
vn 0.195090 0.000000 0.980785
vn 0.195090 0.000000 0.980785
vn 0.195090 0.000000 0.980785
vn 0.195090 0.000000 0.980785
vn 0.321448 0.000000 0.946927
vn 0.321448 0.000000 0.946927
vn 0.321448 0.000000 0.946927
vn 0.321448 0.000000 0.946927
vn 0.442295 0.000000 0.896870
vn 0.442295 0.000000 0.896870
vn 0.442295 0.000000 0.896870
vn 0.442295 0.000000 0.896870
vn 0.555577 0.000000 0.831465
vn 0.555577 0.000000 0.831465
vn 0.555577 0.000000 0.831465
vn 0.555577 0.000000 0.831465
vn 0.659332 0.000000 0.751852
vn 0.659332 0.000000 0.751852
vn 0.659332 0.000000 0.751852
vn 0.659332 0.000000 0.751852
vn 0.751828 0.000000 0.659360
vn 0.751828 0.000000 0.659360
vn 0.751828 0.000000 0.659360
vn 0.751828 0.000000 0.659360
vn 0.831464 0.000000 0.555579
vn 0.831464 0.000000 0.555579
vn 0.831464 0.000000 0.555579
vn 0.831464 0.000000 0.555579
vn 0.896892 0.000000 0.442250
vn 0.896892 0.000000 0.442250
vn 0.896892 0.000000 0.442250
vn 0.896892 0.000000 0.442250
vn 0.946936 0.000000 0.321423
vn 0.946936 0.000000 0.321423
vn 0.946936 0.000000 0.321423
vn 0.946936 0.000000 0.321423
vn 0.980782 0.000000 0.195108
vn 0.980782 0.000000 0.195108
vn 0.980782 0.000000 0.195108
vn 0.980782 0.000000 0.195108
vn 0.998889 0.000000 0.047135
vn 0.998889 0.000000 0.047135
vn 0.998889 0.000000 0.047135
vn 0.998889 0.000000 0.047135
vn -0.000000 0.000000 -1.000000
vn -0.000000 0.000000 -1.000000
vn -0.000000 0.000000 -1.000000
vn -0.000000 0.000000 -1.000000
vn -1.000000 0.000000 0.000001
vn -1.000000 0.000000 0.000001
vn -1.000000 0.000000 0.000001
vn -1.000000 0.000000 0.000001
vn -1.000000 0.000000 0.000000
vn -1.000000 0.000000 0.000000
vn -1.000000 0.000000 0.000000
vn -1.000000 0.000000 0.000000
vn -1.000000 0.000000 0.000000
vn -1.000000 0.000000 0.000000
vn -1.000000 0.000000 0.000000
vn -1.000000 0.000000 0.000000
vn -1.000000 0.000000 0.000000
vn -1.000000 0.000000 0.000000
vn -1.000000 0.000000 0.000000
vn -1.000000 0.000000 0.000000
vn -1.000000 0.000000 0.000000
vn -1.000000 0.000000 0.000000
vn -1.000000 0.000000 0.000000
vn -1.000000 0.000000 0.000000
vn -1.000000 0.000000 -0.000000
vn -1.000000 0.000000 -0.000000
vn -1.000000 0.000000 -0.000000
vn -1.000000 0.000000 -0.000000
vn -1.000000 0.000000 0.000000
vn -1.000000 0.000000 0.000000
vn -1.000000 0.000000 0.000000
vn -1.000000 0.000000 0.000000
vn -1.000000 0.000000 0.000000
vn -1.000000 0.000000 0.000000
vn -1.000000 0.000000 0.000000
vn -1.000000 0.000000 0.000000
vn -1.000000 0.000000 0.000000
vn -1.000000 0.000000 0.000000
vn -1.000000 0.000000 0.000000
vn -1.000000 0.000000 0.000000
vn -1.000000 0.000000 0.000000
vn -1.000000 0.000000 0.000000
vn -1.000000 0.000000 0.000000
vn -1.000000 0.000000 0.000000
vn 0.000000 0.000000 -1.000000
vn 0.000000 0.000000 -1.000000
vn 0.000000 0.000000 -1.000000
vn 0.000000 0.000000 -1.000000
vn 0.000000 0.000000 -1.000000
vn 0.000000 0.000000 -1.000000
vn 0.000000 0.000000 -1.000000
vn 0.000000 0.000000 -1.000000
vn 0.000000 0.000000 -1.000000
vn 0.000000 0.000000 -1.000000
vn 0.000000 0.000000 -1.000000
vn 0.000000 0.000000 -1.000000
vn 0.000000 1.000000 0.000001
vn 0.000000 1.000000 0.000001
vn 0.000000 1.000000 0.000001
vn 0.000000 1.000000 0.000001
vn 0.000000 1.000000 0.000001
vn 0.000000 1.000000 0.000001
vn 0.000000 1.000000 0.000000
vn 0.000000 1.000000 -0.000000
vn 0.000000 1.000000 -0.000000
vn 0.000000 1.000000 -0.000000
vn 0.000000 1.000000 0.000001
vn 0.000000 1.000000 0.000001
vn 0.000000 1.000000 0.000000
vn 0.000000 1.000000 0.000000
vn 0.000000 1.000000 0.000000
vn 0.000000 1.000000 0.000000
vn 0.000000 1.000000 -0.000000
vn 0.000000 1.000000 -0.000000
vn 0.000000 1.000000 0.000000
vn 0.000000 1.000000 -0.000000
vn 0.000000 1.000000 0.000000
vn 0.000000 1.000000 0.000000
vn 0.000000 1.000000 -0.000000
vn 0.000000 1.000000 -0.000000
vn -0.000023 1.000000 0.000281
vn -0.000023 1.000000 0.000284
vn -0.000005 1.000000 0.000057
vn -0.000030 1.000000 0.000365
vn 0.000000 1.000000 -0.000001
vn 0.000000 1.000000 -0.000001
vn 0.000000 1.000000 -0.000000
vn 0.000000 1.000000 -0.000000
vn 0.000000 1.000000 0.000000
vn 0.000000 1.000000 0.000000
vn 0.000000 1.000000 0.000000
vn 0.000000 1.000000 0.000000
vn 0.000000 1.000000 0.000000
vn 0.000000 1.000000 0.000000
vn 0.000000 1.000000 0.000000
vn 0.000000 1.000000 0.000000
vn 0.000000 1.000000 0.000000
vn 0.000000 1.000000 0.000000
vn 0.000000 1.000000 0.000000
vn 0.000000 1.000000 0.000000
vn 0.000000 1.000000 0.000000
vn 0.000000 1.000000 0.000000
vn 0.000000 1.000000 0.000000
vn 0.000000 1.000000 0.000000
vn 0.000000 1.000000 0.000000
vn 0.000000 1.000000 0.000000
vn 0.000000 1.000000 0.000000
vn 0.000000 1.000000 0.000000
vn 0.000000 1.000000 -0.000001
vn 0.000000 1.000000 -0.000001
vn 0.000000 1.000000 -0.000001
vn 0.000000 1.000000 -0.000001
vn 0.000000 1.000000 0.000000
vn 0.000000 1.000000 0.000000
vn 0.000000 -1.000000 0.000000
vn 0.000000 -1.000000 0.000000
vn 0.000000 -1.000000 0.000000
vn 0.000000 -1.000000 0.000000
vn 0.000000 -1.000000 0.000000
vn 0.000000 -1.000000 0.000000
vn 0.000000 -1.000000 0.000000
vn 0.000000 -1.000000 0.000000
vn 0.000000 -1.000000 0.000000
vn 0.000000 -1.000000 0.000000
vn 0.000000 -1.000000 0.000000
vn 0.000000 -1.000000 0.000000
vn 0.000000 -1.000000 0.000000
vn 0.000000 -1.000000 0.000000
vn 0.000000 -1.000000 0.000000
vn 0.000000 -1.000000 0.000000
vn 0.000000 -1.000000 0.000000
vn 0.000000 -1.000000 0.000000
vn 0.000000 -1.000000 0.000000
vn 0.000000 -1.000000 0.000000
vn 0.000000 -1.000000 -0.000000
vn 0.000000 -1.000000 -0.000000
vn 0.000000 -1.000000 0.000000
vn 0.000000 -1.000000 0.000000
vn 0.000023 -1.000000 -0.000284
vn 0.000023 -1.000000 -0.000281
vn 0.000030 -1.000000 -0.000365
vn 0.000005 -1.000000 -0.000058
vn 0.000000 -1.000000 0.000000
vn 0.000000 -1.000000 0.000000
vn 0.000000 -1.000000 0.000000
vn 0.000000 -1.000000 0.000000
vn 0.000000 -1.000000 0.000000
vn 0.000000 -1.000000 0.000000
vn 0.000000 -1.000000 0.000000
vn 0.000000 -1.000000 0.000000
vn 0.000000 -1.000000 0.000000
vn 0.000000 -1.000000 0.000000
vn 0.000000 -1.000000 0.000000
vn 0.000000 -1.000000 0.000000
vn 0.000000 -1.000000 0.000000
vn 0.000000 -1.000000 0.000000
vn 0.000000 -1.000000 0.000000
vn 0.000000 -1.000000 0.000000
vn 0.000000 -1.000000 0.000000
vn 0.000000 -1.000000 0.000000
vn 0.000000 -1.000000 0.000000
vn 0.000000 -1.000000 0.000000
vn 0.000000 -1.000000 0.000000
vn 0.000000 -1.000000 0.000000
vn 0.000000 -1.000000 0.000000
vn 0.000000 -1.000000 0.000000
vn 0.000000 -1.000000 -0.000000
vn 0.000000 -1.000000 -0.000000
vn 0.000000 -1.000000 -0.000000
vn 0.000000 -1.000000 -0.000000
vn 0.000000 -1.000000 0.000000
vn 0.000000 -1.000000 0.000000
vn -0.017774 0.000000 0.999842
vn -0.017774 0.000000 0.999842
vn -0.017774 0.000000 0.999842
vn -0.017774 0.000000 0.999842
vn 0.066540 0.000000 0.997784
vn 0.066540 0.000000 0.997784
vn 0.066540 0.000000 0.997784
vn 0.066540 0.000000 0.997784
vn 0.195090 0.000000 0.980785
vn 0.195090 0.000000 0.980785
vn 0.195090 0.000000 0.980785
vn 0.195090 0.000000 0.980785
vn 0.321448 0.000000 0.946927
vn 0.321448 0.000000 0.946927
vn 0.321448 0.000000 0.946927
vn 0.321448 0.000000 0.946927
vn 0.442294 0.000000 0.896870
vn 0.442294 0.000000 0.896870
vn 0.442294 0.000000 0.896870
vn 0.442294 0.000000 0.896870
vn 0.555577 0.000000 0.831465
vn 0.555577 0.000000 0.831465
vn 0.555577 0.000000 0.831465
vn 0.555577 0.000000 0.831465
vn 0.659333 0.000000 0.751851
vn 0.659333 0.000000 0.751851
vn 0.659333 0.000000 0.751851
vn 0.659333 0.000000 0.751851
vn 0.751828 0.000000 0.659360
vn 0.751828 0.000000 0.659360
vn 0.751828 0.000000 0.659360
vn 0.751828 0.000000 0.659360
vn 0.831464 0.000000 0.555579
vn 0.831464 0.000000 0.555579
vn 0.831464 0.000000 0.555579
vn 0.831464 0.000000 0.555579
vn 0.896892 0.000000 0.442250
vn 0.896892 0.000000 0.442250
vn 0.896892 0.000000 0.442250
vn 0.896892 0.000000 0.442250
vn 0.946936 0.000000 0.321423
vn 0.946936 0.000000 0.321423
vn 0.946936 0.000000 0.321423
vn 0.946936 0.000000 0.321423
vn 0.980782 0.000000 0.195108
vn 0.980782 0.000000 0.195108
vn 0.980782 0.000000 0.195108
vn 0.980782 0.000000 0.195108
vn 0.998889 0.000000 0.047135
vn 0.998889 0.000000 0.047135
vn 0.998889 0.000000 0.047135
vn 0.998889 0.000000 0.047135
vn -0.000000 0.000000 -1.000000
vn -0.000000 0.000000 -1.000000
vn -0.000000 0.000000 -1.000000
vn -0.000000 0.000000 -1.000000
vn -1.000000 0.000000 0.000001
vn -1.000000 0.000000 0.000001
vn -1.000000 0.000000 0.000001
vn -1.000000 0.000000 0.000001
vn -1.000000 0.000000 0.000000
vn -1.000000 0.000000 0.000000
vn -1.000000 0.000000 0.000000
vn -1.000000 0.000000 0.000000
vn -1.000000 0.000000 0.000000
vn -1.000000 0.000000 0.000000
vn -1.000000 0.000000 0.000000
vn -1.000000 0.000000 0.000000
vn -1.000000 0.000000 0.000000
vn -1.000000 0.000000 0.000000
vn -1.000000 0.000000 0.000000
vn -1.000000 0.000000 0.000000
vn -1.000000 0.000000 0.000000
vn -1.000000 0.000000 0.000000
vn -1.000000 0.000000 0.000000
vn -1.000000 0.000000 0.000000
vn -1.000000 0.000000 -0.000000
vn -1.000000 0.000000 -0.000000
vn -1.000000 0.000000 -0.000000
vn -1.000000 0.000000 -0.000000
vn -1.000000 0.000000 0.000000
vn -1.000000 0.000000 0.000000
vn -1.000000 0.000000 0.000000
vn -1.000000 0.000000 0.000000
vn -1.000000 0.000000 0.000000
vn -1.000000 0.000000 0.000000
vn -1.000000 0.000000 0.000000
vn -1.000000 0.000000 0.000000
vn -1.000000 0.000000 0.000000
vn -1.000000 0.000000 0.000000
vn -1.000000 0.000000 0.000000
vn -1.000000 0.000000 0.000000
vn -1.000000 0.000000 0.000000
vn -1.000000 0.000000 0.000000
vn -1.000000 0.000000 0.000000
vn -1.000000 0.000000 0.000000
vn 0.000000 0.000000 -1.000000
vn 0.000000 0.000000 -1.000000
vn 0.000000 0.000000 -1.000000
vn 0.000000 0.000000 -1.000000
vn 0.000000 0.000000 -1.000000
vn 0.000000 0.000000 -1.000000
vn 0.000000 0.000000 -1.000000
vn 0.000000 0.000000 -1.000000
vn 0.000000 0.000000 -1.000000
vn 0.000000 0.000000 -1.000000
vn 0.000000 0.000000 -1.000000
vn 0.000000 0.000000 -1.000000
vn 0.000000 1.000000 0.000000
vn 0.000000 1.000000 0.000000
vn 0.000000 1.000000 0.000000
vn 0.000000 1.000000 0.000000
vn 0.000000 1.000000 0.000000
vn 0.000000 1.000000 0.000000
vn 0.000000 1.000000 0.000000
vn 0.000000 1.000000 0.000000
vn 0.000000 1.000000 0.000000
vn 0.000000 1.000000 0.000000
vn 0.000000 1.000000 0.000000
vn 0.000000 1.000000 0.000000
vn 0.000000 1.000000 0.000000
vn 0.000000 1.000000 0.000000
vn 0.000000 1.000000 0.000000
vn 0.000000 1.000000 0.000000
vn 0.000000 1.000000 -0.000000
vn 0.000000 1.000000 -0.000000
vn 0.000000 1.000000 0.000000
vn 0.000000 1.000000 0.000000
vn 0.000000 1.000000 -0.000000
vn 0.000000 1.000000 -0.000000
vn 0.000000 1.000000 -0.000000
vn 0.000000 1.000000 -0.000000
vn -0.000023 1.000000 0.000281
vn -0.000023 1.000000 0.000284
vn -0.000005 1.000000 0.000057
vn -0.000030 1.000000 0.000365
vn 0.000000 1.000000 0.000000
vn 0.000000 1.000000 0.000000
vn 0.000000 1.000000 0.000000
vn 0.000000 1.000000 0.000000
vn 0.000000 1.000000 0.000000
vn 0.000000 1.000000 0.000000
vn 0.000000 1.000000 0.000000
vn 0.000000 1.000000 0.000000
vn 0.000000 1.000000 0.000000
vn 0.000000 1.000000 0.000000
vn 0.000000 1.000000 0.000000
vn 0.000000 1.000000 0.000000
vn 0.000000 1.000000 0.000000
vn 0.000000 1.000000 0.000000
vn 0.000000 1.000000 0.000000
vn 0.000000 1.000000 0.000000
vn 0.000000 1.000000 0.000000
vn 0.000000 1.000000 0.000000
vn 0.000000 1.000000 0.000000
vn 0.000000 1.000000 0.000000
vn 0.000000 1.000000 0.000000
vn 0.000000 1.000000 0.000000
vn 0.000000 1.000000 0.000000
vn 0.000000 1.000000 0.000000
vn 0.000000 1.000000 0.000000
vn 0.000000 1.000000 0.000000
vn 0.000000 1.000000 -0.000000
vn 0.000000 1.000000 -0.000000
vn 0.000000 1.000000 -0.000000
vn 0.000000 1.000000 -0.000000
vn 0.000000 0.000000 -1.000000
vn 0.000000 0.000000 -1.000000
vn 0.000000 0.000000 -1.000000
vn 0.000000 0.000000 -1.000000
vn 0.991322 0.000000 0.131459
vn 0.997810 0.000000 0.066150
vn 0.997810 0.000000 0.066150
vn 0.991322 0.000000 0.131459
vn 0.965926 0.000000 0.258818
vn 0.965926 0.000000 0.258818
vn 0.923891 0.000000 0.382655
vn 0.923891 0.000000 0.382655
vn 0.866033 -0.000000 0.499987
vn 0.866033 -0.000000 0.499987
vn 0.793344 -0.000000 0.608773
vn 0.793344 -0.000000 0.608773
vn 0.707095 0.000000 0.707119
vn 0.707095 0.000000 0.707119
vn 0.608758 0.000000 0.793356
vn 0.608758 0.000000 0.793356
vn 0.500006 0.000000 0.866022
vn 0.500006 0.000000 0.866022
vn 0.258822 0.000000 0.965925
vn 0.382691 0.000000 0.923876
vn 0.382691 0.000000 0.923876
vn 0.258822 0.000000 0.965925
vn 0.131830 0.000000 0.991272
vn 0.131830 0.000000 0.991272
vn 0.000000 0.000000 -1.000000
vn 0.000000 0.000000 -1.000000
vn 0.000000 0.000000 -1.000000
vn 0.000000 0.000000 -1.000000
vn -0.011136 0.000000 0.999938
vn -0.011136 0.000000 0.999938
vn -1.000000 0.000000 0.000000
vn -1.000000 0.000000 0.000001
vn -1.000000 0.000000 0.000001
vn -1.000000 0.000000 0.000000
vn -1.000000 0.000000 0.000000
vn -1.000000 0.000000 0.000000
vn -1.000000 0.000000 0.000000
vn -1.000000 0.000000 0.000000
vn -1.000000 0.000000 0.000000
vn -1.000000 0.000000 0.000000
vn -1.000000 0.000000 0.000000
vn -1.000000 0.000000 0.000000
vn -1.000000 0.000000 0.000000
vn -1.000000 0.000000 0.000000
vn -1.000000 0.000000 0.000000
vn -1.000000 0.000000 0.000000
vn -1.000000 0.000000 0.000001
vn -1.000000 0.000000 0.000001
vn 0.000000 0.000000 -1.000000
vn 0.000000 0.000000 -1.000000
vn -1.000000 0.000000 -0.000000
vn -1.000000 0.000000 -0.000000
vn -1.000000 0.000000 -0.000000
vn -1.000000 0.000000 -0.000000
vn -1.000000 0.000000 0.000001
vn -1.000000 0.000000 0.000001
vn -0.017774 0.000000 0.999842
vn -0.017774 0.000000 0.999842
vn 0.000000 -1.000000 0.000000
vn 0.000000 -1.000000 0.000000
vn 0.000000 -1.000000 0.000000
vn 0.000000 -1.000000 0.000000
vn 0.000000 1.000000 0.000000
vn 0.000000 1.000000 0.000000
vn -0.000198 -1.000000 -0.000167
vn -0.000497 -1.000000 -0.000086
vn -0.000041 -1.000000 -0.000190
vn -0.000197 -1.000000 -0.000166
vn 0.000000 1.000000 0.000000
vn 0.000000 1.000000 0.000001
vn 0.000000 -1.000000 0.000000
vn 0.000000 -1.000000 -0.000000
vn 0.000000 1.000000 -0.000001
vn 0.000000 -1.000000 -0.000001
vn 0.000000 -1.000000 -0.000001
vn 0.000000 1.000000 0.000000
vn 0.000000 -1.000000 0.000000
vn 0.000000 -1.000000 0.000000
vn 0.000000 1.000000 0.000000
vn 0.000000 -1.000000 0.000000
vn 0.000000 -1.000000 0.000000
vn 0.000000 1.000000 0.000000
vn 0.000000 -1.000000 0.000000
vn 0.000000 -1.000000 0.000000
vn 0.000000 1.000000 0.000001
vn 0.000000 -1.000000 -0.000000
vn 0.000000 -1.000000 -0.000000
vn 0.000000 1.000000 0.000001
vn 0.000000 -1.000000 -0.000000
vn 0.000000 -1.000000 -0.000000
vn 0.000000 1.000000 0.000000
vn 0.000000 -1.000000 0.000000
vn 0.000000 -1.000000 0.000000
vn 0.000000 -1.000000 0.000000
vn 0.000000 -1.000000 0.000000
vn 0.000000 1.000000 -0.000001
vn 0.000000 1.000000 -0.000000
vn 0.000000 -1.000000 0.000001
vn 0.000000 -1.000000 0.000001
vn 0.000000 1.000000 -0.000001
vn 0.000000 -1.000000 0.000000
vn 0.000000 -1.000000 0.000000
vn 0.000000 1.000000 0.000000
vn 0.000000 -1.000000 -0.000002
vn 0.000000 -1.000000 -0.000002
vn 0.000000 1.000000 0.000000
vn 0.000000 -1.000000 0.000000
vn 0.000000 -1.000000 0.000000
vn 0.000000 1.000000 -0.000002
vn 0.000000 -1.000000 0.000000
vn 0.000000 -1.000000 0.000000
vn 0.000000 -1.000000 0.000000
vn 0.000000 -1.000000 0.000000
vn 0.000000 1.000000 0.000000
vn 0.000000 1.000000 0.000000
vn 0.000000 -1.000000 0.000000
vn 0.000000 -1.000000 0.000000
vn 0.000000 1.000000 0.000000
vn 0.000000 -1.000000 0.000000
vn 0.000000 -1.000000 0.000000
vn 0.000000 1.000000 0.000000
vn 0.000000 -1.000000 0.000000
vn 0.000000 -1.000000 0.000000
vn 0.000000 1.000000 0.000000
vn 0.000000 -1.000000 0.000000
vn 0.000000 -1.000000 0.000000
vn 0.000000 1.000000 0.000000
vn 0.000000 -1.000000 0.000000
vn 0.000000 -1.000000 0.000000
vn 0.000000 1.000000 0.000000
vn 0.000000 -1.000000 0.000000
vn 0.000000 -1.000000 0.000000
vn 0.000000 1.000000 0.000000
vn 0.000000 -1.000000 0.000001
vn 0.000000 -1.000000 0.000001
vn -0.000000 1.000000 0.000001
vn 0.000000 -1.000000 -0.000001
vn 0.000000 -1.000000 -0.000001
vn 0.000000 1.000000 -0.000000
vn 0.000000 -1.000000 -0.000000
vn 0.000000 -1.000000 -0.000000
vn 0.000000 1.000000 -0.000000
vn 0.000000 -1.000000 0.000000
vn 0.000000 -1.000000 0.000000
vn 0.000000 1.000000 -0.000002
vn 0.000001 0.000000 1.000000
vn 0.000000 0.000000 1.000000
vn 0.000000 0.000000 1.000000
vn 0.000001 0.000000 1.000000
vn 0.000000 0.000000 1.000000
vn 0.000000 0.000000 1.000000
vn 0.000000 0.000000 1.000000
vn 0.000000 0.000000 1.000000
vn 0.000000 0.000000 1.000000
vn 0.000000 0.000000 1.000000
vn 0.000000 0.000000 1.000000
vn 0.000000 0.000000 1.000000
vn -0.000000 -0.000000 1.000000
vn -0.000007 -0.000001 1.000000
vn -0.000007 -0.000001 1.000000
vn -0.000000 -0.000000 1.000000
vn 0.000000 1.000000 0.000000
vn 0.000000 1.000000 0.000000
vn 0.000000 1.000000 0.000000
vn 0.000000 1.000000 0.000000
vn 0.000000 -1.000000 0.000000
vn 0.000000 -1.000000 0.000000
vn 0.000000 -1.000000 0.000002
vn 0.000000 -1.000000 0.000002
vn 0.000000 0.000000 -1.000000
vn 0.000000 0.000000 -1.000000
vn 0.000000 0.000000 -1.000000
vn 0.000000 0.000000 -1.000000
vn 0.000000 1.000000 0.000000
vn 0.000000 1.000000 0.000000
vn 0.000000 1.000000 -0.000001
vn 0.000000 1.000000 -0.000001
vn -0.000000 -0.000000 -1.000000
vn -0.000000 -0.000000 -1.000000
vn -0.000000 -0.000000 -1.000000
vn -0.000000 -0.000000 -1.000000
vn 0.000002 0.000000 -1.000000
vn 0.000002 0.000000 -1.000000
vn 0.000000 0.000000 -1.000000
vn 0.000000 0.000000 -1.000000
vn 0.000002 -0.000000 -1.000000
vn 0.000002 -0.000000 -1.000000
vn 0.000000 -0.000000 -1.000000
vn 0.000000 -0.000000 -1.000000
vn 0.000002 0.000000 -1.000000
vn 0.000002 0.000000 -1.000000
vn 0.000000 0.000000 -1.000000
vn 0.000000 0.000000 -1.000000
vn 0.000000 -1.000000 0.000001
vn 0.000000 -1.000000 0.000001
vn 0.000000 -1.000000 0.000001
vn 0.000000 -1.000000 0.000001
vn 0.000000 0.000000 -1.000000
vn 0.000000 0.000000 -1.000000
vn 0.000000 0.000000 -1.000000
vn 0.000000 0.000000 -1.000000
vn 0.000000 1.000000 0.000000
vn 0.000000 1.000000 0.000000
vn 0.000000 1.000000 -0.000001
vn 0.000000 1.000000 -0.000001
vn 0.000000 -1.000000 0.000000
vn 0.000000 -1.000000 0.000000
vn 0.000000 -1.000000 0.000000
vn 0.000000 -1.000000 0.000000
vn 0.000009 0.000000 -1.000000
vn 0.000009 0.000000 -1.000000
vn 0.000009 0.000000 -1.000000
vn 0.000009 0.000000 -1.000000
vn 0.000000 1.000000 0.000000
vn 0.000000 1.000000 0.000000
vn 0.000000 1.000000 0.000000
vn 0.000000 1.000000 0.000000
vn 0.000000 -1.000000 0.000000
vn 0.000000 -1.000000 0.000000
vn 0.000000 -1.000000 0.000000
vn 0.000000 -1.000000 0.000000
vn 0.000000 1.000000 0.000000
vn 0.000000 1.000000 0.000000
vn 0.000000 1.000000 0.000000
vn 0.000000 0.000000 -1.000000
vn 0.000000 0.000000 -1.000000
vn 0.000000 0.000000 -1.000000
vn 0.000000 0.000000 -1.000000
vn 0.000000 0.000000 1.000000
vn 0.000000 0.000000 1.000000
vn 0.000000 0.000000 1.000000
vn 0.000000 0.000000 1.000000
vn 0.000000 0.000000 1.000000
vn 0.000000 0.000000 1.000000
vn 0.000000 0.000000 1.000000
vn 0.000000 0.000000 1.000000
vn 0.000000 0.000000 1.000000
vn 0.000000 0.000000 1.000000
vn 0.000000 0.000000 1.000000
vn 0.000000 0.000000 1.000000
vn 0.000000 1.000000 -0.000000
vn 0.000000 1.000000 0.000000
vn 0.000000 -0.000002 1.000000
vn 0.000000 -0.000002 1.000000
vn 0.000000 -0.000002 1.000000
vn 0.000000 -0.000002 1.000000
vn -0.000000 -0.000000 -1.000000
vn -0.000000 -0.000000 -1.000000
vn -0.000000 0.000000 1.000000
vn -0.000000 0.000000 1.000000
vn -0.000000 0.000000 -1.000000
vn -0.000000 0.000000 -1.000000
vn 0.000000 0.000000 1.000000
vn 0.000000 0.000000 1.000000
vn -0.000000 0.000000 -1.000000
vn -0.000000 0.000000 -1.000000
vn 0.000000 0.000000 1.000000
vn 0.000000 0.000000 1.000000
vn 0.000000 -0.000000 -1.000000
vn 0.000000 -0.000000 -1.000000
vn 0.000000 -0.000000 -1.000000
vn 0.000000 -0.000000 -1.000000
vn 0.000000 -0.000000 1.000000
vn 0.000000 -0.000000 1.000000
vn 0.000000 -1.000000 -0.000000
vn 0.000000 -1.000000 -0.000000
vn 0.000000 0.000000 -1.000000
vn 0.000000 0.000000 -1.000000
vn 0.000000 1.000000 -0.000000
vn 0.000000 -1.000000 0.000002
vn 0.000000 -1.000000 0.000002
vn 0.000000 0.000000 -1.000000
vn 0.000000 0.000000 -1.000000
vn 0.000000 1.000000 -0.000001
vn 0.000000 1.000000 -0.000001
vn 0.000000 -1.000000 0.000001
vn 0.000000 -1.000000 0.000001
vn 0.000000 0.000000 -1.000000
vn 0.000000 0.000000 -1.000000
vn 0.000000 1.000000 -0.000001
vn 0.000000 1.000000 -0.000001
vn 0.000006 0.999999 -0.001076
vn 0.000132 1.000000 -0.000923
vn -0.000627 -1.000000 0.000118
vn -0.000021 -1.000000 -0.000178
vn 0.999591 0.000000 0.028581
vn 0.999591 0.000000 0.028581
vn -0.000006 1.000000 -0.001076
vn -0.000000 1.000000 -0.000892
vn 0.000000 -1.000000 0.000000
vn 0.000000 -1.000000 -0.000002
vn 0.999465 0.000000 0.032711
vn 0.999465 0.000000 0.032711
vn 0.000000 1.000000 0.000000
vn 0.000000 1.000000 -0.000000
vn 0.000000 1.000000 0.000000
vn 0.000005 1.000000 0.000057
vn 0.000000 -1.000000 0.000000
vn 0.000000 -1.000000 0.000000
vn 0.999465 0.000000 0.032711
vn 0.999465 0.000000 0.032711
vn 0.000000 1.000000 0.000000
vn 0.000000 1.000000 0.000000
vn 0.000000 1.000000 0.000000
vn 0.000005 1.000000 0.000057
vn 0.000000 -1.000000 0.000000
vn 0.000000 -1.000000 -0.000001
vn 0.999864 -0.001854 0.016362
vn 0.999864 -0.001854 0.016362
vn -1.000000 0.000000 0.000000
vn -1.000000 0.000000 0.000000
vn -1.000000 0.000000 0.000000
vn -1.000000 0.000000 0.000000
vn -1.000000 0.000000 0.000000
vn -1.000000 0.000000 0.000000
vn 0.000000 1.000000 0.000000
vn 0.000000 1.000000 0.000000
vn 0.000000 1.000000 0.000000
vn 0.000000 1.000000 0.000000
vn 0.000000 1.000000 0.000000
vn 0.000000 1.000000 0.000000
vn 0.000051 -1.000000 0.000036
vn 0.000051 -1.000000 0.000036
vn 0.000051 -1.000000 0.000036
vn 0.000051 -1.000000 0.000036
vn 0.000000 -1.000000 0.000036
vn 0.000000 -1.000000 0.000036
vn 0.000000 -1.000000 0.000036
vn 0.000000 -1.000000 0.000036
vn -0.000000 1.000000 0.000000
vn -0.000000 1.000000 -0.000000
vn -0.000000 1.000000 -0.000000
vn -0.000000 1.000000 -0.000000
vn 0.000000 1.000000 0.000000
vn 0.000000 1.000000 0.000000
vn -0.000000 1.000000 0.000002
vn -0.000000 1.000000 0.000002
vn 0.000000 1.000000 -0.000000
vn 0.000000 1.000000 -0.000000
vn 0.000000 1.000000 -0.000000
vn 0.000000 1.000000 0.000000
vn 0.000000 1.000000 0.000000
vn 0.000000 1.000000 -0.000000
vn 0.000000 1.000000 -0.000000
vn 0.000000 1.000000 0.000000
vn 0.000000 1.000000 0.000002
vn 0.000000 1.000000 0.000001
vn 0.000000 1.000000 -0.000000
vn 0.000000 1.000000 -0.000001
vn 0.000000 1.000000 -0.000001
vn 0.000000 1.000000 -0.000001
vn 0.000000 1.000000 -0.000001
vn 0.000000 1.000000 -0.000001
vn 0.000000 1.000000 0.000000
vn 0.000000 1.000000 0.000000
vn 0.000000 1.000000 0.000000
vn 0.000000 1.000000 0.000000
vn 0.000000 1.000000 0.000000
vn 0.000000 1.000000 0.000000
vn 0.000000 1.000000 0.000000
vn 0.000000 1.000000 0.000000
vn 0.000000 1.000000 0.000000
vn -0.000000 1.000000 0.000001
vn -0.000000 1.000000 -0.000000
vn 0.000000 1.000000 -0.000000
vn 0.000000 1.000000 0.000000
vn 0.000000 1.000000 0.000000
vn 0.000000 1.000000 0.000000
vn 0.000000 1.000000 0.000000
vn 0.000000 1.000000 0.000000
vn 0.000000 1.000000 0.000000
vn 0.000000 1.000000 0.000000
vn 0.000000 1.000000 0.000000
vn -0.000000 1.000000 0.000001
vn -0.000000 1.000000 0.000000
vn 0.000000 1.000000 -0.000000
vn 0.000000 1.000000 0.000000
vn 0.000000 1.000000 0.000000
vn 0.000000 1.000000 0.000000
vn 0.000000 1.000000 0.000000
vn 0.000000 1.000000 0.000000
vn 0.000000 1.000000 0.000000
vn 0.000000 1.000000 0.000000
vn 0.000000 1.000000 0.000000
vn 0.000000 1.000000 0.000000
vn -0.000000 1.000000 0.000001
vn -0.000000 1.000000 0.000000
vn -0.000000 1.000000 -0.000000
vn 0.000000 1.000000 0.000000
vn 0.000000 -1.000000 0.000000
vn 0.000000 -1.000000 0.000000
vn 0.000000 -1.000000 -0.000000
vn 0.000000 -1.000000 -0.000000
vn 0.000000 -1.000000 -0.000001
vn 0.000000 -1.000000 -0.000001
vn 0.000000 -1.000000 0.000000
vn 0.000000 -1.000000 0.000000
vn 0.000000 -1.000000 0.000000
vn 0.000000 -1.000000 0.000000
vn 0.000000 -1.000000 0.000001
vn 0.000000 -1.000000 0.000001
vn 0.000000 -1.000000 0.000001
vn 0.000000 -1.000000 0.000001
vn 0.000000 -1.000000 0.000001
vn 0.000000 -1.000000 0.000001
vn 0.000000 -1.000000 0.000001
vn 0.000000 -1.000000 0.000001
vn 0.000000 -1.000000 0.000001
vn 0.000000 -1.000000 0.000001
vn 0.000000 -1.000000 0.000000
vn 0.000000 -1.000000 0.000000
vn 0.000000 -1.000000 -0.000001
vn 0.000000 -1.000000 -0.000001
vn -0.000023 -1.000000 -0.000281
vn -0.000023 -1.000000 -0.000284
vn -0.000005 -1.000000 -0.000058
vn -0.000030 -1.000000 -0.000364
vn 0.000000 -1.000000 0.000000
vn 0.000000 -1.000000 0.000000
vn 0.000000 -1.000000 0.000000
vn 0.000000 -1.000000 0.000000
vn 0.000000 -1.000000 0.000000
vn 0.000000 -1.000000 0.000000
vn 0.000000 -1.000000 0.000000
vn 0.000000 -1.000000 0.000000
vn 0.000000 -1.000000 0.000000
vn 0.000000 -1.000000 0.000000
vn 0.000000 -1.000000 0.000000
vn 0.000000 -1.000000 0.000000
vn 0.000000 -1.000000 0.000000
vn 0.000000 -1.000000 0.000000
vn -0.000000 -1.000000 -0.000001
vn -0.000000 -1.000000 -0.000001
vn 0.000000 -1.000000 0.000000
vn 0.000000 -1.000000 0.000000
vn 0.000000 -1.000000 0.000000
vn 0.000000 -1.000000 0.000000
vn 0.000000 -1.000000 0.000000
vn 0.000000 -1.000000 0.000000
vn 0.000000 -1.000000 0.000000
vn 0.000000 -1.000000 0.000000
vn 0.000000 -1.000000 0.000000
vn 0.000000 -1.000000 0.000000
vn 0.000000 -1.000000 0.000000
vn 0.000000 -1.000000 0.000000
vn 0.000000 -1.000000 0.000000
vn 0.000000 -1.000000 0.000000
vn 0.017774 0.000000 0.999842
vn 0.017774 0.000000 0.999842
vn 0.017774 0.000000 0.999842
vn 0.017774 0.000000 0.999842
vn -0.066540 0.000000 0.997784
vn -0.066540 0.000000 0.997784
vn -0.066540 0.000000 0.997784
vn -0.066540 0.000000 0.997784
vn -0.195091 0.000000 0.980785
vn -0.195091 0.000000 0.980785
vn -0.195091 0.000000 0.980785
vn -0.195091 0.000000 0.980785
vn -0.321448 0.000000 0.946927
vn -0.321448 0.000000 0.946927
vn -0.321448 0.000000 0.946927
vn -0.321448 0.000000 0.946927
vn -0.442293 0.000000 0.896870
vn -0.442293 0.000000 0.896870
vn -0.442293 0.000000 0.896870
vn -0.442293 0.000000 0.896870
vn -0.555577 0.000000 0.831465
vn -0.555577 0.000000 0.831465
vn -0.555577 0.000000 0.831465
vn -0.555577 0.000000 0.831465
vn -0.659333 0.000000 0.751851
vn -0.659333 0.000000 0.751851
vn -0.659333 0.000000 0.751851
vn -0.659333 0.000000 0.751851
vn -0.751827 0.000000 0.659361
vn -0.751827 0.000000 0.659361
vn -0.751827 0.000000 0.659361
vn -0.751827 0.000000 0.659361
vn -0.831464 0.000000 0.555578
vn -0.831464 0.000000 0.555578
vn -0.831464 0.000000 0.555578
vn -0.831464 0.000000 0.555578
vn -0.896892 0.000000 0.442250
vn -0.896892 0.000000 0.442250
vn -0.896892 0.000000 0.442250
vn -0.896892 0.000000 0.442250
vn -0.946936 0.000000 0.321423
vn -0.946936 0.000000 0.321423
vn -0.946936 0.000000 0.321423
vn -0.946936 0.000000 0.321423
vn -0.980782 0.000000 0.195107
vn -0.980782 0.000000 0.195107
vn -0.980782 0.000000 0.195107
vn -0.980782 0.000000 0.195107
vn -0.998889 0.000000 0.047136
vn -0.998889 0.000000 0.047136
vn -0.998889 0.000000 0.047136
vn -0.998889 0.000000 0.047136
vn 0.000000 0.000000 -1.000000
vn 0.000000 0.000000 -1.000000
vn 0.000000 0.000000 -1.000000
vn 0.000000 0.000000 -1.000000
vn 1.000000 0.000000 0.000001
vn 1.000000 0.000000 0.000001
vn 1.000000 0.000000 0.000001
vn 1.000000 0.000000 0.000001
vn 1.000000 0.000000 0.000000
vn 1.000000 0.000000 0.000000
vn 1.000000 0.000000 0.000000
vn 1.000000 0.000000 0.000000
vn 1.000000 0.000000 0.000000
vn 1.000000 0.000000 0.000000
vn 1.000000 0.000000 0.000000
vn 1.000000 0.000000 0.000000
vn 1.000000 0.000000 0.000000
vn 1.000000 0.000000 0.000000
vn 1.000000 0.000000 0.000000
vn 1.000000 0.000000 0.000000
vn 1.000000 0.000000 0.000000
vn 1.000000 0.000000 0.000000
vn 1.000000 0.000000 0.000000
vn 1.000000 0.000000 0.000000
vn 1.000000 0.000000 -0.000000
vn 1.000000 0.000000 -0.000000
vn 1.000000 0.000000 -0.000000
vn 1.000000 0.000000 -0.000000
vn 1.000000 0.000000 0.000000
vn 1.000000 0.000000 0.000000
vn 1.000000 0.000000 0.000000
vn 1.000000 0.000000 0.000000
vn 1.000000 0.000000 0.000000
vn 1.000000 0.000000 0.000000
vn 1.000000 0.000000 0.000000
vn 1.000000 0.000000 0.000000
vn 1.000000 0.000000 0.000000
vn 1.000000 0.000000 0.000000
vn 1.000000 0.000000 0.000000
vn 1.000000 0.000000 0.000000
vn 1.000000 0.000000 0.000000
vn 1.000000 0.000000 0.000000
vn 1.000000 0.000000 0.000000
vn 1.000000 0.000000 0.000000
vn -0.000000 0.000000 -1.000000
vn -0.000000 0.000000 -1.000000
vn -0.000000 0.000000 -1.000000
vn -0.000000 0.000000 -1.000000
vn 0.000000 0.000000 -1.000000
vn 0.000000 0.000000 -1.000000
vn 0.000000 0.000000 -1.000000
vn 0.000000 0.000000 -1.000000
vn 0.000000 0.000000 -1.000000
vn 0.000000 0.000000 -1.000000
vn 0.000000 0.000000 -1.000000
vn 0.000000 0.000000 -1.000000
vn 0.000000 1.000000 0.000001
vn 0.000000 1.000000 0.000001
vn 0.000000 1.000000 0.000001
vn 0.000000 1.000000 0.000001
vn 0.000000 1.000000 0.000000
vn 0.000000 1.000000 0.000000
vn 0.000000 1.000000 0.000000
vn 0.000000 1.000000 0.000000
vn 0.000000 1.000000 -0.000000
vn 0.000000 1.000000 -0.000000
vn 0.000000 1.000000 0.000000
vn 0.000000 1.000000 0.000000
vn 0.000000 1.000000 0.000001
vn 0.000000 1.000000 0.000001
vn 0.000000 1.000000 -0.000000
vn 0.000000 1.000000 -0.000000
vn 0.000000 1.000000 0.000000
vn 0.000000 1.000000 0.000000
vn 0.000000 1.000000 0.000000
vn 0.000000 1.000000 -0.000000
vn 0.000000 1.000000 -0.000001
vn 0.000000 1.000000 -0.000001
vn 0.000000 1.000000 -0.000001
vn 0.000000 1.000000 -0.000001
vn 0.000023 1.000000 0.000283
vn 0.000023 1.000000 0.000280
vn -0.000002 1.000000 0.000139
vn 0.000000 1.000000 0.000000
vn -0.000000 1.000000 0.000000
vn -0.000000 1.000000 0.000000
vn 0.000000 1.000000 0.000000
vn 0.000000 1.000000 0.000000
vn 0.000000 1.000000 0.000000
vn 0.000000 1.000000 0.000000
vn 0.000000 1.000000 0.000000
vn 0.000000 1.000000 0.000000
vn 0.000000 1.000000 0.000000
vn 0.000000 1.000000 0.000000
vn 0.000000 1.000000 0.000000
vn 0.000000 1.000000 0.000000
vn 0.000000 1.000000 0.000000
vn 0.000000 1.000000 0.000000
vn 0.000000 1.000000 0.000000
vn -0.000000 1.000000 0.000000
vn -0.000000 1.000000 0.000000
vn 0.000000 1.000000 0.000000
vn 0.000000 1.000000 0.000000
vn 0.000000 1.000000 0.000000
vn 0.000000 1.000000 0.000000
vn 0.000000 1.000000 0.000000
vn 0.000000 1.000000 0.000000
vn 0.000000 1.000000 0.000000
vn 0.000000 1.000000 0.000000
vn 0.000000 1.000000 0.000000
vn 0.000000 1.000000 0.000000
vn 0.000000 1.000000 -0.000000
vn 0.000000 1.000000 -0.000000
vn -0.000065 -1.000000 0.000018
vn -0.000064 -1.000000 0.000018
vn -0.000054 -1.000000 0.000016
vn -0.000055 -1.000000 0.000015
vn 0.000000 0.000000 1.000000
vn 0.000000 0.000000 1.000000
vn 0.000000 0.000000 1.000000
vn 0.000000 0.000000 1.000000
vn -0.065401 0.000000 0.997859
vn -0.065401 0.000000 0.997859
vn -0.065401 0.000000 0.997859
vn -0.065401 0.000000 0.997859
vn -0.195090 0.000000 0.980785
vn -0.195090 0.000000 0.980785
vn -0.195090 0.000000 0.980785
vn -0.195090 0.000000 0.980785
vn -0.321449 0.000000 0.946927
vn -0.321449 0.000000 0.946927
vn -0.321449 0.000000 0.946927
vn -0.321449 0.000000 0.946927
vn -0.442294 0.000000 0.896870
vn -0.442294 0.000000 0.896870
vn -0.442294 0.000000 0.896870
vn -0.442294 0.000000 0.896870
vn -0.555578 0.000000 0.831464
vn -0.555578 0.000000 0.831464
vn -0.555578 0.000000 0.831464
vn -0.555578 0.000000 0.831464
vn -0.659332 0.000000 0.751852
vn -0.659332 0.000000 0.751852
vn -0.659332 0.000000 0.751852
vn -0.659332 0.000000 0.751852
vn -0.751828 0.000000 0.659360
vn -0.751828 0.000000 0.659360
vn -0.751828 0.000000 0.659360
vn -0.751828 0.000000 0.659360
vn -0.831463 0.000000 0.555580
vn -0.831463 0.000000 0.555580
vn -0.831463 0.000000 0.555580
vn -0.831463 0.000000 0.555580
vn -0.896892 0.000000 0.442249
vn -0.896892 0.000000 0.442249
vn -0.896892 0.000000 0.442249
vn -0.896892 0.000000 0.442249
vn -0.946936 0.000000 0.321423
vn -0.946936 0.000000 0.321423
vn -0.946936 0.000000 0.321423
vn -0.946936 0.000000 0.321423
vn -0.980782 0.000000 0.195108
vn -0.980782 0.000000 0.195108
vn -0.980782 0.000000 0.195108
vn -0.980782 0.000000 0.195108
vn -0.998972 0.000000 0.045335
vn -0.998972 0.000000 0.045335
vn -0.999270 -0.000457 0.038206
vn -0.999270 -0.000456 0.038209
vn -0.000000 -0.000000 -1.000000
vn -0.000000 -0.000000 -1.000000
vn -0.000000 -0.000000 -1.000000
vn -0.000000 -0.000000 -1.000000
vn 1.000000 0.000000 0.000000
vn 1.000000 0.000000 0.000000
vn 1.000000 0.000000 0.000000
vn 1.000000 0.000000 0.000000
vn 1.000000 0.000000 0.000000
vn 1.000000 0.000000 0.000000
vn 1.000000 0.000000 0.000000
vn 1.000000 0.000000 0.000000
vn 1.000000 0.000000 0.000000
vn 1.000000 0.000000 0.000000
vn 1.000000 0.000000 0.000000
vn 1.000000 0.000000 0.000000
vn 1.000000 0.000000 0.000000
vn 1.000000 0.000000 0.000000
vn 1.000000 0.000000 0.000000
vn 1.000000 0.000000 0.000000
vn -0.000031 -1.000000 -0.000175
vn -0.000075 -1.000000 -0.000203
vn -0.000062 -1.000000 -0.000188
vn -0.000025 -1.000000 -0.000141
vn -0.000000 -1.000000 0.000000
vn -0.000000 -1.000000 -0.000000
vn -0.000000 -1.000000 0.000000
vn -0.000000 -1.000000 -0.000000
vn -0.000000 -1.000000 0.000000
vn -0.000000 -1.000000 0.000000
vn 0.000000 -1.000000 0.000000
vn 0.000000 -1.000000 0.000000
vn 1.000000 0.000000 0.000000
vn 1.000000 0.000000 0.000000
vn 0.000000 -1.000000 0.000000
vn 0.000000 -1.000000 0.000000
vn 1.000000 0.000000 0.000000
vn 1.000000 0.000000 0.000000
vn 0.000000 -1.000000 0.000000
vn 0.000000 -1.000000 0.000000
vn 1.000000 0.000000 0.000000
vn 1.000000 0.000000 0.000000
vn 0.000000 -1.000000 0.000000
vn 0.000000 -1.000000 0.000000
vn 1.000000 0.000000 0.000000
vn 1.000000 0.000000 0.000000
vn 0.000000 -1.000000 0.000000
vn 0.000000 -1.000000 0.000000
vn 0.000000 -1.000000 0.000000
vn 0.000000 -1.000000 0.000000
vn 0.000000 -1.000000 0.000000
vn 0.000000 -1.000000 0.000000
vn 0.000000 -1.000000 0.000000
vn -0.000000 -1.000000 0.000000
vn -0.000000 -1.000000 -0.000000
vn 0.000000 -1.000000 -0.000000
vn 0.000000 -1.000000 0.000000
vn 0.000000 -1.000000 0.000000
vn 0.000000 -1.000000 -0.000000
vn 0.000000 -1.000000 -0.000000
vn 0.000000 0.000000 -1.000000
vn 0.000000 0.000000 -1.000000
vn 0.000000 -1.000000 0.000000
vn 0.000000 -1.000000 0.000000
vn 0.000000 -1.000000 0.000000
vn 0.000000 -1.000000 0.000000
vn 0.000000 -1.000000 0.000000
vn 0.000000 -1.000000 -0.000000
vn 0.000000 -1.000000 -0.000000
vn 0.000000 -1.000000 0.000000
vn 0.000000 -1.000000 0.000000
vn 0.000000 -1.000000 -0.000000
vn 0.000000 -1.000000 -0.000000
vn 0.000000 0.000000 -1.000000
vn 0.000000 0.000000 -1.000000
vn 0.000000 -1.000000 0.000000
vn 0.000000 -1.000000 0.000000
vn 0.000000 -1.000000 0.000000
vn 0.000000 -1.000000 0.000000
vn 0.000000 -1.000000 0.000000
vn 0.000000 -1.000000 0.000000
vn 0.000000 -1.000000 0.000000
vn 0.000000 -1.000000 0.000000
vn 0.000000 -1.000000 0.000000
vn 0.000000 -1.000000 0.000000
vn 0.000000 -1.000000 0.000000
vn 0.000000 -1.000000 0.000000
vn 0.000000 0.000000 -1.000000
vn 0.000000 0.000000 -1.000000
vn 0.000000 -1.000000 0.000000
vn 0.000000 0.000000 1.000000
vn 0.000000 0.000000 1.000000
vn 0.000000 0.000000 1.000000
vn 0.000000 0.000000 1.000000
vn -0.065401 0.000000 0.997859
vn -0.065401 0.000000 0.997859
vn -0.065401 0.000000 0.997859
vn -0.065401 0.000000 0.997859
vn -0.195090 0.000000 0.980785
vn -0.195090 0.000000 0.980785
vn -0.195090 0.000000 0.980785
vn -0.195090 0.000000 0.980785
vn -0.321449 0.000000 0.946927
vn -0.321449 0.000000 0.946927
vn -0.321449 0.000000 0.946927
vn -0.321449 0.000000 0.946927
vn -0.442294 0.000000 0.896870
vn -0.442294 0.000000 0.896870
vn -0.442294 0.000000 0.896870
vn -0.442294 0.000000 0.896870
vn -0.555578 0.000000 0.831465
vn -0.555578 0.000000 0.831465
vn -0.555578 0.000000 0.831465
vn -0.555578 0.000000 0.831465
vn -0.659332 0.000000 0.751852
vn -0.659332 0.000000 0.751852
vn -0.659332 0.000000 0.751852
vn -0.659332 0.000000 0.751852
vn -0.751828 0.000000 0.659360
vn -0.751828 0.000000 0.659360
vn -0.751828 0.000000 0.659360
vn -0.751828 0.000000 0.659360
vn -0.831463 0.000000 0.555580
vn -0.831463 0.000000 0.555580
vn -0.831463 0.000000 0.555580
vn -0.831463 0.000000 0.555580
vn -0.896892 0.000000 0.442249
vn -0.896892 0.000000 0.442249
vn -0.896892 0.000000 0.442249
vn -0.896892 0.000000 0.442249
vn -0.946936 0.000000 0.321423
vn -0.946936 0.000000 0.321423
vn -0.946936 0.000000 0.321423
vn -0.946936 0.000000 0.321423
vn -0.980782 0.000000 0.195108
vn -0.980782 0.000000 0.195108
vn -0.980782 0.000000 0.195108
vn -0.980782 0.000000 0.195108
vn -0.998972 0.000000 0.045336
vn -0.998972 0.000000 0.045336
vn -0.999108 0.000000 0.042227
vn -0.999108 0.000000 0.042229
vn 0.000000 0.000000 -1.000000
vn 0.000000 0.000000 -1.000000
vn 0.000000 0.000000 -1.000000
vn 0.000000 0.000000 -1.000000
vn 1.000000 0.000000 0.000000
vn 1.000000 0.000000 0.000000
vn 1.000000 0.000000 0.000000
vn 1.000000 0.000000 0.000000
vn 1.000000 0.000000 0.000000
vn 1.000000 0.000000 0.000000
vn 1.000000 0.000000 0.000000
vn 1.000000 0.000000 0.000000
vn 1.000000 0.000000 0.000000
vn 1.000000 0.000000 0.000000
vn 1.000000 0.000000 0.000000
vn 1.000000 0.000000 0.000000
vn 1.000000 0.000000 0.000000
vn 1.000000 0.000000 0.000000
vn 1.000000 0.000000 0.000000
vn 1.000000 0.000000 0.000000
vn 1.000000 0.000000 0.000000
vn 1.000000 0.000000 0.000000
vn 1.000000 0.000000 0.000000
vn 1.000000 0.000000 0.000000
vn 1.000000 0.000000 0.000000
vn 1.000000 0.000000 0.000000
vn 1.000000 0.000000 0.000000
vn 1.000000 0.000000 0.000000
vn 0.000000 0.000000 -1.000000
vn 0.000000 0.000000 -1.000000
vn 0.000000 0.000000 -1.000000
vn 0.000000 0.000000 -1.000000
vn 0.000000 0.000000 -1.000000
vn 0.000000 0.000000 -1.000000
vn 0.000000 0.000000 1.000000
vn 0.000000 0.000000 1.000000
vn 0.000000 0.000000 1.000000
vn 0.000000 0.000000 1.000000
vn -0.065401 0.000000 0.997859
vn -0.065401 0.000000 0.997859
vn -0.065401 0.000000 0.997859
vn -0.065401 0.000000 0.997859
vn -0.195090 0.000000 0.980785
vn -0.195090 0.000000 0.980785
vn -0.195090 0.000000 0.980785
vn -0.195090 0.000000 0.980785
vn -0.321449 0.000000 0.946927
vn -0.321449 0.000000 0.946927
vn -0.321449 0.000000 0.946927
vn -0.321449 0.000000 0.946927
vn -0.442293 0.000000 0.896870
vn -0.442293 0.000000 0.896870
vn -0.442293 0.000000 0.896870
vn -0.442293 0.000000 0.896870
vn -0.555578 0.000000 0.831465
vn -0.555578 0.000000 0.831465
vn -0.555578 0.000000 0.831465
vn -0.555578 0.000000 0.831465
vn -0.659332 0.000000 0.751852
vn -0.659332 0.000000 0.751852
vn -0.659332 0.000000 0.751852
vn -0.659332 0.000000 0.751852
vn -0.751828 0.000000 0.659360
vn -0.751828 0.000000 0.659360
vn -0.751828 0.000000 0.659360
vn -0.751828 0.000000 0.659360
vn -0.831463 0.000000 0.555580
vn -0.831463 0.000000 0.555580
vn -0.831463 0.000000 0.555580
vn -0.831463 0.000000 0.555580
vn -0.896892 0.000000 0.442249
vn -0.896892 0.000000 0.442249
vn -0.896892 0.000000 0.442249
vn -0.896892 0.000000 0.442249
vn -0.946936 0.000000 0.321423
vn -0.946936 0.000000 0.321423
vn -0.946936 0.000000 0.321423
vn -0.946936 0.000000 0.321423
vn -0.980782 0.000000 0.195108
vn -0.980782 0.000000 0.195108
vn -0.980782 0.000000 0.195108
vn -0.980782 0.000000 0.195108
vn -0.998972 0.000000 0.045336
vn -0.998972 0.000000 0.045336
vn -0.999150 0.000000 0.041213
vn -0.999151 0.000000 0.041212
vn 0.000000 0.000000 -1.000000
vn 0.000000 0.000000 -1.000000
vn 0.000000 0.000000 -1.000000
vn 0.000000 0.000000 -1.000000
vn 1.000000 0.000000 0.000000
vn 1.000000 0.000000 0.000000
vn 1.000000 0.000000 0.000000
vn 1.000000 0.000000 0.000000
vn 1.000000 0.000000 0.000000
vn 1.000000 0.000000 0.000000
vn 1.000000 0.000000 0.000000
vn 1.000000 0.000000 0.000000
vn 1.000000 0.000000 0.000000
vn 1.000000 0.000000 0.000000
vn 1.000000 0.000000 0.000000
vn 1.000000 0.000000 0.000000
vn 1.000000 0.000000 0.000000
vn 1.000000 0.000000 0.000000
vn 1.000000 0.000000 0.000000
vn 1.000000 0.000000 0.000000
vn 1.000000 0.000000 0.000000
vn 1.000000 0.000000 0.000000
vn 1.000000 0.000000 0.000000
vn 1.000000 0.000000 0.000000
vn 1.000000 0.000000 0.000000
vn 1.000000 0.000000 0.000000
vn 1.000000 0.000000 0.000000
vn 1.000000 0.000000 0.000000
vn 0.000000 0.000000 -1.000000
vn 0.000000 0.000000 -1.000000
vn 0.000000 0.000000 -1.000000
vn 0.000000 0.000000 -1.000000
vn 0.000000 0.000000 -1.000000
vn 0.000000 0.000000 -1.000000
vn 0.000000 0.000000 1.000000
vn 0.000000 0.000000 1.000000
vn 0.000000 0.000000 1.000000
vn 0.000000 0.000000 1.000000
vn -0.065401 0.000000 0.997859
vn -0.065401 0.000000 0.997859
vn -0.065401 0.000000 0.997859
vn -0.065401 0.000000 0.997859
vn -0.195090 0.000000 0.980785
vn -0.195090 0.000000 0.980785
vn -0.195090 0.000000 0.980785
vn -0.195090 0.000000 0.980785
vn -0.321449 0.000000 0.946927
vn -0.321449 0.000000 0.946927
vn -0.321449 0.000000 0.946927
vn -0.321449 0.000000 0.946927
vn -0.442294 0.000000 0.896870
vn -0.442294 0.000000 0.896870
vn -0.442294 0.000000 0.896870
vn -0.442294 0.000000 0.896870
vn -0.555578 0.000000 0.831464
vn -0.555578 0.000000 0.831464
vn -0.555578 0.000000 0.831464
vn -0.555578 0.000000 0.831464
vn -0.659332 0.000000 0.751852
vn -0.659332 0.000000 0.751852
vn -0.659332 0.000000 0.751852
vn -0.659332 0.000000 0.751852
vn -0.751828 0.000000 0.659360
vn -0.751828 0.000000 0.659360
vn -0.751828 0.000000 0.659360
vn -0.751828 0.000000 0.659360
vn -0.831463 0.000000 0.555580
vn -0.831463 0.000000 0.555580
vn -0.831463 0.000000 0.555580
vn -0.831463 0.000000 0.555580
vn -0.896892 0.000000 0.442249
vn -0.896892 0.000000 0.442249
vn -0.896892 0.000000 0.442249
vn -0.896892 0.000000 0.442249
vn -0.946936 0.000000 0.321423
vn -0.946936 0.000000 0.321423
vn -0.946936 0.000000 0.321423
vn -0.946936 0.000000 0.321423
vn -0.980782 0.000000 0.195108
vn -0.980782 0.000000 0.195108
vn -0.980782 0.000000 0.195108
vn -0.980782 0.000000 0.195108
vn -0.998972 0.000000 0.045335
vn -0.998972 0.000000 0.045335
vn -0.999108 0.000000 0.042227
vn -0.999108 0.000000 0.042229
vn 0.000000 0.000000 -1.000000
vn 0.000000 0.000000 -1.000000
vn 0.000000 0.000000 -1.000000
vn 0.000000 0.000000 -1.000000
vn 1.000000 0.000000 0.000000
vn 1.000000 0.000000 0.000000
vn 1.000000 0.000000 0.000000
vn 1.000000 0.000000 0.000000
vn 1.000000 0.000000 0.000000
vn 1.000000 0.000000 0.000000
vn 1.000000 0.000000 0.000000
vn 1.000000 0.000000 0.000000
vn 1.000000 0.000000 0.000000
vn 1.000000 0.000000 0.000000
vn 1.000000 0.000000 0.000000
vn 1.000000 0.000000 0.000000
vn 1.000000 0.000000 0.000000
vn 1.000000 0.000000 0.000000
vn 1.000000 0.000000 0.000000
vn 1.000000 0.000000 0.000000
vn 1.000000 0.000000 0.000000
vn 1.000000 0.000000 0.000000
vn 1.000000 0.000000 0.000000
vn 1.000000 0.000000 0.000000
vn 1.000000 0.000000 0.000000
vn 1.000000 0.000000 0.000000
vn 1.000000 0.000000 0.000000
vn 1.000000 0.000000 0.000000
vn 0.000000 0.000000 -1.000000
vn 0.000000 0.000000 -1.000000
vn 0.000000 0.000000 -1.000000
vn 0.000000 0.000000 -1.000000
vn 0.000000 0.000000 -1.000000
vn 0.000000 0.000000 -1.000000
vn 0.000000 -1.000000 0.000000
vn 0.000000 -1.000000 0.000000
vn 0.000000 -1.000000 0.000000
vn 0.000000 -1.000000 0.000000
vn 0.000000 -1.000000 0.000001
vn 0.000000 -1.000000 0.000001
vn 0.000000 -1.000000 0.000000
vn 0.000000 -1.000000 0.000000
vn 0.000000 -1.000000 0.000000
vn 0.000000 -1.000000 0.000000
vn 0.000000 -1.000000 0.000000
vn 0.000000 -1.000000 0.000000
vn 0.000000 -1.000000 0.000000
vn 0.000000 -1.000000 0.000000
vn 0.000000 -1.000000 0.000000
vn 0.000000 -1.000000 0.000000
vn 0.000000 -1.000000 0.000000
vn 0.000000 -1.000000 0.000000
vn 0.000000 -1.000000 -0.000000
vn 0.000000 -1.000000 -0.000000
vn 0.000000 -1.000000 -0.000000
vn 0.000000 -1.000000 -0.000000
vn 0.000000 -1.000000 0.000000
vn 0.000000 -1.000000 0.000000
vn -0.000023 -1.000000 -0.000281
vn -0.000023 -1.000000 -0.000284
vn -0.000005 -1.000000 -0.000057
vn -0.000030 -1.000000 -0.000365
vn 0.000000 -1.000000 0.000000
vn 0.000000 -1.000000 0.000000
vn 0.000000 -1.000000 0.000000
vn 0.000000 -1.000000 0.000000
vn 0.000000 -1.000000 0.000000
vn 0.000000 -1.000000 0.000000
vn 0.000000 -1.000000 0.000000
vn 0.000000 -1.000000 0.000000
vn 0.000000 -1.000000 0.000000
vn 0.000000 -1.000000 0.000000
vn 0.000000 -1.000000 0.000000
vn 0.000000 -1.000000 0.000000
vn 0.000000 -1.000000 0.000000
vn 0.000000 -1.000000 0.000000
vn 0.000000 -1.000000 0.000000
vn 0.000000 -1.000000 0.000000
vn 0.000000 -1.000000 0.000000
vn 0.000000 -1.000000 0.000000
vn 0.000000 -1.000000 0.000000
vn 0.000000 -1.000000 0.000000
vn 0.000000 -1.000000 0.000000
vn 0.000000 -1.000000 0.000000
vn 0.000000 -1.000000 0.000000
vn 0.000000 -1.000000 0.000000
vn 0.000000 -1.000000 -0.000001
vn 0.000000 -1.000000 -0.000001
vn 0.000000 -1.000000 -0.000001
vn 0.000000 -1.000000 -0.000001
vn 0.000000 -1.000000 0.000000
vn 0.000000 -1.000000 0.000000
vn 0.017774 0.000000 0.999842
vn 0.017774 0.000000 0.999842
vn 0.017774 0.000000 0.999842
vn 0.017774 0.000000 0.999842
vn -0.066540 0.000000 0.997784
vn -0.066540 0.000000 0.997784
vn -0.066540 0.000000 0.997784
vn -0.066540 0.000000 0.997784
vn -0.195091 0.000000 0.980785
vn -0.195091 0.000000 0.980785
vn -0.195091 0.000000 0.980785
vn -0.195091 0.000000 0.980785
vn -0.321448 0.000000 0.946927
vn -0.321448 0.000000 0.946927
vn -0.321448 0.000000 0.946927
vn -0.321448 0.000000 0.946927
vn -0.442295 0.000000 0.896870
vn -0.442295 0.000000 0.896870
vn -0.442295 0.000000 0.896870
vn -0.442295 0.000000 0.896870
vn -0.555577 0.000000 0.831465
vn -0.555577 0.000000 0.831465
vn -0.555577 0.000000 0.831465
vn -0.555577 0.000000 0.831465
vn -0.659332 0.000000 0.751852
vn -0.659332 0.000000 0.751852
vn -0.659332 0.000000 0.751852
vn -0.659332 0.000000 0.751852
vn -0.751828 0.000000 0.659360
vn -0.751828 0.000000 0.659360
vn -0.751828 0.000000 0.659360
vn -0.751828 0.000000 0.659360
vn -0.831464 0.000000 0.555579
vn -0.831464 0.000000 0.555579
vn -0.831464 0.000000 0.555579
vn -0.831464 0.000000 0.555579
vn -0.896892 0.000000 0.442250
vn -0.896892 0.000000 0.442250
vn -0.896892 0.000000 0.442250
vn -0.896892 0.000000 0.442250
vn -0.946936 0.000000 0.321423
vn -0.946936 0.000000 0.321423
vn -0.946936 0.000000 0.321423
vn -0.946936 0.000000 0.321423
vn -0.980782 0.000000 0.195108
vn -0.980782 0.000000 0.195108
vn -0.980782 0.000000 0.195108
vn -0.980782 0.000000 0.195108
vn -0.998889 0.000000 0.047136
vn -0.998889 0.000000 0.047136
vn -0.998889 0.000000 0.047136
vn -0.998889 0.000000 0.047136
vn 0.000000 0.000000 -1.000000
vn 0.000000 0.000000 -1.000000
vn 0.000000 0.000000 -1.000000
vn 0.000000 0.000000 -1.000000
vn 1.000000 0.000000 0.000001
vn 1.000000 0.000000 0.000001
vn 1.000000 0.000000 0.000001
vn 1.000000 0.000000 0.000001
vn 1.000000 0.000000 0.000000
vn 1.000000 0.000000 0.000000
vn 1.000000 0.000000 0.000000
vn 1.000000 0.000000 0.000000
vn 1.000000 0.000000 0.000000
vn 1.000000 0.000000 0.000000
vn 1.000000 0.000000 0.000000
vn 1.000000 0.000000 0.000000
vn 1.000000 0.000000 0.000000
vn 1.000000 0.000000 0.000000
vn 1.000000 0.000000 0.000000
vn 1.000000 0.000000 0.000000
vn 1.000000 0.000000 0.000000
vn 1.000000 0.000000 0.000000
vn 1.000000 0.000000 0.000000
vn 1.000000 0.000000 0.000000
vn 1.000000 0.000000 -0.000000
vn 1.000000 0.000000 -0.000000
vn 1.000000 0.000000 -0.000000
vn 1.000000 0.000000 -0.000000
vn 1.000000 0.000000 0.000000
vn 1.000000 0.000000 0.000000
vn 1.000000 0.000000 0.000000
vn 1.000000 0.000000 0.000000
vn 1.000000 0.000000 0.000000
vn 1.000000 0.000000 0.000000
vn 1.000000 0.000000 0.000000
vn 1.000000 0.000000 0.000000
vn 1.000000 0.000000 0.000000
vn 1.000000 0.000000 0.000000
vn 1.000000 0.000000 0.000000
vn 1.000000 0.000000 0.000000
vn 1.000000 0.000000 0.000000
vn 1.000000 0.000000 0.000000
vn 1.000000 0.000000 0.000000
vn 1.000000 0.000000 0.000000
vn -0.000000 0.000000 -1.000000
vn -0.000000 0.000000 -1.000000
vn -0.000000 0.000000 -1.000000
vn -0.000000 0.000000 -1.000000
vn 0.000000 0.000000 -1.000000
vn 0.000000 0.000000 -1.000000
vn 0.000000 0.000000 -1.000000
vn 0.000000 0.000000 -1.000000
vn 0.000000 0.000000 -1.000000
vn 0.000000 0.000000 -1.000000
vn 0.000000 0.000000 -1.000000
vn 0.000000 0.000000 -1.000000
vn 0.000000 1.000000 0.000000
vn 0.000000 1.000000 0.000000
vn 0.000000 1.000000 0.000000
vn 0.000000 1.000000 0.000000
vn 0.000000 1.000000 0.000000
vn 0.000000 1.000000 0.000000
vn 0.000000 1.000000 0.000000
vn 0.000000 1.000000 0.000000
vn 0.000000 1.000000 0.000001
vn 0.000000 1.000000 0.000001
vn 0.000000 1.000000 0.000000
vn 0.000000 1.000000 0.000000
vn 0.000000 1.000000 -0.000000
vn 0.000000 1.000000 -0.000000
vn 0.000000 1.000000 -0.000001
vn 0.000000 1.000000 -0.000001
vn 0.000000 1.000000 -0.000000
vn 0.000000 1.000000 -0.000000
vn 0.000000 1.000000 0.000000
vn 0.000000 1.000000 0.000000
vn 0.000000 1.000000 0.000000
vn 0.000000 1.000000 0.000000
vn 0.000000 1.000000 0.000000
vn 0.000000 1.000000 0.000000
vn 0.000023 1.000000 0.000284
vn 0.000023 1.000000 0.000281
vn 0.000030 1.000000 0.000365
vn 0.000000 1.000000 0.000000
vn 0.000000 1.000000 0.000000
vn 0.000000 1.000000 0.000000
vn 0.000000 1.000000 0.000000
vn 0.000000 1.000000 0.000000
vn 0.000000 1.000000 0.000000
vn 0.000000 1.000000 0.000000
vn 0.000000 1.000000 0.000000
vn 0.000000 1.000000 0.000000
vn 0.000000 1.000000 0.000000
vn 0.000000 1.000000 0.000000
vn 0.000000 1.000000 0.000000
vn 0.000000 1.000000 0.000000
vn 0.000000 1.000000 0.000000
vn 0.000000 1.000000 0.000000
vn 0.000000 1.000000 0.000000
vn 0.000000 1.000000 0.000000
vn 0.000000 1.000000 0.000000
vn 0.000000 1.000000 0.000000
vn 0.000000 1.000000 0.000000
vn 0.000000 1.000000 0.000000
vn 0.000000 1.000000 0.000000
vn 0.000000 1.000000 0.000000
vn 0.000000 1.000000 0.000000
vn 0.000000 1.000000 -0.000001
vn 0.000000 1.000000 -0.000001
vn 0.000000 1.000000 -0.000001
vn 0.000000 1.000000 -0.000001
vn 0.000000 1.000000 -0.000000
vn 0.000000 1.000000 -0.000000
vn 0.000000 -1.000000 0.000000
vn 0.000000 -1.000000 0.000000
vn 0.000000 -1.000000 0.000000
vn 0.000000 -1.000000 0.000000
vn 0.000000 -1.000000 0.000000
vn 0.000000 -1.000000 0.000000
vn 0.000000 -1.000000 0.000000
vn 0.000000 -1.000000 0.000000
vn 0.000000 -1.000000 0.000000
vn 0.000000 -1.000000 0.000000
vn 0.000000 -1.000000 0.000000
vn 0.000000 -1.000000 0.000000
vn 0.000000 -1.000000 0.000000
vn 0.000000 -1.000000 0.000000
vn 0.000000 -1.000000 0.000000
vn 0.000000 -1.000000 0.000000
vn 0.000000 -1.000000 0.000000
vn 0.000000 -1.000000 0.000000
vn 0.000000 -1.000000 -0.000000
vn 0.000000 -1.000000 -0.000000
vn 0.000000 -1.000000 -0.000000
vn 0.000000 -1.000000 -0.000000
vn 0.000000 -1.000000 0.000000
vn 0.000000 -1.000000 0.000000
vn -0.000023 -1.000000 -0.000281
vn -0.000023 -1.000000 -0.000284
vn -0.000005 -1.000000 -0.000058
vn -0.000030 -1.000000 -0.000365
vn 0.000000 -1.000000 0.000000
vn 0.000000 -1.000000 0.000000
vn 0.000000 -1.000000 0.000000
vn 0.000000 -1.000000 0.000000
vn 0.000000 -1.000000 0.000000
vn 0.000000 -1.000000 0.000000
vn 0.000000 -1.000000 0.000000
vn 0.000000 -1.000000 0.000000
vn 0.000000 -1.000000 0.000000
vn 0.000000 -1.000000 0.000000
vn 0.000000 -1.000000 0.000000
vn 0.000000 -1.000000 0.000000
vn 0.000000 -1.000000 0.000000
vn 0.000000 -1.000000 0.000000
vn 0.000000 -1.000000 0.000000
vn 0.000000 -1.000000 0.000000
vn 0.000000 -1.000000 0.000000
vn 0.000000 -1.000000 0.000000
vn 0.000000 -1.000000 0.000000
vn 0.000000 -1.000000 0.000000
vn 0.000000 -1.000000 0.000000
vn 0.000000 -1.000000 0.000000
vn 0.000000 -1.000000 0.000000
vn 0.000000 -1.000000 0.000000
vn 0.000000 -1.000000 -0.000001
vn 0.000000 -1.000000 -0.000001
vn 0.000000 -1.000000 -0.000000
vn 0.000000 -1.000000 -0.000000
vn 0.000000 -1.000000 0.000000
vn 0.000000 -1.000000 0.000000
vn 0.017774 0.000000 0.999842
vn 0.017774 0.000000 0.999842
vn 0.017774 0.000000 0.999842
vn 0.017774 0.000000 0.999842
vn -0.066540 0.000000 0.997784
vn -0.066540 0.000000 0.997784
vn -0.066540 0.000000 0.997784
vn -0.066540 0.000000 0.997784
vn -0.195090 0.000000 0.980785
vn -0.195090 0.000000 0.980785
vn -0.195090 0.000000 0.980785
vn -0.195090 0.000000 0.980785
vn -0.321448 0.000000 0.946927
vn -0.321448 0.000000 0.946927
vn -0.321448 0.000000 0.946927
vn -0.321448 0.000000 0.946927
vn -0.442294 0.000000 0.896870
vn -0.442294 0.000000 0.896870
vn -0.442294 0.000000 0.896870
vn -0.442294 0.000000 0.896870
vn -0.555577 0.000000 0.831465
vn -0.555577 0.000000 0.831465
vn -0.555577 0.000000 0.831465
vn -0.555577 0.000000 0.831465
vn -0.659333 0.000000 0.751851
vn -0.659333 0.000000 0.751851
vn -0.659333 0.000000 0.751851
vn -0.659333 0.000000 0.751851
vn -0.751828 0.000000 0.659360
vn -0.751828 0.000000 0.659360
vn -0.751828 0.000000 0.659360
vn -0.751828 0.000000 0.659360
vn -0.831464 0.000000 0.555579
vn -0.831464 0.000000 0.555579
vn -0.831464 0.000000 0.555579
vn -0.831464 0.000000 0.555579
vn -0.896892 0.000000 0.442250
vn -0.896892 0.000000 0.442250
vn -0.896892 0.000000 0.442250
vn -0.896892 0.000000 0.442250
vn -0.946936 0.000000 0.321423
vn -0.946936 0.000000 0.321423
vn -0.946936 0.000000 0.321423
vn -0.946936 0.000000 0.321423
vn -0.980782 0.000000 0.195108
vn -0.980782 0.000000 0.195108
vn -0.980782 0.000000 0.195108
vn -0.980782 0.000000 0.195108
vn -0.998889 0.000000 0.047136
vn -0.998889 0.000000 0.047136
vn -0.998889 0.000000 0.047136
vn -0.998889 0.000000 0.047136
vn 0.000000 0.000000 -1.000000
vn 0.000000 0.000000 -1.000000
vn 0.000000 0.000000 -1.000000
vn 0.000000 0.000000 -1.000000
vn 1.000000 0.000000 0.000001
vn 1.000000 0.000000 0.000001
vn 1.000000 0.000000 0.000001
vn 1.000000 0.000000 0.000001
vn 1.000000 0.000000 0.000000
vn 1.000000 0.000000 0.000000
vn 1.000000 0.000000 0.000000
vn 1.000000 0.000000 0.000000
vn 1.000000 0.000000 0.000000
vn 1.000000 0.000000 0.000000
vn 1.000000 0.000000 0.000000
vn 1.000000 0.000000 0.000000
vn 1.000000 0.000000 0.000000
vn 1.000000 0.000000 0.000000
vn 1.000000 0.000000 0.000000
vn 1.000000 0.000000 0.000000
vn 1.000000 0.000000 0.000000
vn 1.000000 0.000000 0.000000
vn 1.000000 0.000000 0.000000
vn 1.000000 0.000000 0.000000
vn 1.000000 0.000000 -0.000000
vn 1.000000 0.000000 -0.000000
vn 1.000000 0.000000 -0.000000
vn 1.000000 0.000000 -0.000000
vn 1.000000 0.000000 0.000000
vn 1.000000 0.000000 0.000000
vn 1.000000 0.000000 0.000000
vn 1.000000 0.000000 0.000000
vn 1.000000 0.000000 0.000000
vn 1.000000 0.000000 0.000000
vn 1.000000 0.000000 0.000000
vn 1.000000 0.000000 0.000000
vn 1.000000 0.000000 0.000000
vn 1.000000 0.000000 0.000000
vn 1.000000 0.000000 0.000000
vn 1.000000 0.000000 0.000000
vn 1.000000 0.000000 0.000000
vn 1.000000 0.000000 0.000000
vn 1.000000 0.000000 0.000000
vn 1.000000 0.000000 0.000000
vn -0.000000 0.000000 -1.000000
vn -0.000000 0.000000 -1.000000
vn -0.000000 0.000000 -1.000000
vn -0.000000 0.000000 -1.000000
vn 0.000000 0.000000 -1.000000
vn 0.000000 0.000000 -1.000000
vn 0.000000 0.000000 -1.000000
vn 0.000000 0.000000 -1.000000
vn 0.000000 0.000000 -1.000000
vn 0.000000 0.000000 -1.000000
vn 0.000000 0.000000 -1.000000
vn 0.000000 0.000000 -1.000000
vn 0.000000 1.000000 -0.000000
vn 0.000000 1.000000 -0.000000
vn 0.000000 1.000000 -0.000000
vn 0.000000 1.000000 -0.000000
vn 0.000000 1.000000 -0.000000
vn 0.000000 1.000000 -0.000000
vn 0.000000 1.000000 0.000000
vn 0.000000 1.000000 0.000000
vn 0.000000 1.000000 0.000000
vn 0.000000 1.000000 0.000000
vn 0.000000 1.000000 0.000000
vn 0.000000 1.000000 0.000000
vn 0.000000 1.000000 0.000000
vn 0.000000 1.000000 0.000000
vn 0.000000 1.000000 -0.000000
vn 0.000000 1.000000 -0.000000
vn 0.000000 1.000000 0.000000
vn 0.000000 1.000000 0.000000
vn 0.000000 1.000000 0.000000
vn 0.000000 1.000000 0.000000
vn 0.000000 1.000000 -0.000000
vn 0.000000 1.000000 -0.000000
vn 0.000000 1.000000 -0.000000
vn 0.000000 1.000000 -0.000000
vn 0.000023 1.000000 0.000284
vn 0.000023 1.000000 0.000281
vn 0.000030 1.000000 0.000365
vn 0.000000 1.000000 0.000000
vn 0.000000 1.000000 0.000000
vn 0.000000 1.000000 0.000000
vn 0.000000 1.000000 0.000000
vn 0.000000 1.000000 0.000000
vn 0.000000 1.000000 0.000000
vn 0.000000 1.000000 0.000000
vn 0.000000 1.000000 0.000000
vn 0.000000 1.000000 0.000000
vn 0.000000 1.000000 0.000000
vn 0.000000 1.000000 0.000000
vn 0.000000 1.000000 0.000000
vn 0.000000 1.000000 0.000000
vn 0.000000 1.000000 0.000000
vn 0.000000 1.000000 0.000000
vn 0.000000 1.000000 0.000000
vn 0.000000 1.000000 0.000000
vn 0.000000 1.000000 0.000000
vn 0.000000 1.000000 0.000000
vn 0.000000 1.000000 0.000000
vn 0.000000 1.000000 0.000000
vn 0.000000 1.000000 0.000000
vn 0.000000 1.000000 0.000000
vn 0.000000 1.000000 0.000000
vn 0.000000 1.000000 -0.000000
vn 0.000000 1.000000 -0.000000
vn 0.000000 1.000000 -0.000000
vn 0.000000 1.000000 -0.000000
vn 0.000000 1.000000 -0.000000
vn 0.000000 1.000000 -0.000000
vn 0.000000 0.000000 -1.000000
vn 0.000000 0.000000 -1.000000
vn 0.000000 0.000000 -1.000000
vn 0.000000 0.000000 -1.000000
vn -0.991322 0.000000 0.131459
vn -0.991322 0.000000 0.131459
vn -0.997810 0.000000 0.066149
vn -0.997810 0.000000 0.066149
vn -0.965926 0.000000 0.258818
vn -0.965926 0.000000 0.258818
vn -0.923891 0.000000 0.382655
vn -0.923891 0.000000 0.382655
vn -0.866033 0.000000 0.499987
vn -0.866033 0.000000 0.499987
vn -0.793344 0.000000 0.608773
vn -0.793344 0.000000 0.608773
vn -0.707095 0.000000 0.707119
vn -0.707095 0.000000 0.707119
vn -0.608758 0.000000 0.793356
vn -0.608758 0.000000 0.793356
vn -0.500006 0.000000 0.866022
vn -0.500006 0.000000 0.866022
vn -0.258822 0.000000 0.965925
vn -0.258822 0.000000 0.965925
vn -0.382691 0.000000 0.923876
vn -0.382691 0.000000 0.923876
vn -0.131830 0.000000 0.991272
vn -0.131830 0.000000 0.991272
vn 0.000000 0.000000 -1.000000
vn 0.000000 0.000000 -1.000000
vn 0.000000 0.000000 -1.000000
vn 0.000000 0.000000 -1.000000
vn 0.011136 0.000000 0.999938
vn 0.011136 0.000000 0.999938
vn 1.000000 0.000000 0.000000
vn 1.000000 0.000000 0.000000
vn 1.000000 0.000000 0.000001
vn 1.000000 0.000000 0.000001
vn 1.000000 0.000000 0.000000
vn 1.000000 0.000000 0.000000
vn 1.000000 0.000000 0.000000
vn 1.000000 0.000000 0.000000
vn 1.000000 0.000000 0.000000
vn 1.000000 0.000000 0.000000
vn 1.000000 0.000000 0.000000
vn 1.000000 0.000000 0.000000
vn 1.000000 0.000000 0.000000
vn 1.000000 0.000000 0.000000
vn 1.000000 0.000000 0.000000
vn 1.000000 0.000000 0.000000
vn 1.000000 0.000000 0.000001
vn 1.000000 0.000000 0.000001
vn 0.000000 0.000000 -1.000000
vn 0.000000 0.000000 -1.000000
vn 1.000000 0.000000 -0.000000
vn 1.000000 0.000000 -0.000000
vn 1.000000 0.000000 -0.000000
vn 1.000000 0.000000 0.000000
vn 1.000000 0.000000 0.000001
vn 1.000000 0.000000 0.000001
vn 0.017774 0.000000 0.999842
vn 0.017774 0.000000 0.999842
vn 0.000000 -1.000000 0.000000
vn 0.000000 -1.000000 0.000000
vn 0.000000 -1.000000 0.000000
vn 0.000000 -1.000000 0.000000
vn 0.000000 1.000000 0.000000
vn 0.000000 1.000000 0.000000
vn 0.000198 -1.000000 -0.000167
vn 0.000197 -1.000000 -0.000166
vn 0.000041 -1.000000 -0.000190
vn 0.000497 -1.000000 -0.000086
vn 0.000000 1.000000 -0.000000
vn 0.000000 1.000000 -0.000000
vn 0.000000 -1.000000 0.000001
vn 0.000000 -1.000000 0.000001
vn 0.000000 1.000000 0.000000
vn 0.000000 -1.000000 0.000000
vn 0.000000 -1.000000 0.000000
vn 0.000000 1.000000 -0.000000
vn 0.000000 -1.000000 0.000000
vn 0.000000 -1.000000 0.000000
vn 0.000000 1.000000 -0.000001
vn 0.000000 -1.000000 0.000000
vn 0.000000 -1.000000 0.000000
vn 0.000000 1.000000 0.000000
vn 0.000000 -1.000000 0.000000
vn 0.000000 -1.000000 0.000000
vn 0.000000 1.000000 0.000001
vn 0.000000 -1.000000 0.000001
vn 0.000000 -1.000000 0.000001
vn 0.000000 1.000000 0.000001
vn 0.000000 -1.000000 0.000001
vn 0.000000 -1.000000 0.000001
vn 0.000000 1.000000 0.000000
vn 0.000000 -1.000000 0.000000
vn 0.000000 -1.000000 0.000000
vn 0.000000 -1.000000 0.000000
vn 0.000000 -1.000000 0.000000
vn 0.000000 1.000000 -0.000001
vn 0.000000 1.000000 -0.000001
vn 0.000000 -1.000000 0.000001
vn 0.000000 -1.000000 0.000001
vn 0.000000 1.000000 0.000000
vn 0.000000 -1.000000 0.000000
vn 0.000000 -1.000000 0.000000
vn 0.000000 1.000000 0.000000
vn 0.000000 -1.000000 0.000000
vn 0.000000 -1.000000 0.000000
vn 0.000000 1.000000 0.000000
vn 0.000000 -1.000000 0.000000
vn 0.000000 -1.000000 0.000000
vn 0.000000 1.000000 0.000000
vn 0.000000 -1.000000 0.000000
vn 0.000000 -1.000000 0.000000
vn 0.000000 -1.000000 0.000000
vn 0.000000 -1.000000 0.000000
vn 0.000000 1.000000 0.000000
vn 0.000000 1.000000 0.000000
vn 0.000000 -1.000000 0.000000
vn 0.000000 -1.000000 0.000000
vn 0.000000 1.000000 0.000000
vn 0.000000 -1.000000 0.000000
vn 0.000000 -1.000000 0.000000
vn 0.000000 1.000000 0.000000
vn 0.000000 -1.000000 0.000000
vn 0.000000 -1.000000 0.000000
vn 0.000000 1.000000 0.000000
vn 0.000000 -1.000000 0.000000
vn 0.000000 -1.000000 0.000000
vn 0.000000 1.000000 0.000000
vn 0.000000 -1.000000 0.000000
vn 0.000000 -1.000000 0.000000
vn 0.000000 1.000000 0.000000
vn 0.000000 -1.000000 0.000000
vn 0.000000 -1.000000 0.000000
vn 0.000000 1.000000 0.000000
vn 0.000000 -1.000000 0.000001
vn 0.000000 -1.000000 0.000001
vn 0.000000 1.000000 0.000001
vn 0.000000 -1.000000 -0.000000
vn 0.000000 -1.000000 -0.000000
vn -0.000000 1.000000 -0.000000
vn 0.000000 -1.000000 -0.000000
vn 0.000000 -1.000000 -0.000000
vn -0.000000 1.000000 -0.000000
vn 0.000000 -1.000000 0.000000
vn 0.000000 -1.000000 0.000000
vn 0.000000 1.000000 0.000000
vn -0.000001 0.000000 1.000000
vn -0.000001 0.000000 1.000000
vn 0.000000 0.000000 1.000000
vn 0.000000 0.000000 1.000000
vn 0.000000 0.000000 1.000000
vn 0.000000 0.000000 1.000000
vn 0.000007 -0.000001 1.000000
vn 0.000007 -0.000001 1.000000
vn 0.000000 1.000000 0.000000
vn 0.000000 1.000000 0.000000
vn 0.000000 -1.000000 0.000000
vn 0.000000 -1.000000 0.000000
vn 0.000000 0.000000 -1.000000
vn 0.000000 0.000000 -1.000000
vn 0.000000 1.000000 -0.000000
vn 0.000000 1.000000 -0.000000
vn 0.000000 -0.000000 -1.000000
vn 0.000000 -0.000000 -1.000000
vn 0.000000 -0.000000 -1.000000
vn 0.000000 -0.000000 -1.000000
vn -0.000002 0.000000 -1.000000
vn -0.000002 0.000000 -1.000000
vn -0.000002 -0.000000 -1.000000
vn -0.000002 -0.000000 -1.000000
vn -0.000002 0.000000 -1.000000
vn -0.000002 0.000000 -1.000000
vn 0.000000 -1.000000 -0.000000
vn 0.000000 -1.000000 -0.000000
vn 0.000000 0.000000 -1.000000
vn 0.000000 0.000000 -1.000000
vn 0.000000 1.000000 -0.000000
vn 0.000000 1.000000 -0.000000
vn 0.000000 -1.000000 0.000000
vn 0.000000 -1.000000 0.000000
vn 0.000000 -1.000000 0.000000
vn 0.000000 -1.000000 0.000000
vn -0.000009 0.000000 -1.000000
vn -0.000009 0.000000 -1.000000
vn -0.000009 0.000000 -1.000000
vn -0.000009 0.000000 -1.000000
vn 0.000000 1.000000 -0.000000
vn 0.000000 1.000000 -0.000000
vn 0.000000 1.000000 -0.000000
vn 0.000000 1.000000 -0.000000
vn 0.000000 -1.000000 -0.000000
vn 0.000000 -1.000000 -0.000000
vn 0.000000 1.000000 -0.000000
vn 0.000000 1.000000 -0.000000
vn 0.000000 0.000000 -1.000000
vn 0.000000 0.000000 -1.000000
vn -0.000132 1.000000 -0.000922
vn 0.000021 -1.000000 -0.000178
vn 0.000627 -1.000000 0.000119
vn -0.999591 0.000000 0.028581
vn -0.999592 0.000000 0.028581
vn 0.000000 -1.000000 -0.000002
vn 0.000000 -1.000000 0.000000
vn -0.999465 0.000000 0.032711
vn -0.999465 0.000000 0.032711
vn 0.000000 1.000000 0.000000
vn 0.000000 -1.000000 0.000000
vn 0.000000 -1.000000 0.000000
vn -0.999465 0.000000 0.032711
vn -0.999465 0.000000 0.032711
vn 0.000000 1.000000 0.000000
vn 0.000000 -1.000000 -0.000001
vn 0.000000 -1.000000 0.000000
vn -0.999864 -0.001854 0.016362
vn -0.999864 -0.001854 0.016362
vn 1.000000 0.000000 0.000000
vn 1.000000 0.000000 0.000000
vn 1.000000 0.000000 0.000000
vn 1.000000 0.000000 0.000000
vn 1.000000 0.000000 0.000000
vn 1.000000 0.000000 0.000000
vn 0.000000 1.000000 0.000000
vn 0.000000 1.000000 0.000000
vn 0.000000 -1.000000 0.000000
vn 0.000000 -1.000000 0.000000
vn 0.000000 -1.000000 0.000000
vn 0.000000 -1.000000 0.000000
vn 0.000000 0.000000 -1.000000
vn 0.000000 0.000000 -1.000000
vn 0.000000 0.000000 -1.000000
vn 0.000000 0.000000 -1.000000
vn -0.000051 -1.000000 0.000036
vn -0.000051 -1.000000 0.000036
vn -0.000051 -1.000000 0.000036
vn -0.000051 -1.000000 0.000036
vn 0.000000 -1.000000 0.000000
vn 0.000000 -1.000000 0.000000
vn 0.000000 -1.000000 0.000000
vn 0.000000 -1.000000 0.000000
vn 1.000000 0.000000 -0.000000
vn 1.000000 0.000000 -0.000000
vn 1.000000 0.000000 -0.000000
vn 1.000000 0.000000 -0.000000
vn 0.000000 1.000000 0.000000
vn 0.000000 1.000000 0.000000
vn 0.000000 1.000000 0.000000
vn 0.000000 1.000000 0.000000
vn 0.000000 0.000000 1.000000
vn 0.000000 0.000000 1.000000
vn 0.000000 0.000000 1.000000
vn 0.000000 0.000000 1.000000
vn -1.000000 0.000000 0.000000
vn -1.000000 0.000000 0.000000
vn -1.000000 0.000000 0.000000
vn -1.000000 0.000000 0.000000
vn -0.000000 0.000000 -1.000000
vn -0.000000 0.000000 -1.000000
vn -0.000000 0.000000 -1.000000
vn -0.000000 0.000000 -1.000000
vn 0.000000 -1.000000 0.000000
vn 0.000000 -1.000000 0.000000
vn 0.000000 -1.000000 0.000000
vn 0.000000 -1.000000 0.000000
vn 1.000000 0.000000 -0.000000
vn 1.000000 0.000000 -0.000000
vn 1.000000 0.000000 -0.000000
vn 1.000000 0.000000 -0.000000
vn 0.000000 1.000000 0.000000
vn 0.000000 1.000000 0.000000
vn 0.000000 1.000000 0.000000
vn 0.000000 1.000000 0.000000
vn 0.000000 0.000000 1.000000
vn 0.000000 0.000000 1.000000
vn 0.000000 0.000000 1.000000
vn 0.000000 0.000000 1.000000
vn -1.000000 0.000000 0.000000
vn -1.000000 0.000000 0.000000
vn -1.000000 0.000000 0.000000
vn -1.000000 0.000000 0.000000
vn -0.000000 0.000000 -1.000000
vn -0.000000 0.000000 -1.000000
vn -0.000000 0.000000 -1.000000
vn -0.000000 0.000000 -1.000000
vn 0.000000 -1.000000 0.000000
vn 0.000000 -1.000000 0.000000
vn 0.000000 -1.000000 0.000000
vn 0.000000 -1.000000 0.000000
vn 1.000000 0.000000 -0.000000
vn 1.000000 0.000000 -0.000000
vn 1.000000 0.000000 -0.000000
vn 1.000000 0.000000 -0.000000
vn 0.000000 1.000000 0.000000
vn 0.000000 1.000000 0.000000
vn 0.000000 1.000000 0.000000
vn 0.000000 1.000000 0.000000
vn 0.000000 0.000000 1.000000
vn 0.000000 0.000000 1.000000
vn 0.000000 0.000000 1.000000
vn 0.000000 0.000000 1.000000
vn -1.000000 0.000000 0.000000
vn -1.000000 0.000000 0.000000
vn -1.000000 0.000000 0.000000
vn -1.000000 0.000000 0.000000
vn -0.000000 0.000000 -1.000000
vn -0.000000 0.000000 -1.000000
vn -0.000000 0.000000 -1.000000
vn -0.000000 0.000000 -1.000000
vn 0.000000 -1.000000 0.000000
vn 0.000000 -1.000000 0.000000
vn 0.000000 -1.000000 0.000000
vn 0.000000 -1.000000 0.000000
vn 1.000000 0.000000 -0.000000
vn 1.000000 0.000000 -0.000000
vn 1.000000 0.000000 -0.000000
vn 1.000000 0.000000 -0.000000
vn 0.000000 1.000000 0.000000
vn 0.000000 1.000000 0.000000
vn 0.000000 1.000000 0.000000
vn 0.000000 1.000000 0.000000
vn 0.000000 0.000000 1.000000
vn 0.000000 0.000000 1.000000
vn 0.000000 0.000000 1.000000
vn 0.000000 0.000000 1.000000
vn -1.000000 0.000000 0.000000
vn -1.000000 0.000000 0.000000
vn -1.000000 0.000000 0.000000
vn -1.000000 0.000000 0.000000
vn -0.000000 0.000000 -1.000000
vn -0.000000 0.000000 -1.000000
vn -0.000000 0.000000 -1.000000
vn -0.000000 0.000000 -1.000000
vn 0.000000 -1.000000 0.000000
vn 0.000000 -1.000000 0.000000
vn 0.000000 -1.000000 0.000000
vn 0.000000 -1.000000 0.000000
vn 1.000000 0.000000 -0.000000
vn 1.000000 0.000000 -0.000000
vn 1.000000 0.000000 -0.000000
vn 1.000000 0.000000 -0.000000
vn 0.000000 1.000000 0.000000
vn 0.000000 1.000000 0.000000
vn 0.000000 1.000000 0.000000
vn 0.000000 1.000000 0.000000
vn 0.000000 0.000000 1.000000
vn 0.000000 0.000000 1.000000
vn 0.000000 0.000000 1.000000
vn 0.000000 0.000000 1.000000
vn -1.000000 0.000000 0.000000
vn -1.000000 0.000000 0.000000
vn -1.000000 0.000000 0.000000
vn -1.000000 0.000000 0.000000
vn -0.000000 0.000000 -1.000000
vn -0.000000 0.000000 -1.000000
vn -0.000000 0.000000 -1.000000
vn -0.000000 0.000000 -1.000000
vn 0.000000 -1.000000 0.000000
vn 0.000000 -1.000000 0.000000
vn 0.000000 -1.000000 0.000000
vn 0.000000 -1.000000 0.000000
vn 0.000000 0.000000 1.000000
vn 0.000000 0.000000 1.000000
vn 0.000000 0.000000 1.000000
vn 0.000000 0.000000 1.000000
vn -1.000000 0.000000 0.000000
vn -1.000000 0.000000 0.000000
vn -1.000000 0.000000 0.000000
vn -1.000000 0.000000 0.000000
vn 0.000000 0.000000 -1.000000
vn 0.000000 0.000000 -1.000000
vn 0.000000 0.000000 -1.000000
vn 0.000000 0.000000 -1.000000
vn 1.000000 0.000000 0.000000
vn 1.000000 0.000000 0.000000
vn 1.000000 0.000000 0.000000
vn 1.000000 0.000000 0.000000
vn 0.000000 1.000000 0.000000
vn 0.000000 1.000000 0.000000
vn 0.000000 1.000000 0.000000
vn 0.000000 1.000000 0.000000
vn 0.000000 -1.000000 0.000000
vn 0.000000 -1.000000 0.000000
vn 0.000000 -1.000000 0.000000
vn 0.000000 -1.000000 0.000000
vn -0.500000 0.000000 -0.866025
vn -0.500000 0.000000 -0.866025
vn -0.500000 0.000000 -0.866025
vn -0.500000 0.000000 -0.866025
vn 0.866025 0.000000 -0.500000
vn 0.866025 0.000000 -0.500000
vn 0.866025 0.000000 -0.500000
vn 0.866025 0.000000 -0.500000
vn 0.500000 0.000000 0.866025
vn 0.500000 0.000000 0.866025
vn 0.500000 0.000000 0.866025
vn 0.500000 0.000000 0.866025
vn -0.866025 0.000000 0.500000
vn -0.866025 0.000000 0.500000
vn -0.866025 0.000000 0.500000
vn -0.866025 0.000000 0.500000
vn 0.000000 1.000000 0.000000
vn 0.000000 1.000000 0.000000
vn 0.000000 1.000000 0.000000
vn 0.000000 1.000000 0.000000
vn 0.000000 -1.000000 0.000000
vn 0.000000 -1.000000 0.000000
vn 0.000000 -1.000000 0.000000
vn 0.000000 -1.000000 0.000000
vn 0.000000 0.000000 1.000000
vn 0.000000 0.000000 1.000000
vn 0.000000 0.000000 1.000000
vn 0.000000 0.000000 1.000000
vn -1.000000 0.000000 0.000000
vn -1.000000 0.000000 0.000000
vn -1.000000 0.000000 0.000000
vn -1.000000 0.000000 0.000000
vn 0.000000 0.000000 -1.000000
vn 0.000000 0.000000 -1.000000
vn 0.000000 0.000000 -1.000000
vn 0.000000 0.000000 -1.000000
vn 1.000000 0.000000 0.000000
vn 1.000000 0.000000 0.000000
vn 1.000000 0.000000 0.000000
vn 1.000000 0.000000 0.000000
vn 0.000000 1.000000 0.000000
vn 0.000000 1.000000 0.000000
vn 0.000000 1.000000 0.000000
vn 0.000000 1.000000 0.000000
vn 0.000000 -1.000000 0.000000
vn 0.000000 -1.000000 0.000000
vn 0.000000 -1.000000 0.000000
vn 0.000000 -1.000000 0.000000
vn 0.000000 0.000000 1.000000
vn 0.000000 0.000000 1.000000
vn 0.000000 0.000000 1.000000
vn 0.000000 0.000000 1.000000
vn -1.000000 0.000000 0.000000
vn -1.000000 0.000000 0.000000
vn -1.000000 0.000000 0.000000
vn -1.000000 0.000000 0.000000
vn 0.000000 0.000000 -1.000000
vn 0.000000 0.000000 -1.000000
vn 0.000000 0.000000 -1.000000
vn 0.000000 0.000000 -1.000000
vn 1.000000 0.000000 0.000000
vn 1.000000 0.000000 0.000000
vn 1.000000 0.000000 0.000000
vn 1.000000 0.000000 0.000000
vn 0.000000 1.000000 0.000000
vn 0.000000 1.000000 0.000000
vn 0.000000 1.000000 0.000000
vn 0.000000 1.000000 0.000000
vn 0.000000 -1.000000 0.000000
vn 0.000000 -1.000000 0.000000
vn 0.000000 -1.000000 0.000000
vn 0.000000 -1.000000 0.000000
vn 0.000000 0.000000 1.000000
vn 0.000000 0.000000 1.000000
vn 0.000000 0.000000 1.000000
vn 0.000000 0.000000 1.000000
vn -1.000000 0.000000 0.000000
vn -1.000000 0.000000 0.000000
vn -1.000000 0.000000 0.000000
vn -1.000000 0.000000 0.000000
vn 0.000000 0.000000 -1.000000
vn 0.000000 0.000000 -1.000000
vn 0.000000 0.000000 -1.000000
vn 0.000000 0.000000 -1.000000
vn 1.000000 0.000000 0.000000
vn 1.000000 0.000000 0.000000
vn 1.000000 0.000000 0.000000
vn 1.000000 0.000000 0.000000
vn 0.000000 1.000000 0.000000
vn 0.000000 1.000000 0.000000
vn 0.000000 1.000000 0.000000
vn 0.000000 1.000000 0.000000
vn 0.000000 -1.000000 0.000000
vn 0.000000 -1.000000 0.000000
vn 0.000000 -1.000000 0.000000
vn 0.000000 -1.000000 0.000000
vn 0.000000 0.000000 1.000000
vn 0.000000 0.000000 1.000000
vn 0.000000 0.000000 1.000000
vn 0.000000 0.000000 1.000000
vn -1.000000 0.000000 0.000000
vn -1.000000 0.000000 0.000000
vn -1.000000 0.000000 0.000000
vn -1.000000 0.000000 0.000000
vn 0.000000 0.000000 -1.000000
vn 0.000000 0.000000 -1.000000
vn 0.000000 0.000000 -1.000000
vn 0.000000 0.000000 -1.000000
vn 1.000000 0.000000 0.000000
vn 1.000000 0.000000 0.000000
vn 1.000000 0.000000 0.000000
vn 1.000000 0.000000 0.000000
vn 0.000000 1.000000 0.000000
vn 0.000000 1.000000 0.000000
vn 0.000000 1.000000 0.000000
vn 0.000000 1.000000 0.000000
vn 0.000000 -1.000000 0.000000
vn 0.000000 -1.000000 0.000000
vn 0.000000 -1.000000 0.000000
vn 0.000000 -1.000000 0.000000
vn 0.000000 0.000000 1.000000
vn 0.000000 0.000000 1.000000
vn 0.000000 0.000000 1.000000
vn 0.000000 0.000000 1.000000
vn -1.000000 0.000000 0.000000
vn -1.000000 0.000000 0.000000
vn -1.000000 0.000000 0.000000
vn -1.000000 0.000000 0.000000
vn 0.000000 0.000000 -1.000000
vn 0.000000 0.000000 -1.000000
vn 0.000000 0.000000 -1.000000
vn 0.000000 0.000000 -1.000000
vn 1.000000 0.000000 0.000000
vn 1.000000 0.000000 0.000000
vn 1.000000 0.000000 0.000000
vn 1.000000 0.000000 0.000000
vn 0.000000 1.000000 0.000000
vn 0.000000 1.000000 0.000000
vn 0.000000 1.000000 0.000000
vn 0.000000 1.000000 0.000000
vn 0.000000 -1.000000 -0.000000
vn 0.000000 -1.000000 -0.000000
vn 0.000000 -1.000000 -0.000000
vn 0.000000 -1.000000 -0.000000
vn -0.465587 0.000000 0.885002
vn -0.465587 0.000000 0.885002
vn -0.465587 0.000000 0.885002
vn -0.465587 0.000000 0.885002
vn -0.885002 0.000000 -0.465587
vn -0.885002 0.000000 -0.465587
vn -0.885002 0.000000 -0.465587
vn -0.885002 0.000000 -0.465587
vn 0.465587 0.000000 -0.885002
vn 0.465587 0.000000 -0.885002
vn 0.465587 0.000000 -0.885002
vn 0.465587 0.000000 -0.885002
vn 0.885002 0.000000 0.465587
vn 0.885002 0.000000 0.465587
vn 0.885002 0.000000 0.465587
vn 0.885002 0.000000 0.465587
vn 0.000000 1.000000 0.000000
vn 0.000000 1.000000 0.000000
vn 0.000000 1.000000 0.000000
vn 0.000000 1.000000 0.000000
vn 0.000000 -1.000000 0.000000
vn 0.000000 -1.000000 0.000000
vn 0.000000 -1.000000 0.000000
vn 0.000000 -1.000000 0.000000
vn 0.000000 0.000000 1.000000
vn 0.000000 0.000000 1.000000
vn 0.000000 0.000000 1.000000
vn 0.000000 0.000000 1.000000
vn -1.000000 0.000000 0.000000
vn -1.000000 0.000000 0.000000
vn -1.000000 0.000000 0.000000
vn -1.000000 0.000000 0.000000
vn 0.000000 0.000000 -1.000000
vn 0.000000 0.000000 -1.000000
vn 0.000000 0.000000 -1.000000
vn 0.000000 0.000000 -1.000000
vn 1.000000 0.000000 0.000000
vn 1.000000 0.000000 0.000000
vn 1.000000 0.000000 0.000000
vn 1.000000 0.000000 0.000000
vn 0.000000 1.000000 0.000000
vn 0.000000 1.000000 0.000000
vn 0.000000 1.000000 0.000000
vn 0.000000 1.000000 0.000000
vn 0.000000 -1.000000 0.000000
vn 0.000000 -1.000000 0.000000
vn 0.000000 -1.000000 0.000000
vn 0.000000 -1.000000 0.000000
vn 0.000000 0.000000 1.000000
vn 0.000000 0.000000 1.000000
vn 0.000000 0.000000 1.000000
vn 0.000000 0.000000 1.000000
vn -1.000000 0.000000 0.000000
vn -1.000000 0.000000 0.000000
vn -1.000000 0.000000 0.000000
vn -1.000000 0.000000 0.000000
vn 0.000000 0.000000 -1.000000
vn 0.000000 0.000000 -1.000000
vn 0.000000 0.000000 -1.000000
vn 0.000000 0.000000 -1.000000
vn 1.000000 0.000000 0.000000
vn 1.000000 0.000000 0.000000
vn 1.000000 0.000000 0.000000
vn 1.000000 0.000000 0.000000
vn 0.000000 1.000000 0.000000
vn 0.000000 1.000000 0.000000
vn 0.000000 1.000000 0.000000
vn 0.000000 1.000000 0.000000
vn 0.000000 -1.000000 0.000000
vn 0.000000 -1.000000 0.000000
vn 0.000000 -1.000000 0.000000
vn 0.000000 -1.000000 0.000000
vn 0.000000 0.000000 1.000000
vn 0.000000 0.000000 1.000000
vn 0.000000 0.000000 1.000000
vn 0.000000 0.000000 1.000000
vn -1.000000 0.000000 0.000000
vn -1.000000 0.000000 0.000000
vn -1.000000 0.000000 0.000000
vn -1.000000 0.000000 0.000000
vn 0.000000 0.000000 -1.000000
vn 0.000000 0.000000 -1.000000
vn 0.000000 0.000000 -1.000000
vn 0.000000 0.000000 -1.000000
vn 1.000000 0.000000 0.000000
vn 1.000000 0.000000 0.000000
vn 1.000000 0.000000 0.000000
vn 1.000000 0.000000 0.000000
vn 0.000000 1.000000 0.000000
vn 0.000000 1.000000 0.000000
vn 0.000000 1.000000 0.000000
vn 0.000000 1.000000 0.000000
vn 0.000000 -1.000000 0.000000
vn 0.000000 -1.000000 0.000000
vn 0.000000 -1.000000 0.000000
vn 0.000000 -1.000000 0.000000
vn 0.000000 0.000000 1.000000
vn 0.000000 0.000000 1.000000
vn 0.000000 0.000000 1.000000
vn 0.000000 0.000000 1.000000
vn -1.000000 0.000000 0.000000
vn -1.000000 0.000000 0.000000
vn -1.000000 0.000000 0.000000
vn -1.000000 0.000000 0.000000
vn 0.000000 0.000000 -1.000000
vn 0.000000 0.000000 -1.000000
vn 0.000000 0.000000 -1.000000
vn 0.000000 0.000000 -1.000000
vn 1.000000 0.000000 0.000000
vn 1.000000 0.000000 0.000000
vn 1.000000 0.000000 0.000000
vn 1.000000 0.000000 0.000000
vn 0.000000 1.000000 0.000000
vn 0.000000 1.000000 0.000000
vn 0.000000 1.000000 0.000000
vn 0.000000 1.000000 0.000000
vn 0.000000 -1.000000 0.000000
vn 0.000000 -1.000000 0.000000
vn 0.000000 -1.000000 0.000000
vn 0.000000 -1.000000 0.000000
vn 0.000000 0.000000 1.000000
vn 0.000000 0.000000 1.000000
vn 0.000000 0.000000 1.000000
vn 0.000000 0.000000 1.000000
vn -1.000000 0.000000 0.000000
vn -1.000000 0.000000 0.000000
vn -1.000000 0.000000 0.000000
vn -1.000000 0.000000 0.000000
vn 0.000000 0.000000 -1.000000
vn 0.000000 0.000000 -1.000000
vn 0.000000 0.000000 -1.000000
vn 0.000000 0.000000 -1.000000
vn 1.000000 0.000000 0.000000
vn 1.000000 0.000000 0.000000
vn 1.000000 0.000000 0.000000
vn 1.000000 0.000000 0.000000
vn 0.000000 1.000000 0.000000
vn 0.000000 1.000000 0.000000
vn 0.000000 1.000000 0.000000
vn 0.000000 1.000000 0.000000
vn 0.000000 -1.000000 0.000000
vn 0.000000 -1.000000 0.000000
vn 0.000000 -1.000000 0.000000
vn 0.000000 -1.000000 0.000000
vn 0.000000 0.000000 1.000000
vn 0.000000 0.000000 1.000000
vn 0.000000 0.000000 1.000000
vn 0.000000 0.000000 1.000000
vn -1.000000 0.000000 0.000000
vn -1.000000 0.000000 0.000000
vn -1.000000 0.000000 0.000000
vn -1.000000 0.000000 0.000000
vn 0.000000 0.000000 -1.000000
vn 0.000000 0.000000 -1.000000
vn 0.000000 0.000000 -1.000000
vn 0.000000 0.000000 -1.000000
vn 1.000000 0.000000 0.000000
vn 1.000000 0.000000 0.000000
vn 1.000000 0.000000 0.000000
vn 1.000000 0.000000 0.000000
vn 0.000000 1.000000 0.000000
vn 0.000000 1.000000 0.000000
vn 0.000000 1.000000 0.000000
vn 0.000000 1.000000 0.000000
vn 0.000000 -1.000000 0.000000
vn 0.000000 -1.000000 0.000000
vn 0.000000 -1.000000 0.000000
vn 0.000000 -1.000000 0.000000
vn -1.000000 0.000000 -0.000000
vn -1.000000 0.000000 -0.000000
vn -1.000000 0.000000 -0.000000
vn -1.000000 0.000000 -0.000000
vn 0.000000 1.000000 0.000000
vn 0.000000 1.000000 0.000000
vn 0.000000 1.000000 0.000000
vn 0.000000 1.000000 0.000000
vn -0.000000 0.000000 1.000000
vn -0.000000 0.000000 1.000000
vn -0.000000 0.000000 1.000000
vn -0.000000 0.000000 1.000000
vn 1.000000 0.000000 0.000000
vn 1.000000 0.000000 0.000000
vn 1.000000 0.000000 0.000000
vn 1.000000 0.000000 0.000000
vn 0.000000 0.000000 -1.000000
vn 0.000000 0.000000 -1.000000
vn 0.000000 0.000000 -1.000000
vn 0.000000 0.000000 -1.000000
vn 0.000000 -1.000000 0.000000
vn 0.000000 -1.000000 0.000000
vn 0.000000 -1.000000 0.000000
vn 0.000000 -1.000000 0.000000
vn -1.000000 0.000000 -0.000000
vn -1.000000 0.000000 -0.000000
vn -1.000000 0.000000 -0.000000
vn -1.000000 0.000000 -0.000000
vn 0.000000 1.000000 0.000000
vn 0.000000 1.000000 0.000000
vn 0.000000 1.000000 0.000000
vn 0.000000 1.000000 0.000000
vn -0.000000 0.000000 1.000000
vn -0.000000 0.000000 1.000000
vn -0.000000 0.000000 1.000000
vn -0.000000 0.000000 1.000000
vn 1.000000 0.000000 0.000000
vn 1.000000 0.000000 0.000000
vn 1.000000 0.000000 0.000000
vn 1.000000 0.000000 0.000000
vn 0.000000 0.000000 -1.000000
vn 0.000000 0.000000 -1.000000
vn 0.000000 0.000000 -1.000000
vn 0.000000 0.000000 -1.000000
vn 0.000000 -1.000000 0.000000
vn 0.000000 -1.000000 0.000000
vn 0.000000 -1.000000 0.000000
vn 0.000000 -1.000000 0.000000
vn -1.000000 0.000000 -0.000000
vn -1.000000 0.000000 -0.000000
vn -1.000000 0.000000 -0.000000
vn -1.000000 0.000000 -0.000000
vn 0.000000 1.000000 0.000000
vn 0.000000 1.000000 0.000000
vn 0.000000 1.000000 0.000000
vn 0.000000 1.000000 0.000000
vn -0.000000 0.000000 1.000000
vn -0.000000 0.000000 1.000000
vn -0.000000 0.000000 1.000000
vn -0.000000 0.000000 1.000000
vn 1.000000 0.000000 0.000000
vn 1.000000 0.000000 0.000000
vn 1.000000 0.000000 0.000000
vn 1.000000 0.000000 0.000000
vn 0.000000 0.000000 -1.000000
vn 0.000000 0.000000 -1.000000
vn 0.000000 0.000000 -1.000000
vn 0.000000 0.000000 -1.000000
vn 0.000000 -1.000000 0.000000
vn 0.000000 -1.000000 0.000000
vn 0.000000 -1.000000 0.000000
vn 0.000000 -1.000000 0.000000
vn -1.000000 0.000000 -0.000000
vn -1.000000 0.000000 -0.000000
vn -1.000000 0.000000 -0.000000
vn -1.000000 0.000000 -0.000000
vn 0.000000 1.000000 0.000000
vn 0.000000 1.000000 0.000000
vn 0.000000 1.000000 0.000000
vn 0.000000 1.000000 0.000000
vn -0.000000 0.000000 1.000000
vn -0.000000 0.000000 1.000000
vn -0.000000 0.000000 1.000000
vn -0.000000 0.000000 1.000000
vn 1.000000 0.000000 0.000000
vn 1.000000 0.000000 0.000000
vn 1.000000 0.000000 0.000000
vn 1.000000 0.000000 0.000000
vn 0.000000 0.000000 -1.000000
vn 0.000000 0.000000 -1.000000
vn 0.000000 0.000000 -1.000000
vn 0.000000 0.000000 -1.000000
vn 0.000000 -1.000000 0.000000
vn 0.000000 -1.000000 0.000000
vn 0.000000 -1.000000 0.000000
vn 0.000000 -1.000000 0.000000
vn -1.000000 0.000000 -0.000000
vn -1.000000 0.000000 -0.000000
vn -1.000000 0.000000 -0.000000
vn -1.000000 0.000000 -0.000000
vn 0.000000 1.000000 0.000000
vn 0.000000 1.000000 0.000000
vn 0.000000 1.000000 0.000000
vn 0.000000 1.000000 0.000000
vn -0.000000 0.000000 1.000000
vn -0.000000 0.000000 1.000000
vn -0.000000 0.000000 1.000000
vn -0.000000 0.000000 1.000000
vn 1.000000 0.000000 0.000000
vn 1.000000 0.000000 0.000000
vn 1.000000 0.000000 0.000000
vn 1.000000 0.000000 0.000000
vn 0.000000 0.000000 -1.000000
vn 0.000000 0.000000 -1.000000
vn 0.000000 0.000000 -1.000000
vn 0.000000 0.000000 -1.000000
vn 0.000000 -1.000000 0.000000
vn 0.000000 -1.000000 0.000000
vn 0.000000 -1.000000 0.000000
vn 0.000000 -1.000000 0.000000
vn 0.000000 0.000000 1.000000
vn 0.000000 0.000000 1.000000
vn 0.000000 0.000000 1.000000
vn 0.000000 0.000000 1.000000
vn 1.000000 0.000000 0.000000
vn 1.000000 0.000000 0.000000
vn 1.000000 0.000000 0.000000
vn 1.000000 0.000000 0.000000
vn 0.000000 0.000000 -1.000000
vn 0.000000 0.000000 -1.000000
vn 0.000000 0.000000 -1.000000
vn 0.000000 0.000000 -1.000000
vn -1.000000 0.000000 0.000000
vn -1.000000 0.000000 0.000000
vn -1.000000 0.000000 0.000000
vn -1.000000 0.000000 0.000000
vn 0.000000 1.000000 0.000000
vn 0.000000 1.000000 0.000000
vn 0.000000 1.000000 0.000000
vn 0.000000 1.000000 0.000000
vn 0.000000 -1.000000 0.000000
vn 0.000000 -1.000000 0.000000
vn 0.000000 -1.000000 0.000000
vn 0.000000 -1.000000 0.000000
vn 0.500000 0.000000 -0.866025
vn 0.500000 0.000000 -0.866025
vn 0.500000 0.000000 -0.866025
vn 0.500000 0.000000 -0.866025
vn -0.866025 0.000000 -0.500000
vn -0.866025 0.000000 -0.500000
vn -0.866025 0.000000 -0.500000
vn -0.866025 0.000000 -0.500000
vn -0.500000 0.000000 0.866025
vn -0.500000 0.000000 0.866025
vn -0.500000 0.000000 0.866025
vn -0.500000 0.000000 0.866025
vn 0.866025 0.000000 0.500000
vn 0.866025 0.000000 0.500000
vn 0.866025 0.000000 0.500000
vn 0.866025 0.000000 0.500000
vn 0.000000 1.000000 0.000000
vn 0.000000 1.000000 0.000000
vn 0.000000 1.000000 0.000000
vn 0.000000 1.000000 0.000000
vn 0.000000 -1.000000 0.000000
vn 0.000000 -1.000000 0.000000
vn 0.000000 -1.000000 0.000000
vn 0.000000 -1.000000 0.000000
vn 0.000000 0.000000 1.000000
vn 0.000000 0.000000 1.000000
vn 0.000000 0.000000 1.000000
vn 0.000000 0.000000 1.000000
vn 1.000000 0.000000 0.000000
vn 1.000000 0.000000 0.000000
vn 1.000000 0.000000 0.000000
vn 1.000000 0.000000 0.000000
vn 0.000000 0.000000 -1.000000
vn 0.000000 0.000000 -1.000000
vn 0.000000 0.000000 -1.000000
vn 0.000000 0.000000 -1.000000
vn -1.000000 0.000000 0.000000
vn -1.000000 0.000000 0.000000
vn -1.000000 0.000000 0.000000
vn -1.000000 0.000000 0.000000
vn 0.000000 1.000000 0.000000
vn 0.000000 1.000000 0.000000
vn 0.000000 1.000000 0.000000
vn 0.000000 1.000000 0.000000
vn 0.000000 -1.000000 0.000000
vn 0.000000 -1.000000 0.000000
vn 0.000000 -1.000000 0.000000
vn 0.000000 -1.000000 0.000000
vn 0.000000 0.000000 1.000000
vn 0.000000 0.000000 1.000000
vn 0.000000 0.000000 1.000000
vn 0.000000 0.000000 1.000000
vn 1.000000 0.000000 0.000000
vn 1.000000 0.000000 0.000000
vn 1.000000 0.000000 0.000000
vn 1.000000 0.000000 0.000000
vn 0.000000 0.000000 -1.000000
vn 0.000000 0.000000 -1.000000
vn 0.000000 0.000000 -1.000000
vn 0.000000 0.000000 -1.000000
vn -1.000000 0.000000 0.000000
vn -1.000000 0.000000 0.000000
vn -1.000000 0.000000 0.000000
vn -1.000000 0.000000 0.000000
vn 0.000000 1.000000 0.000000
vn 0.000000 1.000000 0.000000
vn 0.000000 1.000000 0.000000
vn 0.000000 1.000000 0.000000
vn 0.000000 -1.000000 0.000000
vn 0.000000 -1.000000 0.000000
vn 0.000000 -1.000000 0.000000
vn 0.000000 -1.000000 0.000000
vn 0.000000 0.000000 1.000000
vn 0.000000 0.000000 1.000000
vn 0.000000 0.000000 1.000000
vn 0.000000 0.000000 1.000000
vn 1.000000 0.000000 0.000000
vn 1.000000 0.000000 0.000000
vn 1.000000 0.000000 0.000000
vn 1.000000 0.000000 0.000000
vn 0.000000 0.000000 -1.000000
vn 0.000000 0.000000 -1.000000
vn 0.000000 0.000000 -1.000000
vn 0.000000 0.000000 -1.000000
vn -1.000000 0.000000 0.000000
vn -1.000000 0.000000 0.000000
vn -1.000000 0.000000 0.000000
vn -1.000000 0.000000 0.000000
vn 0.000000 1.000000 0.000000
vn 0.000000 1.000000 0.000000
vn 0.000000 1.000000 0.000000
vn 0.000000 1.000000 0.000000
vn 0.000000 -1.000000 0.000000
vn 0.000000 -1.000000 0.000000
vn 0.000000 -1.000000 0.000000
vn 0.000000 -1.000000 0.000000
vn 0.000000 0.000000 1.000000
vn 0.000000 0.000000 1.000000
vn 0.000000 0.000000 1.000000
vn 0.000000 0.000000 1.000000
vn 1.000000 0.000000 0.000000
vn 1.000000 0.000000 0.000000
vn 1.000000 0.000000 0.000000
vn 1.000000 0.000000 0.000000
vn 0.000000 0.000000 -1.000000
vn 0.000000 0.000000 -1.000000
vn 0.000000 0.000000 -1.000000
vn 0.000000 0.000000 -1.000000
vn -1.000000 0.000000 0.000000
vn -1.000000 0.000000 0.000000
vn -1.000000 0.000000 0.000000
vn -1.000000 0.000000 0.000000
vn 0.000000 1.000000 0.000000
vn 0.000000 1.000000 0.000000
vn 0.000000 1.000000 0.000000
vn 0.000000 1.000000 0.000000
vn 0.000000 -1.000000 0.000000
vn 0.000000 -1.000000 0.000000
vn 0.000000 -1.000000 0.000000
vn 0.000000 -1.000000 0.000000
vn 0.000000 0.000000 1.000000
vn 0.000000 0.000000 1.000000
vn 0.000000 0.000000 1.000000
vn 0.000000 0.000000 1.000000
vn 1.000000 0.000000 0.000000
vn 1.000000 0.000000 0.000000
vn 1.000000 0.000000 0.000000
vn 1.000000 0.000000 0.000000
vn 0.000000 0.000000 -1.000000
vn 0.000000 0.000000 -1.000000
vn 0.000000 0.000000 -1.000000
vn 0.000000 0.000000 -1.000000
vn -1.000000 0.000000 0.000000
vn -1.000000 0.000000 0.000000
vn -1.000000 0.000000 0.000000
vn -1.000000 0.000000 0.000000
vn 0.000000 1.000000 0.000000
vn 0.000000 1.000000 0.000000
vn 0.000000 1.000000 0.000000
vn 0.000000 1.000000 0.000000
vn 0.000000 -1.000000 -0.000000
vn 0.000000 -1.000000 -0.000000
vn 0.000000 -1.000000 -0.000000
vn 0.000000 -1.000000 -0.000000
vn 0.465587 0.000000 0.885002
vn 0.465587 0.000000 0.885002
vn 0.465587 0.000000 0.885002
vn 0.465587 0.000000 0.885002
vn 0.885002 0.000000 -0.465587
vn 0.885002 0.000000 -0.465587
vn 0.885002 0.000000 -0.465587
vn 0.885002 0.000000 -0.465587
vn -0.465587 0.000000 -0.885002
vn -0.465587 0.000000 -0.885002
vn -0.465587 0.000000 -0.885002
vn -0.465587 0.000000 -0.885002
vn -0.885002 0.000000 0.465587
vn -0.885002 0.000000 0.465587
vn -0.885002 0.000000 0.465587
vn -0.885002 0.000000 0.465587
vn 0.000000 1.000000 0.000000
vn 0.000000 1.000000 0.000000
vn 0.000000 1.000000 0.000000
vn 0.000000 1.000000 0.000000
vn 0.000000 -1.000000 0.000000
vn 0.000000 -1.000000 0.000000
vn 0.000000 -1.000000 0.000000
vn 0.000000 -1.000000 0.000000
vn 0.000000 0.000000 1.000000
vn 0.000000 0.000000 1.000000
vn 0.000000 0.000000 1.000000
vn 0.000000 0.000000 1.000000
vn 1.000000 0.000000 0.000000
vn 1.000000 0.000000 0.000000
vn 1.000000 0.000000 0.000000
vn 1.000000 0.000000 0.000000
vn 0.000000 0.000000 -1.000000
vn 0.000000 0.000000 -1.000000
vn 0.000000 0.000000 -1.000000
vn 0.000000 0.000000 -1.000000
vn -1.000000 0.000000 0.000000
vn -1.000000 0.000000 0.000000
vn -1.000000 0.000000 0.000000
vn -1.000000 0.000000 0.000000
vn 0.000000 1.000000 0.000000
vn 0.000000 1.000000 0.000000
vn 0.000000 1.000000 0.000000
vn 0.000000 1.000000 0.000000
vn 0.000000 -1.000000 0.000000
vn 0.000000 -1.000000 0.000000
vn 0.000000 -1.000000 0.000000
vn 0.000000 -1.000000 0.000000
vn 0.000000 0.000000 1.000000
vn 0.000000 0.000000 1.000000
vn 0.000000 0.000000 1.000000
vn 0.000000 0.000000 1.000000
vn 1.000000 0.000000 0.000000
vn 1.000000 0.000000 0.000000
vn 1.000000 0.000000 0.000000
vn 1.000000 0.000000 0.000000
vn 0.000000 0.000000 -1.000000
vn 0.000000 0.000000 -1.000000
vn 0.000000 0.000000 -1.000000
vn 0.000000 0.000000 -1.000000
vn -1.000000 0.000000 0.000000
vn -1.000000 0.000000 0.000000
vn -1.000000 0.000000 0.000000
vn -1.000000 0.000000 0.000000
vn 0.000000 1.000000 0.000000
vn 0.000000 1.000000 0.000000
vn 0.000000 1.000000 0.000000
vn 0.000000 1.000000 0.000000
vn 0.000000 -1.000000 0.000000
vn 0.000000 -1.000000 0.000000
vn 0.000000 -1.000000 0.000000
vn 0.000000 -1.000000 0.000000
vn 0.000000 0.000000 1.000000
vn 0.000000 0.000000 1.000000
vn 0.000000 0.000000 1.000000
vn 0.000000 0.000000 1.000000
vn 1.000000 0.000000 0.000000
vn 1.000000 0.000000 0.000000
vn 1.000000 0.000000 0.000000
vn 1.000000 0.000000 0.000000
vn 0.000000 0.000000 -1.000000
vn 0.000000 0.000000 -1.000000
vn 0.000000 0.000000 -1.000000
vn 0.000000 0.000000 -1.000000
vn -1.000000 0.000000 0.000000
vn -1.000000 0.000000 0.000000
vn -1.000000 0.000000 0.000000
vn -1.000000 0.000000 0.000000
vn 0.000000 1.000000 0.000000
vn 0.000000 1.000000 0.000000
vn 0.000000 1.000000 0.000000
vn 0.000000 1.000000 0.000000
vn 0.000000 -1.000000 0.000000
vn 0.000000 -1.000000 0.000000
vn 0.000000 -1.000000 0.000000
vn 0.000000 -1.000000 0.000000
vn 0.000000 0.000000 1.000000
vn 0.000000 0.000000 1.000000
vn 0.000000 0.000000 1.000000
vn 0.000000 0.000000 1.000000
vn 1.000000 0.000000 0.000000
vn 1.000000 0.000000 0.000000
vn 1.000000 0.000000 0.000000
vn 1.000000 0.000000 0.000000
vn 0.000000 0.000000 -1.000000
vn 0.000000 0.000000 -1.000000
vn 0.000000 0.000000 -1.000000
vn 0.000000 0.000000 -1.000000
vn -1.000000 0.000000 0.000000
vn -1.000000 0.000000 0.000000
vn -1.000000 0.000000 0.000000
vn -1.000000 0.000000 0.000000
vn 0.000000 1.000000 0.000000
vn 0.000000 1.000000 0.000000
vn 0.000000 1.000000 0.000000
vn 0.000000 1.000000 0.000000
vn 0.000000 -1.000000 0.000000
vn 0.000000 -1.000000 0.000000
vn 0.000000 -1.000000 0.000000
vn 0.000000 -1.000000 0.000000
vn 0.000000 0.000000 1.000000
vn 0.000000 0.000000 1.000000
vn 0.000000 0.000000 1.000000
vn 0.000000 0.000000 1.000000
vn 1.000000 0.000000 0.000000
vn 1.000000 0.000000 0.000000
vn 1.000000 0.000000 0.000000
vn 1.000000 0.000000 0.000000
vn 0.000000 0.000000 -1.000000
vn 0.000000 0.000000 -1.000000
vn 0.000000 0.000000 -1.000000
vn 0.000000 0.000000 -1.000000
vn -1.000000 0.000000 0.000000
vn -1.000000 0.000000 0.000000
vn -1.000000 0.000000 0.000000
vn -1.000000 0.000000 0.000000
vn 0.000000 1.000000 0.000000
vn 0.000000 1.000000 0.000000
vn 0.000000 1.000000 0.000000
vn 0.000000 1.000000 0.000000
vn 0.000000 -1.000000 0.000000
vn 0.000000 -1.000000 0.000000
vn 0.000000 -1.000000 0.000000
vn 0.000000 -1.000000 0.000000
vn 0.000000 0.000000 1.000000
vn 0.000000 0.000000 1.000000
vn 0.000000 0.000000 1.000000
vn 0.000000 0.000000 1.000000
vn 1.000000 0.000000 0.000000
vn 1.000000 0.000000 0.000000
vn 1.000000 0.000000 0.000000
vn 1.000000 0.000000 0.000000
vn 0.000000 0.000000 -1.000000
vn 0.000000 0.000000 -1.000000
vn 0.000000 0.000000 -1.000000
vn 0.000000 0.000000 -1.000000
vn -1.000000 0.000000 0.000000
vn -1.000000 0.000000 0.000000
vn -1.000000 0.000000 0.000000
vn -1.000000 0.000000 0.000000
vn 0.000000 1.000000 0.000000
vn 0.000000 1.000000 0.000000
vn 0.000000 1.000000 0.000000
vn 0.000000 1.000000 0.000000
s 1
g Office_geo Asset_grp
usemtl lambert7SG
f 586/1/1 587/2/2 420/3/3 422/4/4
f 424/5/5 421/6/6 423/7/7 425/8/8
f 426/9/9 424/5/5 425/8/8 427/10/10
f 428/11/11 426/9/9 427/10/10 429/12/12
f 430/13/13 428/11/11 429/12/12 431/14/14
f 432/15/15 430/13/13 431/14/14 433/16/16
f 434/17/17 432/15/15 433/16/16 435/18/18
f 436/19/19 434/17/17 435/18/18 437/20/20
f 438/21/21 436/19/19 437/20/20 439/22/22
f 441/23/23 440/24/24 438/21/21 439/22/22
f 442/25/25 441/23/23 439/22/22 443/26/26
f 437/20/20 444/27/27 443/26/26 439/22/22
f 435/18/18 445/28/28 444/27/27 437/20/20
f 433/16/16 446/29/29 445/28/28 435/18/18
f 431/14/14 447/30/30 446/29/29 433/16/16
f 429/12/12 448/31/31 447/30/30 431/14/14
f 427/10/10 449/32/32 448/31/31 429/12/12
f 425/8/8 450/33/33 449/32/32 427/10/10
f 423/7/7 451/34/34 450/33/33 425/8/8
f 422/4/4 452/35/35 585/36/36 586/1/1
f 444/27/27 453/37/37 454/38/38 443/26/26
f 445/28/28 455/39/39 453/37/37 444/27/27
f 446/29/29 456/40/40 455/39/39 445/28/28
f 447/30/30 457/41/41 456/40/40 446/29/29
f 448/31/31 458/42/42 457/41/41 447/30/30
f 449/32/32 459/43/43 458/42/42 448/31/31
f 450/33/33 460/44/44 459/43/43 449/32/32
f 451/34/34 461/45/45 460/44/44 450/33/33
f 452/35/35 462/46/46 584/47/47 585/36/36
f 463/48/48 442/25/25 443/26/26 454/38/38
f 453/37/37 464/49/49 465/50/50 454/38/38
f 455/39/39 466/51/51 464/49/49 453/37/37
f 456/40/40 467/52/52 466/51/51 455/39/39
f 457/41/41 468/53/53 467/52/52 456/40/40
f 458/42/42 469/54/54 468/53/53 457/41/41
f 459/43/43 470/55/55 469/54/54 458/42/42
f 460/44/44 471/56/56 470/55/55 459/43/43
f 461/45/45 472/57/57 471/56/56 460/44/44
f 462/46/46 473/58/58 583/59/59 584/47/47
f 463/48/48 454/38/38 465/50/50 474/60/60
s 3
f 30/2239/61 29/62/62 57/63/63 58/64/64
f 29/62/62 31/65/65 59/66/66 57/63/63
f 31/65/65 32/67/67 60/68/68 59/66/66
f 32/67/67 33/69/69 61/70/70 60/68/68
f 33/69/69 34/71/71 62/72/72 61/70/70
f 34/71/71 35/73/73 63/74/74 62/72/72
f 35/73/73 36/75/75 64/76/76 63/74/74
f 36/75/75 37/77/77 65/78/78 64/76/76
f 37/77/77 38/79/79 66/80/80 65/78/78
f 38/79/79 39/81/81 67/82/82 66/80/80
f 39/81/81 40/83/83 68/84/84 67/82/82
f 40/83/83 41/85/85 69/86/86 68/84/84
f 41/85/85 42/87/87 70/88/88 69/86/86
f 56/89/89 44/90/90 72/91/91 73/92/92
f 53/93/93 30/61/61 58/2242/64 74/94/94
f 46/95/95 45/96/96 75/97/97 76/98/98
f 47/99/99 46/95/95 76/98/98 77/100/100
f 48/101/101 47/99/99 77/100/100 78/102/102
f 49/103/103 48/101/101 78/102/102 79/104/104
f 44/90/90 576/105/105 577/106/106 72/91/91
f 45/96/96 50/107/107 80/108/108 75/97/97
f 50/107/107 51/109/109 81/110/110 80/108/108
f 51/109/109 52/111/111 82/112/112 81/110/110
f 52/111/111 53/93/93 74/94/94 82/112/112
f 43/113/113 54/114/114 83/115/115 71/116/116
f 54/114/114 55/117/117 84/118/118 83/115/115
f 55/117/117 56/89/89 73/92/92 84/118/118
s off
f 58/64/119 57/63/120 85/119/121 86/120/122
f 57/63/123 59/66/124 87/121/125 85/119/126
f 59/66/127 60/68/128 88/122/129 87/121/130
f 60/68/131 61/70/132 89/123/133 88/122/134
f 61/70/135 62/72/136 90/124/137 89/123/138
f 62/72/139 63/74/140 91/125/141 90/124/142
f 63/74/143 64/76/144 92/126/145 91/125/146
f 64/76/147 65/78/148 93/127/149 92/126/150
f 65/78/151 66/80/152 94/128/153 93/127/154
f 66/80/155 67/82/156 95/129/157 94/128/158
f 67/82/159 68/84/160 96/130/161 95/129/162
f 68/84/163 69/86/164 97/131/165 96/130/166
f 69/86/167 70/88/168 98/132/169 97/131/170
f 73/92/171 72/91/172 100/133/173 101/134/174
f 74/94/175 58/2242/176 86/2241/177 102/135/178
f 76/98/179 75/97/180 103/136/181 104/137/182
f 77/100/183 76/98/184 104/137/185 105/138/186
f 78/102/187 77/100/188 105/138/189 106/139/190
f 79/104/191 78/102/192 106/139/193 107/140/194
s 7
f 72/91/195 577/106/196 578/141/197 100/133/198
s off
f 75/97/199 80/108/200 108/142/201 103/136/202
f 80/108/203 81/110/204 109/143/205 108/142/206
f 81/110/207 82/112/208 110/144/209 109/143/210
f 82/112/211 74/94/212 102/135/213 110/144/214
f 71/116/215 83/115/216 111/145/217 99/146/218
f 83/115/219 84/118/220 112/147/221 111/145/222
f 84/118/223 73/92/224 101/134/225 112/147/226
s 8
f 113/148/227 86/120/228 85/119/229 114/149/230
f 114/149/230 85/119/229 87/121/231 115/150/232
f 115/150/232 87/121/231 88/122/233 116/151/234
f 116/151/234 88/122/233 89/123/235 117/152/236
f 117/152/236 89/123/235 90/124/237 118/153/238
f 118/153/238 90/124/237 91/125/239 119/154/240
f 119/154/240 91/125/239 92/126/241 120/155/242
f 120/155/242 92/126/241 93/127/243 121/156/244
f 121/156/244 93/127/243 94/128/245 122/157/246
f 122/157/246 94/128/245 95/129/247 123/158/248
f 123/158/248 95/129/247 96/130/249 124/159/250
f 124/159/250 96/130/249 97/131/251 125/160/252
f 125/160/252 97/131/251 98/132/253 126/161/254
f 128/162/255 101/134/256 100/133/257 129/163/258
f 130/164/259 102/135/260 86/2241/228 113/2238/227
f 131/165/261 104/137/262 103/136/263 132/166/264
f 133/167/265 105/138/266 104/137/262 131/165/261
f 134/168/267 106/139/268 105/138/266 133/167/265
f 135/169/269 107/140/270 106/139/268 134/168/267
f 129/163/258 100/133/257 578/141/271 579/170/272
f 132/166/264 103/136/263 108/142/273 136/171/274
f 136/171/274 108/142/273 109/143/275 137/172/276
f 137/172/276 109/143/275 110/144/277 138/173/278
f 138/173/278 110/144/277 102/135/260 130/164/259
f 127/174/279 99/146/280 111/145/281 139/175/282
f 139/175/282 111/145/281 112/147/283 140/176/284
f 140/176/284 112/147/283 101/134/256 128/162/255
s 12
f 562/177/285 564/178/286 175/179/287 144/2023/288
s off
f 142/181/289 141/2037/290 196/183/291 197/184/292
f 141/2037/293 156/2036/294 198/186/295 196/183/296
f 156/2036/297 155/2038/298 199/188/299 198/186/300
f 155/2038/301 154/189/302 200/190/303 199/188/304
f 154/189/305 153/2040/306 201/192/307 200/190/308
f 153/2040/309 152/2041/310 202/194/311 201/192/312
f 152/2041/313 151/2042/314 203/196/315 202/194/316
f 151/2042/317 150/2043/318 204/198/319 203/196/320
f 150/2043/321 149/2044/322 205/200/323 204/198/324
f 149/2044/325 148/2045/326 206/202/327 205/200/328
f 148/2045/329 147/2046/330 207/204/331 206/202/332
f 147/2046/333 146/2047/334 208/206/335 207/204/336
s 13
f 146/2047/337 145/2022/338 209/208/339 208/206/340
s 14
f 144/180/341 175/2026/342 211/209/343 210/210/344
s 15
f 143/2020/345 567/212/346 568/213/347 214/214/348
f 219/215/349 157/2031/350 162/2030/351 220/218/352
f 218/219/353 158/2035/354 157/2031/350 219/215/349
f 217/221/355 159/2034/356 158/2035/354 218/219/353
f 216/223/357 160/2033/358 159/2034/356 217/221/355
f 215/225/359 161/2032/360 160/2033/358 216/223/357
s 12
f 146/205/361 173/227/362 174/228/363 145/207/364
f 147/203/365 172/229/366 173/227/362 146/205/361
f 148/201/367 171/230/368 172/229/366 147/203/365
f 149/199/369 170/231/370 171/230/368 148/201/367
f 150/197/371 169/232/372 170/231/370 149/199/369
s 15
f 220/218/352 162/2030/351 163/2029/373 221/234/374
s 12
f 151/195/375 168/235/376 169/232/372 150/197/371
s 15
f 221/234/374 163/2029/373 164/2028/377 222/237/378
s 12
f 152/193/379 167/238/380 168/235/376 151/195/375
s 15
f 222/237/378 164/2028/377 165/2027/381 223/240/382
s 12
f 153/191/383 166/241/384 167/238/380 152/193/379
s 15
f 223/240/382 165/2027/381 142/2240/385 197/2232/386
s 12
f 155/187/387 166/241/384 153/191/383 154/2039/388
f 156/185/389 176/242/390 166/241/384 155/187/387
f 167/238/380 166/241/384 176/242/390 177/243/391
f 168/235/376 167/238/380 177/243/391 178/244/392
f 169/232/372 168/235/376 178/244/392 179/245/393
f 170/231/370 169/232/372 179/245/393 180/246/394
f 171/230/368 170/231/370 180/246/394 181/247/395
f 172/229/366 171/230/368 181/247/395 182/248/396
f 173/227/362 172/229/366 182/248/396 183/249/397
f 174/228/363 173/227/362 183/249/397 184/250/398
f 175/179/287 564/178/286 565/251/399 185/252/400
s 14
f 211/209/343 175/2026/342 185/2025/401 212/253/402
s 12
f 177/243/391 176/242/390 186/254/403 187/255/404
f 178/244/392 177/243/391 187/255/404 188/256/405
f 179/245/393 178/244/392 188/256/405 189/257/406
f 180/246/394 179/245/393 189/257/406 190/258/407
f 181/247/395 180/246/394 190/258/407 191/259/408
f 182/248/396 181/247/395 191/259/408 192/260/409
f 183/249/397 182/248/396 192/260/409 193/261/410
f 184/250/398 183/249/397 193/261/410 194/262/411
f 185/252/400 565/251/399 566/263/412 195/264/413
s 14
f 212/253/402 185/2025/401 195/2024/414 213/265/415
s 12
f 141/182/416 186/254/403 176/242/390 156/185/389
f 187/255/404 186/254/403 165/239/417 164/236/418
f 188/256/405 187/255/404 164/236/418 163/233/419
f 189/257/406 188/256/405 163/233/419 162/217/420
f 190/258/407 189/257/406 162/217/420 157/216/421
f 191/259/408 190/258/407 157/216/421 158/220/422
f 192/260/409 191/259/408 158/220/422 159/222/423
f 193/261/410 192/260/409 159/222/423 160/224/424
f 194/262/411 193/261/410 160/224/424 161/226/425
f 195/264/413 566/263/412 567/2019/426 143/211/427
s 14
f 213/265/415 195/2024/414 143/2020/428 214/214/429
s 12
f 141/182/416 142/2048/430 165/239/417 186/254/403
s off
f 224/2233/431 225/267/432 29/62/433 30/2239/434
f 225/267/435 226/268/436 31/65/437 29/62/438
f 226/268/439 227/269/440 32/67/441 31/65/442
f 227/269/443 228/270/444 33/69/445 32/67/446
f 228/270/447 229/271/448 34/71/449 33/69/450
f 229/271/451 230/272/452 35/73/453 34/71/454
f 230/272/455 231/273/456 36/75/457 35/73/458
f 231/273/459 232/274/460 37/77/461 36/75/462
f 232/274/463 233/275/464 38/79/465 37/77/466
f 233/275/467 234/276/468 39/81/469 38/79/470
f 234/276/471 235/277/472 40/83/473 39/81/474
f 235/277/475 236/278/476 41/85/477 40/83/478
s 18
f 236/278/479 237/279/480 42/87/481 41/85/482
s 19
f 238/280/483 239/281/484 54/114/485 43/113/486
s 20
f 240/282/487 575/283/488 576/105/489 44/90/490
f 45/96/491 242/284/492 243/285/493 50/107/494
f 46/95/495 244/286/496 242/284/492 45/96/491
f 47/99/497 245/287/498 244/286/496 46/95/495
f 48/101/499 246/288/500 245/287/498 47/99/497
f 49/103/501 241/289/502 246/288/500 48/101/499
f 50/107/494 243/285/493 247/290/503 51/109/504
f 51/109/504 247/290/503 248/291/505 52/111/506
f 52/111/506 248/291/505 249/292/507 53/93/508
f 53/93/508 249/292/507 224/266/509 30/61/510
s 19
f 54/114/485 239/281/484 250/293/511 55/117/512
f 55/117/512 250/293/511 251/294/513 56/89/514
f 56/89/514 251/294/513 240/282/515 44/90/516
s off
f 113/148/517 114/149/518 17/2194/519 28/2192/520
f 114/149/521 115/150/522 14/2204/523 17/2194/524
f 115/150/525 116/151/526 12/2207/527 14/2204/528
f 116/151/529 117/152/530 13/2208/531 12/2207/532
f 117/152/533 118/153/534 11/2209/535 13/2208/536
f 118/153/537 119/154/538 10/2210/539 11/2209/540
f 119/154/541 120/155/542 9/2211/543 10/2210/544
f 120/155/545 121/156/546 8/2212/547 9/2211/548
f 121/156/549 122/157/550 7/2213/551 8/2212/552
f 122/157/553 123/158/554 6/2214/555 7/2213/556
f 123/158/557 124/159/558 5/2215/559 6/2214/560
f 124/159/561 125/160/562 4/2216/563 5/2215/564
s 22
f 125/160/565 126/161/566 1/308/567 4/2216/568
s 23
f 127/174/569 139/175/570 2/2206/571 3/2191/572
s 24
f 129/163/573 579/170/574 580/2187/575 27/312/576
f 22/2200/577 132/166/578 136/171/579 21/2201/580
f 23/2199/581 131/165/582 132/166/578 22/2200/577
f 24/2198/583 133/167/584 131/165/582 23/2199/581
f 25/2197/585 134/168/586 133/167/584 24/2198/583
f 26/2196/587 135/169/588 134/168/586 25/2197/585
f 21/2201/580 136/171/579 137/172/589 20/2202/590
f 20/2202/590 137/172/589 138/173/591 19/2203/592
f 19/2203/592 138/173/591 130/164/593 18/2193/594
f 18/2193/594 130/164/593 113/2238/595 28/2237/596
s 23
f 2/2206/571 139/175/570 140/176/597 15/2205/598
f 15/2205/598 140/176/597 128/162/599 16/2195/600
f 16/2195/600 128/162/599 129/163/601 27/312/602
s off
f 252/2229/603 253/325/604 254/326/605 255/327/606
f 253/325/607 256/328/608 257/329/609 254/326/610
f 256/328/611 258/330/612 259/331/613 257/329/614
f 258/330/615 260/332/616 261/333/617 259/331/618
f 260/332/619 262/334/620 263/335/621 261/333/622
f 262/334/623 264/336/624 265/337/625 263/335/626
f 264/336/627 266/338/628 267/339/629 265/337/630
f 266/338/631 268/340/632 269/341/633 267/339/634
f 268/340/635 270/342/636 271/343/637 269/341/638
f 270/342/639 272/344/640 273/345/641 271/343/642
f 272/344/643 274/346/644 275/347/645 273/345/646
f 274/346/647 276/348/648 277/349/649 275/347/650
s 26
f 276/348/651 278/350/652 279/351/653 277/349/654
s 27
f 280/352/655 282/353/656 283/354/657 281/355/658
s 28
f 284/356/659 571/357/660 572/358/661 287/359/662
f 288/360/663 289/361/664 290/362/665 291/363/666
f 292/364/667 293/365/668 289/361/664 288/360/663
f 294/366/669 295/367/670 293/365/668 292/364/667
f 296/368/671 297/369/672 295/367/670 294/366/669
f 286/370/673 285/371/674 297/369/672 296/368/671
f 291/363/666 290/362/665 298/372/675 299/373/676
f 299/373/676 298/372/675 300/374/677 301/375/678
f 301/375/678 300/374/677 302/376/679 303/377/680
f 303/377/680 302/376/679 252/324/681 255/2236/682
s 27
f 283/354/657 282/353/656 304/378/683 305/379/684
f 305/379/684 304/378/683 306/380/685 307/381/686
f 307/381/686 306/380/685 284/356/687 287/359/688
s 30
f 255/327/689 254/326/690 308/382/691 309/383/692
f 254/326/690 257/329/693 310/384/694 308/382/691
f 257/329/693 259/331/695 311/385/696 310/384/694
f 259/331/695 261/333/697 312/386/698 311/385/696
f 261/333/697 263/335/699 313/387/700 312/386/698
f 263/335/699 265/337/701 314/388/702 313/387/700
f 265/337/701 267/339/703 315/389/704 314/388/702
f 267/339/703 269/341/705 316/390/706 315/389/704
f 269/341/705 271/343/707 317/391/708 316/390/706
f 271/343/707 273/345/709 318/392/710 317/391/708
f 273/345/709 275/347/711 319/393/712 318/392/710
f 275/347/711 277/349/713 320/394/714 319/393/712
f 277/349/713 279/351/715 321/395/716 320/394/714
f 307/381/717 287/359/718 323/396/719 324/397/720
f 303/377/721 255/2236/689 309/2235/692 325/398/722
f 292/364/723 288/360/724 326/399/725 327/400/726
f 294/366/727 292/364/723 327/400/726 328/401/728
f 296/368/729 294/366/727 328/401/728 329/402/730
f 286/370/731 296/368/729 329/402/730 330/403/732
f 287/359/718 572/358/733 573/404/734 323/396/719
f 288/360/724 291/363/735 331/405/736 326/399/725
f 291/363/735 299/373/737 332/406/738 331/405/736
f 299/373/737 301/375/739 333/407/740 332/406/738
f 301/375/739 303/377/721 325/398/722 333/407/740
f 281/355/741 283/354/742 334/408/743 322/409/744
f 283/354/742 305/379/745 335/410/746 334/408/743
f 305/379/745 307/381/717 324/397/720 335/410/746
s off
f 309/383/747 308/382/748 336/411/749 337/412/750
f 308/382/751 310/384/752 338/413/753 336/411/754
f 310/384/755 311/385/756 339/414/757 338/413/758
f 311/385/759 312/386/760 340/415/761 339/414/762
f 312/386/763 313/387/764 341/416/765 340/415/766
f 313/387/767 314/388/768 342/417/769 341/416/770
f 314/388/771 315/389/772 343/418/773 342/417/774
f 315/389/775 316/390/776 344/419/777 343/418/778
f 316/390/779 317/391/780 345/420/781 344/419/782
f 317/391/783 318/392/784 346/421/785 345/420/786
f 318/392/787 319/393/788 347/422/789 346/421/790
f 319/393/791 320/394/792 348/423/793 347/422/794
f 320/394/795 321/395/796 349/424/797 348/423/798
f 324/397/799 323/396/800 351/425/801 352/426/802
f 325/398/803 309/2235/804 337/2234/805 353/427/806
f 327/400/807 326/399/808 354/428/809 355/429/810
f 328/401/811 327/400/812 355/429/813 356/430/814
f 329/402/815 328/401/816 356/430/817 357/431/818
f 330/403/819 329/402/820 357/431/821 358/432/822
s 34
f 323/396/823 573/404/824 574/433/825 351/425/826
s off
f 326/399/827 331/405/828 359/434/829 354/428/830
f 331/405/831 332/406/832 360/435/833 359/434/834
f 332/406/835 333/407/836 361/436/837 360/435/838
f 333/407/839 325/398/840 353/427/841 361/436/842
f 322/409/843 334/408/844 362/437/845 350/438/846
f 334/408/847 335/410/848 363/439/849 362/437/850
f 335/410/851 324/397/852 352/426/853 363/439/854
s 35
f 224/2233/855 337/412/856 336/411/857 225/267/858
f 225/267/858 336/411/857 338/413/859 226/268/860
f 226/268/860 338/413/859 339/414/861 227/269/862
f 227/269/862 339/414/861 340/415/863 228/270/864
f 228/270/864 340/415/863 341/416/865 229/271/866
f 229/271/866 341/416/865 342/417/867 230/272/868
f 230/272/868 342/417/867 343/418/869 231/273/870
f 231/273/870 343/418/869 344/419/871 232/274/872
f 232/274/872 344/419/871 345/420/873 233/275/874
f 233/275/874 345/420/873 346/421/875 234/276/876
f 234/276/876 346/421/875 347/422/877 235/277/878
f 235/277/878 347/422/877 348/423/879 236/278/880
f 236/278/880 348/423/879 349/424/881 237/279/882
f 251/294/883 352/426/884 351/425/885 240/282/886
f 249/292/887 353/427/888 337/2234/856 224/266/855
f 244/286/889 355/429/890 354/428/891 242/284/892
f 245/287/893 356/430/894 355/429/890 244/286/889
f 246/288/895 357/431/896 356/430/894 245/287/893
f 241/289/897 358/432/898 357/431/896 246/288/895
f 240/282/886 351/425/885 574/433/899 575/283/900
f 242/284/892 354/428/891 359/434/901 243/285/902
f 243/285/902 359/434/901 360/435/903 247/290/904
f 247/290/904 360/435/903 361/436/905 248/291/906
f 248/291/906 361/436/905 353/427/888 249/292/887
f 238/280/907 350/438/908 362/437/909 239/281/910
f 239/281/910 362/437/909 363/439/911 250/293/912
f 250/293/912 363/439/911 352/426/884 251/294/883
s 39
f 197/184/913 196/183/914 364/440/915 365/441/916
f 196/183/914 198/186/917 366/442/918 364/440/915
f 198/186/917 199/188/919 367/443/920 366/442/918
f 199/188/919 200/190/921 368/444/922 367/443/920
f 200/190/921 201/192/923 369/445/924 368/444/922
f 201/192/923 202/194/925 370/446/926 369/445/924
f 202/194/925 203/196/927 371/447/928 370/446/926
f 203/196/927 204/198/929 372/448/930 371/447/928
f 204/198/929 205/200/931 373/449/932 372/448/930
f 205/200/931 206/202/933 374/450/934 373/449/932
f 206/202/933 207/204/935 375/451/936 374/450/934
f 207/204/935 208/206/937 376/452/938 375/451/936
f 208/206/937 209/208/939 377/453/940 376/452/938
f 213/265/941 214/214/942 379/454/943 380/455/944
f 223/240/945 197/2232/913 365/2231/916 381/456/946
f 218/219/947 219/215/948 382/457/949 383/458/950
f 217/221/951 218/219/947 383/458/950 384/459/952
f 216/223/953 217/221/951 384/459/952 385/460/954
f 215/225/955 216/223/953 385/460/954 386/461/956
f 214/214/942 568/213/957 569/462/958 379/454/943
f 219/215/948 220/218/959 387/463/960 382/457/949
f 220/218/959 221/234/961 388/464/962 387/463/960
f 221/234/961 222/237/963 389/465/964 388/464/962
f 222/237/963 223/240/945 381/456/946 389/465/964
f 210/210/965 211/209/966 390/466/967 378/467/968
f 211/209/966 212/253/969 391/468/970 390/466/967
f 212/253/969 213/265/941 380/455/944 391/468/970
s off
f 365/441/971 364/440/972 392/469/973 393/470/974
f 364/440/975 366/442/976 394/471/977 392/469/978
f 366/442/979 367/443/980 395/472/981 394/471/982
f 367/443/983 368/444/984 396/473/985 395/472/986
f 368/444/987 369/445/988 397/474/989 396/473/990
f 369/445/991 370/446/992 398/475/993 397/474/994
f 370/446/995 371/447/996 399/476/997 398/475/998
f 371/447/999 372/448/1000 400/477/1001 399/476/1002
f 372/448/1003 373/449/1004 401/478/1005 400/477/1006
f 373/449/1007 374/450/1008 402/479/1009 401/478/1010
f 374/450/1011 375/451/1012 403/480/1013 402/479/1014
f 375/451/1015 376/452/1016 404/481/1017 403/480/1018
f 376/452/1019 377/453/1020 405/482/1021 404/481/1022
f 380/455/1023 379/454/1024 407/483/1025 408/484/1026
f 381/456/1027 365/2231/1028 393/2230/1029 409/485/1030
f 383/458/1031 382/457/1032 410/486/1033 411/487/1034
f 384/459/1035 383/458/1036 411/487/1037 412/488/1038
f 385/460/1039 384/459/1040 412/488/1041 413/489/1042
f 386/461/1043 385/460/1044 413/489/1045 414/490/1046
s 43
f 379/454/1047 569/462/1048 570/491/1049 407/483/1050
s off
f 382/457/1051 387/463/1052 415/492/1053 410/486/1054
f 387/463/1055 388/464/1056 416/493/1057 415/492/1058
f 388/464/1059 389/465/1060 417/494/1061 416/493/1062
f 389/465/1063 381/456/1064 409/485/1065 417/494/1066
f 378/467/1067 390/466/1068 418/495/1069 406/496/1070
f 390/466/1071 391/468/1072 419/497/1073 418/495/1074
f 391/468/1075 380/455/1076 408/484/1077 419/497/1078
s 44
f 252/2229/1079 393/470/1080 392/469/1081 253/325/1082
f 253/325/1082 392/469/1081 394/471/1083 256/328/1084
f 256/328/1084 394/471/1083 395/472/1085 258/330/1086
f 258/330/1086 395/472/1085 396/473/1087 260/332/1088
f 260/332/1088 396/473/1087 397/474/1089 262/334/1090
f 262/334/1090 397/474/1089 398/475/1091 264/336/1092
f 264/336/1092 398/475/1091 399/476/1093 266/338/1094
f 266/338/1094 399/476/1093 400/477/1095 268/340/1096
f 268/340/1096 400/477/1095 401/478/1097 270/342/1098
f 270/342/1098 401/478/1097 402/479/1099 272/344/1100
f 272/344/1100 402/479/1099 403/480/1101 274/346/1102
f 274/346/1102 403/480/1101 404/481/1103 276/348/1104
f 276/348/1104 404/481/1103 405/482/1105 278/350/1106
f 306/380/1107 408/484/1108 407/483/1109 284/356/1110
f 302/376/1111 409/485/1112 393/2230/1080 252/324/1079
f 293/365/1113 411/487/1114 410/486/1115 289/361/1116
f 295/367/1117 412/488/1118 411/487/1114 293/365/1113
f 297/369/1119 413/489/1120 412/488/1118 295/367/1117
f 285/371/1121 414/490/1122 413/489/1120 297/369/1119
f 284/356/1110 407/483/1109 570/491/1123 571/357/1124
f 289/361/1116 410/486/1115 415/492/1125 290/362/1126
f 290/362/1126 415/492/1125 416/493/1127 298/372/1128
f 298/372/1128 416/493/1127 417/494/1129 300/374/1130
f 300/374/1130 417/494/1129 409/485/1112 302/376/1111
f 280/352/1131 406/496/1132 418/495/1133 282/353/1134
f 282/353/1134 418/495/1133 419/497/1135 304/378/1136
f 304/378/1136 419/497/1135 408/484/1108 306/380/1107
s 48
f 475/498/1137 479/499/1138 480/500/1139 477/501/1140
s 49
f 481/502/1141 476/2227/1142 478/504/1143 482/505/1144
f 483/506/1145 481/502/1141 482/505/1144 484/507/1146
f 485/508/1147 483/506/1145 484/507/1146 486/509/1148
f 487/510/1149 485/508/1147 486/509/1148 488/511/1150
f 489/512/1151 487/510/1149 488/511/1150 490/513/1152
f 491/514/1153 489/512/1151 490/513/1152 492/515/1154
f 493/516/1155 491/514/1153 492/515/1154 494/517/1156
f 495/518/1157 493/516/1155 494/517/1156 496/519/1158
f 498/520/1159 497/521/1160 499/522/1161 500/523/1162
f 497/521/1160 495/518/1157 496/519/1158 499/522/1161
f 501/524/1163 498/520/1159 500/523/1162 502/525/1164
s 48
f 479/499/1138 503/526/1165 504/527/1166 480/500/1139
f 503/526/1165 505/528/1167 506/529/1168 504/527/1166
s 49
f 507/530/1169 501/524/1163 502/525/1164 508/531/1170
s 50
f 510/532/1171 509/533/1172 511/534/1173 512/535/1174
f 513/536/1175 510/532/1171 512/535/1174 514/537/1176
f 515/538/1177 513/536/1175 514/537/1176 516/539/1178
f 517/540/1179 515/538/1177 516/539/1178 518/541/1180
f 519/542/1181 517/540/1179 518/541/1180 520/543/1182
f 521/544/1183 519/542/1181 520/543/1182 522/545/1184
f 523/546/1185 521/544/1183 522/545/1184 524/547/1186
f 525/548/1187 523/546/1185 524/547/1186 526/549/1188
s 48
f 505/528/1167 527/2225/1189 528/551/1190 506/529/1168
s 50
f 527/550/1191 581/552/1192 582/553/1193 528/551/1194
f 509/533/1172 529/2223/1195 530/555/1196 511/534/1173
s 49
f 529/554/1197 507/530/1169 508/531/1170 530/555/1198
s 51
f 3/310/1199 2/309/1200 479/499/1201 475/498/1202
s 1
f 422/4/4 420/3/3 477/501/1203 480/500/1204
s 51
f 4/307/1205 1/2190/1206 476/2227/1207 481/502/1208
s 1
f 421/6/6 424/5/5 482/505/1209 478/504/1210
s 51
f 5/306/1211 4/307/1205 481/502/1208 483/506/1212
s 1
f 424/5/5 426/9/9 484/507/1213 482/505/1209
s 51
f 6/305/1214 5/306/1211 483/506/1212 485/508/1215
s 1
f 426/9/9 428/11/11 486/509/1216 484/507/1213
s 51
f 7/304/1217 6/305/1214 485/508/1215 487/510/1218
s 1
f 428/11/11 430/13/13 488/511/1219 486/509/1216
s 51
f 8/303/1220 7/304/1217 487/510/1218 489/512/1221
s 1
f 430/13/13 432/15/15 490/513/1222 488/511/1219
s 51
f 9/302/1223 8/303/1220 489/512/1221 491/514/1224
s 1
f 432/15/15 434/17/17 492/515/1225 490/513/1222
s 51
f 10/301/1226 9/302/1223 491/514/1224 493/516/1227
s 1
f 434/17/17 436/19/19 494/517/1228 492/515/1225
s 51
f 11/300/1229 10/301/1226 493/516/1227 495/518/1230
s 1
f 436/19/19 438/21/21 496/519/1231 494/517/1228
s 51
f 12/298/1232 13/299/1233 497/521/1234 498/520/1235
s 1
f 440/24/24 441/23/23 500/523/1236 499/522/1237
s 51
f 13/299/1233 11/300/1229 495/518/1230 497/521/1234
s 1
f 438/21/21 440/24/24 499/522/1237 496/519/1231
s 51
f 14/297/1238 12/298/1232 498/520/1235 501/524/1239
s 1
f 441/23/23 442/25/25 502/525/1240 500/523/1236
s 51
f 2/309/1200 15/322/1241 503/526/1242 479/499/1201
s 1
f 452/35/35 422/4/4 480/500/1204 504/527/1243
s 51
f 15/322/1241 16/323/1244 505/528/1245 503/526/1242
s 1
f 462/46/46 452/35/35 504/527/1243 506/529/1246
s 51
f 17/295/1247 14/297/1238 501/524/1239 507/530/1248
s 1
f 442/25/25 463/48/48 508/531/1249 502/525/1240
s 51
f 19/320/1250 18/321/1251 509/533/1252 510/532/1253
s 1
f 465/50/50 464/49/49 512/535/1254 511/534/1255
s 51
f 20/319/1256 19/320/1250 510/532/1253 513/536/1257
s 1
f 464/49/49 466/51/51 514/537/1258 512/535/1254
s 51
f 21/314/1259 20/319/1256 513/536/1257 515/538/1260
s 1
f 466/51/51 467/52/52 516/539/1261 514/537/1258
s 51
f 22/313/1262 21/314/1259 515/538/1260 517/540/1263
s 1
f 467/52/52 468/53/53 518/541/1264 516/539/1261
s 51
f 23/315/1265 22/313/1262 517/540/1263 519/542/1266
s 1
f 468/53/53 469/54/54 520/543/1267 518/541/1264
s 51
f 24/316/1268 23/315/1265 519/542/1266 521/544/1269
s 1
f 469/54/54 470/55/55 522/545/1270 520/543/1267
s 51
f 25/317/1271 24/316/1268 521/544/1269 523/546/1272
s 1
f 470/55/55 471/56/56 524/547/1273 522/545/1270
s 51
f 26/318/1274 25/317/1271 523/546/1272 525/548/1275
s 1
f 471/56/56 472/57/57 526/549/1276 524/547/1273
s 51
f 16/323/1244 27/2188/1277 527/2225/1278 505/528/1245
s 1
f 473/58/58 462/46/46 506/529/1246 528/551/1279
s 51
f 27/2226/1277 580/311/1280 581/552/1281 527/550/1278
s 1
f 582/553/1282 583/59/59 473/58/58 528/551/1279
s 51
f 18/321/1251 28/2224/1283 529/2223/1284 509/533/1252
s 1
f 474/60/60 465/50/50 511/534/1255 530/555/1285
s 51
f 28/296/1283 17/295/1247 507/530/1248 529/554/1284
s 1
f 463/48/48 474/60/60 530/555/1285 508/531/1249
s 54
f 548/556/1286 549/557/1287 550/558/1288 551/559/1289
s 55
f 553/560/1290 552/561/1291 554/562/1292 555/563/1293
s 56
f 557/564/1294 556/565/1295 558/566/1296 559/567/1297
s 57
f 561/568/1298 560/569/1299 562/2021/1300 563/1988/1301
s 58
f 420/3/1302 587/2/1303 588/571/1304 539/572/1305
s 59
f 43/113/1306 71/116/1307 540/573/1308 536/574/1309
s 60
f 71/116/1310 99/146/1311 541/575/1312 540/573/1313
s 61
f 99/146/1314 127/174/1315 537/576/1316 541/575/1317
s off
f 144/180/1318 210/210/1319 532/577/1320 531/578/1321
s 62
f 238/280/1322 43/113/1323 536/574/1324 535/579/1325
s 63
f 127/174/1326 3/2191/1327 538/2160/1328 537/576/1329
s 64
f 280/352/1330 281/355/1331 534/581/1332 533/582/1333
s 65
f 281/355/1334 322/409/1335 542/583/1336 534/581/1337
s 66
f 322/409/1338 350/438/1339 543/584/1340 542/583/1341
s 67
f 350/438/1342 238/280/1343 535/579/1344 543/584/1345
s off
f 210/210/1346 378/467/1347 544/585/1348 532/577/1349
f 378/467/1350 406/496/1351 545/586/1352 544/585/1353
f 406/496/1354 280/352/1355 533/582/1356 545/586/1357
s 68
f 3/310/1358 475/498/1359 546/587/1360 538/580/1361
s 58
f 477/501/1362 420/3/1363 539/572/1305 547/588/1364
s 70
f 475/498/1365 477/501/1366 547/588/1367 546/587/1368
s off
f 98/132/1369 70/88/1370 658/589/1371 686/590/1372
f 349/424/1373 321/395/1374 909/591/1375 937/592/1376
f 405/482/1377 377/453/1378 965/593/1379 993/594/1380
s 58
f 1127/595/1381 539/572/1305 588/571/1304 1176/596/1382
s off
f 478/504/1383 476/503/1384 1064/597/1385 1066/598/1386
s 63
f 537/576/1329 538/2160/1328 1126/599/1387 1125/600/1388
s 54
f 1138/2155/1389 550/558/1288 549/557/1287 1137/602/1390
s 62
f 535/579/1325 536/574/1324 1124/603/1391 1123/604/1392
s 55
f 1141/605/1393 553/560/1290 555/563/1293 1143/606/1394
s 64
f 533/582/1333 534/581/1332 1122/607/1395 1121/608/1396
s 56
f 1145/609/1397 557/564/1294 559/567/1297 1147/610/1398
s off
f 531/578/1399 532/577/1400 1120/611/1401 1119/1991/1402
s 57
f 1149/613/1403 561/568/1298 563/1988/1301 1151/1987/1404
s 68
f 538/580/1361 546/587/1360 1134/615/1405 1126/2159/1406
s 70
f 546/587/1368 547/588/1367 1135/616/1407 1134/615/1408
s 58
f 547/588/1364 539/572/1305 1127/595/1381 1135/616/1409
s 59
f 1124/603/1410 536/574/1309 540/573/1308 1128/617/1411
s 60
f 540/573/1313 541/575/1312 1129/618/1412 1128/617/1413
s 61
f 541/575/1317 537/576/1316 1125/600/1414 1129/618/1415
s 65
f 534/581/1337 542/583/1336 1130/619/1416 1122/607/1417
s 66
f 542/583/1341 543/584/1340 1131/620/1418 1130/619/1419
s 67
f 543/584/1345 535/579/1344 1123/604/1420 1131/620/1421
s 8
f 126/161/254 98/132/253 549/557/1422 548/556/1423
s 51
f 476/503/1207 1/2228/1206 551/2189/1424 550/2156/1425
s 22
f 1/308/567 126/161/566 548/556/1426 551/559/1427
s 8
f 1137/602/1428 549/557/1422 98/132/253 686/590/1429
s 3
f 70/88/88 42/87/87 552/561/1430 553/560/1431
s 18
f 42/87/481 237/279/480 554/562/1432 552/561/1433
s 35
f 237/279/882 349/424/881 555/563/1434 554/562/1435
f 1143/606/1436 555/563/1434 349/424/881 937/592/1437
s 30
f 321/395/716 279/351/715 556/565/1438 557/564/1439
s 26
f 279/351/653 278/350/652 558/566/1440 556/565/1441
s 44
f 278/350/1106 405/482/1105 559/567/1442 558/566/1443
f 1147/610/1444 559/567/1442 405/482/1105 993/594/1445
s 39
f 377/453/940 209/208/939 560/569/1446 561/568/1447
s 13
f 209/208/339 145/2022/338 562/2021/1448 560/569/1449
s 12
f 145/207/364 174/228/363 564/178/286 562/177/285
f 565/251/399 564/178/286 174/228/363 184/250/398
f 566/263/412 565/251/399 184/250/398 194/262/411
f 567/2019/426 566/263/412 194/262/411 161/226/425
s 15
f 568/213/347 567/212/346 161/2032/360 215/225/359
s 39
f 569/462/958 568/213/957 215/225/955 386/461/956
s 43
f 570/491/1049 569/462/1048 386/461/1450 414/490/1451
s 44
f 571/357/1124 570/491/1123 414/490/1122 285/371/1121
s 28
f 572/358/661 571/357/660 285/371/674 286/370/673
s 30
f 573/404/734 572/358/733 286/370/731 330/403/732
s 34
f 574/433/825 573/404/824 330/403/1452 358/432/1453
s 35
f 575/283/900 574/433/899 358/432/898 241/289/897
s 20
f 576/105/489 575/283/488 241/289/502 49/103/501
s 3
f 577/106/106 576/105/105 49/103/103 79/104/104
s 7
f 578/141/197 577/106/196 79/104/1454 107/140/1455
s 8
f 579/170/272 578/141/271 107/140/270 135/169/269
s 24
f 580/2187/575 579/170/574 135/169/588 26/2196/587
s 51
f 581/552/1281 580/311/1280 26/318/1274 525/548/1275
s 50
f 582/553/1193 581/552/1192 525/548/1187 526/549/1188
s 1
f 472/57/57 583/59/59 582/553/1282 526/549/1276
f 584/47/47 583/59/59 472/57/57 461/45/45
f 585/36/36 584/47/47 461/45/45 451/34/34
f 586/1/1 585/36/36 451/34/34 423/7/7
f 421/6/6 587/2/2 586/1/1 423/7/7
s 58
f 588/571/1304 587/2/1303 421/6/1456 478/504/1457
s off
f 545/586/1458 533/582/1459 1121/608/1460 1133/621/1461
f 144/2023/1462 531/1992/1463 563/570/1464 562/177/1465
f 1151/614/1466 563/570/1467 531/1992/1468 1119/612/1469
s 71
f 1174/622/1470 1010/623/1471 1008/624/1472 1175/625/1473
f 1012/626/1474 1013/627/1475 1011/628/1476 1009/629/1477
f 1014/630/1478 1015/631/1479 1013/627/1475 1012/626/1474
f 1016/632/1480 1017/633/1481 1015/631/1479 1014/630/1478
f 1018/634/1482 1019/635/1483 1017/633/1481 1016/632/1480
f 1020/636/1484 1021/637/1485 1019/635/1483 1018/634/1482
f 1022/638/1486 1023/639/1487 1021/637/1485 1020/636/1484
f 1024/640/1488 1025/641/1489 1023/639/1487 1022/638/1486
f 1026/642/1490 1027/643/1491 1025/641/1489 1024/640/1488
f 1029/644/1492 1027/643/1491 1026/642/1490 1028/645/1493
f 1030/646/1494 1031/647/1495 1027/643/1491 1029/644/1492
f 1025/641/1489 1027/643/1491 1031/647/1495 1032/648/1496
f 1023/639/1487 1025/641/1489 1032/648/1496 1033/649/1497
f 1021/637/1485 1023/639/1487 1033/649/1497 1034/650/1498
f 1019/635/1483 1021/637/1485 1034/650/1498 1035/651/1499
f 1017/633/1481 1019/635/1483 1035/651/1499 1036/652/1500
f 1015/631/1479 1017/633/1481 1036/652/1500 1037/653/1501
f 1013/627/1475 1015/631/1479 1037/653/1501 1038/654/1502
f 1011/628/1476 1013/627/1475 1038/654/1502 1039/655/1503
f 1010/623/1471 1174/622/1470 1173/656/1504 1040/657/1505
f 1032/648/1496 1031/647/1495 1042/658/1506 1041/659/1507
f 1033/649/1497 1032/648/1496 1041/659/1507 1043/660/1508
f 1034/650/1498 1033/649/1497 1043/660/1508 1044/661/1509
f 1035/651/1499 1034/650/1498 1044/661/1509 1045/662/1510
f 1036/652/1500 1035/651/1499 1045/662/1510 1046/663/1511
f 1037/653/1501 1036/652/1500 1046/663/1511 1047/664/1512
f 1038/654/1502 1037/653/1501 1047/664/1512 1048/665/1513
f 1039/655/1503 1038/654/1502 1048/665/1513 1049/666/1514
f 1040/657/1505 1173/656/1504 1172/667/1515 1050/668/1516
f 1051/669/1517 1042/658/1506 1031/647/1495 1030/646/1494
f 1041/659/1507 1042/658/1506 1053/670/1518 1052/671/1519
f 1043/660/1508 1041/659/1507 1052/671/1519 1054/672/1520
f 1044/661/1509 1043/660/1508 1054/672/1520 1055/673/1521
f 1045/662/1510 1044/661/1509 1055/673/1521 1056/674/1522
f 1046/663/1511 1045/662/1510 1056/674/1522 1057/675/1523
f 1047/664/1512 1046/663/1511 1057/675/1523 1058/676/1524
f 1048/665/1513 1047/664/1512 1058/676/1524 1059/677/1525
f 1049/666/1514 1048/665/1513 1059/677/1525 1060/678/1526
f 1050/668/1516 1172/667/1515 1171/679/1527 1061/680/1528
f 1051/669/1517 1062/681/1529 1053/670/1518 1042/658/1506
s 3
f 618/682/1530 646/683/1531 645/684/1532 617/685/1533
f 617/685/1533 645/684/1532 647/686/1534 619/687/1535
f 619/687/1535 647/686/1534 648/688/1536 620/689/1537
f 620/689/1537 648/688/1536 649/690/1538 621/691/1539
f 621/691/1539 649/690/1538 650/692/1540 622/693/1541
f 622/693/1541 650/692/1540 651/694/1542 623/695/1543
f 623/695/1543 651/694/1542 652/696/1544 624/697/1545
f 624/697/1545 652/696/1544 653/698/1546 625/699/1547
f 625/699/1547 653/698/1546 654/700/1548 626/701/1549
f 626/701/1549 654/700/1548 655/702/1550 627/703/1551
f 627/703/1551 655/702/1550 656/704/1552 628/705/1553
f 628/705/1553 656/704/1552 657/706/1554 629/707/1555
f 629/707/1555 657/706/1554 658/589/1556 630/708/1557
f 644/709/1558 661/710/1559 660/2256/1560 632/2253/1561
f 641/713/1562 662/714/1563 646/683/1531 618/682/1530
f 634/715/1564 664/716/1565 663/717/1566 633/718/1567
f 635/719/1568 665/720/1569 664/716/1565 634/715/1564
f 636/721/1570 666/722/1571 665/720/1569 635/719/1568
f 637/723/1572 667/724/1573 666/722/1571 636/721/1570
f 632/712/1561 660/711/1560 1165/725/1574 1164/726/1575
f 633/718/1567 663/717/1566 668/727/1576 638/728/1577
f 638/728/1577 668/727/1576 669/729/1578 639/730/1579
f 639/730/1579 669/729/1578 670/731/1580 640/732/1581
f 640/732/1581 670/731/1580 662/714/1563 641/713/1562
f 631/733/1582 659/734/1583 671/735/1584 642/736/1585
f 642/736/1585 671/735/1584 672/737/1586 643/738/1587
f 643/738/1587 672/737/1586 661/710/1559 644/709/1558
s off
f 646/683/1588 674/739/1589 673/740/1590 645/684/1591
f 645/684/1592 673/740/1593 675/741/1594 647/686/1595
f 647/686/1596 675/741/1597 676/742/1598 648/688/1599
f 648/688/1600 676/742/1601 677/743/1602 649/690/1603
f 649/690/1604 677/743/1605 678/744/1606 650/692/1607
f 650/692/1608 678/744/1609 679/745/1610 651/694/1611
f 651/694/1612 679/745/1613 680/746/1614 652/696/1615
f 652/696/1616 680/746/1617 681/747/1618 653/698/1619
f 653/698/1620 681/747/1621 682/748/1622 654/700/1623
f 654/700/1624 682/748/1625 683/749/1626 655/702/1627
f 655/702/1628 683/749/1629 684/750/1630 656/704/1631
f 656/704/1632 684/750/1633 685/751/1634 657/706/1635
f 657/706/1636 685/751/1637 686/590/1638 658/589/1639
f 661/710/1640 689/752/1641 688/2255/1642 660/2256/1643
f 662/714/1644 690/754/1645 674/739/1646 646/683/1647
f 664/716/1648 692/755/1649 691/756/1650 663/717/1651
f 665/720/1652 693/757/1653 692/755/1654 664/716/1655
f 666/722/1656 694/758/1657 693/757/1658 665/720/1659
f 667/724/1660 695/759/1661 694/758/1662 666/722/1663
s 77
f 660/711/1664 688/753/1665 1166/760/1666 1165/725/1667
s off
f 663/717/1668 691/756/1669 696/761/1670 668/727/1671
f 668/727/1672 696/761/1673 697/762/1674 669/729/1675
f 669/729/1676 697/762/1677 698/763/1678 670/731/1679
f 670/731/1680 698/763/1681 690/754/1682 662/714/1683
f 659/734/1684 687/764/1685 699/765/1686 671/735/1687
f 671/735/1688 699/765/1689 700/766/1690 672/737/1691
f 672/737/1692 700/766/1693 689/752/1694 661/710/1695
s 8
f 701/767/1696 702/768/1697 673/740/1698 674/739/1699
f 702/768/1697 703/769/1700 675/741/1701 673/740/1698
f 703/769/1700 704/770/1702 676/742/1703 675/741/1701
f 704/770/1702 705/771/1704 677/743/1705 676/742/1703
f 705/771/1704 706/772/1706 678/744/1707 677/743/1705
f 706/772/1706 707/773/1708 679/745/1709 678/744/1707
f 707/773/1708 708/774/1710 680/746/1711 679/745/1709
f 708/774/1710 709/775/1712 681/747/1713 680/746/1711
f 709/775/1712 710/776/1714 682/748/1715 681/747/1713
f 710/776/1714 711/777/1716 683/749/1717 682/748/1715
f 711/777/1716 712/778/1718 684/750/1719 683/749/1717
f 712/778/1718 713/779/1720 685/751/1721 684/750/1719
f 713/779/1720 714/780/1722 686/590/1429 685/751/1721
f 716/781/1723 717/2251/1724 688/2255/1725 689/752/1726
f 718/783/1727 701/767/1696 674/739/1699 690/754/1728
f 719/784/1729 720/785/1730 691/756/1731 692/755/1732
f 721/786/1733 719/784/1729 692/755/1732 693/757/1734
f 722/787/1735 721/786/1733 693/757/1734 694/758/1736
f 723/788/1737 722/787/1735 694/758/1736 695/759/1738
f 717/782/1724 1167/789/1739 1166/760/1740 688/753/1725
f 720/785/1730 724/790/1741 696/761/1742 691/756/1731
f 724/790/1741 725/791/1743 697/762/1744 696/761/1742
f 725/791/1743 726/792/1745 698/763/1746 697/762/1744
f 726/792/1745 718/783/1727 690/754/1728 698/763/1746
f 715/793/1747 727/794/1748 699/765/1749 687/764/1750
f 727/794/1748 728/795/1751 700/766/1752 699/765/1749
f 728/795/1751 716/781/1723 689/752/1726 700/766/1752
s 82
f 1150/796/1753 732/797/1754 763/798/1755 1152/799/1756
s off
f 730/800/1757 785/801/1758 784/802/1759 729/2007/1760
f 729/2007/1761 784/802/1762 786/804/1763 744/2006/1764
f 744/2006/1765 786/804/1766 787/806/1767 743/2008/1768
f 743/2008/1769 787/806/1770 788/808/1771 742/809/1772
f 742/809/1773 788/808/1774 789/810/1775 741/2010/1776
f 741/2010/1777 789/810/1778 790/812/1779 740/2011/1780
f 740/2011/1781 790/812/1782 791/814/1783 739/2012/1784
f 739/2012/1785 791/814/1786 792/816/1787 738/2013/1788
f 738/2013/1789 792/816/1790 793/818/1791 737/2014/1792
f 737/2014/1793 793/818/1794 794/820/1795 736/2015/1796
f 736/2015/1797 794/820/1798 795/822/1799 735/2016/1800
f 735/2016/1801 795/822/1802 796/824/1803 734/2017/1804
s 83
f 734/2017/1805 796/824/1806 797/826/1807 733/827/1808
s 84
f 732/1993/1809 798/828/1810 799/829/1811 763/1996/1812
s 85
f 731/830/1813 802/831/1814 1156/832/1815 1155/833/1816
f 807/834/1817 808/835/1818 750/2000/1819 745/2001/1820
f 806/838/1821 807/834/1817 745/2001/1820 746/2005/1822
f 805/840/1823 806/838/1821 746/2005/1822 747/2004/1824
f 804/842/1825 805/840/1823 747/2004/1824 748/2003/1826
f 803/844/1827 804/842/1825 748/2003/1826 749/2002/1828
s 82
f 734/825/1829 733/1990/1830 762/846/1831 761/847/1832
f 735/823/1833 734/825/1829 761/847/1832 760/848/1834
f 736/821/1835 735/823/1833 760/848/1834 759/849/1836
f 737/819/1837 736/821/1835 759/849/1836 758/850/1838
f 738/817/1839 737/819/1837 758/850/1838 757/851/1840
s 85
f 808/835/1818 809/852/1841 751/1999/1842 750/2000/1819
s 82
f 739/815/1843 738/817/1839 757/851/1840 756/854/1844
s 85
f 809/852/1841 810/855/1845 752/1998/1846 751/1999/1842
s 82
f 740/813/1847 739/815/1843 756/854/1844 755/857/1848
s 85
f 810/855/1845 811/858/1849 753/1997/1850 752/1998/1846
s 82
f 741/811/1851 740/813/1847 755/857/1848 754/860/1852
s 85
f 811/858/1849 785/801/1853 730/800/1854 753/1997/1850
s 82
f 743/807/1855 742/2009/1856 741/811/1851 754/860/1852
f 744/805/1857 743/807/1855 754/860/1852 764/861/1858
f 755/857/1848 765/862/1859 764/861/1858 754/860/1852
f 756/854/1844 766/863/1860 765/862/1859 755/857/1848
f 757/851/1840 767/864/1861 766/863/1860 756/854/1844
f 758/850/1838 768/865/1862 767/864/1861 757/851/1840
f 759/849/1836 769/866/1863 768/865/1862 758/850/1838
f 760/848/1834 770/867/1864 769/866/1863 759/849/1836
f 761/847/1832 771/868/1865 770/867/1864 760/848/1834
f 762/846/1831 772/869/1866 771/868/1865 761/847/1832
f 763/798/1755 773/870/1867 1153/871/1868 1152/799/1756
s 84
f 799/829/1811 800/872/1869 773/1995/1870 763/1996/1812
s 82
f 765/862/1859 775/873/1871 774/874/1872 764/861/1858
f 766/863/1860 776/875/1873 775/873/1871 765/862/1859
f 767/864/1861 777/876/1874 776/875/1873 766/863/1860
f 768/865/1862 778/877/1875 777/876/1874 767/864/1861
f 769/866/1863 779/878/1876 778/877/1875 768/865/1862
f 770/867/1864 780/879/1877 779/878/1876 769/866/1863
f 771/868/1865 781/880/1878 780/879/1877 770/867/1864
f 772/869/1866 782/881/1879 781/880/1878 771/868/1865
f 773/870/1867 783/882/1880 1154/883/1881 1153/871/1868
s 84
f 800/872/1869 801/884/1882 783/1994/1883 773/1995/1870
s 82
f 729/803/1884 744/805/1857 764/861/1858 774/874/1872
f 775/873/1871 752/856/1885 753/859/1886 774/874/1872
f 776/875/1873 751/853/1887 752/856/1885 775/873/1871
f 777/876/1874 750/836/1888 751/853/1887 776/875/1873
f 778/877/1875 745/837/1889 750/836/1888 777/876/1874
f 779/878/1876 746/839/1890 745/837/1889 778/877/1875
f 780/879/1877 747/841/1891 746/839/1890 779/878/1876
f 781/880/1878 748/843/1892 747/841/1891 780/879/1877
f 782/881/1879 749/845/1893 748/843/1892 781/880/1878
f 783/882/1880 731/1986/1894 1155/1985/1895 1154/883/1881
s 84
f 801/884/1882 802/2246/1896 731/2254/1897 783/1994/1883
s 82
f 729/803/1884 774/874/1872 753/859/1886 730/2018/1898
s off
f 812/885/1899 618/682/1900 617/685/1901 813/886/1902
f 813/886/1903 617/685/1904 619/687/1905 814/887/1906
f 814/887/1907 619/687/1908 620/689/1909 815/888/1910
f 815/888/1911 620/689/1912 621/691/1913 816/889/1914
f 816/889/1915 621/691/1916 622/693/1917 817/890/1918
f 817/890/1919 622/693/1920 623/695/1921 818/891/1922
f 818/891/1923 623/695/1924 624/697/1925 819/892/1926
f 819/892/1927 624/697/1928 625/699/1929 820/893/1930
f 820/893/1931 625/699/1932 626/701/1933 821/894/1934
f 821/894/1935 626/701/1936 627/703/1937 822/895/1938
f 822/895/1939 627/703/1940 628/705/1941 823/896/1942
f 823/896/1943 628/705/1944 629/707/1945 824/897/1946
s 87
f 824/897/1947 629/707/1948 630/708/1949 825/898/1950
s 88
f 826/899/1951 631/733/1952 642/736/1953 827/900/1954
s 89
f 828/901/1955 632/712/1956 1164/726/1957 1163/902/1958
f 633/718/1959 638/728/1960 831/903/1961 830/904/1962
f 634/715/1963 633/718/1959 830/904/1962 832/905/1964
f 635/719/1965 634/715/1963 832/905/1964 833/906/1966
f 636/721/1967 635/719/1965 833/906/1966 834/907/1968
f 637/723/1969 636/721/1967 834/907/1968 829/908/1970
f 638/728/1960 639/730/1971 835/909/1972 831/903/1961
f 639/730/1971 640/732/1973 836/910/1974 835/909/1972
f 640/732/1973 641/713/1975 837/911/1976 836/910/1974
f 641/713/1975 618/682/1977 812/885/1978 837/911/1976
s 88
f 642/736/1953 643/738/1979 838/912/1980 827/900/1954
f 643/738/1979 644/709/1981 839/913/1982 838/912/1980
f 644/709/1981 632/2253/1983 828/2247/1984 839/913/1982
s off
f 701/767/1985 616/2162/1986 605/2164/1987 702/768/1988
f 702/768/1989 605/2164/1990 602/2174/1991 703/769/1992
f 703/769/1993 602/2174/1994 600/2177/1995 704/770/1996
f 704/770/1997 600/2177/1998 601/2178/1999 705/771/2000
f 705/771/2001 601/2178/2002 599/2179/2003 706/772/2004
f 706/772/2005 599/2179/2006 598/2180/2007 707/773/2008
f 707/773/2009 598/2180/2010 597/2181/2011 708/774/2012
f 708/774/2013 597/2181/2014 596/2182/2015 709/775/2016
f 709/775/2017 596/2182/2018 595/2183/2019 710/776/2020
f 710/776/2021 595/2183/2022 594/2184/2023 711/777/2024
f 711/777/2025 594/2184/2026 593/2185/2027 712/778/2028
f 712/778/2029 593/2185/2030 592/2186/2031 713/779/2032
s 91
f 713/779/2033 592/2186/2034 589/2158/2035 714/780/2036
s 92
f 715/793/2037 591/928/2038 590/2176/2039 727/794/2040
s 93
f 717/782/2041 615/2252/2042 1168/2153/2043 1167/789/2044
f 610/2170/2045 609/2171/2046 724/790/2047 720/785/2048
f 611/2169/2049 610/2170/2045 720/785/2048 719/784/2050
f 612/2168/2051 611/2169/2049 719/784/2050 721/786/2052
f 613/2167/2053 612/2168/2051 721/786/2052 722/787/2054
f 614/2166/2055 613/2167/2053 722/787/2054 723/788/2056
f 609/2171/2046 608/2172/2057 725/791/2058 724/790/2047
f 608/2172/2057 607/2173/2059 726/792/2060 725/791/2058
f 607/2173/2059 606/2163/2061 718/783/2062 726/792/2060
f 606/2163/2061 616/2162/2063 701/767/2064 718/783/2062
s 92
f 590/2176/2039 603/2175/2065 728/795/2066 727/794/2040
f 603/2175/2065 604/2165/2067 716/781/2068 728/795/2066
f 604/2165/2067 615/2154/2069 717/2251/2070 716/781/2068
s off
f 840/943/2071 843/944/2072 842/945/2073 841/946/2074
f 841/946/2075 842/945/2076 845/947/2077 844/948/2078
f 844/948/2079 845/947/2080 847/949/2081 846/950/2082
f 846/950/2083 847/949/2084 849/951/2085 848/952/2086
f 848/952/2087 849/951/2088 851/953/2089 850/954/2090
f 850/954/2091 851/953/2092 853/955/2093 852/956/2094
f 852/956/2095 853/955/2096 855/957/2097 854/958/2098
f 854/958/2099 855/957/2100 857/959/2101 856/960/2102
f 856/960/2103 857/959/2104 859/961/2105 858/962/2106
f 858/962/2107 859/961/2108 861/963/2109 860/964/2110
f 860/964/2111 861/963/2112 863/965/2113 862/966/2114
f 862/966/2115 863/965/2116 865/967/2117 864/968/2118
s 95
f 864/968/2119 865/967/2120 867/969/2121 866/970/2122
s 96
f 868/971/2123 869/972/2124 871/973/2125 870/974/2126
s 97
f 872/975/2127 875/976/2128 1160/977/2129 1159/978/2130
f 876/979/2131 879/980/2132 878/981/2133 877/982/2134
f 880/983/2135 876/979/2131 877/982/2134 881/984/2136
f 882/985/2137 880/983/2135 881/984/2136 883/986/2138
f 884/987/2139 882/985/2137 883/986/2138 885/988/2140
f 874/989/2141 884/987/2139 885/988/2140 873/990/2142
f 879/980/2132 887/991/2143 886/992/2144 878/981/2133
f 887/991/2143 889/993/2145 888/994/2146 886/992/2144
f 889/993/2145 891/995/2147 890/996/2148 888/994/2146
f 891/995/2147 843/944/2149 840/943/2150 890/996/2148
s 96
f 871/973/2125 893/997/2151 892/998/2152 870/974/2126
f 893/997/2151 895/999/2153 894/1000/2154 892/998/2152
f 895/999/2153 875/2250/2155 872/2243/2156 894/1000/2154
s 30
f 843/944/2157 897/1001/2158 896/1002/2159 842/945/2160
f 842/945/2160 896/1002/2159 898/1003/2161 845/947/2162
f 845/947/2162 898/1003/2161 899/1004/2163 847/949/2164
f 847/949/2164 899/1004/2163 900/1005/2165 849/951/2166
f 849/951/2166 900/1005/2165 901/1006/2167 851/953/2168
f 851/953/2168 901/1006/2167 902/1007/2169 853/955/2170
f 853/955/2170 902/1007/2169 903/1008/2171 855/957/2172
f 855/957/2172 903/1008/2171 904/1009/2173 857/959/2174
f 857/959/2174 904/1009/2173 905/1010/2175 859/961/2176
f 859/961/2176 905/1010/2175 906/1011/2177 861/963/2178
f 861/963/2178 906/1011/2177 907/1012/2179 863/965/2180
f 863/965/2180 907/1012/2179 908/1013/2181 865/967/2182
f 865/967/2182 908/1013/2181 909/591/2183 867/969/2184
f 895/999/2185 912/1014/2186 911/2249/2187 875/2250/2188
f 891/995/2189 913/1016/2190 897/1001/2158 843/944/2157
f 880/983/2191 915/1017/2192 914/1018/2193 876/979/2194
f 882/985/2195 916/1019/2196 915/1017/2192 880/983/2191
f 884/987/2197 917/1020/2198 916/1019/2196 882/985/2195
f 874/989/2199 918/1021/2200 917/1020/2198 884/987/2197
f 875/976/2188 911/1015/2187 1161/1022/2201 1160/977/2202
f 876/979/2194 914/1018/2193 919/1023/2203 879/980/2204
f 879/980/2204 919/1023/2203 920/1024/2205 887/991/2206
f 887/991/2206 920/1024/2205 921/1025/2207 889/993/2208
f 889/993/2208 921/1025/2207 913/1016/2190 891/995/2189
f 869/972/2209 910/1026/2210 922/1027/2211 871/973/2212
f 871/973/2212 922/1027/2211 923/1028/2213 893/997/2214
f 893/997/2214 923/1028/2213 912/1014/2186 895/999/2185
s off
f 897/1001/2215 925/1029/2216 924/1030/2217 896/1002/2218
f 896/1002/2219 924/1030/2220 926/1031/2221 898/1003/2222
f 898/1003/2223 926/1031/2224 927/1032/2225 899/1004/2226
f 899/1004/2227 927/1032/2228 928/1033/2229 900/1005/2230
f 900/1005/2231 928/1033/2232 929/1034/2233 901/1006/2234
f 901/1006/2235 929/1034/2236 930/1035/2237 902/1007/2238
f 902/1007/2239 930/1035/2240 931/1036/2241 903/1008/2242
f 903/1008/2243 931/1036/2244 932/1037/2245 904/1009/2246
f 904/1009/2247 932/1037/2248 933/1038/2249 905/1010/2250
f 905/1010/2251 933/1038/2252 934/1039/2253 906/1011/2254
f 906/1011/2255 934/1039/2256 935/1040/2257 907/1012/2258
f 907/1012/2259 935/1040/2260 936/1041/2261 908/1013/2262
f 908/1013/2263 936/1041/2264 937/592/2265 909/591/2266
f 912/1014/2267 940/1042/2268 939/2248/2269 911/2249/2270
f 913/1016/2271 941/1044/2272 925/1029/2273 897/1001/2274
f 915/1017/2275 943/1045/2276 942/1046/2277 914/1018/2278
f 916/1019/2279 944/1047/2280 943/1045/2281 915/1017/2282
f 917/1020/2283 945/1048/2284 944/1047/2285 916/1019/2286
f 918/1021/2287 946/1049/2288 945/1048/2289 917/1020/2290
s 103
f 911/1015/2291 939/1043/2292 1162/1050/2293 1161/1022/2294
s off
f 914/1018/2295 942/1046/2296 947/1051/2297 919/1023/2298
f 919/1023/2299 947/1051/2300 948/1052/2301 920/1024/2302
f 920/1024/2303 948/1052/2304 949/1053/2305 921/1025/2306
f 921/1025/2307 949/1053/2308 941/1044/2309 913/1016/2310
f 910/1026/2311 938/1054/2312 950/1055/2313 922/1027/2314
f 922/1027/2315 950/1055/2316 951/1056/2317 923/1028/2318
f 923/1028/2319 951/1056/2320 940/1042/2321 912/1014/2322
s 35
f 812/885/2323 813/886/2324 924/1030/2325 925/1029/2326
f 813/886/2324 814/887/2327 926/1031/2328 924/1030/2325
f 814/887/2327 815/888/2329 927/1032/2330 926/1031/2328
f 815/888/2329 816/889/2331 928/1033/2332 927/1032/2330
f 816/889/2331 817/890/2333 929/1034/2334 928/1033/2332
f 817/890/2333 818/891/2335 930/1035/2336 929/1034/2334
f 818/891/2335 819/892/2337 931/1036/2338 930/1035/2336
f 819/892/2337 820/893/2339 932/1037/2340 931/1036/2338
f 820/893/2339 821/894/2341 933/1038/2342 932/1037/2340
f 821/894/2341 822/895/2343 934/1039/2344 933/1038/2342
f 822/895/2343 823/896/2345 935/1040/2346 934/1039/2344
f 823/896/2345 824/897/2347 936/1041/2348 935/1040/2346
f 824/897/2347 825/898/2349 937/592/1437 936/1041/2348
f 839/913/2350 828/2247/2351 939/2248/2352 940/1042/2353
f 837/911/2354 812/885/2323 925/1029/2326 941/1044/2355
f 832/905/2356 830/904/2357 942/1046/2358 943/1045/2359
f 833/906/2360 832/905/2356 943/1045/2359 944/1047/2361
f 834/907/2362 833/906/2360 944/1047/2361 945/1048/2363
f 829/908/2364 834/907/2362 945/1048/2363 946/1049/2365
f 828/901/2351 1163/902/2366 1162/1050/2367 939/1043/2352
f 830/904/2357 831/903/2368 947/1051/2369 942/1046/2358
f 831/903/2368 835/909/2370 948/1052/2371 947/1051/2369
f 835/909/2370 836/910/2372 949/1053/2373 948/1052/2371
f 836/910/2372 837/911/2354 941/1044/2355 949/1053/2373
f 826/899/2374 827/900/2375 950/1055/2376 938/1054/2377
f 827/900/2375 838/912/2378 951/1056/2379 950/1055/2376
f 838/912/2378 839/913/2350 940/1042/2353 951/1056/2379
s 39
f 785/801/2380 953/1057/2381 952/1058/2382 784/802/2383
f 784/802/2383 952/1058/2382 954/1059/2384 786/804/2385
f 786/804/2385 954/1059/2384 955/1060/2386 787/806/2387
f 787/806/2387 955/1060/2386 956/1061/2388 788/808/2389
f 788/808/2389 956/1061/2388 957/1062/2390 789/810/2391
f 789/810/2391 957/1062/2390 958/1063/2392 790/812/2393
f 790/812/2393 958/1063/2392 959/1064/2394 791/814/2395
f 791/814/2395 959/1064/2394 960/1065/2396 792/816/2397
f 792/816/2397 960/1065/2396 961/1066/2398 793/818/2399
f 793/818/2399 961/1066/2398 962/1067/2400 794/820/2401
f 794/820/2401 962/1067/2400 963/1068/2402 795/822/2403
f 795/822/2403 963/1068/2402 964/1069/2404 796/824/2405
f 796/824/2405 964/1069/2404 965/593/2406 797/826/2407
f 801/884/2408 968/1070/2409 967/2245/2410 802/2246/2411
f 811/858/2412 969/1072/2413 953/1057/2381 785/801/2380
f 806/838/2414 971/1073/2415 970/1074/2416 807/834/2417
f 805/840/2418 972/1075/2419 971/1073/2415 806/838/2414
f 804/842/2420 973/1076/2421 972/1075/2419 805/840/2418
f 803/844/2422 974/1077/2423 973/1076/2421 804/842/2420
f 802/831/2411 967/1071/2410 1157/1078/2424 1156/832/2425
f 807/834/2417 970/1074/2416 975/1079/2426 808/835/2427
f 808/835/2427 975/1079/2426 976/1080/2428 809/852/2429
f 809/852/2429 976/1080/2428 977/1081/2430 810/855/2431
f 810/855/2431 977/1081/2430 969/1072/2413 811/858/2412
f 798/828/2432 966/1082/2433 978/1083/2434 799/829/2435
f 799/829/2435 978/1083/2434 979/1084/2436 800/872/2437
f 800/872/2437 979/1084/2436 968/1070/2409 801/884/2408
s off
f 953/1057/2438 981/1085/2439 980/1086/2440 952/1058/2441
f 952/1058/2442 980/1086/2443 982/1087/2444 954/1059/2445
f 954/1059/2446 982/1087/2447 983/1088/2448 955/1060/2449
f 955/1060/2450 983/1088/2451 984/1089/2452 956/1061/2453
f 956/1061/2454 984/1089/2455 985/1090/2456 957/1062/2457
f 957/1062/2458 985/1090/2459 986/1091/2460 958/1063/2461
f 958/1063/2462 986/1091/2463 987/1092/2464 959/1064/2465
f 959/1064/2466 987/1092/2467 988/1093/2468 960/1065/2469
f 960/1065/2470 988/1093/2471 989/1094/2472 961/1066/2473
f 961/1066/2474 989/1094/2475 990/1095/2476 962/1067/2477
f 962/1067/2478 990/1095/2479 991/1096/2480 963/1068/2481
f 963/1068/2482 991/1096/2483 992/1097/2484 964/1069/2485
f 964/1069/2486 992/1097/2487 993/594/2488 965/593/2489
f 968/1070/2490 996/1098/2491 995/2244/2492 967/2245/2493
f 969/1072/2494 997/1100/2495 981/1085/2496 953/1057/2497
f 971/1073/2498 999/1101/2499 998/1102/2500 970/1074/2501
f 972/1075/2502 1000/1103/2503 999/1101/2504 971/1073/2505
f 973/1076/2506 1001/1104/2507 1000/1103/2508 972/1075/2509
f 974/1077/2510 1002/1105/2511 1001/1104/2512 973/1076/2513
s 112
f 967/1071/2514 995/1099/2515 1158/1106/2516 1157/1078/2517
s off
f 970/1074/2518 998/1102/2519 1003/1107/2520 975/1079/2521
f 975/1079/2522 1003/1107/2523 1004/1108/2524 976/1080/2525
f 976/1080/2526 1004/1108/2527 1005/1109/2528 977/1081/2529
f 977/1081/2530 1005/1109/2531 997/1100/2532 969/1072/2533
f 966/1082/2534 994/1110/2535 1006/1111/2536 978/1083/2537
f 978/1083/2538 1006/1111/2539 1007/1112/2540 979/1084/2541
f 979/1084/2542 1007/1112/2543 996/1098/2544 968/1070/2545
s 44
f 840/943/2546 841/946/2547 980/1086/2548 981/1085/2549
f 841/946/2547 844/948/2550 982/1087/2551 980/1086/2548
f 844/948/2550 846/950/2552 983/1088/2553 982/1087/2551
f 846/950/2552 848/952/2554 984/1089/2555 983/1088/2553
f 848/952/2554 850/954/2556 985/1090/2557 984/1089/2555
f 850/954/2556 852/956/2558 986/1091/2559 985/1090/2557
f 852/956/2558 854/958/2560 987/1092/2561 986/1091/2559
f 854/958/2560 856/960/2562 988/1093/2563 987/1092/2561
f 856/960/2562 858/962/2564 989/1094/2565 988/1093/2563
f 858/962/2564 860/964/2566 990/1095/2567 989/1094/2565
f 860/964/2566 862/966/2568 991/1096/2569 990/1095/2567
f 862/966/2568 864/968/2570 992/1097/2571 991/1096/2569
f 864/968/2570 866/970/2572 993/594/1445 992/1097/2571
f 894/1000/2573 872/2243/2574 995/2244/2575 996/1098/2576
f 890/996/2577 840/943/2546 981/1085/2549 997/1100/2578
f 881/984/2579 877/982/2580 998/1102/2581 999/1101/2582
f 883/986/2583 881/984/2579 999/1101/2582 1000/1103/2584
f 885/988/2585 883/986/2583 1000/1103/2584 1001/1104/2586
f 873/990/2587 885/988/2585 1001/1104/2586 1002/1105/2588
f 872/975/2574 1159/978/2589 1158/1106/2590 995/1099/2575
f 877/982/2580 878/981/2591 1003/1107/2592 998/1102/2581
f 878/981/2591 886/992/2593 1004/1108/2594 1003/1107/2592
f 886/992/2593 888/994/2595 1005/1109/2596 1004/1108/2594
f 888/994/2595 890/996/2577 997/1100/2578 1005/1109/2596
f 868/971/2597 870/974/2598 1006/1111/2599 994/1110/2600
f 870/974/2598 892/998/2601 1007/1112/2602 1006/1111/2599
f 892/998/2601 894/1000/2573 996/1098/2576 1007/1112/2602
s 117
f 1063/1113/2603 1065/1114/2604 1068/1115/2605 1067/1116/2606
s 118
f 1069/1117/2607 1070/1118/2608 1066/598/2609 1064/2221/2610
f 1071/1119/2611 1072/1120/2612 1070/1118/2608 1069/1117/2607
f 1073/1121/2613 1074/1122/2614 1072/1120/2612 1071/1119/2611
f 1075/1123/2615 1076/1124/2616 1074/1122/2614 1073/1121/2613
f 1077/1125/2617 1078/1126/2618 1076/1124/2616 1075/1123/2615
f 1079/1127/2619 1080/1128/2620 1078/1126/2618 1077/1125/2617
f 1081/1129/2621 1082/1130/2622 1080/1128/2620 1079/1127/2619
f 1083/1131/2623 1084/1132/2624 1082/1130/2622 1081/1129/2621
f 1086/1133/2625 1088/1134/2626 1087/1135/2627 1085/1136/2628
f 1085/1136/2628 1087/1135/2627 1084/1132/2624 1083/1131/2623
f 1089/1137/2629 1090/1138/2630 1088/1134/2626 1086/1133/2625
s 117
f 1067/1116/2606 1068/1115/2605 1092/1139/2631 1091/1140/2632
f 1091/1140/2632 1092/1139/2631 1094/1141/2633 1093/1142/2634
s 118
f 1095/1143/2635 1096/1144/2636 1090/1138/2630 1089/1137/2629
s 120
f 1098/1145/2637 1100/1146/2638 1099/1147/2639 1097/1148/2640
f 1101/1149/2641 1102/1150/2642 1100/1146/2638 1098/1145/2637
f 1103/1151/2643 1104/1152/2644 1102/1150/2642 1101/1149/2641
f 1105/1153/2645 1106/1154/2646 1104/1152/2644 1103/1151/2643
f 1107/1155/2647 1108/1156/2648 1106/1154/2646 1105/1153/2645
f 1109/1157/2649 1110/1158/2650 1108/1156/2648 1107/1155/2647
f 1111/1159/2651 1112/1160/2652 1110/1158/2650 1109/1157/2649
f 1113/1161/2653 1114/1162/2654 1112/1160/2652 1111/1159/2651
s 117
f 1093/1142/2634 1094/1141/2633 1116/1163/2655 1115/2219/2656
s 120
f 1115/1164/2657 1116/1163/2658 1170/1165/2659 1169/1166/2660
f 1097/1148/2640 1099/1147/2639 1118/1167/2661 1117/2217/2662
s 118
f 1117/1168/2663 1118/1167/2664 1096/1144/2636 1095/1143/2635
s 51
f 591/2161/2665 1063/1113/2666 1067/1116/2667 590/929/2668
s 71
f 1010/623/1471 1068/1115/2669 1065/1114/2670 1008/624/1472
s 51
f 592/926/2671 1069/1117/2672 1064/2221/2673 589/2222/2674
s 71
f 1009/629/1477 1066/598/2675 1070/1118/2676 1012/626/1474
s 51
f 593/925/2677 1071/1119/2678 1069/1117/2672 592/926/2671
s 71
f 1012/626/1474 1070/1118/2676 1072/1120/2679 1014/630/1478
s 51
f 594/924/2680 1073/1121/2681 1071/1119/2678 593/925/2677
s 71
f 1014/630/1478 1072/1120/2679 1074/1122/2682 1016/632/1480
s 51
f 595/923/2683 1075/1123/2684 1073/1121/2681 594/924/2680
s 71
f 1016/632/1480 1074/1122/2682 1076/1124/2685 1018/634/1482
s 51
f 596/922/2686 1077/1125/2687 1075/1123/2684 595/923/2683
s 71
f 1018/634/1482 1076/1124/2685 1078/1126/2688 1020/636/1484
s 51
f 597/921/2689 1079/1127/2690 1077/1125/2687 596/922/2686
s 71
f 1020/636/1484 1078/1126/2688 1080/1128/2691 1022/638/1486
s 51
f 598/920/2692 1081/1129/2693 1079/1127/2690 597/921/2689
s 71
f 1022/638/1486 1080/1128/2691 1082/1130/2694 1024/640/1488
s 51
f 599/919/2695 1083/1131/2696 1081/1129/2693 598/920/2692
s 71
f 1024/640/1488 1082/1130/2694 1084/1132/2697 1026/642/1490
s 51
f 600/917/2698 1086/1133/2699 1085/1136/2700 601/918/2701
s 71
f 1028/645/1493 1087/1135/2702 1088/1134/2703 1029/644/1492
s 51
f 601/918/2701 1085/1136/2700 1083/1131/2696 599/919/2695
s 71
f 1026/642/1490 1084/1132/2697 1087/1135/2702 1028/645/1493
s 51
f 602/916/2704 1089/1137/2705 1086/1133/2699 600/917/2698
s 71
f 1029/644/1492 1088/1134/2703 1090/1138/2706 1030/646/1494
s 51
f 590/929/2668 1067/1116/2667 1091/1140/2707 603/941/2708
s 71
f 1040/657/1505 1092/1139/2709 1068/1115/2669 1010/623/1471
s 51
f 603/941/2708 1091/1140/2707 1093/1142/2710 604/942/2711
s 71
f 1050/668/1516 1094/1141/2712 1092/1139/2709 1040/657/1505
s 51
f 605/915/2713 1095/1143/2714 1089/1137/2705 602/916/2704
s 71
f 1030/646/1494 1090/1138/2706 1096/1144/2715 1051/669/1517
s 51
f 607/939/2716 1098/1145/2717 1097/1148/2718 606/940/2719
s 71
f 1053/670/1518 1099/1147/2720 1100/1146/2721 1052/671/1519
s 51
f 608/938/2722 1101/1149/2723 1098/1145/2717 607/939/2716
s 71
f 1052/671/1519 1100/1146/2721 1102/1150/2724 1054/672/1520
s 51
f 609/933/2725 1103/1151/2726 1101/1149/2723 608/938/2722
s 71
f 1054/672/1520 1102/1150/2724 1104/1152/2727 1055/673/1521
s 51
f 610/932/2728 1105/1153/2729 1103/1151/2726 609/933/2725
s 71
f 1055/673/1521 1104/1152/2727 1106/1154/2730 1056/674/1522
s 51
f 611/934/2731 1107/1155/2732 1105/1153/2729 610/932/2728
s 71
f 1056/674/1522 1106/1154/2730 1108/1156/2733 1057/675/1523
s 51
f 612/935/2734 1109/1157/2735 1107/1155/2732 611/934/2731
s 71
f 1057/675/1523 1108/1156/2733 1110/1158/2736 1058/676/1524
s 51
f 613/936/2737 1111/1159/2738 1109/1157/2735 612/935/2734
s 71
f 1058/676/1524 1110/1158/2736 1112/1160/2739 1059/677/1525
s 51
f 614/937/2740 1113/1161/2741 1111/1159/2738 613/936/2737
s 71
f 1059/677/1525 1112/1160/2739 1114/1162/2742 1060/678/1526
s 51
f 604/942/2711 1093/1142/2710 1115/2219/2743 615/2220/2744
s 71
f 1061/680/1528 1116/1163/2745 1094/1141/2712 1050/668/1516
s 51
f 615/930/2744 1115/1164/2743 1169/1166/2746 1168/931/2747
s 71
f 1170/1165/2748 1116/1163/2745 1061/680/1528 1171/679/1527
s 51
f 606/940/2719 1097/1148/2718 1117/2217/2749 616/914/2750
s 71
f 1062/681/1529 1118/1167/2751 1099/1147/2720 1053/670/1518
s 51
f 616/2218/2750 1117/1168/2749 1095/1143/2714 605/915/2713
s 71
f 1051/669/1517 1096/1144/2715 1118/1167/2751 1062/681/1529
s 54
f 1136/1169/2752 1139/1170/2753 1138/2155/1389 1137/602/1390
s 55
f 1141/605/1393 1143/606/1394 1142/1171/2754 1140/1172/2755
s 56
f 1145/609/1397 1147/610/1398 1146/1173/2756 1144/1174/2757
s 57
f 1149/613/1403 1151/1987/1404 1150/1989/2758 1148/1175/2759
s 58
f 1008/624/2760 1127/595/1381 1176/596/1382 1175/625/2761
s 59
f 631/733/2762 1124/603/1410 1128/617/1411 659/734/2763
s 60
f 659/734/2764 1128/617/1413 1129/618/1412 687/764/2765
s 61
f 687/764/2766 1129/618/1415 1125/600/1414 715/793/2767
s off
f 732/1993/2768 1119/1991/2769 1120/611/2770 798/828/2771
s 62
f 826/899/2772 1123/604/1392 1124/603/1391 631/733/2773
s 63
f 715/793/2774 1125/600/1388 1126/599/1387 591/928/2775
s 64
f 868/971/2776 1121/608/1396 1122/607/1395 869/972/2777
s 65
f 869/972/2778 1122/607/1417 1130/619/1416 910/1026/2779
s 66
f 910/1026/2780 1130/619/1419 1131/620/1418 938/1054/2781
s 67
f 938/1054/2782 1131/620/1421 1123/604/1420 826/899/2783
s off
f 798/828/2784 1120/611/2785 1132/1176/2786 966/1082/2787
f 966/1082/2788 1132/1176/2789 1133/621/2790 994/1110/2791
f 994/1110/2792 1133/621/2793 1121/608/2794 868/971/2795
s 68
f 591/2161/2796 1126/2159/1406 1134/615/1405 1063/1113/2797
s 58
f 1065/1114/2798 1135/616/1409 1127/595/1381 1008/624/2799
s 70
f 1063/1113/2800 1134/615/1408 1135/616/1407 1065/1114/2801
s 8
f 714/780/1722 1136/1169/2802 1137/602/1428 686/590/1429
s 51
f 1064/597/2673 1138/601/2803 1139/2157/2804 589/927/2674
s 91
f 589/2158/2035 1139/1170/2805 1136/1169/2806 714/780/2036
s 51
f 1138/601/2803 1064/597/2673 476/503/1207 550/2156/1425
s 3
f 658/589/1556 1141/605/2807 1140/1172/2808 630/708/1557
s 87
f 630/708/1949 1140/1172/2809 1142/1171/2810 825/898/1950
s 35
f 825/898/2349 1142/1171/2811 1143/606/1436 937/592/1437
s 3
f 1141/605/2807 658/589/1556 70/88/88 553/560/1431
s 30
f 909/591/2183 1145/609/2812 1144/1174/2813 867/969/2184
s 95
f 867/969/2121 1144/1174/2814 1146/1173/2815 866/970/2122
s 44
f 866/970/2572 1146/1173/2816 1147/610/1444 993/594/1445
s 30
f 1145/609/2812 909/591/2183 321/395/716 557/564/1439
s 39
f 965/593/2406 1149/613/2817 1148/1175/2818 797/826/2407
s 83
f 797/826/1807 1148/1175/2819 1150/1989/2820 733/827/1808
s 39
f 1149/613/2817 965/593/2406 377/453/940 561/568/1447
s 82
f 733/1990/1830 1150/796/1753 1152/799/1756 762/846/1831
f 1153/871/1868 772/869/1866 762/846/1831 1152/799/1756
f 1154/883/1881 782/881/1879 772/869/1866 1153/871/1868
f 1155/1985/1895 749/845/1893 782/881/1879 1154/883/1881
s 85
f 1156/832/1815 803/844/1827 749/2002/1828 1155/833/1816
s 39
f 1157/1078/2424 974/1077/2423 803/844/2422 1156/832/2425
s 112
f 1158/1106/2516 1002/1105/2821 974/1077/2822 1157/1078/2517
s 44
f 1159/978/2589 873/990/2587 1002/1105/2588 1158/1106/2590
s 97
f 1160/977/2129 874/989/2141 873/990/2142 1159/978/2130
s 30
f 1161/1022/2201 918/1021/2200 874/989/2199 1160/977/2202
s 103
f 1162/1050/2293 946/1049/2823 918/1021/2824 1161/1022/2294
s 35
f 1163/902/2366 829/908/2364 946/1049/2365 1162/1050/2367
s 89
f 1164/726/1957 637/723/1969 829/908/1970 1163/902/1958
s 3
f 1165/725/1574 667/724/1573 637/723/1572 1164/726/1575
s 77
f 1166/760/1666 695/759/2825 667/724/2826 1165/725/1667
s 8
f 1167/789/1739 723/788/1737 695/759/1738 1166/760/1740
s 93
f 1168/2153/2043 614/2166/2055 723/788/2056 1167/789/2044
s 51
f 1169/1166/2746 1113/1161/2741 614/937/2740 1168/931/2747
s 120
f 1170/1165/2659 1114/1162/2654 1113/1161/2653 1169/1166/2660
s 71
f 1060/678/1526 1114/1162/2742 1170/1165/2748 1171/679/1527
f 1172/667/1515 1049/666/1514 1060/678/1526 1171/679/1527
f 1173/656/1504 1039/655/1503 1049/666/1514 1172/667/1515
f 1174/622/1470 1011/628/1476 1039/655/1503 1173/656/1504
f 1009/629/1477 1011/628/1476 1174/622/1470 1175/625/1473
s 58
f 1176/596/1382 1066/598/2827 1009/629/2828 1175/625/2761
f 478/504/1457 1066/598/2827 1176/596/1382 588/571/1304
s off
f 1132/1176/2829 1120/611/2830 532/577/2831 544/585/2832
f 545/586/2833 1133/621/2834 1132/1176/2835 544/585/2836
f 732/797/2837 1150/796/2838 1151/614/2839 1119/612/2840
f 1177/1984/2841 1180/1983/2842 1179/2151/2843 1178/1981/2844
f 1181/1980/2845 1177/1979/2846 1178/1978/2847 1182/1977/2848
f 1182/1976/2849 1184/1975/2850 1183/1974/2851 1181/1973/2852
f 1183/1972/2853 1180/1971/2854 1177/1970/2855 1181/1969/2856
f 1184/1968/2857 1179/1982/2858 1180/1967/2859 1183/1966/2860
f 1182/1965/2861 1178/1964/2862 1179/2152/2863 1184/1963/2864
f 1185/1962/2865 1188/1961/2866 1187/2149/2867 1186/1959/2868
f 1189/1958/2869 1185/1957/2870 1186/1956/2871 1190/1955/2872
f 1190/1954/2873 1192/1953/2874 1191/1952/2875 1189/1951/2876
f 1191/1950/2877 1188/1949/2878 1185/1948/2879 1189/1947/2880
f 1192/1946/2881 1187/1960/2882 1188/1945/2883 1191/1944/2884
f 1190/1943/2885 1186/1942/2886 1187/2150/2887 1192/1941/2888
f 1193/1940/2889 1196/1939/2890 1195/2147/2891 1194/1937/2892
f 1197/1936/2893 1193/1935/2894 1194/1934/2895 1198/1933/2896
f 1198/1932/2897 1200/1931/2898 1199/1930/2899 1197/1929/2900
f 1199/1928/2901 1196/1927/2902 1193/1926/2903 1197/1925/2904
f 1200/1924/2905 1195/1938/2906 1196/1923/2907 1199/1922/2908
f 1198/1921/2909 1194/1920/2910 1195/2148/2911 1200/1919/2912
f 1201/1918/2913 1204/1917/2914 1203/2145/2915 1202/1915/2916
f 1205/1914/2917 1201/1913/2918 1202/1912/2919 1206/1911/2920
f 1206/1910/2921 1208/1909/2922 1207/1908/2923 1205/1907/2924
f 1207/1906/2925 1204/1905/2926 1201/1904/2927 1205/1903/2928
f 1208/1902/2929 1203/1916/2930 1204/1901/2931 1207/1900/2932
f 1206/1899/2933 1202/1898/2934 1203/2146/2935 1208/1897/2936
f 1209/1896/2937 1212/1895/2938 1211/2143/2939 1210/1893/2940
f 1213/1892/2941 1209/1891/2942 1210/1890/2943 1214/1889/2944
f 1214/1888/2945 1216/1887/2946 1215/1886/2947 1213/1885/2948
f 1215/1884/2949 1212/1883/2950 1209/1882/2951 1213/1881/2952
f 1216/1880/2953 1211/1894/2954 1212/1879/2955 1215/1878/2956
f 1214/1877/2957 1210/1876/2958 1211/2144/2959 1216/1875/2960
f 1217/1874/2961 1220/1873/2962 1219/1872/2963 1218/2141/2964
f 1218/2142/2965 1222/2140/2966 1221/1869/2967 1217/1868/2968
f 1217/1867/2969 1221/1866/2970 1223/1865/2971 1220/1864/2972
f 1220/1863/2973 1223/1862/2974 1224/1861/2975 1219/1860/2976
f 1219/1859/2977 1224/1858/2978 1222/1870/2979 1218/1871/2980
f 1222/1857/2981 1224/1856/2982 1223/1855/2983 1221/1854/2984
f 1225/1853/2985 1228/1852/2986 1227/1851/2987 1226/2138/2988
f 1226/2139/2989 1230/2137/2990 1229/1848/2991 1225/1847/2992
f 1225/1846/2993 1229/1845/2994 1231/1844/2995 1228/1843/2996
f 1228/1842/2997 1231/1841/2998 1232/1840/2999 1227/1839/3000
f 1227/1838/3001 1232/1837/3002 1230/1849/3003 1226/1850/3004
f 1230/1836/3005 1232/1835/3006 1231/1834/3007 1229/1833/3008
f 1233/1832/3009 1236/1831/3010 1235/1830/3011 1234/2135/3012
f 1234/2136/3013 1238/2134/3014 1237/1827/3015 1233/1826/3016
f 1233/1825/3017 1237/1824/3018 1239/1823/3019 1236/1822/3020
f 1236/1821/3021 1239/1820/3022 1240/1819/3023 1235/1818/3024
f 1235/1817/3025 1240/1816/3026 1238/1828/3027 1234/1829/3028
f 1238/1815/3029 1240/1814/3030 1239/1813/3031 1237/1812/3032
f 1241/1811/3033 1244/1810/3034 1243/1809/3035 1242/2132/3036
f 1242/2133/3037 1246/2131/3038 1245/1806/3039 1241/1805/3040
f 1241/1804/3041 1245/1803/3042 1247/1802/3043 1244/1801/3044
f 1244/1800/3045 1247/1799/3046 1248/1798/3047 1243/1797/3048
f 1243/1796/3049 1248/1795/3050 1246/1807/3051 1242/1808/3052
f 1246/1794/3053 1248/1793/3054 1247/1792/3055 1245/1791/3056
f 1249/1790/3057 1252/1789/3058 1251/1788/3059 1250/2129/3060
f 1250/2130/3061 1254/2128/3062 1253/1785/3063 1249/1784/3064
f 1249/1783/3065 1253/1782/3066 1255/1781/3067 1252/1780/3068
f 1252/1779/3069 1255/1778/3070 1256/1777/3071 1251/1776/3072
f 1251/1775/3073 1256/1774/3074 1254/1786/3075 1250/1787/3076
f 1254/1773/3077 1256/1772/3078 1255/1771/3079 1253/1770/3080
f 1257/1769/3081 1260/1768/3082 1259/1767/3083 1258/2126/3084
f 1258/2127/3085 1262/2125/3086 1261/1764/3087 1257/1763/3088
f 1257/1762/3089 1261/1761/3090 1263/1760/3091 1260/1759/3092
f 1260/1758/3093 1263/1757/3094 1264/1756/3095 1259/1755/3096
f 1259/1754/3097 1264/1753/3098 1262/1765/3099 1258/1766/3100
f 1262/1752/3101 1264/1751/3102 1263/1750/3103 1261/1749/3104
f 1265/1748/3105 1268/1747/3106 1267/1746/3107 1266/2123/3108
f 1266/2124/3109 1270/2122/3110 1269/1743/3111 1265/1742/3112
f 1265/1741/3113 1269/1740/3114 1271/1739/3115 1268/1738/3116
f 1268/1737/3117 1271/1736/3118 1272/1735/3119 1267/1734/3120
f 1267/1733/3121 1272/1732/3122 1270/1744/3123 1266/1745/3124
f 1270/1731/3125 1272/1730/3126 1271/1729/3127 1269/1728/3128
f 1273/1727/3129 1276/1726/3130 1275/1725/3131 1274/2120/3132
f 1274/2121/3133 1278/2119/3134 1277/1722/3135 1273/1721/3136
f 1273/1720/3137 1277/1719/3138 1279/1718/3139 1276/1717/3140
f 1276/1716/3141 1279/1715/3142 1280/1714/3143 1275/1713/3144
f 1275/1712/3145 1280/1711/3146 1278/1723/3147 1274/1724/3148
f 1278/1710/3149 1280/1709/3150 1279/1708/3151 1277/1707/3152
f 1281/1706/3153 1284/1705/3154 1283/1704/3155 1282/2117/3156
f 1282/2118/3157 1286/2116/3158 1285/1701/3159 1281/1700/3160
f 1281/1699/3161 1285/1698/3162 1287/1697/3163 1284/1696/3164
f 1284/1695/3165 1287/1694/3166 1288/1693/3167 1283/1692/3168
f 1283/1691/3169 1288/1690/3170 1286/1702/3171 1282/1703/3172
f 1286/1689/3173 1288/1688/3174 1287/1687/3175 1285/1686/3176
f 1289/1685/3177 1292/1684/3178 1291/1683/3179 1290/2114/3180
f 1290/2115/3181 1294/2113/3182 1293/1680/3183 1289/1679/3184
f 1289/1678/3185 1293/1677/3186 1295/1676/3187 1292/1675/3188
f 1292/1674/3189 1295/1673/3190 1296/1672/3191 1291/1671/3192
f 1291/1670/3193 1296/1669/3194 1294/1681/3195 1290/1682/3196
f 1294/1668/3197 1296/1667/3198 1295/1666/3199 1293/1665/3200
f 1297/1664/3201 1300/1663/3202 1299/1662/3203 1298/2111/3204
f 1298/2112/3205 1302/2110/3206 1301/1659/3207 1297/1658/3208
f 1297/1657/3209 1301/1656/3210 1303/1655/3211 1300/1654/3212
f 1300/1653/3213 1303/1652/3214 1304/1651/3215 1299/1650/3216
f 1299/1649/3217 1304/1648/3218 1302/1660/3219 1298/1661/3220
f 1302/1647/3221 1304/1646/3222 1303/1645/3223 1301/1644/3224
f 1305/1643/3225 1308/1642/3226 1307/1641/3227 1306/2108/3228
f 1306/2109/3229 1310/2107/3230 1309/1638/3231 1305/1637/3232
f 1305/1636/3233 1309/1635/3234 1311/1634/3235 1308/1633/3236
f 1308/1632/3237 1311/1631/3238 1312/1630/3239 1307/1629/3240
f 1307/1628/3241 1312/1627/3242 1310/1639/3243 1306/1640/3244
f 1310/1626/3245 1312/1625/3246 1311/1624/3247 1309/1623/3248
f 1313/1622/3249 1316/1621/3250 1315/1620/3251 1314/2105/3252
f 1314/2106/3253 1318/2104/3254 1317/1617/3255 1313/1616/3256
f 1313/1615/3257 1317/1614/3258 1319/1613/3259 1316/1612/3260
f 1316/1611/3261 1319/1610/3262 1320/1609/3263 1315/1608/3264
f 1315/1607/3265 1320/1606/3266 1318/1618/3267 1314/1619/3268
f 1318/1605/3269 1320/1604/3270 1319/1603/3271 1317/1602/3272
f 1321/1601/3273 1324/1600/3274 1323/1599/3275 1322/2102/3276
f 1322/2103/3277 1326/2101/3278 1325/1596/3279 1321/1595/3280
f 1321/1594/3281 1325/1593/3282 1327/1592/3283 1324/1591/3284
f 1324/1590/3285 1327/1589/3286 1328/1588/3287 1323/1587/3288
f 1323/1586/3289 1328/1585/3290 1326/1597/3291 1322/1598/3292
f 1326/1584/3293 1328/1583/3294 1327/1582/3295 1325/1581/3296
f 1329/1580/3297 1330/1579/3298 1331/2099/3299 1332/1577/3300
f 1333/1576/3301 1334/1575/3302 1330/1574/3303 1329/1573/3304
f 1334/1572/3305 1333/1571/3306 1335/1570/3307 1336/1569/3308
f 1335/1568/3309 1333/1567/3310 1329/1566/3311 1332/1565/3312
f 1336/1564/3313 1335/1563/3314 1332/1562/3315 1331/2100/3316
f 1334/1561/3317 1336/1560/3318 1331/1578/3319 1330/1559/3320
f 1337/1558/3321 1338/1557/3322 1339/2097/3323 1340/1555/3324
f 1341/1554/3325 1342/1553/3326 1338/1552/3327 1337/1551/3328
f 1342/1550/3329 1341/1549/3330 1343/1548/3331 1344/1547/3332
f 1343/1546/3333 1341/1545/3334 1337/1544/3335 1340/1543/3336
f 1344/1542/3337 1343/1541/3338 1340/1540/3339 1339/2098/3340
f 1342/1539/3341 1344/1538/3342 1339/1556/3343 1338/1537/3344
f 1345/1536/3345 1346/1535/3346 1347/2095/3347 1348/1533/3348
f 1349/1532/3349 1350/1531/3350 1346/1530/3351 1345/1529/3352
f 1350/1528/3353 1349/1527/3354 1351/1526/3355 1352/1525/3356
f 1351/1524/3357 1349/1523/3358 1345/1522/3359 1348/1521/3360
f 1352/1520/3361 1351/1519/3362 1348/1518/3363 1347/2096/3364
f 1350/1517/3365 1352/1516/3366 1347/1534/3367 1346/1515/3368
f 1353/1514/3369 1354/1513/3370 1355/2093/3371 1356/1511/3372
f 1357/1510/3373 1358/1509/3374 1354/1508/3375 1353/1507/3376
f 1358/1506/3377 1357/1505/3378 1359/1504/3379 1360/1503/3380
f 1359/1502/3381 1357/1501/3382 1353/1500/3383 1356/1499/3384
f 1360/1498/3385 1359/1497/3386 1356/1496/3387 1355/2094/3388
f 1358/1495/3389 1360/1494/3390 1355/1512/3391 1354/1493/3392
f 1361/1492/3393 1362/1491/3394 1363/2091/3395 1364/1489/3396
f 1365/1488/3397 1366/1487/3398 1362/1486/3399 1361/1485/3400
f 1366/1484/3401 1365/1483/3402 1367/1482/3403 1368/1481/3404
f 1367/1480/3405 1365/1479/3406 1361/1478/3407 1364/1477/3408
f 1368/1476/3409 1367/1475/3410 1364/1474/3411 1363/2092/3412
f 1366/1473/3413 1368/1472/3414 1363/1490/3415 1362/1471/3416
f 1369/1470/3417 1370/2089/3418 1371/1468/3419 1372/1467/3420
f 1370/1469/3421 1369/1466/3422 1373/1465/3423 1374/1464/3424
f 1369/1463/3425 1372/1462/3426 1375/1461/3427 1373/1460/3428
f 1372/1459/3429 1371/1458/3430 1376/1457/3431 1375/1456/3432
f 1371/1455/3433 1370/2090/3434 1374/2088/3435 1376/1454/3436
f 1374/1453/3437 1373/1452/3438 1375/1451/3439 1376/1450/3440
f 1377/1449/3441 1378/2086/3442 1379/1447/3443 1380/1446/3444
f 1378/1448/3445 1377/1445/3446 1381/1444/3447 1382/1443/3448
f 1377/1442/3449 1380/1441/3450 1383/1440/3451 1381/1439/3452
f 1380/1438/3453 1379/1437/3454 1384/1436/3455 1383/1435/3456
f 1379/1434/3457 1378/2087/3458 1382/2085/3459 1384/1433/3460
f 1382/1432/3461 1381/1431/3462 1383/1430/3463 1384/1429/3464
f 1385/1428/3465 1386/2083/3466 1387/1426/3467 1388/1425/3468
f 1386/1427/3469 1385/1424/3470 1389/1423/3471 1390/1422/3472
f 1385/1421/3473 1388/1420/3474 1391/1419/3475 1389/1418/3476
f 1388/1417/3477 1387/1416/3478 1392/1415/3479 1391/1414/3480
f 1387/1413/3481 1386/2084/3482 1390/2082/3483 1392/1412/3484
f 1390/1411/3485 1389/1410/3486 1391/1409/3487 1392/1408/3488
f 1393/1407/3489 1394/2080/3490 1395/1405/3491 1396/1404/3492
f 1394/1406/3493 1393/1403/3494 1397/1402/3495 1398/1401/3496
f 1393/1400/3497 1396/1399/3498 1399/1398/3499 1397/1397/3500
f 1396/1396/3501 1395/1395/3502 1400/1394/3503 1399/1393/3504
f 1395/1392/3505 1394/2081/3506 1398/2079/3507 1400/1391/3508
f 1398/1390/3509 1397/1389/3510 1399/1388/3511 1400/1387/3512
f 1401/1386/3513 1402/2077/3514 1403/1384/3515 1404/1383/3516
f 1402/1385/3517 1401/1382/3518 1405/1381/3519 1406/1380/3520
f 1401/1379/3521 1404/1378/3522 1407/1377/3523 1405/1376/3524
f 1404/1375/3525 1403/1374/3526 1408/1373/3527 1407/1372/3528
f 1403/1371/3529 1402/2078/3530 1406/2076/3531 1408/1370/3532
f 1406/1369/3533 1405/1368/3534 1407/1367/3535 1408/1366/3536
f 1409/1365/3537 1410/2074/3538 1411/1363/3539 1412/1362/3540
f 1410/1364/3541 1409/1361/3542 1413/1360/3543 1414/1359/3544
f 1409/1358/3545 1412/1357/3546 1415/1356/3547 1413/1355/3548
f 1412/1354/3549 1411/1353/3550 1416/1352/3551 1415/1351/3552
f 1411/1350/3553 1410/2075/3554 1414/2073/3555 1416/1349/3556
f 1414/1348/3557 1413/1347/3558 1415/1346/3559 1416/1345/3560
f 1417/1344/3561 1418/2071/3562 1419/1342/3563 1420/1341/3564
f 1418/1343/3565 1417/1340/3566 1421/1339/3567 1422/1338/3568
f 1417/1337/3569 1420/1336/3570 1423/1335/3571 1421/1334/3572
f 1420/1333/3573 1419/1332/3574 1424/1331/3575 1423/1330/3576
f 1419/1329/3577 1418/2072/3578 1422/2070/3579 1424/1328/3580
f 1422/1327/3581 1421/1326/3582 1423/1325/3583 1424/1324/3584
f 1425/1323/3585 1426/2068/3586 1427/1321/3587 1428/1320/3588
f 1426/1322/3589 1425/1319/3590 1429/1318/3591 1430/1317/3592
f 1425/1316/3593 1428/1315/3594 1431/1314/3595 1429/1313/3596
f 1428/1312/3597 1427/1311/3598 1432/1310/3599 1431/1309/3600
f 1427/1308/3601 1426/2069/3602 1430/2067/3603 1432/1307/3604
f 1430/1306/3605 1429/1305/3606 1431/1304/3607 1432/1303/3608
f 1433/1302/3609 1434/2065/3610 1435/1300/3611 1436/1299/3612
f 1434/1301/3613 1433/1298/3614 1437/1297/3615 1438/1296/3616
f 1433/1295/3617 1436/1294/3618 1439/1293/3619 1437/1292/3620
f 1436/1291/3621 1435/1290/3622 1440/1289/3623 1439/1288/3624
f 1435/1287/3625 1434/2066/3626 1438/2064/3627 1440/1286/3628
f 1438/1285/3629 1437/1284/3630 1439/1283/3631 1440/1282/3632
f 1441/1281/3633 1442/2062/3634 1443/1279/3635 1444/1278/3636
f 1442/1280/3637 1441/1277/3638 1445/1276/3639 1446/1275/3640
f 1441/1274/3641 1444/1273/3642 1447/1272/3643 1445/1271/3644
f 1444/1270/3645 1443/1269/3646 1448/1268/3647 1447/1267/3648
f 1443/1266/3649 1442/2063/3650 1446/2061/3651 1448/1265/3652
f 1446/1264/3653 1445/1263/3654 1447/1262/3655 1448/1261/3656
f 1449/1260/3657 1450/2059/3658 1451/1258/3659 1452/1257/3660
f 1450/1259/3661 1449/1256/3662 1453/1255/3663 1454/1254/3664
f 1449/1253/3665 1452/1252/3666 1455/1251/3667 1453/1250/3668
f 1452/1249/3669 1451/1248/3670 1456/1247/3671 1455/1246/3672
f 1451/1245/3673 1450/2060/3674 1454/2058/3675 1456/1244/3676
f 1454/1243/3677 1453/1242/3678 1455/1241/3679 1456/1240/3680
f 1457/1239/3681 1458/2056/3682 1459/1237/3683 1460/1236/3684
f 1458/1238/3685 1457/1235/3686 1461/1234/3687 1462/1233/3688
f 1457/1232/3689 1460/1231/3690 1463/1230/3691 1461/1229/3692
f 1460/1228/3693 1459/1227/3694 1464/1226/3695 1463/1225/3696
f 1459/1224/3697 1458/2057/3698 1462/2055/3699 1464/1223/3700
f 1462/1222/3701 1461/1221/3702 1463/1220/3703 1464/1219/3704
f 1465/1218/3705 1466/2053/3706 1467/1216/3707 1468/1215/3708
f 1466/1217/3709 1465/1214/3710 1469/1213/3711 1470/1212/3712
f 1465/1211/3713 1468/1210/3714 1471/1209/3715 1469/1208/3716
f 1468/1207/3717 1467/1206/3718 1472/1205/3719 1471/1204/3720
f 1467/1203/3721 1466/2054/3722 1470/2052/3723 1472/1202/3724
f 1470/1201/3725 1469/1200/3726 1471/1199/3727 1472/1198/3728
f 1473/1197/3729 1474/2050/3730 1475/1195/3731 1476/1194/3732
f 1474/1196/3733 1473/1193/3734 1477/1192/3735 1478/1191/3736
f 1473/1190/3737 1476/1189/3738 1479/1188/3739 1477/1187/3740
f 1476/1186/3741 1475/1185/3742 1480/1184/3743 1479/1183/3744
f 1475/1182/3745 1474/2051/3746 1478/2049/3747 1480/1181/3748
f 1478/1180/3749 1477/1179/3750 1479/1178/3751 1480/1177/3752
