# This file uses centimeters as units for non-parametric coordinates.

mtllib School_geo.mtl
g default
v 649.851318 338.248138 283.202179
v 974.755493 338.248138 283.202179
v 649.851440 338.248108 -283.202362
v 974.755493 338.248138 -283.202179
v 649.851318 -0.000004 -283.202179
v 974.755493 -0.000000 -283.202179
v 649.851318 360.083435 294.251099
v 974.755493 360.083435 294.251099
v 974.755493 540.861267 0.000000
v 649.851318 540.861267 0.000000
v 649.851318 360.083435 -294.251099
v 974.755493 360.083435 -294.251099
v 649.851318 289.549866 362.467926
v 974.755493 289.549866 362.467926
v 974.755493 311.385193 373.516815
v 649.851318 311.385193 373.516815
v 649.851318 289.549866 -362.467926
v 974.755493 289.549866 -362.467926
v 649.851318 311.385193 -373.516815
v 974.755493 311.385193 -373.516815
v 649.851440 338.248108 145.373795
v 649.851318 -0.000001 145.373993
v 974.755493 -0.000001 145.373993
v 974.755493 338.248138 145.373993
v 649.851318 197.853821 145.373993
v 649.851318 197.853821 -283.202179
v 974.755493 197.853821 -283.202179
v 974.755493 197.853821 145.373993
v 750.365051 -0.000001 145.373993
v 750.365051 -0.000000 -283.202179
v 750.365051 197.853821 -283.202179
v 750.365051 338.248138 -283.202179
v 750.365051 289.549866 -362.467926
v 750.365051 311.385193 -373.516815
v 750.365051 360.083435 -294.251099
v 750.365051 540.861267 0.000000
v 750.365051 360.083435 294.251099
v 750.365051 311.385193 373.516815
v 750.365051 289.549866 362.467926
v 750.365051 338.248138 283.202179
v 750.365051 338.248138 145.373993
v 874.241821 -0.000001 145.373993
v 874.241821 -0.000000 -283.202179
v 874.241821 197.853821 -283.202179
v 874.241821 338.248138 -283.202179
v 874.241821 289.549866 -362.467926
v 874.241821 311.385193 -373.516815
v 874.241821 360.083435 -294.251099
v 874.241821 540.861267 0.000000
v 874.241821 360.083435 294.251099
v 874.241821 311.385193 373.516815
v 874.241821 289.549866 362.467926
v 874.241821 338.248138 283.202179
v 874.241821 338.248138 145.373993
v 974.755493 16.185175 145.373993
v 974.755493 16.185230 -283.202179
v 874.241821 16.185175 -283.202209
v 750.365051 16.185175 -283.202209
v 649.851318 16.185226 -283.202179
v 649.851318 16.185230 145.373993
v 750.365051 16.185173 145.373993
v 874.241821 16.185175 145.373993
v 974.755493 16.185186 -362.467590
v 874.241821 16.185108 -362.467590
v 974.755493 -0.000044 -362.467590
v 874.241821 -0.000066 -362.467590
v 750.364990 16.185108 -362.467590
v 750.364990 -0.000066 -362.467590
v 649.851318 16.185183 -362.467590
v 649.851318 -0.000048 -362.467590
v 649.851318 -0.000001 362.466217
v 750.365051 -0.000001 362.466217
v 750.365051 16.185175 362.466217
v 649.851318 16.185230 362.466217
v 874.241821 -0.000001 362.466217
v 874.241821 16.185175 362.466217
v 974.755493 -0.000001 362.466217
v 974.755493 16.185175 362.466217
v 649.851318 -0.000001 316.846619
v 750.365051 -0.000001 316.846619
v 874.241821 -0.000001 316.846619
v 974.755493 -0.000001 316.846619
v 974.755493 16.185175 316.846619
v 874.241821 16.185175 316.846619
v 750.365051 16.185175 316.846619
v 649.851318 16.185230 316.846619
v 923.989197 197.853821 145.373993
v 923.989197 16.185175 145.373993
v 923.989258 16.185175 316.846619
v 923.989258 16.185175 362.466217
v 923.989197 -0.000001 362.466217
v 923.989197 -0.000001 316.846619
v 923.989197 -0.000001 145.373993
v 923.989197 -0.000000 -283.202179
v 923.989258 -0.000055 -362.467590
v 923.989258 16.185146 -362.467590
v 923.989197 16.185204 -283.202209
v 923.989197 197.853821 -283.202179
v 923.989197 338.248138 -283.202179
v 923.989197 289.549866 -362.467926
v 923.989197 311.385193 -373.516815
v 923.989197 360.083435 -294.251099
v 923.989197 540.861267 0.000000
v 923.989197 360.083435 294.251099
v 923.989197 311.385193 373.516815
v 923.989197 289.549866 362.467926
v 923.989197 338.248138 283.202179
v 923.989197 338.248138 145.373993
v 700.617676 338.248138 283.202179
v 700.617676 338.248138 145.373993
v 700.617676 197.853821 145.373993
v 700.617676 16.185204 145.373993
v 700.617676 16.185204 316.846619
v 700.617676 16.185204 362.466217
v 700.617676 -0.000001 362.466217
v 700.617676 -0.000001 316.846619
v 700.617676 -0.000001 145.373993
v 700.617676 -0.000000 -283.202179
v 700.617676 -0.000055 -362.467590
v 700.617676 16.185146 -362.467590
v 700.617676 16.185204 -283.202209
v 700.617676 197.853821 -283.202179
v 700.617676 338.248138 -283.202179
v 700.617676 289.549866 -362.467926
v 700.617676 311.385193 -373.516815
v 700.617676 360.083435 -294.251099
v 700.617676 540.861267 0.000000
v 700.617676 360.083435 294.251099
v 700.617676 311.385193 373.516815
v 700.617676 289.549866 362.467926
v 961.755493 309.591400 329.846527
v 961.755493 297.467041 349.581177
v 936.998901 297.467010 349.581177
v 937.238281 309.591431 329.846527
v 967.755493 16.185175 323.846619
v 930.989258 16.185175 323.846619
v 930.842590 16.185175 355.612854
v 967.755493 16.185175 355.466217
v 693.617615 16.185207 323.846619
v 693.617615 16.185207 355.466217
v 656.851379 16.185226 323.846619
v 656.851379 16.185226 355.466217
v 687.617615 297.366364 349.745026
v 687.617615 309.591400 329.846466
v 662.851379 297.366333 349.745026
v 662.851379 309.591431 329.846466
v 750.365112 16.185173 152.674042
v 755.141052 198.150162 152.673950
v 874.241821 16.185175 152.674042
v 869.465759 198.150162 152.673950
v 649.851318 -0.000001 152.674042
v 700.617676 -0.000001 152.674042
v 750.365051 -0.000001 152.674042
v 874.241821 -0.000001 152.674042
v 923.989197 -0.000001 152.674042
v 974.755493 -0.000001 152.674042
v 974.755493 16.185175 152.674042
v 923.989197 16.185175 152.674042
v 700.617676 16.185204 152.674042
v 649.851318 16.185230 152.674042
v 649.851440 248.494461 -283.202362
v 700.617676 248.494476 -283.202179
v 750.365051 248.494476 -283.202179
v 874.241821 248.494476 -283.202179
v 923.989197 248.494476 -283.202179
v 974.755493 248.494476 -283.202179
v 974.755493 248.494476 145.373993
v 923.989197 248.494476 145.373993
v 874.241821 248.494476 145.373993
v 750.365051 248.494476 145.373993
v 700.617676 248.494476 145.373993
v 649.851440 248.494461 145.373795
v 761.779602 203.090134 148.765915
v 761.779602 240.247513 148.765915
v 862.827209 203.090134 148.765915
v 862.827209 240.247513 148.765915
v 759.635315 200.915543 152.673950
v 755.141052 245.494476 152.673950
v 759.635315 242.422089 152.673950
v 864.971558 200.915543 152.673950
v 869.465759 245.494476 152.673950
v 864.971558 242.422089 152.673950
v 967.755493 87.411072 355.466217
v 967.755493 87.411118 323.846497
v 930.989258 87.411118 323.846497
v 930.881958 87.411011 355.852203
v 693.617615 87.411018 355.744965
v 656.851379 87.411026 355.744965
v 656.851379 87.411140 323.846497
v 693.617615 87.411140 323.846497
v 936.891663 90.629242 349.734833
v 961.755493 90.630470 349.581177
v 936.979736 90.619522 329.846497
v 961.755493 90.621048 329.846497
v 687.617615 90.643410 349.744995
v 662.851379 90.643417 349.744995
v 662.851379 90.621071 329.846497
v 687.617615 90.621071 329.846497
v 649.851318 107.019524 145.373993
v 649.851318 107.019524 -283.202179
v 700.617676 107.019516 -283.202209
v 750.365051 107.019501 -283.202209
v 874.241821 107.019501 -283.202209
v 923.989197 107.019516 -283.202209
v 974.755493 107.019524 -283.202179
v 974.755493 107.019501 145.373993
v 923.989197 107.019501 145.373993
v 874.241821 107.019501 145.373993
v 869.465698 110.019501 152.673996
v 755.141113 110.019501 152.673996
v 750.365051 107.019501 145.373993
v 700.617676 107.019516 145.373993
v 974.755493 61.602337 145.373993
v 974.755493 61.602379 -283.202179
v 923.989197 61.602360 -283.202209
v 874.241821 61.602337 -283.202209
v 750.365051 61.602337 -283.202209
v 700.617676 61.602360 -283.202209
v 649.851318 61.602379 -283.202179
v 649.851318 61.602379 145.373993
v 700.617676 61.602360 145.373993
v 750.365051 61.602337 145.373993
v 874.241821 61.602337 145.373993
v 923.989197 61.602337 145.373993
v 703.617676 245.494476 152.673920
v 703.617676 197.853821 152.673920
v 703.617676 110.019516 152.673920
v 920.989197 197.853821 152.673920
v 920.989197 245.494476 152.673920
v 920.989197 110.019501 152.673920
v 752.141052 242.494476 152.673950
v 706.617676 242.494476 152.673920
v 706.617676 200.871124 152.673920
v 752.141052 201.132950 152.673950
v 872.465759 201.132950 152.673950
v 917.989197 200.871124 152.673920
v 917.989197 242.494476 152.673920
v 872.465759 242.494476 152.673950
v 917.989197 113.019501 152.673920
v 872.465698 113.019501 152.673996
v 917.989197 194.871033 152.673920
v 872.465759 195.132858 152.673950
v 758.141052 195.150162 152.673950
v 866.465759 195.150162 152.673950
v 758.141113 113.019501 152.673996
v 866.465698 113.019501 152.673996
v 706.617676 194.871033 152.673920
v 706.617676 113.019516 152.673920
v 752.141113 113.019501 152.673996
v 752.141052 195.132858 152.673950
v 750.141052 240.494476 148.765976
v 708.617676 240.494476 148.765961
v 708.617676 202.882660 148.765961
v 750.141052 203.121475 148.765976
v 874.465759 203.121475 148.765976
v 915.989197 202.882660 148.765961
v 915.989197 240.494476 148.765961
v 874.465759 240.494476 148.765976
v 915.989197 115.019501 148.765961
v 874.465698 115.019501 148.765961
v 915.989197 192.882507 148.765961
v 874.465759 193.121323 148.765961
v 760.141052 193.150162 148.765976
v 864.465759 193.150162 148.765976
v 760.141113 115.019501 148.765961
v 864.465698 115.019501 148.765961
v 708.617676 192.882507 148.765961
v 708.617676 115.019516 148.765961
v 750.141113 115.019501 148.765961
v 750.141052 193.121323 148.765961
v 974.755493 338.248138 283.202179
v 1299.659546 338.248138 283.202179
v 974.755493 338.248138 -283.202179
v 1299.659546 338.248138 -283.202179
v 974.755493 -0.000000 -283.202179
v 1299.659546 0.000000 -283.202179
v 1299.659546 512.237915 0.000000
v 974.755493 360.083435 294.251099
v 1299.659546 360.083435 294.251099
v 1299.659546 540.861267 0.000000
v 974.755493 540.861267 0.000000
v 974.755493 360.083435 -294.251099
v 1299.659546 360.083435 -294.251099
v 974.755493 289.549866 362.467926
v 1299.659546 289.549866 362.467926
v 1299.659546 311.385193 373.516815
v 974.755493 311.385193 373.516815
v 974.755493 289.549866 -362.467926
v 1299.659546 289.549866 -362.467926
v 974.755493 311.385193 -373.516815
v 1299.659546 311.385193 -373.516815
v 974.755432 338.248138 145.373993
v 974.755493 -0.000001 145.373993
v 1299.659546 -0.000001 145.373993
v 1299.659546 338.248138 145.373993
v 974.755432 197.853821 145.373993
v 974.755493 197.853821 -283.202179
v 1299.659546 197.853821 -283.202179
v 1299.659546 197.853821 145.373993
v 1137.207520 -0.000001 145.373993
v 1137.207520 0.000000 -283.202179
v 1137.207520 197.853821 -283.202179
v 1137.207520 338.248138 -283.202179
v 1137.207520 289.549866 -362.467926
v 1137.207520 311.385193 -373.516815
v 1137.207520 360.083435 -294.251099
v 1137.207520 540.861267 0.000000
v 1137.207520 360.083435 294.251099
v 1137.207520 311.385193 373.516815
v 1137.207520 289.549866 362.467926
v 1137.207520 338.248138 283.202179
v 1137.207520 338.248138 145.373993
v 1064.109985 -0.000001 145.373993
v 1064.109985 -0.000000 -283.202179
v 1064.109985 197.853821 -283.202179
v 1064.109985 338.248138 -283.202179
v 1064.109985 289.549866 -362.467926
v 1064.109985 311.385193 -373.516815
v 1064.109985 360.083435 -294.251099
v 1064.109985 540.861267 0.000000
v 1064.109985 360.083435 294.251099
v 1064.109985 311.385193 373.516815
v 1064.109985 289.549866 362.467926
v 1064.109985 338.248138 283.202179
v 1064.109985 338.248138 145.373993
v 1064.109985 197.853821 145.373993
v 1210.305054 -0.000001 145.373993
v 1210.305054 0.000000 -283.202179
v 1210.305054 197.853821 -283.202179
v 1210.305054 338.248138 -283.202179
v 1210.305054 289.549866 -362.467926
v 1210.305054 311.385193 -373.516815
v 1210.305054 360.083435 -294.251099
v 1210.305054 540.861267 0.000000
v 1210.305054 360.083435 294.251099
v 1210.305054 311.385193 373.516815
v 1210.305054 289.549866 362.467926
v 1210.305054 338.248138 283.202179
v 1210.305054 338.248138 145.373993
v 1210.305054 197.853821 145.373993
v 1299.659546 16.185175 145.373993
v 1299.659546 16.185230 -283.202179
v 1210.305054 16.185175 -283.202209
v 1137.207520 16.185175 -283.202209
v 1064.109985 16.185175 -283.202209
v 974.755493 16.185230 -283.202179
v 974.755493 16.185230 145.373993
v 1064.109985 16.185173 145.373993
v 1210.305054 16.185175 145.373993
v 1299.659546 16.185186 -362.467590
v 1210.305054 16.185108 -362.467590
v 1299.659546 -0.000044 -362.467590
v 1210.305054 -0.000066 -362.467590
v 1137.207520 16.185087 -362.467590
v 1137.207520 -0.000088 -362.467590
v 1064.109985 16.185108 -362.467590
v 1064.109985 -0.000066 -362.467590
v 974.755432 16.185186 -362.467590
v 974.755432 -0.000044 -362.467590
v 974.755493 -0.000001 362.466217
v 1064.109985 -0.000001 362.466217
v 1064.109985 16.185175 362.466217
v 974.755493 16.185230 362.466217
v 1137.207520 -0.000001 362.466217
v 1137.207520 16.185175 362.466217
v 1210.305054 -0.000001 362.466217
v 1210.305054 16.185175 362.466217
v 1299.659546 -0.000001 362.466217
v 1299.659546 16.185175 362.466217
v 974.755493 -0.000001 316.846619
v 1064.109985 -0.000001 316.846619
v 1137.207520 -0.000001 316.846619
v 1210.305054 -0.000001 316.846619
v 1299.659546 -0.000001 316.846619
v 1299.659546 16.185175 316.846619
v 1210.305054 16.185175 316.846619
v 1137.207520 16.185175 316.846619
v 1064.109985 16.185175 316.846619
v 974.755493 16.185230 316.846619
v 1248.893311 197.853821 145.373993
v 1248.893311 16.185175 145.373993
v 1248.893311 16.185175 316.846619
v 1248.893311 16.185175 362.466217
v 1248.893311 -0.000001 362.466217
v 1248.893311 -0.000001 316.846619
v 1248.893311 -0.000001 145.373993
v 1248.893311 0.000000 -283.202179
v 1248.893311 -0.000055 -362.467590
v 1248.893311 16.185146 -362.467590
v 1248.893311 16.185204 -283.202209
v 1248.893311 197.853821 -283.202179
v 1248.893311 338.248138 -283.202179
v 1248.893311 289.549866 -362.467926
v 1248.893311 311.385193 -373.516815
v 1248.893311 360.083435 -294.251099
v 1248.893311 540.861267 0.000000
v 1248.893311 360.083435 294.251099
v 1248.893311 311.385193 373.516815
v 1248.893311 289.549866 362.467926
v 1248.893311 338.248138 283.202179
v 1248.893311 338.248138 145.373993
v 1025.521729 338.248138 283.202179
v 1025.521729 338.248138 145.373993
v 1025.521729 197.853821 145.373993
v 1025.521729 16.185204 145.373993
v 1025.521729 16.185204 316.846619
v 1025.521729 16.185204 362.466217
v 1025.521729 -0.000001 362.466217
v 1025.521729 -0.000001 316.846619
v 1025.521729 -0.000001 145.373993
v 1025.521729 -0.000000 -283.202179
v 1025.521729 -0.000055 -362.467590
v 1025.521729 16.185146 -362.467590
v 1025.521729 16.185204 -283.202209
v 1025.521729 197.853821 -283.202179
v 1025.521729 338.248138 -283.202179
v 1025.521729 289.549866 -362.467926
v 1025.521729 311.385193 -373.516815
v 1025.521729 360.083435 -294.251099
v 1025.521729 540.861267 0.000000
v 1025.521729 360.083435 294.251099
v 1025.521729 311.385193 373.516815
v 1025.521729 289.549866 362.467926
v 1286.659546 309.591400 329.846527
v 1286.659546 297.467041 349.581177
v 1261.902954 297.467010 349.581177
v 1262.142456 309.591431 329.846527
v 1292.659546 16.185175 323.846619
v 1255.893311 16.185175 323.846619
v 1255.746704 16.185175 355.612854
v 1292.659546 16.185175 355.466217
v 1018.521729 16.185207 323.846619
v 1018.521729 16.185207 355.466217
v 981.755493 16.185226 323.846619
v 981.755493 16.185226 355.466217
v 1012.521729 297.366364 349.745026
v 1012.521729 309.591400 329.846466
v 987.755493 297.366333 349.745026
v 987.755493 309.591431 329.846466
v 1069.746582 16.185173 152.674042
v 1137.207520 16.185175 152.674042
v 1137.207520 198.853821 152.673950
v 1069.746582 198.853821 152.673950
v 1204.668457 16.185175 152.674042
v 1204.668457 198.853821 152.673950
v 974.755493 -0.000001 152.674042
v 1025.521729 -0.000001 152.674042
v 1064.109985 -0.000001 152.674042
v 1137.207520 -0.000001 152.674042
v 1210.305054 -0.000001 152.674042
v 1248.893311 -0.000001 152.674042
v 1299.659546 -0.000001 152.674042
v 1299.659546 16.185175 152.674042
v 1248.893311 16.185175 152.674042
v 1025.521729 16.185204 152.674042
v 974.755493 16.185230 152.674042
v 974.755493 248.494476 -283.202179
v 1025.521729 248.494476 -283.202179
v 1064.109985 248.494476 -283.202179
v 1137.207520 248.494476 -283.202179
v 1210.305054 248.494476 -283.202179
v 1248.893311 248.494476 -283.202179
v 1299.659546 248.494476 -283.202179
v 1299.659546 248.494476 145.373993
v 1248.893311 248.494476 145.373993
v 1210.305054 248.494476 145.373993
v 1137.207520 248.494476 145.373993
v 1064.109985 248.494476 145.373993
v 1025.521729 248.494476 145.373993
v 974.755432 248.494476 145.373993
v 1077.581055 203.962173 145.373993
v 1137.207520 203.962173 145.373993
v 1137.207520 242.386124 145.373993
v 1077.581055 242.386124 145.373993
v 1196.833984 203.962173 145.373993
v 1196.833984 242.386124 145.373993
v 1137.207520 201.713470 152.673950
v 1075.050415 201.713470 152.673950
v 1137.207520 247.494476 152.673950
v 1069.746582 247.494476 152.673950
v 1075.050415 244.634827 152.673950
v 1137.207520 244.634827 152.673950
v 1199.364624 201.713470 152.673950
v 1204.668457 247.494476 152.673950
v 1199.364624 244.634827 152.673950
v 1292.659546 87.411072 355.466217
v 1292.659546 87.411118 323.846497
v 1255.893311 87.411118 323.846497
v 1255.786133 87.411011 355.852203
v 1018.521729 87.411018 355.744965
v 981.755493 87.411026 355.744965
v 981.755493 87.411140 323.846497
v 1018.521729 87.411140 323.846497
v 1261.795776 90.629242 349.734833
v 1286.659668 90.630470 349.581177
v 1261.883911 90.619522 329.846497
v 1286.659546 90.621048 329.846497
v 1012.521729 90.643410 349.744995
v 987.755493 90.643417 349.744995
v 987.755493 90.621071 329.846497
v 1012.521729 90.621071 329.846497
v 974.755432 107.019524 145.373993
v 974.755493 107.019524 -283.202179
v 1025.521729 107.019516 -283.202209
v 1064.109985 107.019501 -283.202209
v 1137.207520 107.019501 -283.202209
v 1210.305054 107.019501 -283.202209
v 1248.893311 107.019516 -283.202209
v 1299.659546 107.019524 -283.202179
v 1299.659546 107.019501 145.373993
v 1248.893311 107.019501 145.373993
v 1210.305054 107.019501 145.373993
v 1204.668457 107.519501 152.673996
v 1137.207520 107.519501 152.673996
v 1069.746582 107.519501 152.673996
v 1064.109985 107.019501 145.373993
v 1025.521729 107.019516 145.373993
v 1299.659546 61.602337 145.373993
v 1299.659546 61.602379 -283.202179
v 1248.893311 61.602360 -283.202209
v 1210.305054 61.602337 -283.202209
v 1137.207520 61.602337 -283.202209
v 1064.109985 61.602337 -283.202209
v 1025.521729 61.602360 -283.202209
v 974.755493 61.602379 -283.202179
v 974.755432 61.602379 145.373993
v 1025.521729 61.602360 145.373993
v 1064.109985 61.602337 145.373993
v 1069.746582 61.852337 152.674011
v 1137.207520 61.852337 152.674011
v 1204.668457 61.852337 152.674011
v 1210.305054 61.602337 145.373993
v 1248.893311 61.602337 145.373993
v 1377.411377 338.248138 283.202179
v 1377.411377 512.237915 0.000000
v 1377.411377 540.861267 0.000000
v 1377.411377 360.083435 294.251099
v 1377.411377 338.248138 -283.202179
v 1377.411377 360.083435 -294.251099
v 1377.411377 311.385193 373.516815
v 1377.411377 289.549866 362.467926
v 1377.411377 289.549866 -362.467926
v 1377.411377 311.385193 -373.516815
v 324.947144 338.248199 283.202179
v 649.851318 338.248199 283.202179
v 324.947144 338.248199 -283.202179
v 649.851318 338.248199 -283.202179
v 324.947144 0.000055 -283.202179
v 649.851318 0.000055 -283.202179
v 324.947144 360.083496 294.251099
v 649.851318 360.083496 294.251099
v 649.851318 540.861328 0.000000
v 324.947144 540.861328 0.000000
v 324.947144 360.083496 -294.251099
v 649.851318 360.083496 -294.251099
v 324.947144 289.549927 362.467926
v 649.851318 289.549927 362.467926
v 649.851318 311.385254 373.516815
v 324.947144 311.385254 373.516815
v 324.947144 289.549927 -362.467926
v 649.851318 289.549927 -362.467926
v 324.947144 311.385254 -373.516815
v 649.851318 311.385254 -373.516815
v 324.947144 338.248199 145.373993
v 324.947144 0.000054 145.373993
v 649.851318 0.000054 145.373993
v 649.851318 338.248199 145.373993
v 324.947144 197.853882 145.373993
v 324.947144 197.853882 -283.202179
v 649.851318 197.853882 -283.202179
v 649.851318 197.853882 145.373993
v 487.399231 0.000054 145.373993
v 487.399231 0.000055 -283.202179
v 487.399231 197.853882 -283.202179
v 487.399231 338.248199 -283.202179
v 487.399231 289.549927 -362.467926
v 487.399231 311.385254 -373.516815
v 487.399231 360.083496 -294.251099
v 487.399231 540.861328 0.000000
v 487.399231 360.083496 294.251099
v 487.399231 311.385254 373.516815
v 487.399231 289.549927 362.467926
v 487.399231 338.248199 283.202179
v 487.399231 338.248199 145.373993
v 414.301697 0.000054 145.373993
v 414.301697 0.000055 -283.202179
v 414.301697 197.853882 -283.202179
v 414.301697 338.248199 -283.202179
v 414.301697 289.549927 -362.467926
v 414.301697 311.385254 -373.516815
v 414.301697 360.083496 -294.251099
v 414.301697 540.861328 0.000000
v 414.301697 360.083496 294.251099
v 414.301697 311.385254 373.516815
v 414.301697 289.549927 362.467926
v 414.301697 338.248199 283.202179
v 414.301697 338.248199 145.373993
v 414.301697 197.853882 145.373993
v 560.496765 0.000054 145.373993
v 560.496765 0.000055 -283.202179
v 560.496765 197.853882 -283.202179
v 560.496765 338.248199 -283.202179
v 560.496765 289.549927 -362.467926
v 560.496765 311.385254 -373.516815
v 560.496765 360.083496 -294.251099
v 560.496765 540.861328 0.000000
v 560.496765 360.083496 294.251099
v 560.496765 311.385254 373.516815
v 560.496765 289.549927 362.467926
v 560.496765 338.248199 283.202179
v 560.496765 338.248199 145.373993
v 560.496765 197.853882 145.373993
v 649.851318 16.185230 145.373993
v 649.851318 16.185286 -283.202179
v 560.496765 16.185230 -283.202209
v 487.399231 16.185230 -283.202209
v 414.301697 16.185230 -283.202209
v 324.947144 16.185286 -283.202179
v 324.947144 16.185286 145.373993
v 414.301697 16.185228 145.373993
v 560.496765 16.185230 145.373993
v 649.851318 16.185242 -362.467590
v 560.496765 16.185163 -362.467590
v 649.851318 0.000011 -362.467590
v 560.496765 -0.000011 -362.467590
v 487.399231 16.185143 -362.467590
v 487.399231 -0.000033 -362.467590
v 414.301697 16.185163 -362.467590
v 414.301697 -0.000011 -362.467590
v 324.947144 16.185242 -362.467590
v 324.947144 0.000011 -362.467590
v 324.947144 0.000054 362.466217
v 414.301697 0.000054 362.466217
v 414.301697 16.185230 362.466217
v 324.947144 16.185286 362.466217
v 487.399231 0.000054 362.466217
v 487.399231 16.185230 362.466217
v 560.496765 0.000054 362.466217
v 560.496765 16.185230 362.466217
v 649.851318 0.000054 362.466217
v 649.851318 16.185230 362.466217
v 324.947144 0.000054 316.846619
v 414.301697 0.000054 316.846619
v 487.399231 0.000054 316.846619
v 560.496765 0.000054 316.846619
v 649.851318 0.000054 316.846619
v 649.851318 16.185230 316.846619
v 560.496765 16.185230 316.846619
v 487.399231 16.185230 316.846619
v 414.301697 16.185230 316.846619
v 324.947144 16.185286 316.846619
v 599.085022 197.853882 145.373993
v 599.085022 16.185230 145.373993
v 599.085022 16.185230 316.846619
v 599.085022 16.185230 362.466217
v 599.085022 0.000054 362.466217
v 599.085022 0.000054 316.846619
v 599.085022 0.000054 145.373993
v 599.085022 0.000055 -283.202179
v 599.085022 0.000000 -362.467590
v 599.085022 16.185202 -362.467590
v 599.085022 16.185259 -283.202209
v 599.085022 197.853882 -283.202179
v 599.085022 338.248199 -283.202179
v 599.085022 289.549927 -362.467926
v 599.085022 311.385254 -373.516815
v 599.085022 360.083496 -294.251099
v 599.085022 540.861328 0.000000
v 599.085022 360.083496 294.251099
v 599.085022 311.385254 373.516815
v 599.085022 289.549927 362.467926
v 599.085022 338.248199 283.202179
v 599.085022 338.248199 145.373993
v 375.713440 338.248199 283.202179
v 375.713440 338.248199 145.373993
v 375.713440 197.853882 145.373993
v 375.713440 16.185259 145.373993
v 375.713440 16.185259 316.846619
v 375.713440 16.185259 362.466217
v 375.713440 0.000054 362.466217
v 375.713440 0.000054 316.846619
v 375.713440 0.000054 145.373993
v 375.713440 0.000055 -283.202179
v 375.713440 0.000000 -362.467590
v 375.713440 16.185202 -362.467590
v 375.713440 16.185259 -283.202209
v 375.713440 197.853882 -283.202179
v 375.713440 338.248199 -283.202179
v 375.713440 289.549927 -362.467926
v 375.713440 311.385254 -373.516815
v 375.713440 360.083496 -294.251099
v 375.713440 540.861328 0.000000
v 375.713440 360.083496 294.251099
v 375.713440 311.385254 373.516815
v 375.713440 289.549927 362.467926
v 636.851318 309.591461 329.846527
v 636.851318 297.467102 349.581177
v 612.094727 297.467072 349.581177
v 612.334106 309.591492 329.846527
v 642.851318 16.185230 323.846619
v 606.085083 16.185230 323.846619
v 605.938416 16.185230 355.612854
v 642.851318 16.185230 355.466217
v 368.713440 16.185263 323.846619
v 368.713440 16.185263 355.466217
v 331.947144 16.185282 323.846619
v 331.947144 16.185282 355.466217
v 362.713440 297.366425 349.745026
v 362.713440 309.591461 329.846466
v 337.947205 297.366394 349.745026
v 337.947144 309.591492 329.846466
v 419.938293 16.185228 152.674042
v 487.399231 16.185230 152.674042
v 487.399231 198.853882 152.673950
v 419.938232 198.853882 152.673950
v 554.860168 16.185230 152.674042
v 554.860229 198.853882 152.673950
v 324.947144 0.000054 152.674042
v 375.713440 0.000054 152.674042
v 414.301697 0.000054 152.674042
v 487.399231 0.000054 152.674042
v 560.496765 0.000054 152.674042
v 599.085022 0.000054 152.674042
v 649.851318 0.000054 152.674042
v 649.851318 16.185230 152.674042
v 599.085022 16.185230 152.674042
v 375.713440 16.185259 152.674042
v 324.947144 16.185286 152.674042
v 324.947144 248.494537 -283.202179
v 375.713440 248.494537 -283.202179
v 414.301697 248.494537 -283.202179
v 487.399231 248.494537 -283.202179
v 560.496765 248.494537 -283.202179
v 599.085022 248.494537 -283.202179
v 649.851318 248.494537 -283.202179
v 649.851318 248.494537 145.373993
v 599.085022 248.494537 145.373993
v 560.496765 248.494537 145.373993
v 487.399231 248.494537 145.373993
v 414.301697 248.494537 145.373993
v 375.713440 248.494537 145.373993
v 324.947144 248.494537 145.373993
v 427.772827 203.962234 145.373993
v 487.399231 203.962234 145.373993
v 487.399231 242.386185 145.373993
v 427.772827 242.386185 145.373993
v 547.025635 203.962234 145.373993
v 547.025635 242.386185 145.373993
v 487.399231 201.713531 152.673950
v 425.242126 201.713531 152.673950
v 487.399231 247.494537 152.673950
v 419.938232 247.494537 152.673950
v 425.242126 244.634888 152.673950
v 487.399231 244.634888 152.673950
v 549.556335 201.713531 152.673950
v 554.860229 247.494537 152.673950
v 549.556335 244.634888 152.673950
v 642.851318 87.411125 355.466217
v 642.851318 87.411171 323.846497
v 606.085083 87.411171 323.846497
v 605.977783 87.411064 355.852203
v 368.713440 87.411072 355.744965
v 331.947144 87.411079 355.744965
v 331.947144 87.411194 323.846497
v 368.713440 87.411194 323.846497
v 611.987488 90.629295 349.734833
v 636.851318 90.630524 349.581177
v 612.075562 90.619576 329.846497
v 636.851318 90.621101 329.846497
v 362.713440 90.643463 349.744995
v 337.947205 90.643471 349.744995
v 337.947144 90.621124 329.846497
v 362.713440 90.621124 329.846497
v 324.947144 107.019577 145.373993
v 324.947144 107.019577 -283.202179
v 375.713440 107.019569 -283.202209
v 414.301697 107.019554 -283.202209
v 487.399231 107.019554 -283.202209
v 560.496765 107.019554 -283.202209
v 599.085022 107.019569 -283.202209
v 649.851318 107.019577 -283.202179
v 649.851318 107.019554 145.373993
v 599.085022 107.019554 145.373993
v 560.496765 107.019554 145.373993
v 554.860168 107.519554 152.673996
v 487.399231 107.519554 152.673996
v 419.938293 107.519554 152.673996
v 414.301697 107.019554 145.373993
v 375.713440 107.019569 145.373993
v 649.851318 61.602394 145.373993
v 649.851318 61.602432 -283.202179
v 599.085022 61.602417 -283.202209
v 560.496765 61.602394 -283.202209
v 487.399231 61.602394 -283.202209
v 414.301697 61.602394 -283.202209
v 375.713440 61.602417 -283.202209
v 324.947144 61.602432 -283.202179
v 324.947144 61.602432 145.373993
v 375.713440 61.602417 145.373993
v 414.301697 61.602394 145.373993
v 419.938293 61.852394 152.674011
v 487.399231 61.852394 152.674011
v 554.860168 61.852394 152.674011
v 560.496765 61.602394 145.373993
v 599.085022 61.602394 145.373993
v 0.043091 338.248199 283.202179
v 324.947144 338.248199 283.202179
v 0.043213 338.248169 -283.202362
v 324.947144 338.248199 -283.202179
v 0.042969 0.000051 -283.202179
v 324.947144 0.000055 -283.202179
v 0.043091 360.083496 294.251099
v 324.947144 360.083496 294.251099
v 324.947144 540.861328 0.000000
v 0.043091 540.861328 0.000000
v 0.043091 360.083496 -294.251099
v 324.947144 360.083496 -294.251099
v 0.043091 289.549927 362.467926
v 324.947144 289.549927 362.467926
v 324.947144 311.385254 373.516815
v 0.043091 311.385254 373.516815
v 0.043091 289.549927 -362.467926
v 324.947144 289.549927 -362.467926
v 0.043091 311.385254 -373.516815
v 324.947144 311.385254 -373.516815
v 0.043213 338.248169 145.373795
v 0.043091 0.000054 145.373993
v 324.947144 0.000054 145.373993
v 324.947205 338.248199 145.373993
v 0.043091 197.853882 145.373993
v 0.043091 197.853882 -283.202179
v 324.947144 197.853882 -283.202179
v 324.947205 197.853882 145.373993
v 100.556763 0.000054 145.373993
v 100.556763 0.000055 -283.202179
v 100.556763 197.853882 -283.202179
v 100.556763 338.248199 -283.202179
v 100.556763 289.549927 -362.467926
v 100.556763 311.385254 -373.516815
v 100.556763 360.083496 -294.251099
v 100.556763 540.861328 0.000000
v 100.556763 360.083496 294.251099
v 100.556763 311.385254 373.516815
v 100.556763 289.549927 362.467926
v 100.556763 338.248199 283.202179
v 100.556763 338.248199 145.373993
v 224.433594 0.000054 145.373993
v 224.433594 0.000055 -283.202179
v 224.433594 197.853882 -283.202179
v 224.433594 338.248199 -283.202179
v 224.433594 289.549927 -362.467926
v 224.433594 311.385254 -373.516815
v 224.433594 360.083496 -294.251099
v 224.433594 540.861328 0.000000
v 224.433594 360.083496 294.251099
v 224.433594 311.385254 373.516815
v 224.433594 289.549927 362.467926
v 224.433594 338.248199 283.202179
v 224.433594 338.248199 145.373993
v 324.947205 16.185230 145.373993
v 324.947144 16.185286 -283.202179
v 224.433594 16.185230 -283.202209
v 100.556763 16.185230 -283.202209
v 0.042969 16.185282 -283.202179
v 0.043091 16.185286 145.373993
v 100.556763 16.185228 145.373993
v 224.433594 16.185230 145.373993
v 324.947205 16.185242 -362.467590
v 224.433594 16.185163 -362.467590
v 324.947205 0.000011 -362.467590
v 224.433594 -0.000011 -362.467590
v 100.556641 16.185163 -362.467590
v 100.556641 -0.000011 -362.467590
v 0.042969 16.185238 -362.467590
v 0.042969 0.000007 -362.467590
v 0.043091 0.000054 362.466217
v 100.556763 0.000054 362.466217
v 100.556763 16.185230 362.466217
v 0.043091 16.185286 362.466217
v 224.433594 0.000054 362.466217
v 224.433594 16.185230 362.466217
v 324.947144 0.000054 362.466217
v 324.947205 16.185230 362.466217
v 0.043091 0.000054 316.846619
v 100.556763 0.000054 316.846619
v 224.433594 0.000054 316.846619
v 324.947144 0.000054 316.846619
v 324.947205 16.185230 316.846619
v 224.433594 16.185230 316.846619
v 100.556763 16.185230 316.846619
v 0.043091 16.185286 316.846619
v 274.180908 197.853882 145.373993
v 274.180908 16.185230 145.373993
v 274.180908 16.185230 316.846619
v 274.180908 16.185230 362.466217
v 274.180908 0.000054 362.466217
v 274.180908 0.000054 316.846619
v 274.180908 0.000054 145.373993
v 274.180908 0.000055 -283.202179
v 274.180908 0.000000 -362.467590
v 274.180908 16.185202 -362.467590
v 274.180908 16.185259 -283.202209
v 274.180908 197.853882 -283.202179
v 274.180908 338.248199 -283.202179
v 274.180908 289.549927 -362.467926
v 274.180908 311.385254 -373.516815
v 274.180908 360.083496 -294.251099
v 274.180908 540.861328 0.000000
v 274.180908 360.083496 294.251099
v 274.180908 311.385254 373.516815
v 274.180908 289.549927 362.467926
v 274.180908 338.248199 283.202179
v 274.180908 338.248199 145.373993
v 50.809326 338.248199 283.202179
v 50.809326 338.248199 145.373993
v 50.809326 197.853882 145.373993
v 50.809326 16.185259 145.373993
v 50.809326 16.185259 316.846619
v 50.809326 16.185259 362.466217
v 50.809326 0.000054 362.466217
v 50.809326 0.000054 316.846619
v 50.809326 0.000054 145.373993
v 50.809326 0.000055 -283.202179
v 50.809326 0.000000 -362.467590
v 50.809326 16.185202 -362.467590
v 50.809326 16.185259 -283.202209
v 50.809326 197.853882 -283.202179
v 50.809326 338.248199 -283.202179
v 50.809326 289.549927 -362.467926
v 50.809326 311.385254 -373.516815
v 50.809326 360.083496 -294.251099
v 50.809326 540.861328 0.000000
v 50.809326 360.083496 294.251099
v 50.809326 311.385254 373.516815
v 50.809326 289.549927 362.467926
v 311.947205 309.591461 329.846527
v 311.947205 297.467102 349.581177
v 287.190613 297.467072 349.581177
v 287.429993 309.591492 329.846527
v 317.947205 16.185230 323.846619
v 281.180969 16.185230 323.846619
v 281.034302 16.185230 355.612854
v 317.947205 16.185230 355.466217
v 43.809326 16.185263 323.846619
v 43.809326 16.185263 355.466217
v 7.043091 16.185282 323.846619
v 7.043091 16.185282 355.466217
v 37.809326 297.366425 349.745026
v 37.809326 309.591461 329.846466
v 13.043091 297.366394 349.745026
v 13.043091 309.591492 329.846466
v 100.556763 16.185228 152.674042
v 105.332764 198.150223 152.673950
v 224.433533 16.185230 152.674042
v 219.657471 198.150223 152.673950
v 0.043091 0.000054 152.674042
v 50.809326 0.000054 152.674042
v 100.556763 0.000054 152.674042
v 224.433594 0.000054 152.674042
v 274.180908 0.000054 152.674042
v 324.947144 0.000054 152.674042
v 324.947205 16.185230 152.674042
v 274.180908 16.185230 152.674042
v 50.809326 16.185259 152.674042
v 0.043091 16.185286 152.674042
v 0.043213 248.494522 -283.202362
v 50.809326 248.494537 -283.202179
v 100.556763 248.494537 -283.202179
v 224.433594 248.494537 -283.202179
v 274.180908 248.494537 -283.202179
v 324.947144 248.494537 -283.202179
v 324.947205 248.494537 145.373993
v 274.180908 248.494537 145.373993
v 224.433594 248.494537 145.373993
v 100.556763 248.494537 145.373993
v 50.809326 248.494537 145.373993
v 0.043213 248.494522 145.373795
v 111.971313 203.090195 148.765915
v 111.971313 240.247574 148.765915
v 213.018921 203.090195 148.765915
v 213.018921 240.247574 148.765915
v 109.827026 200.915604 152.673950
v 105.332764 245.494537 152.673950
v 109.827026 242.422150 152.673950
v 215.163269 200.915604 152.673950
v 219.657471 245.494537 152.673950
v 215.163269 242.422150 152.673950
v 317.947205 87.411125 355.466217
v 317.947205 87.411171 323.846497
v 281.180969 87.411171 323.846497
v 281.073730 87.411064 355.852203
v 43.809326 87.411072 355.744965
v 7.043091 87.411079 355.744965
v 7.043091 87.411194 323.846497
v 43.809326 87.411194 323.846497
v 287.083374 90.629295 349.734833
v 311.947205 90.630524 349.581177
v 287.171448 90.619576 329.846497
v 311.947205 90.621101 329.846497
v 37.809326 90.643463 349.744995
v 13.043091 90.643471 349.744995
v 13.043091 90.621124 329.846497
v 37.809326 90.621124 329.846497
v 0.043091 107.019577 145.373993
v 0.043091 107.019577 -283.202179
v 50.809326 107.019569 -283.202209
v 100.556763 107.019554 -283.202209
v 224.433594 107.019554 -283.202209
v 274.180908 107.019569 -283.202209
v 324.947144 107.019577 -283.202179
v 324.947205 107.019554 145.373993
v 274.180908 107.019554 145.373993
v 224.433594 107.019554 145.373993
v 219.657471 110.019554 152.673996
v 105.332764 110.019554 152.673996
v 100.556763 107.019554 145.373993
v 50.809326 107.019569 145.373993
v 324.947205 61.602394 145.373993
v 324.947144 61.602432 -283.202179
v 274.180908 61.602417 -283.202209
v 224.433594 61.602394 -283.202209
v 100.556763 61.602394 -283.202209
v 50.809326 61.602417 -283.202209
v 0.043091 61.602432 -283.202179
v 0.043091 61.602432 145.373993
v 50.809326 61.602417 145.373993
v 100.556763 61.602394 145.373993
v 224.433594 61.602394 145.373993
v 274.180908 61.602394 145.373993
v 53.809326 245.494537 152.673920
v 53.809326 197.853882 152.673920
v 53.809326 110.019569 152.673920
v 271.180908 197.853882 152.673920
v 271.180908 245.494537 152.673920
v 271.180908 110.019554 152.673920
v 102.332764 242.494537 152.673950
v 56.809448 242.494537 152.673920
v 56.809448 200.871185 152.673920
v 102.332764 201.133011 152.673950
v 222.657471 201.133011 152.673950
v 268.180908 200.871185 152.673920
v 268.180908 242.494537 152.673920
v 222.657471 242.494537 152.673950
v 268.180908 113.019554 152.673920
v 222.657471 113.019554 152.673996
v 268.180908 194.871094 152.673920
v 222.657471 195.132919 152.673950
v 108.332764 195.150223 152.673950
v 216.657471 195.150223 152.673950
v 108.332764 113.019554 152.673996
v 216.657471 113.019554 152.673996
v 56.809448 194.871094 152.673920
v 56.809448 113.019569 152.673920
v 102.332764 113.019554 152.673996
v 102.332764 195.132919 152.673950
v 100.332764 240.494537 148.765976
v 58.809448 240.494537 148.765961
v 58.809448 202.882721 148.765961
v 100.332764 203.121536 148.765976
v 224.657471 203.121536 148.765976
v 266.180908 202.882721 148.765961
v 266.180908 240.494537 148.765961
v 224.657471 240.494537 148.765976
v 266.180908 115.019554 148.765961
v 224.657471 115.019554 148.765961
v 266.180908 192.882568 148.765961
v 224.657471 193.121384 148.765961
v 110.332764 193.150223 148.765976
v 214.657471 193.150223 148.765976
v 110.332764 115.019554 148.765961
v 214.657471 115.019554 148.765961
v 58.809448 192.882568 148.765961
v 58.809448 115.019569 148.765961
v 100.332764 115.019554 148.765961
v 100.332764 193.121384 148.765961
v -649.765137 338.248260 283.202179
v -324.861084 338.248260 283.202179
v -649.765137 338.248260 -283.202179
v -324.861084 338.248260 -283.202179
v -649.765137 0.000111 -283.202179
v -324.861084 0.000111 -283.202179
v -649.765137 360.083557 294.251099
v -324.861084 360.083557 294.251099
v -324.861084 540.861389 0.000000
v -649.765137 540.861389 0.000000
v -649.765137 360.083557 -294.251099
v -324.861084 360.083557 -294.251099
v -649.765137 289.549988 362.467926
v -324.861084 289.549988 362.467926
v -324.861084 311.385315 373.516815
v -649.765137 311.385315 373.516815
v -649.765137 289.549988 -362.467926
v -324.861084 289.549988 -362.467926
v -649.765137 311.385315 -373.516815
v -324.861084 311.385315 -373.516815
v -649.765137 338.248260 145.373993
v -649.765137 0.000110 145.373993
v -324.861084 0.000110 145.373993
v -324.861084 338.248260 145.373993
v -649.765137 197.853928 145.373993
v -649.765137 197.853928 -283.202179
v -324.861084 197.853928 -283.202179
v -324.861084 197.853928 145.373993
v -487.313110 0.000110 145.373993
v -487.313110 0.000111 -283.202179
v -487.313110 197.853928 -283.202179
v -487.313110 338.248260 -283.202179
v -487.313110 289.549988 -362.467926
v -487.313110 311.385315 -373.516815
v -487.313110 360.083557 -294.251099
v -487.313110 540.861389 0.000000
v -487.313110 360.083557 294.251099
v -487.313110 311.385315 373.516815
v -487.313110 289.549988 362.467926
v -487.313110 338.248260 283.202179
v -487.313110 338.248260 145.373993
v -560.410645 0.000110 145.373993
v -560.410645 0.000111 -283.202179
v -560.410645 197.853928 -283.202179
v -560.410645 338.248260 -283.202179
v -560.410645 289.549988 -362.467926
v -560.410645 311.385315 -373.516815
v -560.410645 360.083557 -294.251099
v -560.410645 540.861389 0.000000
v -560.410645 360.083557 294.251099
v -560.410645 311.385315 373.516815
v -560.410645 289.549988 362.467926
v -560.410645 338.248260 283.202179
v -560.410645 338.248260 145.373993
v -560.410645 197.853928 145.373993
v -414.215576 0.000110 145.373993
v -414.215576 0.000111 -283.202179
v -414.215576 197.853928 -283.202179
v -414.215576 338.248260 -283.202179
v -414.215576 289.549988 -362.467926
v -414.215576 311.385315 -373.516815
v -414.215576 360.083557 -294.251099
v -414.215576 540.861389 0.000000
v -414.215576 360.083557 294.251099
v -414.215576 311.385315 373.516815
v -414.215576 289.549988 362.467926
v -414.215576 338.248260 283.202179
v -414.215576 338.248260 145.373993
v -414.215576 197.853928 145.373993
v -324.861084 16.185286 145.373993
v -324.861084 16.185341 -283.202179
v -414.215576 16.185286 -283.202209
v -487.313110 16.185286 -283.202209
v -560.410645 16.185286 -283.202209
v -649.765137 16.185341 -283.202179
v -649.765137 16.185341 145.373993
v -560.410645 16.185284 145.373993
v -414.215576 16.185286 145.373993
v -324.861084 16.185297 -362.467590
v -414.215576 16.185219 -362.467590
v -324.861084 0.000066 -362.467590
v -414.215576 0.000044 -362.467590
v -487.313110 16.185198 -362.467590
v -487.313110 0.000022 -362.467590
v -560.410645 16.185219 -362.467590
v -560.410645 0.000044 -362.467590
v -649.765137 16.185297 -362.467590
v -649.765137 0.000066 -362.467590
v -649.765137 0.000110 362.466217
v -560.410645 0.000110 362.466217
v -560.410645 16.185286 362.466217
v -649.765137 16.185341 362.466217
v -487.313110 0.000110 362.466217
v -487.313110 16.185286 362.466217
v -414.215576 0.000110 362.466217
v -414.215576 16.185286 362.466217
v -324.861084 0.000110 362.466217
v -324.861084 16.185286 362.466217
v -649.765137 0.000110 316.846619
v -560.410645 0.000110 316.846619
v -487.313110 0.000110 316.846619
v -414.215576 0.000110 316.846619
v -324.861084 0.000110 316.846619
v -324.861084 16.185286 316.846619
v -414.215576 16.185286 316.846619
v -487.313110 16.185286 316.846619
v -560.410645 16.185286 316.846619
v -649.765137 16.185341 316.846619
v -375.627319 197.853928 145.373993
v -375.627319 16.185286 145.373993
v -375.627319 16.185286 316.846619
v -375.627319 16.185286 362.466217
v -375.627319 0.000110 362.466217
v -375.627319 0.000110 316.846619
v -375.627319 0.000110 145.373993
v -375.627319 0.000111 -283.202179
v -375.627319 0.000055 -362.467590
v -375.627319 16.185257 -362.467590
v -375.627319 16.185314 -283.202209
v -375.627319 197.853928 -283.202179
v -375.627319 338.248260 -283.202179
v -375.627319 289.549988 -362.467926
v -375.627319 311.385315 -373.516815
v -375.627319 360.083557 -294.251099
v -375.627319 540.861389 0.000000
v -375.627319 360.083557 294.251099
v -375.627319 311.385315 373.516815
v -375.627319 289.549988 362.467926
v -375.627319 338.248260 283.202179
v -375.627319 338.248260 145.373993
v -598.998901 338.248260 283.202179
v -598.998901 338.248260 145.373993
v -598.998901 197.853928 145.373993
v -598.998901 16.185314 145.373993
v -598.998901 16.185314 316.846619
v -598.998901 16.185314 362.466217
v -598.998901 0.000110 362.466217
v -598.998901 0.000110 316.846619
v -598.998901 0.000110 145.373993
v -598.998901 0.000111 -283.202179
v -598.998901 0.000055 -362.467590
v -598.998901 16.185257 -362.467590
v -598.998901 16.185314 -283.202209
v -598.998901 197.853928 -283.202179
v -598.998901 338.248260 -283.202179
v -598.998901 289.549988 -362.467926
v -598.998901 311.385315 -373.516815
v -598.998901 360.083557 -294.251099
v -598.998901 540.861389 0.000000
v -598.998901 360.083557 294.251099
v -598.998901 311.385315 373.516815
v -598.998901 289.549988 362.467926
v -337.861084 309.591522 329.846527
v -337.861084 297.467163 349.581177
v -362.617676 297.467133 349.581177
v -362.378174 309.591553 329.846527
v -331.861084 16.185286 323.846619
v -368.627319 16.185286 323.846619
v -368.773926 16.185286 355.612854
v -331.861084 16.185286 355.466217
v -605.998901 16.185318 323.846619
v -605.998901 16.185318 355.466217
v -642.765137 16.185337 323.846619
v -642.765137 16.185337 355.466217
v -611.998901 297.366486 349.745026
v -611.998901 309.591522 329.846466
v -636.765137 297.366455 349.745026
v -636.765137 309.591553 329.846466
v -554.774048 16.185284 152.674042
v -487.313110 16.185286 152.674042
v -487.313110 198.853928 152.673950
v -554.774048 198.853928 152.673950
v -419.852173 16.185286 152.674042
v -419.852173 198.853928 152.673950
v -649.765137 0.000110 152.674042
v -598.998901 0.000110 152.674042
v -560.410645 0.000110 152.674042
v -487.313110 0.000110 152.674042
v -414.215576 0.000110 152.674042
v -375.627319 0.000110 152.674042
v -324.861084 0.000110 152.674042
v -324.861084 16.185286 152.674042
v -375.627319 16.185286 152.674042
v -598.998901 16.185314 152.674042
v -649.765137 16.185341 152.674042
v -649.765137 248.494583 -283.202179
v -598.998901 248.494583 -283.202179
v -560.410645 248.494583 -283.202179
v -487.313110 248.494583 -283.202179
v -414.215576 248.494583 -283.202179
v -375.627319 248.494583 -283.202179
v -324.861084 248.494583 -283.202179
v -324.861084 248.494583 145.373993
v -375.627319 248.494583 145.373993
v -414.215576 248.494583 145.373993
v -487.313110 248.494583 145.373993
v -560.410645 248.494583 145.373993
v -598.998901 248.494583 145.373993
v -649.765137 248.494583 145.373993
v -546.939575 203.962280 145.373993
v -487.313110 203.962280 145.373993
v -487.313110 242.386230 145.373993
v -546.939575 242.386230 145.373993
v -427.686646 203.962280 145.373993
v -427.686646 242.386230 145.373993
v -487.313110 201.713577 152.673950
v -549.470215 201.713577 152.673950
v -487.313110 247.494583 152.673950
v -554.774048 247.494583 152.673950
v -549.470215 244.634933 152.673950
v -487.313110 244.634933 152.673950
v -425.156006 201.713577 152.673950
v -419.852173 247.494583 152.673950
v -425.156006 244.634933 152.673950
v -331.861084 87.411179 355.466217
v -331.861084 87.411224 323.846497
v -368.627319 87.411224 323.846497
v -368.734497 87.411118 355.852203
v -605.998901 87.411133 355.744965
v -642.765137 87.411133 355.744965
v -642.765137 87.411255 323.846497
v -605.998901 87.411255 323.846497
v -362.724854 90.629349 349.734833
v -337.861084 90.630585 349.581177
v -362.636719 90.619629 329.846497
v -337.861084 90.621155 329.846497
v -611.998901 90.643524 349.744995
v -636.765137 90.643524 349.744995
v -636.765137 90.621185 329.846497
v -611.998901 90.621185 329.846497
v -649.765137 107.019638 145.373993
v -649.765137 107.019638 -283.202179
v -598.998901 107.019623 -283.202209
v -560.410645 107.019608 -283.202209
v -487.313110 107.019608 -283.202209
v -414.215576 107.019608 -283.202209
v -375.627319 107.019623 -283.202209
v -324.861084 107.019638 -283.202179
v -324.861084 107.019608 145.373993
v -375.627319 107.019608 145.373993
v -414.215576 107.019608 145.373993
v -419.852173 107.519608 152.673996
v -487.313110 107.519608 152.673996
v -554.774048 107.519608 152.673996
v -560.410645 107.019608 145.373993
v -598.998901 107.019623 145.373993
v -324.861084 61.602448 145.373993
v -324.861084 61.602489 -283.202179
v -375.627319 61.602470 -283.202209
v -414.215576 61.602448 -283.202209
v -487.313110 61.602448 -283.202209
v -560.410645 61.602448 -283.202209
v -598.998901 61.602470 -283.202209
v -649.765137 61.602489 -283.202179
v -649.765137 61.602489 145.373993
v -598.998901 61.602470 145.373993
v -560.410645 61.602448 145.373993
v -554.774048 61.852448 152.674011
v -487.313110 61.852448 152.674011
v -419.852173 61.852448 152.674011
v -414.215576 61.602448 145.373993
v -375.627319 61.602448 145.373993
v -324.860962 338.248199 283.202179
v 0.043091 338.248199 283.202179
v -324.860840 338.248169 -283.202362
v 0.043091 338.248199 -283.202179
v -324.861084 0.000051 -283.202179
v 0.043091 0.000055 -283.202179
v -324.860962 360.083496 294.251099
v 0.043091 360.083496 294.251099
v 0.043091 540.861328 0.000000
v -324.860962 540.861328 0.000000
v -324.860962 360.083496 -294.251099
v 0.043091 360.083496 -294.251099
v -324.860962 289.549927 362.467926
v 0.043091 289.549927 362.467926
v 0.043091 311.385254 373.516815
v -324.860962 311.385254 373.516815
v -324.860962 289.549927 -362.467926
v 0.043091 289.549927 -362.467926
v -324.860962 311.385254 -373.516815
v 0.043091 311.385254 -373.516815
v -324.860840 338.248169 145.373795
v -324.860962 0.000054 145.373993
v 0.043091 0.000054 145.373993
v 0.043091 338.248199 145.373993
v -324.860962 197.853882 145.373993
v -324.860962 197.853882 -283.202179
v 0.043091 197.853882 -283.202179
v 0.043091 197.853882 145.373993
v -224.347290 0.000054 145.373993
v -224.347290 0.000055 -283.202179
v -224.347290 197.853882 -283.202179
v -224.347290 338.248199 -283.202179
v -224.347290 289.549927 -362.467926
v -224.347290 311.385254 -373.516815
v -224.347290 360.083496 -294.251099
v -224.347290 540.861328 0.000000
v -224.347290 360.083496 294.251099
v -224.347290 311.385254 373.516815
v -224.347290 289.549927 362.467926
v -224.347290 338.248199 283.202179
v -224.347290 338.248199 145.373993
v -100.470459 0.000054 145.373993
v -100.470459 0.000055 -283.202179
v -100.470459 197.853882 -283.202179
v -100.470459 338.248199 -283.202179
v -100.470459 289.549927 -362.467926
v -100.470459 311.385254 -373.516815
v -100.470459 360.083496 -294.251099
v -100.470459 540.861328 0.000000
v -100.470459 360.083496 294.251099
v -100.470459 311.385254 373.516815
v -100.470459 289.549927 362.467926
v -100.470459 338.248199 283.202179
v -100.470459 338.248199 145.373993
v 0.043091 16.185230 145.373993
v 0.043091 16.185286 -283.202179
v -100.470459 16.185230 -283.202209
v -224.347290 16.185230 -283.202209
v -324.861084 16.185282 -283.202179
v -324.860962 16.185286 145.373993
v -224.347290 16.185228 145.373993
v -100.470459 16.185230 145.373993
v 0.043091 16.185242 -362.467590
v -100.470459 16.185163 -362.467590
v 0.043091 0.000011 -362.467590
v -100.470459 -0.000011 -362.467590
v -224.347412 16.185163 -362.467590
v -224.347412 -0.000011 -362.467590
v -324.861084 16.185238 -362.467590
v -324.861084 0.000007 -362.467590
v -324.860962 0.000054 362.466217
v -224.347290 0.000054 362.466217
v -224.347290 16.185230 362.466217
v -324.860962 16.185286 362.466217
v -100.470459 0.000054 362.466217
v -100.470459 16.185230 362.466217
v 0.043091 0.000054 362.466217
v 0.043091 16.185230 362.466217
v -324.860962 0.000054 316.846619
v -224.347290 0.000054 316.846619
v -100.470459 0.000054 316.846619
v 0.043091 0.000054 316.846619
v 0.043091 16.185230 316.846619
v -100.470459 16.185230 316.846619
v -224.347290 16.185230 316.846619
v -324.860962 16.185286 316.846619
v -50.723145 197.853882 145.373993
v -50.723145 16.185230 145.373993
v -50.723145 16.185230 316.846619
v -50.723145 16.185230 362.466217
v -50.723145 0.000054 362.466217
v -50.723145 0.000054 316.846619
v -50.723145 0.000054 145.373993
v -50.723145 0.000055 -283.202179
v -50.723145 0.000000 -362.467590
v -50.723145 16.185202 -362.467590
v -50.723145 16.185259 -283.202209
v -50.723145 197.853882 -283.202179
v -50.723145 338.248199 -283.202179
v -50.723145 289.549927 -362.467926
v -50.723145 311.385254 -373.516815
v -50.723145 360.083496 -294.251099
v -50.723145 540.861328 0.000000
v -50.723145 360.083496 294.251099
v -50.723145 311.385254 373.516815
v -50.723145 289.549927 362.467926
v -50.723145 338.248199 283.202179
v -50.723145 338.248199 145.373993
v -274.094727 338.248199 283.202179
v -274.094727 338.248199 145.373993
v -274.094727 197.853882 145.373993
v -274.094727 16.185259 145.373993
v -274.094727 16.185259 316.846619
v -274.094727 16.185259 362.466217
v -274.094727 0.000054 362.466217
v -274.094727 0.000054 316.846619
v -274.094727 0.000054 145.373993
v -274.094727 0.000055 -283.202179
v -274.094727 0.000000 -362.467590
v -274.094727 16.185202 -362.467590
v -274.094727 16.185259 -283.202209
v -274.094727 197.853882 -283.202179
v -274.094727 338.248199 -283.202179
v -274.094727 289.549927 -362.467926
v -274.094727 311.385254 -373.516815
v -274.094727 360.083496 -294.251099
v -274.094727 540.861328 0.000000
v -274.094727 360.083496 294.251099
v -274.094727 311.385254 373.516815
v -274.094727 289.549927 362.467926
v -12.956787 309.591461 329.846527
v -12.956787 297.467102 349.581177
v -37.713501 297.467072 349.581177
v -37.473999 309.591492 329.846527
v -6.956787 16.185230 323.846619
v -43.723022 16.185230 323.846619
v -43.869751 16.185230 355.612854
v -6.956787 16.185230 355.466217
v -281.094727 16.185263 323.846619
v -281.094727 16.185263 355.466217
v -317.860962 16.185282 323.846619
v -317.860962 16.185282 355.466217
v -287.094727 297.366425 349.745026
v -287.094727 309.591461 329.846466
v -311.860962 297.366394 349.745026
v -311.860962 309.591492 329.846466
v -224.347290 16.185228 152.674042
v -219.571289 198.150223 152.673950
v -100.470581 16.185230 152.674042
v -105.246582 198.150223 152.673950
v -324.860962 0.000054 152.674042
v -274.094727 0.000054 152.674042
v -224.347290 0.000054 152.674042
v -100.470459 0.000054 152.674042
v -50.723145 0.000054 152.674042
v 0.043091 0.000054 152.674042
v 0.043091 16.185230 152.674042
v -50.723145 16.185230 152.674042
v -274.094727 16.185259 152.674042
v -324.860962 16.185286 152.674042
v -324.860840 248.494522 -283.202362
v -274.094727 248.494537 -283.202179
v -224.347290 248.494537 -283.202179
v -100.470459 248.494537 -283.202179
v -50.723145 248.494537 -283.202179
v 0.043091 248.494537 -283.202179
v 0.043091 248.494537 145.373993
v -50.723145 248.494537 145.373993
v -100.470459 248.494537 145.373993
v -224.347290 248.494537 145.373993
v -274.094727 248.494537 145.373993
v -324.860840 248.494522 145.373795
v -212.932739 203.090195 148.765915
v -212.932739 240.247574 148.765915
v -111.885132 203.090195 148.765915
v -111.885132 240.247574 148.765915
v -215.077026 200.915604 152.673950
v -219.571289 245.494537 152.673950
v -215.077026 242.422150 152.673950
v -109.740723 200.915604 152.673950
v -105.246582 245.494537 152.673950
v -109.740723 242.422150 152.673950
v -6.956787 87.411125 355.466217
v -6.956787 87.411171 323.846497
v -43.723022 87.411171 323.846497
v -43.830322 87.411064 355.852203
v -281.094727 87.411072 355.744965
v -317.860962 87.411079 355.744965
v -317.860962 87.411194 323.846497
v -281.094727 87.411194 323.846497
v -37.820679 90.629295 349.734833
v -12.956787 90.630524 349.581177
v -37.732544 90.619576 329.846497
v -12.956787 90.621101 329.846497
v -287.094727 90.643463 349.744995
v -311.860962 90.643471 349.744995
v -311.860962 90.621124 329.846497
v -287.094727 90.621124 329.846497
v -324.860962 107.019577 145.373993
v -324.860962 107.019577 -283.202179
v -274.094727 107.019569 -283.202209
v -224.347290 107.019554 -283.202209
v -100.470459 107.019554 -283.202209
v -50.723145 107.019569 -283.202209
v 0.043091 107.019577 -283.202179
v 0.043091 107.019554 145.373993
v -50.723145 107.019554 145.373993
v -100.470459 107.019554 145.373993
v -105.246582 110.019554 152.673996
v -219.571289 110.019554 152.673996
v -224.347290 107.019554 145.373993
v -274.094727 107.019569 145.373993
v 0.043091 61.602394 145.373993
v 0.043091 61.602432 -283.202179
v -50.723145 61.602417 -283.202209
v -100.470459 61.602394 -283.202209
v -224.347290 61.602394 -283.202209
v -274.094727 61.602417 -283.202209
v -324.860962 61.602432 -283.202179
v -324.860962 61.602432 145.373993
v -274.094727 61.602417 145.373993
v -224.347290 61.602394 145.373993
v -100.470459 61.602394 145.373993
v -50.723145 61.602394 145.373993
v -271.094727 245.494537 152.673920
v -271.094727 197.853882 152.673920
v -271.094727 110.019569 152.673920
v -53.723145 197.853882 152.673920
v -53.723145 245.494537 152.673920
v -53.723145 110.019554 152.673920
v -222.571289 242.494537 152.673950
v -268.094604 242.494537 152.673920
v -268.094604 200.871185 152.673920
v -222.571289 201.133011 152.673950
v -102.246582 201.133011 152.673950
v -56.723145 200.871185 152.673920
v -56.723145 242.494537 152.673920
v -102.246582 242.494537 152.673950
v -56.723145 113.019554 152.673920
v -102.246582 113.019554 152.673996
v -56.723145 194.871094 152.673920
v -102.246582 195.132919 152.673950
v -216.571289 195.150223 152.673950
v -108.246582 195.150223 152.673950
v -216.571289 113.019554 152.673996
v -108.246582 113.019554 152.673996
v -268.094604 194.871094 152.673920
v -268.094604 113.019569 152.673920
v -222.571289 113.019554 152.673996
v -222.571289 195.132919 152.673950
v -224.571289 240.494537 148.765976
v -266.094604 240.494537 148.765961
v -266.094604 202.882721 148.765961
v -224.571289 203.121536 148.765976
v -100.246582 203.121536 148.765976
v -58.723145 202.882721 148.765961
v -58.723145 240.494537 148.765961
v -100.246582 240.494537 148.765976
v -58.723145 115.019554 148.765961
v -100.246582 115.019554 148.765961
v -58.723145 192.882568 148.765961
v -100.246582 193.121384 148.765961
v -214.571289 193.150223 148.765976
v -110.246582 193.150223 148.765976
v -214.571289 115.019554 148.765961
v -110.246582 115.019554 148.765961
v -266.094604 192.882568 148.765961
v -266.094604 115.019569 148.765961
v -224.571289 115.019554 148.765961
v -224.571289 193.121384 148.765961
v -974.669189 338.248260 283.202179
v -649.765137 338.248260 283.202179
v -974.669189 338.248230 -283.202362
v -649.765137 338.248260 -283.202179
v -974.669189 0.000107 -283.202179
v -649.765137 0.000111 -283.202179
v -974.669189 360.083557 294.251099
v -649.765137 360.083557 294.251099
v -649.765137 540.861389 0.000000
v -974.669189 540.861389 0.000000
v -974.669189 360.083557 -294.251099
v -649.765137 360.083557 -294.251099
v -974.669189 289.549988 362.467926
v -649.765137 289.549988 362.467926
v -649.765137 311.385315 373.516815
v -974.669189 311.385315 373.516815
v -974.669189 289.549988 -362.467926
v -649.765137 289.549988 -362.467926
v -974.669189 311.385315 -373.516815
v -649.765137 311.385315 -373.516815
v -974.669189 338.248230 145.373795
v -974.669189 0.000110 145.373993
v -649.765137 0.000110 145.373993
v -649.765137 338.248260 145.373993
v -974.669189 197.853928 145.373993
v -974.669189 197.853928 -283.202179
v -649.765137 197.853928 -283.202179
v -649.765137 197.853928 145.373993
v -874.155518 0.000110 145.373993
v -874.155518 0.000111 -283.202179
v -874.155518 197.853928 -283.202179
v -874.155518 338.248260 -283.202179
v -874.155518 289.549988 -362.467926
v -874.155518 311.385315 -373.516815
v -874.155518 360.083557 -294.251099
v -874.155518 540.861389 0.000000
v -874.155518 360.083557 294.251099
v -874.155518 311.385315 373.516815
v -874.155518 289.549988 362.467926
v -874.155518 338.248260 283.202179
v -874.155518 338.248260 145.373993
v -750.278687 0.000110 145.373993
v -750.278687 0.000111 -283.202179
v -750.278687 197.853928 -283.202179
v -750.278687 338.248260 -283.202179
v -750.278687 289.549988 -362.467926
v -750.278687 311.385315 -373.516815
v -750.278687 360.083557 -294.251099
v -750.278687 540.861389 0.000000
v -750.278687 360.083557 294.251099
v -750.278687 311.385315 373.516815
v -750.278687 289.549988 362.467926
v -750.278687 338.248260 283.202179
v -750.278687 338.248260 145.373993
v -649.765137 16.185286 145.373993
v -649.765137 16.185341 -283.202179
v -750.278687 16.185286 -283.202209
v -874.155518 16.185286 -283.202209
v -974.669189 16.185337 -283.202179
v -974.669189 16.185341 145.373993
v -874.155518 16.185284 145.373993
v -750.278687 16.185286 145.373993
v -649.765137 16.185297 -362.467590
v -750.278687 16.185219 -362.467590
v -649.765137 0.000066 -362.467590
v -750.278687 0.000044 -362.467590
v -874.155640 16.185219 -362.467590
v -874.155640 0.000044 -362.467590
v -974.669189 16.185293 -362.467590
v -974.669189 0.000063 -362.467590
v -974.669189 0.000110 362.466217
v -874.155518 0.000110 362.466217
v -874.155518 16.185286 362.466217
v -974.669189 16.185341 362.466217
v -750.278687 0.000110 362.466217
v -750.278687 16.185286 362.466217
v -649.765137 0.000110 362.466217
v -649.765137 16.185286 362.466217
v -974.669189 0.000110 316.846619
v -874.155518 0.000110 316.846619
v -750.278687 0.000110 316.846619
v -649.765137 0.000110 316.846619
v -649.765137 16.185286 316.846619
v -750.278687 16.185286 316.846619
v -874.155518 16.185286 316.846619
v -974.669189 16.185341 316.846619
v -700.531372 197.853928 145.373993
v -700.531372 16.185286 145.373993
v -700.531372 16.185286 316.846619
v -700.531372 16.185286 362.466217
v -700.531372 0.000110 362.466217
v -700.531372 0.000110 316.846619
v -700.531372 0.000110 145.373993
v -700.531372 0.000111 -283.202179
v -700.531372 0.000055 -362.467590
v -700.531372 16.185257 -362.467590
v -700.531372 16.185314 -283.202209
v -700.531372 197.853928 -283.202179
v -700.531372 338.248260 -283.202179
v -700.531372 289.549988 -362.467926
v -700.531372 311.385315 -373.516815
v -700.531372 360.083557 -294.251099
v -700.531372 540.861389 0.000000
v -700.531372 360.083557 294.251099
v -700.531372 311.385315 373.516815
v -700.531372 289.549988 362.467926
v -700.531372 338.248260 283.202179
v -700.531372 338.248260 145.373993
v -923.902832 338.248260 283.202179
v -923.902832 338.248260 145.373993
v -923.902832 197.853928 145.373993
v -923.902832 16.185314 145.373993
v -923.902832 16.185314 316.846619
v -923.902832 16.185314 362.466217
v -923.902832 0.000110 362.466217
v -923.902832 0.000110 316.846619
v -923.902832 0.000110 145.373993
v -923.902832 0.000111 -283.202179
v -923.902832 0.000055 -362.467590
v -923.902832 16.185257 -362.467590
v -923.902832 16.185314 -283.202209
v -923.902832 197.853928 -283.202179
v -923.902832 338.248260 -283.202179
v -923.902832 289.549988 -362.467926
v -923.902832 311.385315 -373.516815
v -923.902832 360.083557 -294.251099
v -923.902832 540.861389 0.000000
v -923.902832 360.083557 294.251099
v -923.902832 311.385315 373.516815
v -923.902832 289.549988 362.467926
v -662.765137 309.591522 329.846527
v -662.765137 297.467163 349.581177
v -687.521729 297.467133 349.581177
v -687.282227 309.591553 329.846527
v -656.765015 16.185286 323.846619
v -693.531250 16.185286 323.846619
v -693.677979 16.185286 355.612854
v -656.765015 16.185286 355.466217
v -930.903076 16.185318 323.846619
v -930.903076 16.185318 355.466217
v -967.669189 16.185337 323.846619
v -967.669189 16.185337 355.466217
v -936.903076 297.366486 349.745026
v -936.903076 309.591522 329.846466
v -961.669189 297.366455 349.745026
v -961.669189 309.591553 329.846466
v -874.155518 16.185284 152.674042
v -869.379517 198.150269 152.673950
v -750.278809 16.185286 152.674042
v -755.054810 198.150269 152.673950
v -974.669189 0.000110 152.674042
v -923.902832 0.000110 152.674042
v -874.155518 0.000110 152.674042
v -750.278687 0.000110 152.674042
v -700.531372 0.000110 152.674042
v -649.765137 0.000110 152.674042
v -649.765137 16.185286 152.674042
v -700.531372 16.185286 152.674042
v -923.902832 16.185314 152.674042
v -974.669189 16.185341 152.674042
v -974.669189 248.494568 -283.202362
v -923.902832 248.494583 -283.202179
v -874.155518 248.494583 -283.202179
v -750.278687 248.494583 -283.202179
v -700.531372 248.494583 -283.202179
v -649.765137 248.494583 -283.202179
v -649.765137 248.494583 145.373993
v -700.531372 248.494583 145.373993
v -750.278687 248.494583 145.373993
v -874.155518 248.494583 145.373993
v -923.902832 248.494583 145.373993
v -974.669189 248.494568 145.373795
v -862.740967 203.090240 148.765915
v -862.740967 240.247620 148.765915
v -761.693359 203.090240 148.765915
v -761.693359 240.247620 148.765915
v -864.885254 200.915649 152.673950
v -869.379517 245.494583 152.673950
v -864.885254 242.422195 152.673950
v -759.548950 200.915649 152.673950
v -755.054810 245.494583 152.673950
v -759.548950 242.422195 152.673950
v -656.765015 87.411179 355.466217
v -656.765015 87.411224 323.846497
v -693.531250 87.411224 323.846497
v -693.638550 87.411118 355.852203
v -930.903076 87.411133 355.744965
v -967.669189 87.411133 355.744965
v -967.669189 87.411255 323.846497
v -930.903076 87.411255 323.846497
v -687.628906 90.629349 349.734833
v -662.765137 90.630585 349.581177
v -687.540771 90.619629 329.846497
v -662.765137 90.621155 329.846497
v -936.903076 90.643524 349.744995
v -961.669189 90.643524 349.744995
v -961.669189 90.621185 329.846497
v -936.903076 90.621185 329.846497
v -974.669189 107.019638 145.373993
v -974.669189 107.019638 -283.202179
v -923.902832 107.019623 -283.202209
v -874.155518 107.019608 -283.202209
v -750.278687 107.019608 -283.202209
v -700.531372 107.019623 -283.202209
v -649.765137 107.019638 -283.202179
v -649.765137 107.019608 145.373993
v -700.531372 107.019608 145.373993
v -750.278687 107.019608 145.373993
v -755.054810 110.019608 152.673996
v -869.379517 110.019608 152.673996
v -874.155518 107.019608 145.373993
v -923.902832 107.019623 145.373993
v -649.765137 61.602448 145.373993
v -649.765137 61.602489 -283.202179
v -700.531372 61.602470 -283.202209
v -750.278687 61.602448 -283.202209
v -874.155518 61.602448 -283.202209
v -923.902832 61.602470 -283.202209
v -974.669189 61.602489 -283.202179
v -974.669189 61.602489 145.373993
v -923.902832 61.602470 145.373993
v -874.155518 61.602448 145.373993
v -750.278687 61.602448 145.373993
v -700.531372 61.602448 145.373993
v -920.902832 245.494583 152.673920
v -920.902832 197.853928 152.673920
v -920.902832 110.019623 152.673920
v -703.531372 197.853928 152.673920
v -703.531372 245.494583 152.673920
v -703.531372 110.019608 152.673920
v -872.379517 242.494583 152.673950
v -917.902832 242.494583 152.673920
v -917.902832 200.871231 152.673920
v -872.379517 201.133057 152.673950
v -752.054810 201.133057 152.673950
v -706.531372 200.871231 152.673920
v -706.531372 242.494583 152.673920
v -752.054810 242.494583 152.673950
v -706.531372 113.019608 152.673920
v -752.054810 113.019608 152.673996
v -706.531372 194.871140 152.673920
v -752.054810 195.132965 152.673950
v -866.379517 195.150269 152.673950
v -758.054810 195.150269 152.673950
v -866.379517 113.019608 152.673996
v -758.054810 113.019608 152.673996
v -917.902832 194.871140 152.673920
v -917.902832 113.019623 152.673920
v -872.379517 113.019608 152.673996
v -872.379517 195.132965 152.673950
v -874.379517 240.494583 148.765976
v -915.902832 240.494583 148.765961
v -915.902832 202.882767 148.765961
v -874.379517 203.121582 148.765976
v -750.054810 203.121582 148.765976
v -708.531372 202.882767 148.765961
v -708.531372 240.494583 148.765961
v -750.054810 240.494583 148.765976
v -708.531372 115.019608 148.765961
v -750.054810 115.019608 148.765961
v -708.531372 192.882614 148.765961
v -750.054810 193.121429 148.765961
v -864.379517 193.150269 148.765976
v -760.054810 193.150269 148.765976
v -864.379517 115.019608 148.765961
v -760.054810 115.019608 148.765961
v -915.902832 192.882614 148.765961
v -915.902832 115.019623 148.765961
v -874.379517 115.019608 148.765961
v -874.379517 193.121429 148.765961
v -974.669189 338.248260 283.202179
v -1299.642822 338.248260 283.202179
v -974.669189 338.248260 -283.202179
v -1299.642822 338.248260 -283.202179
v -974.669189 0.000111 -283.202179
v -1299.642822 0.000111 -283.202179
v -1299.642822 512.238037 0.000000
v -974.669189 360.083557 294.251099
v -1299.642822 360.083557 294.251099
v -1299.642822 540.861389 0.000000
v -974.669189 540.861389 0.000000
v -974.669189 360.083557 -294.251099
v -1299.642822 360.083557 -294.251099
v -974.669189 289.549988 362.467957
v -1299.642822 289.549988 362.467957
v -1299.642822 311.385315 373.516815
v -974.669189 311.385315 373.516815
v -974.669189 289.549988 -362.467957
v -1299.642822 289.549988 -362.467957
v -974.669189 311.385315 -373.516815
v -1299.642822 311.385315 -373.516815
v -974.669189 338.248260 145.373993
v -974.669189 0.000110 145.373993
v -1299.642822 0.000110 145.373993
v -1299.642822 338.248260 145.373993
v -974.669189 197.853928 145.373993
v -974.669189 197.853928 -283.202179
v -1299.642822 197.853928 -283.202179
v -1299.642822 197.853928 145.373993
v -1137.156006 0.000110 145.373993
v -1137.156006 0.000111 -283.202179
v -1137.156006 197.853928 -283.202179
v -1137.156006 338.248260 -283.202179
v -1137.156006 289.549988 -362.467957
v -1137.156006 311.385315 -373.516815
v -1137.156006 360.083557 -294.251099
v -1137.156006 540.861389 0.000000
v -1137.156006 360.083557 294.251099
v -1137.156006 311.385315 373.516815
v -1137.156006 289.549988 362.467957
v -1137.156006 338.248260 283.202179
v -1137.156006 338.248260 145.373993
v -1064.042725 0.000110 145.373993
v -1064.042725 0.000111 -283.202179
v -1064.042725 197.853928 -283.202179
v -1064.042725 338.248260 -283.202179
v -1064.042725 289.549988 -362.467957
v -1064.042725 311.385315 -373.516815
v -1064.042725 360.083557 -294.251099
v -1064.042725 540.861389 0.000000
v -1064.042725 360.083557 294.251099
v -1064.042725 311.385315 373.516815
v -1064.042725 289.549988 362.467957
v -1064.042725 338.248260 283.202179
v -1064.042725 338.248260 145.373993
v -1064.042725 197.853928 145.373993
v -1210.269287 0.000110 145.373993
v -1210.269287 0.000111 -283.202179
v -1210.269287 197.853928 -283.202179
v -1210.269287 338.248260 -283.202179
v -1210.269287 289.549988 -362.467957
v -1210.269287 311.385315 -373.516815
v -1210.269287 360.083557 -294.251099
v -1210.269287 540.861389 0.000000
v -1210.269287 360.083557 294.251099
v -1210.269287 311.385315 373.516815
v -1210.269287 289.549988 362.467957
v -1210.269287 338.248260 283.202179
v -1210.269287 338.248260 145.373993
v -1210.269287 197.853928 145.373993
v -1299.642822 16.185286 145.373993
v -1299.642822 16.185341 -283.202179
v -1210.269287 16.185286 -283.202209
v -1137.156006 16.185286 -283.202209
v -1064.042725 16.185286 -283.202209
v -974.669189 16.185341 -283.202179
v -974.669189 16.185341 145.373993
v -1064.042725 16.185284 145.373993
v -1210.269287 16.185286 145.373993
v -1299.642822 16.185297 -362.467590
v -1210.269287 16.185219 -362.467590
v -1299.642822 0.000066 -362.467590
v -1210.269287 0.000044 -362.467590
v -1137.156006 16.185198 -362.467590
v -1137.156006 0.000022 -362.467590
v -1064.042725 16.185219 -362.467590
v -1064.042725 0.000044 -362.467590
v -974.669189 16.185297 -362.467590
v -974.669189 0.000066 -362.467590
v -974.669189 0.000110 362.466217
v -1064.042725 0.000110 362.466217
v -1064.042725 16.185286 362.466217
v -974.669189 16.185341 362.466217
v -1137.156006 0.000110 362.466217
v -1137.156006 16.185286 362.466217
v -1210.269287 0.000110 362.466217
v -1210.269287 16.185286 362.466217
v -1299.642822 0.000110 362.466217
v -1299.642822 16.185286 362.466217
v -974.669189 0.000110 316.846619
v -1064.042725 0.000110 316.846619
v -1137.156006 0.000110 316.846619
v -1210.269287 0.000110 316.846619
v -1299.642822 0.000110 316.846619
v -1299.642822 16.185286 316.846619
v -1210.269287 16.185286 316.846619
v -1137.156006 16.185286 316.846619
v -1064.042725 16.185286 316.846619
v -974.669189 16.185341 316.846619
v -1248.865723 197.853928 145.373993
v -1248.865723 16.185286 145.373993
v -1248.865723 16.185286 316.846619
v -1248.865723 16.185286 362.466217
v -1248.865723 0.000110 362.466217
v -1248.865723 0.000110 316.846619
v -1248.865723 0.000110 145.373993
v -1248.865723 0.000111 -283.202179
v -1248.865723 0.000055 -362.467590
v -1248.865723 16.185257 -362.467590
v -1248.865723 16.185314 -283.202209
v -1248.865723 197.853928 -283.202179
v -1248.865723 338.248260 -283.202179
v -1248.865723 289.549988 -362.467957
v -1248.865723 311.385315 -373.516815
v -1248.865723 360.083557 -294.251099
v -1248.865723 540.861389 0.000000
v -1248.865723 360.083557 294.251099
v -1248.865723 311.385315 373.516815
v -1248.865723 289.549988 362.467957
v -1248.865723 338.248260 283.202179
v -1248.865723 338.248260 145.373993
v -1025.446289 338.248260 283.202179
v -1025.446289 338.248260 145.373993
v -1025.446289 197.853928 145.373993
v -1025.446289 16.185314 145.373993
v -1025.446289 16.185314 316.846619
v -1025.446289 16.185314 362.466217
v -1025.446289 0.000110 362.466217
v -1025.446289 0.000110 316.846619
v -1025.446289 0.000110 145.373993
v -1025.446289 0.000111 -283.202179
v -1025.446289 0.000055 -362.467590
v -1025.446289 16.185257 -362.467590
v -1025.446289 16.185314 -283.202209
v -1025.446289 197.853928 -283.202179
v -1025.446289 338.248260 -283.202179
v -1025.446289 289.549988 -362.467957
v -1025.446289 311.385315 -373.516815
v -1025.446289 360.083557 -294.251099
v -1025.446289 540.861389 0.000000
v -1025.446289 360.083557 294.251099
v -1025.446289 311.385315 373.516815
v -1025.446289 289.549988 362.467957
v -1286.639893 309.591522 329.846527
v -1286.639893 297.467163 349.581177
v -1261.877930 297.467133 349.581177
v -1262.117676 309.591553 329.846527
v -1292.641113 16.185286 323.846619
v -1255.867188 16.185286 323.846619
v -1255.720459 16.185286 355.612854
v -1292.641113 16.185286 355.466248
v -1018.444824 16.185318 323.846619
v -1018.444824 16.185318 355.466248
v -981.670654 16.185337 323.846619
v -981.670654 16.185337 355.466248
v -1012.443359 297.366486 349.745026
v -1012.443359 309.591522 329.846497
v -987.671875 297.366455 349.745026
v -987.671875 309.591553 329.846497
v -1069.680664 16.185284 152.674042
v -1137.156006 16.185286 152.674042
v -1137.156006 198.853928 152.673950
v -1069.680664 198.853928 152.673950
v -1204.631348 16.185286 152.674042
v -1204.631348 198.853928 152.673950
v -974.669189 0.000110 152.674042
v -1025.446289 0.000110 152.674042
v -1064.042725 0.000110 152.674042
v -1137.156006 0.000110 152.674042
v -1210.269287 0.000110 152.674042
v -1248.865723 0.000110 152.674042
v -1299.642822 0.000110 152.674042
v -1299.642822 16.185286 152.674042
v -1248.865723 16.185286 152.674042
v -1025.446289 16.185314 152.674042
v -974.669189 16.185341 152.674042
v -974.669189 248.494583 -283.202179
v -1025.446289 248.494583 -283.202179
v -1064.042725 248.494583 -283.202179
v -1137.156006 248.494583 -283.202179
v -1210.269287 248.494583 -283.202179
v -1248.865723 248.494583 -283.202179
v -1299.642822 248.494583 -283.202179
v -1299.642822 248.494583 145.373993
v -1248.865723 248.494583 145.373993
v -1210.269287 248.494583 145.373993
v -1137.156006 248.494583 145.373993
v -1064.042725 248.494583 145.373993
v -1025.446289 248.494583 145.373993
v -974.669189 248.494583 145.373993
v -1077.516846 203.962280 145.373993
v -1137.156006 203.962280 145.373993
v -1137.156006 242.386230 145.373993
v -1077.516846 242.386230 145.373993
v -1196.795166 203.962280 145.373993
v -1196.795166 242.386230 145.373993
v -1137.156006 201.713577 152.673950
v -1074.985596 201.713577 152.673950
v -1137.156006 247.494583 152.673950
v -1069.680664 247.494583 152.673950
v -1074.985596 244.634933 152.673950
v -1137.156006 244.634933 152.673950
v -1199.326416 201.713577 152.673950
v -1204.631348 247.494583 152.673950
v -1199.326416 244.634933 152.673950
v -1292.641113 87.411179 355.466248
v -1292.641113 87.411224 323.846497
v -1255.867188 87.411224 323.846497
v -1255.759766 87.411118 355.852234
v -1018.444824 87.411133 355.744965
v -981.670654 87.411133 355.744965
v -981.670654 87.411255 323.846497
v -1018.444824 87.411255 323.846497
v -1261.770996 90.629349 349.734863
v -1286.640137 90.630585 349.581177
v -1261.859131 90.619629 329.846497
v -1286.639893 90.621155 329.846497
v -1012.443359 90.643524 349.744995
v -987.671875 90.643524 349.744995
v -987.671875 90.621185 329.846497
v -1012.443359 90.621185 329.846497
v -974.669189 107.019638 145.373993
v -974.669189 107.019638 -283.202179
v -1025.446289 107.019623 -283.202209
v -1064.042725 107.019608 -283.202209
v -1137.156006 107.019608 -283.202209
v -1210.269287 107.019608 -283.202209
v -1248.865723 107.019623 -283.202209
v -1299.642822 107.019638 -283.202179
v -1299.642822 107.019608 145.373993
v -1248.865723 107.019608 145.373993
v -1210.269287 107.019608 145.373993
v -1204.631348 107.519608 152.673996
v -1137.156006 107.519608 152.673996
v -1069.680420 107.519608 152.673996
v -1064.042725 107.019608 145.373993
v -1025.446289 107.019623 145.373993
v -1299.642822 61.602448 145.373993
v -1299.642822 61.602489 -283.202179
v -1248.865723 61.602470 -283.202209
v -1210.269287 61.602448 -283.202209
v -1137.156006 61.602448 -283.202209
v -1064.042725 61.602448 -283.202209
v -1025.446289 61.602470 -283.202209
v -974.669189 61.602489 -283.202179
v -974.669189 61.602489 145.373993
v -1025.446289 61.602470 145.373993
v -1064.042725 61.602448 145.373993
v -1069.680664 61.852448 152.674011
v -1137.156006 61.852448 152.674011
v -1204.631348 61.852448 152.674011
v -1210.269287 61.602448 145.373993
v -1248.865723 61.602448 145.373993
v -1377.411377 338.248260 283.202179
v -1377.411377 512.238037 0.000000
v -1377.411377 540.861389 0.000000
v -1377.411377 360.083557 294.251099
v -1377.411377 338.248260 -283.202179
v -1377.411377 360.083557 -294.251099
v -1377.411377 311.385315 373.516815
v -1377.411377 289.549988 362.467957
v -1377.411377 289.549988 -362.467957
v -1377.411377 311.385315 -373.516815
vt 0.127906 0.800513
vt 0.127876 0.803121
vt 0.125740 0.963074
vt 0.126187 0.936977
vt 0.128242 0.771644
vt 0.133538 0.928472
vt 0.133512 0.930024
vt 0.126312 0.929936
vt 0.126339 0.928389
vt 0.087504 0.920700
vt 0.089682 0.745105
vt 0.135358 0.778755
vt 0.135340 0.780297
vt 0.128142 0.780212
vt 0.128160 0.778670
vt 0.089376 0.771188
vt 0.087394 0.927755
vt 0.128060 0.787239
vt 0.089293 0.778214
vt 0.087886 0.893037
vt 0.087863 0.895712
vt 0.089034 0.800056
vt 0.134888 0.819639
vt 0.134485 0.854499
vt 0.127287 0.854406
vt 0.127688 0.819551
vt 0.087758 0.901121
vt 0.128000 0.792391
vt 0.127967 0.795299
vt 0.126569 0.904795
vt 0.126805 0.901609
vt 0.126455 0.921342
vt 0.126572 0.910038
vt 0.103059 0.819257
vt 0.102637 0.854104
vt 0.095577 0.854026
vt 0.096003 0.819175
vt 0.096232 0.800140
vt 0.103286 0.800223
vt 0.103255 0.802830
vt 0.096201 0.802747
vt 0.096328 0.792019
vt 0.103382 0.792102
vt 0.103348 0.795009
vt 0.096294 0.794926
vt 0.103525 0.779923
vt 0.103443 0.786950
vt 0.096389 0.786867
vt 0.096472 0.779841
vt 0.103544 0.778381
vt 0.096490 0.778298
vt 0.103626 0.771355
vt 0.096573 0.771272
vt 0.103932 0.745272
vt 0.094029 0.962541
vt 0.101526 0.936598
vt 0.094465 0.936469
vt 0.101633 0.929585
vt 0.094570 0.929441
vt 0.101656 0.928047
vt 0.094593 0.927897
vt 0.101758 0.921049
vt 0.094694 0.920858
vt 0.101946 0.909928
vt 0.094879 0.909597
vt 0.101985 0.903774
vt 0.096389 0.903484
vt 0.096394 0.901579
vt 0.102062 0.901711
vt 0.120632 0.819466
vt 0.120227 0.854313
vt 0.120852 0.800430
vt 0.120822 0.803037
vt 0.120947 0.792308
vt 0.120913 0.795215
vt 0.121089 0.780130
vt 0.121007 0.787156
vt 0.121107 0.778587
vt 0.121189 0.771561
vt 0.118680 0.962962
vt 0.119124 0.936878
vt 0.119242 0.929860
vt 0.119267 0.928322
vt 0.119374 0.921318
vt 0.119507 0.910186
vt 0.117795 0.901935
vt 0.117772 0.904005
vt 0.103819 0.903809
vt 0.103887 0.901741
vt 0.102211 0.895335
vt 0.095095 0.895635
vt 0.095090 0.892985
vt 0.102202 0.892772
vt 0.126695 0.896066
vt 0.126790 0.893405
vt 0.127762 0.813104
vt 0.127772 0.812175
vt 0.134961 0.813190
vt 0.120717 0.812091
vt 0.120707 0.813020
vt 0.103136 0.812812
vt 0.103147 0.811882
vt 0.096081 0.812729
vt 0.096092 0.811800
vt 0.088802 0.819092
vt 0.088379 0.853949
vt 0.087912 0.890369
vt 0.095325 0.872620
vt 0.095338 0.871689
vt 0.102406 0.871731
vt 0.102394 0.872657
vt 0.120033 0.871946
vt 0.120022 0.872872
vt 0.127091 0.873014
vt 0.127100 0.872082
vt 0.134303 0.872209
vt 0.134294 0.873145
vt 0.127846 0.805728
vt 0.103224 0.805437
vt 0.120792 0.805644
vt 0.096170 0.805354
vt 0.088893 0.811717
vt 0.088882 0.812646
vt 0.095389 0.867974
vt 0.102456 0.868031
vt 0.102345 0.876354
vt 0.095274 0.876335
vt 0.088071 0.876309
vt 0.088187 0.867914
vt 0.088137 0.871637
vt 0.088123 0.872571
vt 0.120073 0.868246
vt 0.119979 0.876568
vt 0.127140 0.868364
vt 0.134342 0.868480
vt 0.095569 0.854620
vt 0.102629 0.854697
vt 0.120221 0.854906
vt 0.127281 0.855000
vt 0.134479 0.855095
vt 0.126865 0.890156
vt 0.127050 0.876734
vt 0.119769 0.889858
vt 0.102205 0.889617
vt 0.095109 0.889742
vt 0.088371 0.854544
vt 0.119692 0.893008
vt 0.119616 0.895565
vt 0.119621 0.901942
vt 0.125280 0.901988
vt 0.125203 0.903899
vt 0.119610 0.904012
vt 0.094867 0.901174
vt 0.095010 0.904346
vt 0.247890 0.731731
vt 0.249792 0.732424
vt 0.243986 0.732316
vt 0.253812 0.732221
vt 0.235411 0.715934
vt 0.248933 0.709958
vt 0.237870 0.713504
vt 0.244856 0.710211
vt 0.241761 0.717862
vt 0.246194 0.716021
vt 0.253012 0.717684
vt 0.248589 0.716101
vt 0.259561 0.715511
vt 0.276632 0.709804
vt 0.265113 0.711233
vt 0.268846 0.709769
vt 0.277026 0.730708
vt 0.279223 0.731443
vt 0.272900 0.730989
vt 0.271259 0.732197
vt 0.262699 0.719625
vt 0.275541 0.715052
vt 0.267758 0.715383
vt 0.269704 0.714850
vt 0.126853 0.890757
vt 0.119754 0.890443
vt 0.102205 0.890202
vt 0.095104 0.890343
vt 0.119509 0.905109
vt 0.102074 0.904865
vt 0.103504 0.901427
vt 0.102866 0.901263
vt 0.118813 0.901480
vt 0.118170 0.901626
vt 0.102775 0.904274
vt 0.103435 0.904113
vt 0.118825 0.904499
vt 0.118167 0.904319
vt 0.248427 0.715135
vt 0.246397 0.715139
vt 0.238827 0.719399
vt 0.240769 0.717427
vt 0.270128 0.715679
vt 0.274768 0.715734
vt 0.267813 0.716398
vt 0.276835 0.716421
vt 0.119700 0.896651
vt 0.125304 0.896929
vt 0.125281 0.901123
vt 0.119609 0.901032
vt 0.118026 0.901003
vt 0.103656 0.900803
vt 0.103695 0.896422
vt 0.118112 0.896618
vt 0.096394 0.900716
vt 0.096483 0.896528
vt 0.102110 0.896423
vt 0.102068 0.900802
vt 0.118914 0.896159
vt 0.102895 0.895947
vt 0.095619 0.903881
vt 0.095590 0.901143
vt 0.095703 0.896111
vt 0.125975 0.904310
vt 0.126082 0.901564
vt 0.126078 0.896525
vt 0.096038 0.903745
vt 0.102349 0.904081
vt 0.096020 0.901306
vt 0.102426 0.901424
vt 0.125641 0.901715
vt 0.119246 0.901653
vt 0.125565 0.904162
vt 0.119256 0.904318
vt 0.125663 0.896669
vt 0.119334 0.896353
vt 0.125660 0.901395
vt 0.119241 0.901314
vt 0.103294 0.901100
vt 0.118393 0.901305
vt 0.103321 0.896121
vt 0.118481 0.896322
vt 0.096114 0.896266
vt 0.096023 0.900987
vt 0.102470 0.896128
vt 0.102444 0.901086
vt 0.089282 0.924889
vt 0.092792 0.924962
vt 0.089255 0.926659
vt 0.092766 0.926730
vt 0.089108 0.873151
vt 0.094324 0.873184
vt 0.089072 0.875740
vt 0.094289 0.875761
vt 0.133268 0.876296
vt 0.133295 0.873701
vt 0.128057 0.873591
vt 0.128049 0.876184
vt 0.128267 0.925505
vt 0.131742 0.925534
vt 0.128203 0.927262
vt 0.131714 0.927299
vt 0.242106 0.733625
vt 0.240026 0.719179
vt 0.254209 0.717507
vt 0.256258 0.712279
vt 0.264028 0.719284
vt 0.267318 0.733133
vt 0.278057 0.716093
vt 0.279833 0.711272
vt 0.089003 0.802663
vt 0.088972 0.805271
vt 0.087770 0.904161
vt 0.089131 0.791935
vt 0.089096 0.794842
vt 0.087920 0.889763
vt 0.087702 0.909381
vt 0.089275 0.779756
vt 0.089192 0.786783
vt 0.087371 0.929301
vt 0.087265 0.936336
vt 0.135074 0.803206
vt 0.135044 0.805813
vt 0.133970 0.893662
vt 0.133917 0.896320
vt 0.133880 0.901737
vt 0.135104 0.800598
vt 0.133816 0.904752
vt 0.133764 0.910012
vt 0.135198 0.792476
vt 0.135164 0.795383
vt 0.134044 0.890390
vt 0.134256 0.876891
vt 0.134033 0.890997
vt 0.134971 0.812261
vt 0.135440 0.771728
vt 0.135258 0.787323
vt 0.133387 0.937082
vt 0.133653 0.921373
vt 0.132940 0.963189
vt 0.096879 0.745189
vt 0.101088 0.962665
vt 0.128548 0.745560
vt 0.135745 0.745645
vt 0.121495 0.745478
vt 0.086830 0.962413
vt 0.235894 0.799309
vt 0.243557 0.798795
vt 0.243616 0.801282
vt 0.236105 0.801964
vt 0.244492 0.942816
vt 0.244999 0.969004
vt 0.237651 0.968480
vt 0.236896 0.941915
vt 0.274420 0.859369
vt 0.269152 0.851842
vt 0.274585 0.835849
vt 0.240794 0.738464
vt 0.245001 0.766988
vt 0.237551 0.768365
vt 0.233635 0.740248
vt 0.245034 0.934301
vt 0.244909 0.935903
vt 0.237351 0.934873
vt 0.237658 0.933355
vt 0.068453 0.901091
vt 0.067648 0.879882
vt 0.068716 0.880133
vt 0.070008 0.901094
vt 0.245163 0.775445
vt 0.245071 0.777260
vt 0.237435 0.777867
vt 0.237540 0.776169
vt 0.064634 0.853721
vt 0.066167 0.853241
vt 0.069007 0.880184
vt 0.071301 0.908745
vt 0.069729 0.908372
vt 0.244602 0.785109
vt 0.236975 0.785496
vt 0.064998 0.846771
vt 0.066618 0.846797
vt 0.243836 0.818310
vt 0.246856 0.855935
vt 0.238493 0.855860
vt 0.236890 0.819285
vt 0.249608 0.817749
vt 0.253968 0.854999
vt 0.250962 0.855493
vt 0.247142 0.817907
vt 0.236356 0.790910
vt 0.244082 0.790502
vt 0.244053 0.793519
vt 0.236626 0.793911
vt 0.257305 0.816968
vt 0.263261 0.853328
vt 0.259940 0.853978
vt 0.254557 0.817270
vt 0.245688 0.908622
vt 0.238054 0.908243
vt 0.237793 0.905185
vt 0.245559 0.905562
vt 0.245959 0.914210
vt 0.245951 0.926533
vt 0.238197 0.926033
vt 0.238414 0.913905
vt 0.220755 0.819970
vt 0.220300 0.855845
vt 0.208480 0.855798
vt 0.209995 0.819859
vt 0.208680 0.799658
vt 0.219416 0.799852
vt 0.219774 0.802604
vt 0.209032 0.802436
vt 0.208752 0.791111
vt 0.219614 0.791359
vt 0.220116 0.794380
vt 0.209218 0.794166
vt 0.220577 0.778682
vt 0.220148 0.785978
vt 0.209180 0.785708
vt 0.209524 0.778425
vt 0.220724 0.777089
vt 0.209699 0.776859
vt 0.220947 0.769814
vt 0.209967 0.769702
vt 0.218503 0.742504
vt 0.208585 0.742944
vt 0.220080 0.941353
vt 0.222439 0.968631
vt 0.212677 0.969916
vt 0.209158 0.942033
vt 0.220355 0.934128
vt 0.209186 0.934465
vt 0.220514 0.932557
vt 0.209283 0.932826
vt 0.220959 0.925407
vt 0.209626 0.925430
vt 0.221770 0.913996
vt 0.210566 0.913691
vt 0.213333 0.905020
vt 0.221466 0.904780
vt 0.221397 0.907261
vt 0.213375 0.907046
vt 0.202240 0.855941
vt 0.204384 0.819558
vt 0.203033 0.799438
vt 0.203370 0.802259
vt 0.203030 0.790809
vt 0.203407 0.793899
vt 0.203405 0.785348
vt 0.203732 0.778028
vt 0.203895 0.776469
vt 0.204182 0.769402
vt 0.203180 0.742791
vt 0.207415 0.970958
vt 0.203452 0.942813
vt 0.203421 0.934995
vt 0.203468 0.933285
vt 0.203631 0.925582
vt 0.204769 0.913710
vt 0.210928 0.908056
vt 0.205206 0.908259
vt 0.204938 0.905275
vt 0.210820 0.904666
vt 0.231411 0.819846
vt 0.232168 0.855886
vt 0.230168 0.799626
vt 0.230474 0.802348
vt 0.230539 0.791140
vt 0.230941 0.794159
vt 0.231623 0.778289
vt 0.231162 0.785739
vt 0.231755 0.776649
vt 0.231844 0.769110
vt 0.228348 0.741259
vt 0.231104 0.941540
vt 0.232279 0.968234
vt 0.231548 0.934423
vt 0.231793 0.932871
vt 0.232298 0.925664
vt 0.232702 0.913694
vt 0.229606 0.905196
vt 0.229500 0.907233
vt 0.210413 0.899135
vt 0.204803 0.899856
vt 0.204393 0.897165
vt 0.210055 0.896475
vt 0.211074 0.896322
vt 0.221285 0.895679
vt 0.221508 0.898396
vt 0.211434 0.899080
vt 0.231444 0.896178
vt 0.231443 0.899018
vt 0.245702 0.900047
vt 0.238156 0.899637
vt 0.238154 0.896834
vt 0.245707 0.897264
vt 0.244677 0.818008
vt 0.247949 0.855971
vt 0.236624 0.812420
vt 0.236573 0.811435
vt 0.243875 0.810483
vt 0.243860 0.811452
vt 0.220306 0.812218
vt 0.230992 0.811923
vt 0.231105 0.812903
vt 0.220391 0.813195
vt 0.209619 0.812106
vt 0.209616 0.813091
vt 0.204019 0.812793
vt 0.203978 0.811815
vt 0.203555 0.875775
vt 0.203678 0.874798
vt 0.209503 0.874505
vt 0.209465 0.875499
vt 0.220778 0.874287
vt 0.220860 0.875249
vt 0.232162 0.874229
vt 0.232291 0.875188
vt 0.238345 0.875408
vt 0.238151 0.874441
vt 0.245800 0.874556
vt 0.245843 0.875577
vt 0.236346 0.804647
vt 0.243799 0.803863
vt 0.244797 0.811468
vt 0.220039 0.805382
vt 0.230731 0.805091
vt 0.209422 0.805193
vt 0.203734 0.805027
vt 0.203644 0.870886
vt 0.209421 0.870473
vt 0.209779 0.879362
vt 0.203792 0.879658
vt 0.220586 0.870396
vt 0.221136 0.879085
vt 0.231924 0.870367
vt 0.232347 0.879141
vt 0.237856 0.870550
vt 0.245462 0.870623
vt 0.246422 0.870772
vt 0.246788 0.874404
vt 0.202382 0.856534
vt 0.208602 0.856405
vt 0.220378 0.856448
vt 0.232233 0.856483
vt 0.238536 0.856455
vt 0.246750 0.856609
vt 0.247721 0.856804
vt 0.245692 0.893878
vt 0.238095 0.893399
vt 0.238170 0.879159
vt 0.245872 0.879738
vt 0.231428 0.893280
vt 0.220961 0.893008
vt 0.210664 0.893480
vt 0.204105 0.893737
vt 0.232471 0.896356
vt 0.232467 0.899101
vt 0.232094 0.904765
vt 0.232020 0.908259
vt 0.195771 0.925476
vt 0.197142 0.913561
vt 0.197389 0.905719
vt 0.197452 0.908582
vt 0.196918 0.897936
vt 0.197177 0.900588
vt 0.196596 0.894546
vt 0.196263 0.880390
vt 0.196039 0.875328
vt 0.196069 0.876339
vt 0.196096 0.871336
vt 0.194254 0.856900
vt 0.194090 0.856189
vt 0.197204 0.818916
vt 0.196675 0.812335
vt 0.196586 0.811379
vt 0.196093 0.804748
vt 0.195609 0.799035
vt 0.195815 0.801953
vt 0.195584 0.790058
vt 0.195671 0.793269
vt 0.195831 0.784433
vt 0.196204 0.777141
vt 0.196299 0.775575
vt 0.196574 0.768656
vt 0.195806 0.742412
vt 0.200272 0.972773
vt 0.196014 0.944238
vt 0.195762 0.935733
vt 0.195825 0.933898
vt 0.243136 0.932822
vt 0.243303 0.930931
vt 0.239646 0.932386
vt 0.239803 0.930563
vt 0.242042 0.928861
vt 0.239274 0.878665
vt 0.244733 0.879054
vt 0.239421 0.876076
vt 0.238621 0.877961
vt 0.244756 0.876188
vt 0.227993 0.731082
vt 0.224479 0.732881
vt 0.217764 0.719891
vt 0.221379 0.716733
vt 0.223114 0.734722
vt 0.216539 0.721692
vt 0.233762 0.729661
vt 0.230017 0.731134
vt 0.223674 0.716045
vt 0.228371 0.716135
vt 0.202711 0.879164
vt 0.202513 0.876462
vt 0.197375 0.879704
vt 0.202270 0.879708
vt 0.197212 0.876863
vt 0.201507 0.932211
vt 0.201629 0.930286
vt 0.198001 0.932426
vt 0.197434 0.930022
vt 0.199936 0.929174
vt 0.202269 0.710743
vt 0.205723 0.711439
vt 0.205102 0.716537
vt 0.202414 0.716100
vt 0.186974 0.720250
vt 0.191384 0.714798
vt 0.194918 0.718222
vt 0.190981 0.723524
vt 0.194680 0.712508
vt 0.196688 0.717252
vt 0.245693 0.894503
vt 0.238142 0.894039
vt 0.232489 0.893790
vt 0.209619 0.894014
vt 0.204088 0.894385
vt 0.196649 0.895181
vt 0.262096 0.816498
vt 0.221240 0.908766
vt 0.211871 0.904498
vt 0.221605 0.903931
vt 0.221573 0.904107
vt 0.212730 0.904576
vt 0.221287 0.908122
vt 0.211951 0.907587
vt 0.212775 0.907494
vt 0.221306 0.907943
vt 0.231067 0.904709
vt 0.230226 0.904774
vt 0.230914 0.907818
vt 0.230072 0.907708
vt 0.223213 0.715181
vt 0.221289 0.715833
vt 0.218257 0.711653
vt 0.222041 0.710113
vt 0.229449 0.715585
vt 0.229723 0.709977
vt 0.216685 0.719795
vt 0.215473 0.722282
vt 0.211130 0.720088
vt 0.212686 0.717001
vt 0.197292 0.717962
vt 0.201818 0.716942
vt 0.207487 0.730981
vt 0.203539 0.732212
vt 0.195206 0.719198
vt 0.202224 0.733768
vt 0.192195 0.722883
vt 0.198609 0.735594
vt 0.203987 0.717135
vt 0.209795 0.731187
vt 0.057209 0.903111
vt 0.055960 0.880544
vt 0.062121 0.945906
vt 0.059825 0.918855
vt 0.071261 0.917507
vt 0.073679 0.944967
vt 0.053252 0.854489
vt 0.053770 0.837127
vt 0.057069 0.809852
vt 0.068545 0.811176
vt 0.065318 0.838227
vt 0.058677 0.911811
vt 0.070016 0.910006
vt 0.058405 0.910258
vt 0.053261 0.846536
vt 0.053338 0.844840
vt 0.064959 0.845232
vt 0.180636 0.797351
vt 0.187918 0.796862
vt 0.187974 0.799226
vt 0.180836 0.799874
vt 0.188806 0.933732
vt 0.189289 0.958621
vt 0.182306 0.958123
vt 0.181587 0.932876
vt 0.185292 0.739527
vt 0.189290 0.766635
vt 0.182210 0.767944
vt 0.178489 0.741223
vt 0.189322 0.925640
vt 0.189203 0.927163
vt 0.182020 0.926184
vt 0.182312 0.924742
vt 0.189445 0.774672
vt 0.189357 0.776397
vt 0.182101 0.776973
vt 0.182200 0.775361
vt 0.188911 0.783857
vt 0.181663 0.784224
vt 0.188183 0.815409
vt 0.191054 0.851166
vt 0.183105 0.851094
vt 0.181582 0.816336
vt 0.181075 0.789370
vt 0.188417 0.788981
vt 0.188389 0.791849
vt 0.181331 0.792222
vt 0.189944 0.901237
vt 0.182689 0.900876
vt 0.182440 0.897970
vt 0.189820 0.898328
vt 0.190200 0.906547
vt 0.190194 0.918258
vt 0.182824 0.917783
vt 0.183030 0.906257
vt 0.166248 0.816986
vt 0.165816 0.851080
vt 0.154583 0.851035
vt 0.156022 0.816881
vt 0.154773 0.797683
vt 0.164976 0.797867
vt 0.165316 0.800482
vt 0.155107 0.800323
vt 0.154841 0.789561
vt 0.165164 0.789796
vt 0.165641 0.792667
vt 0.155284 0.792463
vt 0.166079 0.777749
vt 0.165671 0.784683
vt 0.155248 0.784426
vt 0.155575 0.777504
vt 0.166219 0.776234
vt 0.155741 0.776016
vt 0.166431 0.769321
vt 0.155996 0.769215
vt 0.164108 0.743367
vt 0.154682 0.743785
vt 0.165607 0.932342
vt 0.167849 0.958266
vt 0.158572 0.959487
vt 0.155227 0.932989
vt 0.165868 0.925476
vt 0.155254 0.925796
vt 0.166019 0.923983
vt 0.155346 0.924238
vt 0.166442 0.917188
vt 0.155672 0.917210
vt 0.167213 0.906344
vt 0.156565 0.906054
vt 0.159194 0.897813
vt 0.166924 0.897586
vt 0.166859 0.899943
vt 0.159235 0.899738
vt 0.148652 0.851171
vt 0.150690 0.816595
vt 0.149407 0.797474
vt 0.149726 0.800155
vt 0.149404 0.789274
vt 0.149761 0.792210
vt 0.149760 0.784084
vt 0.150070 0.777127
vt 0.150225 0.775645
vt 0.150498 0.768929
vt 0.149545 0.743640
vt 0.153571 0.960477
vt 0.149805 0.933730
vt 0.149775 0.926300
vt 0.149820 0.924675
vt 0.149975 0.917354
vt 0.151056 0.906072
vt 0.156909 0.900698
vt 0.151472 0.900891
vt 0.151217 0.898056
vt 0.156806 0.897477
vt 0.176376 0.816868
vt 0.177095 0.851119
vt 0.175194 0.797652
vt 0.175485 0.800240
vt 0.175547 0.789588
vt 0.175928 0.792457
vt 0.176576 0.777376
vt 0.176138 0.784455
vt 0.176702 0.775817
vt 0.176786 0.768652
vt 0.173464 0.742183
vt 0.176083 0.932521
vt 0.177200 0.957889
vt 0.176505 0.925757
vt 0.176738 0.924282
vt 0.177218 0.917433
vt 0.177602 0.906057
vt 0.174660 0.897981
vt 0.174559 0.899917
vt 0.156419 0.892220
vt 0.151088 0.892906
vt 0.150699 0.890348
vt 0.156080 0.889693
vt 0.157048 0.889547
vt 0.166752 0.888936
vt 0.166964 0.891518
vt 0.157391 0.892168
vt 0.176407 0.889410
vt 0.176405 0.892110
vt 0.189957 0.893087
vt 0.182785 0.892698
vt 0.182784 0.890034
vt 0.189961 0.890442
vt 0.181329 0.809811
vt 0.181281 0.808875
vt 0.188220 0.807971
vt 0.188206 0.808891
vt 0.165822 0.809619
vt 0.175977 0.809339
vt 0.176085 0.810271
vt 0.165902 0.810547
vt 0.155666 0.809513
vt 0.155662 0.810449
vt 0.150343 0.810166
vt 0.150304 0.809236
vt 0.149903 0.870020
vt 0.150019 0.869092
vt 0.155555 0.868813
vt 0.155519 0.869758
vt 0.166270 0.868606
vt 0.166348 0.869521
vt 0.177089 0.868552
vt 0.177212 0.869462
vt 0.182965 0.869672
vt 0.182780 0.868753
vt 0.190049 0.868862
vt 0.190091 0.869833
vt 0.181065 0.802424
vt 0.188148 0.801679
vt 0.165568 0.803123
vt 0.175729 0.802846
vt 0.155478 0.802944
vt 0.150072 0.802785
vt 0.149987 0.865374
vt 0.155477 0.864982
vt 0.155817 0.873429
vt 0.150127 0.873711
vt 0.166087 0.864909
vt 0.166610 0.873167
vt 0.176863 0.864881
vt 0.177265 0.873219
vt 0.182500 0.865055
vt 0.189728 0.865125
vt 0.148788 0.851735
vt 0.154699 0.851613
vt 0.165890 0.851653
vt 0.177156 0.851687
vt 0.183146 0.851659
vt 0.190953 0.851806
vt 0.189947 0.887224
vt 0.182727 0.886770
vt 0.182798 0.873237
vt 0.190118 0.873786
vt 0.176392 0.886656
vt 0.166444 0.886397
vt 0.156658 0.886847
vt 0.150425 0.887091
vt 0.177383 0.889579
vt 0.177379 0.892188
vt 0.177025 0.897571
vt 0.176953 0.900891
vt 0.142505 0.917254
vt 0.143807 0.905930
vt 0.144042 0.898478
vt 0.144102 0.901199
vt 0.143595 0.891081
vt 0.143841 0.893601
vt 0.143289 0.887859
vt 0.142972 0.874407
vt 0.142760 0.869596
vt 0.142788 0.870557
vt 0.142813 0.865802
vt 0.141064 0.852083
vt 0.140907 0.851407
vt 0.143867 0.815984
vt 0.143364 0.809731
vt 0.143279 0.808822
vt 0.142811 0.802520
vt 0.142351 0.797091
vt 0.142547 0.799864
vt 0.142327 0.788560
vt 0.142410 0.791612
vt 0.142562 0.783214
vt 0.142916 0.776284
vt 0.143007 0.774795
vt 0.143268 0.768221
vt 0.142538 0.743279
vt 0.146782 0.962202
vt 0.142736 0.935085
vt 0.142496 0.927001
vt 0.142556 0.925257
vt 0.187518 0.924234
vt 0.187676 0.922437
vt 0.184201 0.923820
vt 0.184350 0.922088
vt 0.186478 0.920471
vt 0.183847 0.872766
vt 0.189036 0.873137
vt 0.183988 0.870306
vt 0.183228 0.872098
vt 0.189057 0.870413
vt 0.227993 0.731082
vt 0.224479 0.732881
vt 0.217764 0.719891
vt 0.221379 0.716733
vt 0.223114 0.734722
vt 0.216539 0.721692
vt 0.233762 0.729661
vt 0.230017 0.731134
vt 0.223674 0.716045
vt 0.228371 0.716135
vt 0.149100 0.873241
vt 0.148912 0.870673
vt 0.144029 0.873754
vt 0.148682 0.873758
vt 0.143875 0.871055
vt 0.147956 0.923654
vt 0.148072 0.921825
vt 0.144624 0.923859
vt 0.144085 0.921574
vt 0.146463 0.920768
vt 0.202269 0.710743
vt 0.205723 0.711439
vt 0.205102 0.716537
vt 0.202414 0.716100
vt 0.186974 0.720250
vt 0.191384 0.714798
vt 0.194918 0.718222
vt 0.190981 0.723524
vt 0.194680 0.712508
vt 0.196688 0.717252
vt 0.189948 0.887818
vt 0.182772 0.887377
vt 0.177399 0.887141
vt 0.155665 0.887353
vt 0.150409 0.887706
vt 0.143339 0.888463
vt 0.166709 0.901374
vt 0.157806 0.897317
vt 0.167056 0.896779
vt 0.167026 0.896946
vt 0.158622 0.897391
vt 0.166754 0.900761
vt 0.157881 0.900253
vt 0.158664 0.900165
vt 0.166772 0.900591
vt 0.176049 0.897518
vt 0.175249 0.897579
vt 0.175903 0.900472
vt 0.175102 0.900368
vt 0.223213 0.715181
vt 0.221289 0.715833
vt 0.218257 0.711653
vt 0.222041 0.710113
vt 0.229449 0.715585
vt 0.229723 0.709977
vt 0.216685 0.719795
vt 0.215473 0.722282
vt 0.211130 0.720088
vt 0.212686 0.717001
vt 0.197292 0.717962
vt 0.201818 0.716942
vt 0.207487 0.730981
vt 0.203539 0.732212
vt 0.195206 0.719198
vt 0.202224 0.733768
vt 0.192195 0.722883
vt 0.198609 0.735594
vt 0.203987 0.717135
vt 0.209795 0.731187
vt 0.127906 0.800513
vt 0.135104 0.800598
vt 0.135074 0.803206
vt 0.127876 0.803121
vt 0.133387 0.937082
vt 0.132940 0.963189
vt 0.125740 0.963074
vt 0.126187 0.936977
vt 0.135745 0.745645
vt 0.135440 0.771728
vt 0.128242 0.771644
vt 0.128548 0.745560
vt 0.133538 0.928472
vt 0.133512 0.930024
vt 0.126312 0.929936
vt 0.126339 0.928389
vt 0.135358 0.778755
vt 0.135340 0.780297
vt 0.128142 0.780212
vt 0.128160 0.778670
vt 0.135258 0.787323
vt 0.128060 0.787239
vt 0.134888 0.819639
vt 0.134485 0.854499
vt 0.127287 0.854406
vt 0.127688 0.819551
vt 0.128000 0.792391
vt 0.135198 0.792476
vt 0.135164 0.795383
vt 0.127967 0.795299
vt 0.133816 0.904752
vt 0.126569 0.904795
vt 0.126805 0.901609
vt 0.133880 0.901737
vt 0.133764 0.910012
vt 0.133653 0.921373
vt 0.126455 0.921342
vt 0.126572 0.910038
vt 0.103059 0.819257
vt 0.102637 0.854104
vt 0.095577 0.854026
vt 0.096003 0.819175
vt 0.096232 0.800140
vt 0.103286 0.800223
vt 0.103255 0.802830
vt 0.096201 0.802747
vt 0.096328 0.792019
vt 0.103382 0.792102
vt 0.103348 0.795009
vt 0.096294 0.794926
vt 0.103525 0.779923
vt 0.103443 0.786950
vt 0.096389 0.786867
vt 0.096472 0.779841
vt 0.103544 0.778381
vt 0.096490 0.778298
vt 0.103626 0.771355
vt 0.096573 0.771272
vt 0.103932 0.745272
vt 0.096879 0.745189
vt 0.101526 0.936598
vt 0.101088 0.962665
vt 0.094029 0.962541
vt 0.094465 0.936469
vt 0.101633 0.929585
vt 0.094570 0.929441
vt 0.101656 0.928047
vt 0.094593 0.927897
vt 0.101758 0.921049
vt 0.094694 0.920858
vt 0.101946 0.909928
vt 0.094879 0.909597
vt 0.101985 0.903774
vt 0.096389 0.903484
vt 0.096394 0.901579
vt 0.102062 0.901711
vt 0.120632 0.819466
vt 0.120227 0.854313
vt 0.120852 0.800430
vt 0.120822 0.803037
vt 0.120947 0.792308
vt 0.120913 0.795215
vt 0.121089 0.780130
vt 0.121007 0.787156
vt 0.121107 0.778587
vt 0.121189 0.771561
vt 0.121495 0.745478
vt 0.119124 0.936878
vt 0.118680 0.962962
vt 0.119242 0.929860
vt 0.119267 0.928322
vt 0.119374 0.921318
vt 0.119507 0.910186
vt 0.117795 0.901935
vt 0.117772 0.904005
vt 0.103819 0.903809
vt 0.103887 0.901741
vt 0.102211 0.895335
vt 0.095095 0.895635
vt 0.095090 0.892985
vt 0.102202 0.892772
vt 0.133917 0.896320
vt 0.126695 0.896066
vt 0.126790 0.893405
vt 0.133970 0.893662
vt 0.127762 0.813104
vt 0.127772 0.812175
vt 0.134971 0.812261
vt 0.134961 0.813190
vt 0.120717 0.812091
vt 0.120707 0.813020
vt 0.103136 0.812812
vt 0.103147 0.811882
vt 0.096081 0.812729
vt 0.096092 0.811800
vt 0.095325 0.872620
vt 0.095338 0.871689
vt 0.102406 0.871731
vt 0.102394 0.872657
vt 0.120033 0.871946
vt 0.120022 0.872872
vt 0.127091 0.873014
vt 0.127100 0.872082
vt 0.134303 0.872209
vt 0.134294 0.873145
vt 0.127846 0.805728
vt 0.135044 0.805813
vt 0.103224 0.805437
vt 0.120792 0.805644
vt 0.096170 0.805354
vt 0.095389 0.867974
vt 0.102456 0.868031
vt 0.102345 0.876354
vt 0.095274 0.876335
vt 0.120073 0.868246
vt 0.119979 0.876568
vt 0.127140 0.868364
vt 0.134342 0.868480
vt 0.095569 0.854620
vt 0.102629 0.854697
vt 0.120221 0.854906
vt 0.127281 0.855000
vt 0.134479 0.855095
vt 0.134044 0.890390
vt 0.126865 0.890156
vt 0.127050 0.876734
vt 0.134256 0.876891
vt 0.119769 0.889858
vt 0.102205 0.889617
vt 0.095109 0.889742
vt 0.119692 0.893008
vt 0.119616 0.895565
vt 0.119621 0.901942
vt 0.125280 0.901988
vt 0.125203 0.903899
vt 0.119610 0.904012
vt 0.087504 0.920700
vt 0.087702 0.909381
vt 0.087758 0.901121
vt 0.094867 0.901174
vt 0.095010 0.904346
vt 0.087770 0.904161
vt 0.087886 0.893037
vt 0.087863 0.895712
vt 0.087920 0.889763
vt 0.088071 0.876309
vt 0.088137 0.871637
vt 0.088123 0.872571
vt 0.088187 0.867914
vt 0.088371 0.854544
vt 0.088379 0.853949
vt 0.088802 0.819092
vt 0.088882 0.812646
vt 0.088893 0.811717
vt 0.088972 0.805271
vt 0.089034 0.800056
vt 0.089003 0.802663
vt 0.089131 0.791935
vt 0.089096 0.794842
vt 0.089192 0.786783
vt 0.089275 0.779756
vt 0.089293 0.778214
vt 0.089376 0.771188
vt 0.089682 0.745105
vt 0.086830 0.962413
vt 0.087265 0.936336
vt 0.087371 0.929301
vt 0.087394 0.927755
vt 0.131714 0.927299
vt 0.131742 0.925534
vt 0.128203 0.927262
vt 0.128267 0.925505
vt 0.128049 0.876184
vt 0.133268 0.876296
vt 0.128057 0.873591
vt 0.133295 0.873701
vt 0.247890 0.731731
vt 0.243986 0.732316
vt 0.241761 0.717862
vt 0.246194 0.716021
vt 0.242106 0.733625
vt 0.240026 0.719179
vt 0.253812 0.732221
vt 0.249792 0.732424
vt 0.248589 0.716101
vt 0.253012 0.717684
vt 0.094289 0.875761
vt 0.094324 0.873184
vt 0.089072 0.875740
vt 0.089108 0.873151
vt 0.092766 0.926730
vt 0.092792 0.924962
vt 0.089255 0.926659
vt 0.089282 0.924889
vt 0.276632 0.709804
vt 0.279833 0.711272
vt 0.278057 0.716093
vt 0.275541 0.715052
vt 0.259561 0.715511
vt 0.265113 0.711233
vt 0.267758 0.715383
vt 0.262699 0.719625
vt 0.268846 0.709769
vt 0.269704 0.714850
vt 0.134033 0.890997
vt 0.126853 0.890757
vt 0.119754 0.890443
vt 0.102205 0.890202
vt 0.095104 0.890343
vt 0.087912 0.890369
vt 0.119509 0.905109
vt 0.102074 0.904865
vt 0.103504 0.901427
vt 0.102866 0.901263
vt 0.118813 0.901480
vt 0.118170 0.901626
vt 0.102775 0.904274
vt 0.103435 0.904113
vt 0.118825 0.904499
vt 0.118167 0.904319
vt 0.248427 0.715135
vt 0.246397 0.715139
vt 0.244856 0.710211
vt 0.248933 0.709958
vt 0.254209 0.717507
vt 0.256258 0.712279
vt 0.240769 0.717427
vt 0.238827 0.719399
vt 0.235411 0.715934
vt 0.237870 0.713504
vt 0.270128 0.715679
vt 0.274768 0.715734
vt 0.277026 0.730708
vt 0.272900 0.730989
vt 0.267813 0.716398
vt 0.271259 0.732197
vt 0.264028 0.719284
vt 0.267318 0.733133
vt 0.276835 0.716421
vt 0.279223 0.731443
vt 0.119700 0.896651
vt 0.125304 0.896929
vt 0.125281 0.901123
vt 0.119609 0.901032
vt 0.118026 0.901003
vt 0.103656 0.900803
vt 0.103695 0.896422
vt 0.118112 0.896618
vt 0.096394 0.900716
vt 0.096483 0.896528
vt 0.102110 0.896423
vt 0.102068 0.900802
vt 0.118914 0.896159
vt 0.102895 0.895947
vt 0.095619 0.903881
vt 0.095590 0.901143
vt 0.095703 0.896111
vt 0.125975 0.904310
vt 0.126082 0.901564
vt 0.126078 0.896525
vt 0.096038 0.903745
vt 0.102349 0.904081
vt 0.096020 0.901306
vt 0.102426 0.901424
vt 0.125641 0.901715
vt 0.119246 0.901653
vt 0.125565 0.904162
vt 0.119256 0.904318
vt 0.125663 0.896669
vt 0.119334 0.896353
vt 0.125660 0.901395
vt 0.119241 0.901314
vt 0.103294 0.901100
vt 0.118393 0.901305
vt 0.103321 0.896121
vt 0.118481 0.896322
vt 0.096114 0.896266
vt 0.096023 0.900987
vt 0.102470 0.896128
vt 0.102444 0.901086
vt 0.180636 0.797351
vt 0.187918 0.796862
vt 0.187974 0.799226
vt 0.180836 0.799875
vt 0.188806 0.933732
vt 0.189289 0.958621
vt 0.182306 0.958123
vt 0.181587 0.932876
vt 0.185292 0.739527
vt 0.189290 0.766635
vt 0.182210 0.767944
vt 0.178489 0.741223
vt 0.189322 0.925640
vt 0.189203 0.927163
vt 0.182020 0.926184
vt 0.182312 0.924742
vt 0.189445 0.774672
vt 0.189357 0.776397
vt 0.182101 0.776973
vt 0.182200 0.775361
vt 0.188911 0.783857
vt 0.181663 0.784224
vt 0.188183 0.815409
vt 0.191054 0.851166
vt 0.183105 0.851094
vt 0.181582 0.816336
vt 0.181075 0.789370
vt 0.188417 0.788981
vt 0.188389 0.791849
vt 0.181331 0.792222
vt 0.189944 0.901237
vt 0.182689 0.900876
vt 0.182440 0.897970
vt 0.189820 0.898328
vt 0.190200 0.906547
vt 0.190194 0.918258
vt 0.182824 0.917783
vt 0.183030 0.906257
vt 0.166248 0.816986
vt 0.165816 0.851080
vt 0.154583 0.851035
vt 0.156022 0.816881
vt 0.154773 0.797683
vt 0.164976 0.797867
vt 0.165316 0.800482
vt 0.155107 0.800323
vt 0.154841 0.789561
vt 0.165164 0.789796
vt 0.165641 0.792667
vt 0.155284 0.792463
vt 0.166079 0.777749
vt 0.165671 0.784683
vt 0.155248 0.784426
vt 0.155575 0.777504
vt 0.166219 0.776234
vt 0.155741 0.776016
vt 0.166431 0.769321
vt 0.155996 0.769215
vt 0.164108 0.743367
vt 0.154682 0.743785
vt 0.165607 0.932342
vt 0.167849 0.958266
vt 0.158572 0.959487
vt 0.155227 0.932989
vt 0.165868 0.925476
vt 0.155254 0.925796
vt 0.166019 0.923983
vt 0.155346 0.924238
vt 0.166442 0.917188
vt 0.155672 0.917210
vt 0.167213 0.906344
vt 0.156565 0.906054
vt 0.159194 0.897813
vt 0.166924 0.897586
vt 0.166859 0.899943
vt 0.159235 0.899738
vt 0.148652 0.851171
vt 0.150690 0.816595
vt 0.149407 0.797474
vt 0.149726 0.800155
vt 0.149404 0.789274
vt 0.149761 0.792210
vt 0.149760 0.784084
vt 0.150070 0.777127
vt 0.150225 0.775645
vt 0.150498 0.768929
vt 0.149545 0.743640
vt 0.153571 0.960477
vt 0.149805 0.933730
vt 0.149775 0.926300
vt 0.149820 0.924675
vt 0.149975 0.917354
vt 0.151056 0.906072
vt 0.156909 0.900698
vt 0.151472 0.900891
vt 0.151217 0.898056
vt 0.156806 0.897477
vt 0.176376 0.816868
vt 0.177095 0.851119
vt 0.175194 0.797652
vt 0.175485 0.800240
vt 0.175547 0.789588
vt 0.175928 0.792457
vt 0.176576 0.777376
vt 0.176138 0.784455
vt 0.176702 0.775817
vt 0.176786 0.768652
vt 0.173464 0.742183
vt 0.176083 0.932520
vt 0.177200 0.957889
vt 0.176505 0.925757
vt 0.176738 0.924282
vt 0.177218 0.917433
vt 0.177602 0.906057
vt 0.174660 0.897981
vt 0.174559 0.899917
vt 0.156419 0.892220
vt 0.151088 0.892906
vt 0.150699 0.890348
vt 0.156080 0.889693
vt 0.157048 0.889547
vt 0.166752 0.888936
vt 0.166964 0.891518
vt 0.157391 0.892168
vt 0.176407 0.889410
vt 0.176405 0.892110
vt 0.189957 0.893087
vt 0.182785 0.892698
vt 0.182784 0.890034
vt 0.189961 0.890442
vt 0.181329 0.809811
vt 0.181281 0.808875
vt 0.188220 0.807971
vt 0.188206 0.808892
vt 0.165822 0.809619
vt 0.175977 0.809339
vt 0.176085 0.810271
vt 0.165902 0.810547
vt 0.155666 0.809513
vt 0.155662 0.810449
vt 0.150343 0.810166
vt 0.150304 0.809236
vt 0.149903 0.870020
vt 0.150019 0.869092
vt 0.155555 0.868813
vt 0.155519 0.869758
vt 0.166270 0.868606
vt 0.166348 0.869521
vt 0.177089 0.868552
vt 0.177212 0.869462
vt 0.182965 0.869672
vt 0.182780 0.868753
vt 0.190049 0.868862
vt 0.190091 0.869833
vt 0.181065 0.802424
vt 0.188148 0.801679
vt 0.165568 0.803123
vt 0.175729 0.802846
vt 0.155478 0.802944
vt 0.150072 0.802785
vt 0.149987 0.865374
vt 0.155477 0.864982
vt 0.155817 0.873429
vt 0.150127 0.873711
vt 0.166087 0.864909
vt 0.166610 0.873167
vt 0.176863 0.864881
vt 0.177265 0.873219
vt 0.182500 0.865055
vt 0.189728 0.865125
vt 0.148788 0.851735
vt 0.154699 0.851613
vt 0.165890 0.851653
vt 0.177156 0.851687
vt 0.183146 0.851659
vt 0.190953 0.851806
vt 0.189947 0.887224
vt 0.182727 0.886770
vt 0.182798 0.873237
vt 0.190118 0.873786
vt 0.176392 0.886656
vt 0.166444 0.886397
vt 0.156658 0.886847
vt 0.150425 0.887091
vt 0.177383 0.889579
vt 0.177379 0.892188
vt 0.177025 0.897571
vt 0.176953 0.900891
vt 0.142505 0.917254
vt 0.143807 0.905930
vt 0.144042 0.898478
vt 0.144102 0.901199
vt 0.143595 0.891081
vt 0.143841 0.893601
vt 0.143289 0.887859
vt 0.142972 0.874407
vt 0.142760 0.869596
vt 0.142788 0.870557
vt 0.142813 0.865802
vt 0.141064 0.852083
vt 0.140907 0.851407
vt 0.143867 0.815984
vt 0.143364 0.809731
vt 0.143279 0.808822
vt 0.142811 0.802520
vt 0.142351 0.797091
vt 0.142547 0.799864
vt 0.142327 0.788560
vt 0.142410 0.791612
vt 0.142562 0.783214
vt 0.142916 0.776284
vt 0.143007 0.774796
vt 0.143268 0.768221
vt 0.142538 0.743279
vt 0.146782 0.962202
vt 0.142736 0.935084
vt 0.142496 0.927001
vt 0.142556 0.925257
vt 0.187518 0.924234
vt 0.187676 0.922437
vt 0.184201 0.923820
vt 0.184350 0.922088
vt 0.186478 0.920471
vt 0.183847 0.872766
vt 0.189036 0.873137
vt 0.183988 0.870306
vt 0.183228 0.872098
vt 0.189057 0.870413
vt 0.227993 0.731082
vt 0.224479 0.732881
vt 0.217764 0.719891
vt 0.221379 0.716733
vt 0.223114 0.734722
vt 0.216539 0.721692
vt 0.233762 0.729661
vt 0.230017 0.731134
vt 0.223674 0.716045
vt 0.228371 0.716135
vt 0.149100 0.873241
vt 0.148912 0.870673
vt 0.144029 0.873754
vt 0.148682 0.873758
vt 0.143875 0.871054
vt 0.147956 0.923654
vt 0.148072 0.921825
vt 0.144624 0.923859
vt 0.144085 0.921574
vt 0.146463 0.920768
vt 0.202269 0.710743
vt 0.205723 0.711439
vt 0.205102 0.716537
vt 0.202414 0.716100
vt 0.186974 0.720250
vt 0.191384 0.714798
vt 0.194918 0.718222
vt 0.190981 0.723524
vt 0.194680 0.712508
vt 0.196688 0.717252
vt 0.189948 0.887818
vt 0.182772 0.887377
vt 0.177399 0.887141
vt 0.155665 0.887353
vt 0.150409 0.887706
vt 0.143339 0.888463
vt 0.166709 0.901374
vt 0.157806 0.897317
vt 0.167056 0.896779
vt 0.167026 0.896946
vt 0.158622 0.897391
vt 0.166754 0.900761
vt 0.157881 0.900253
vt 0.158664 0.900165
vt 0.166772 0.900591
vt 0.176049 0.897518
vt 0.175249 0.897579
vt 0.175903 0.900472
vt 0.175102 0.900368
vt 0.223213 0.715181
vt 0.221289 0.715833
vt 0.218257 0.711653
vt 0.222041 0.710113
vt 0.229449 0.715585
vt 0.229723 0.709977
vt 0.216685 0.719795
vt 0.215473 0.722282
vt 0.211130 0.720088
vt 0.212686 0.717001
vt 0.197292 0.717962
vt 0.201818 0.716942
vt 0.207487 0.730981
vt 0.203539 0.732212
vt 0.195206 0.719198
vt 0.202224 0.733768
vt 0.192195 0.722883
vt 0.198609 0.735594
vt 0.203987 0.717135
vt 0.209795 0.731187
vt 0.127906 0.800513
vt 0.135104 0.800598
vt 0.135074 0.803206
vt 0.127876 0.803121
vt 0.133387 0.937082
vt 0.132940 0.963189
vt 0.125740 0.963074
vt 0.126187 0.936977
vt 0.135745 0.745645
vt 0.135440 0.771728
vt 0.128242 0.771644
vt 0.128548 0.745560
vt 0.133538 0.928472
vt 0.133512 0.930024
vt 0.126312 0.929936
vt 0.126339 0.928389
vt 0.135358 0.778755
vt 0.135340 0.780297
vt 0.128142 0.780212
vt 0.128160 0.778670
vt 0.135258 0.787323
vt 0.128060 0.787239
vt 0.134888 0.819639
vt 0.134485 0.854499
vt 0.127287 0.854406
vt 0.127688 0.819551
vt 0.128000 0.792391
vt 0.135198 0.792476
vt 0.135164 0.795383
vt 0.127967 0.795299
vt 0.133816 0.904752
vt 0.126569 0.904795
vt 0.126805 0.901609
vt 0.133880 0.901737
vt 0.133764 0.910012
vt 0.133653 0.921373
vt 0.126455 0.921342
vt 0.126572 0.910038
vt 0.103059 0.819257
vt 0.102637 0.854104
vt 0.095577 0.854026
vt 0.096003 0.819175
vt 0.096232 0.800140
vt 0.103286 0.800223
vt 0.103255 0.802830
vt 0.096201 0.802747
vt 0.096328 0.792019
vt 0.103382 0.792102
vt 0.103348 0.795009
vt 0.096294 0.794926
vt 0.103525 0.779923
vt 0.103443 0.786950
vt 0.096389 0.786867
vt 0.096472 0.779841
vt 0.103544 0.778381
vt 0.096490 0.778298
vt 0.103626 0.771355
vt 0.096573 0.771272
vt 0.103932 0.745272
vt 0.096879 0.745189
vt 0.101526 0.936598
vt 0.101088 0.962665
vt 0.094029 0.962541
vt 0.094465 0.936469
vt 0.101633 0.929585
vt 0.094570 0.929441
vt 0.101656 0.928047
vt 0.094593 0.927897
vt 0.101758 0.921049
vt 0.094694 0.920858
vt 0.101946 0.909928
vt 0.094879 0.909597
vt 0.101985 0.903774
vt 0.096389 0.903484
vt 0.096394 0.901579
vt 0.102062 0.901711
vt 0.120632 0.819466
vt 0.120227 0.854313
vt 0.120852 0.800430
vt 0.120822 0.803037
vt 0.120947 0.792308
vt 0.120913 0.795215
vt 0.121089 0.780130
vt 0.121007 0.787156
vt 0.121107 0.778587
vt 0.121189 0.771561
vt 0.121495 0.745478
vt 0.119124 0.936878
vt 0.118680 0.962962
vt 0.119242 0.929860
vt 0.119267 0.928322
vt 0.119374 0.921318
vt 0.119507 0.910186
vt 0.117795 0.901935
vt 0.117772 0.904005
vt 0.103819 0.903809
vt 0.103887 0.901741
vt 0.102211 0.895335
vt 0.095095 0.895635
vt 0.095090 0.892985
vt 0.102202 0.892772
vt 0.133917 0.896320
vt 0.126695 0.896066
vt 0.126790 0.893405
vt 0.133970 0.893662
vt 0.127762 0.813104
vt 0.127772 0.812175
vt 0.134971 0.812261
vt 0.134961 0.813190
vt 0.120717 0.812091
vt 0.120707 0.813020
vt 0.103136 0.812812
vt 0.103147 0.811882
vt 0.096081 0.812729
vt 0.096092 0.811800
vt 0.095325 0.872620
vt 0.095338 0.871689
vt 0.102406 0.871731
vt 0.102394 0.872657
vt 0.120033 0.871946
vt 0.120022 0.872872
vt 0.127091 0.873014
vt 0.127100 0.872082
vt 0.134303 0.872209
vt 0.134294 0.873145
vt 0.127846 0.805728
vt 0.135044 0.805813
vt 0.103224 0.805437
vt 0.120792 0.805644
vt 0.096170 0.805354
vt 0.095389 0.867974
vt 0.102456 0.868031
vt 0.102345 0.876354
vt 0.095274 0.876335
vt 0.120073 0.868246
vt 0.119979 0.876568
vt 0.127140 0.868364
vt 0.134342 0.868480
vt 0.095569 0.854620
vt 0.102629 0.854697
vt 0.120221 0.854906
vt 0.127281 0.855000
vt 0.134479 0.855095
vt 0.134044 0.890390
vt 0.126865 0.890156
vt 0.127050 0.876734
vt 0.134256 0.876891
vt 0.119769 0.889858
vt 0.102205 0.889617
vt 0.095109 0.889742
vt 0.119692 0.893008
vt 0.119616 0.895565
vt 0.119621 0.901942
vt 0.125280 0.901988
vt 0.125203 0.903899
vt 0.119610 0.904012
vt 0.087504 0.920700
vt 0.087702 0.909381
vt 0.087758 0.901121
vt 0.094867 0.901174
vt 0.095010 0.904346
vt 0.087770 0.904161
vt 0.087886 0.893037
vt 0.087863 0.895712
vt 0.087920 0.889763
vt 0.088071 0.876309
vt 0.088137 0.871637
vt 0.088123 0.872571
vt 0.088187 0.867914
vt 0.088371 0.854544
vt 0.088379 0.853949
vt 0.088802 0.819092
vt 0.088882 0.812646
vt 0.088893 0.811717
vt 0.088972 0.805271
vt 0.089034 0.800056
vt 0.089003 0.802663
vt 0.089131 0.791935
vt 0.089096 0.794842
vt 0.089192 0.786783
vt 0.089275 0.779756
vt 0.089293 0.778214
vt 0.089376 0.771188
vt 0.089682 0.745105
vt 0.086830 0.962413
vt 0.087265 0.936336
vt 0.087371 0.929301
vt 0.087394 0.927755
vt 0.131714 0.927299
vt 0.131742 0.925534
vt 0.128203 0.927262
vt 0.128267 0.925505
vt 0.128049 0.876184
vt 0.133268 0.876296
vt 0.128057 0.873591
vt 0.133295 0.873701
vt 0.247890 0.731731
vt 0.243986 0.732316
vt 0.241761 0.717862
vt 0.246194 0.716021
vt 0.242106 0.733625
vt 0.240026 0.719179
vt 0.253812 0.732221
vt 0.249792 0.732424
vt 0.248589 0.716101
vt 0.253012 0.717684
vt 0.094289 0.875761
vt 0.094324 0.873184
vt 0.089072 0.875740
vt 0.089108 0.873151
vt 0.092766 0.926730
vt 0.092792 0.924962
vt 0.089255 0.926659
vt 0.089282 0.924889
vt 0.276632 0.709804
vt 0.279833 0.711272
vt 0.278057 0.716093
vt 0.275541 0.715052
vt 0.259561 0.715511
vt 0.265113 0.711233
vt 0.267758 0.715383
vt 0.262699 0.719625
vt 0.268846 0.709769
vt 0.269704 0.714850
vt 0.134033 0.890997
vt 0.126853 0.890757
vt 0.119754 0.890443
vt 0.102205 0.890202
vt 0.095104 0.890343
vt 0.087912 0.890369
vt 0.119509 0.905109
vt 0.102074 0.904865
vt 0.103504 0.901427
vt 0.102866 0.901263
vt 0.118813 0.901480
vt 0.118170 0.901626
vt 0.102775 0.904274
vt 0.103435 0.904113
vt 0.118825 0.904499
vt 0.118167 0.904319
vt 0.248427 0.715135
vt 0.246397 0.715139
vt 0.244856 0.710211
vt 0.248933 0.709958
vt 0.254209 0.717507
vt 0.256258 0.712279
vt 0.240769 0.717427
vt 0.238827 0.719399
vt 0.235411 0.715934
vt 0.237870 0.713504
vt 0.270128 0.715679
vt 0.274768 0.715734
vt 0.277026 0.730708
vt 0.272900 0.730989
vt 0.267813 0.716398
vt 0.271259 0.732197
vt 0.264028 0.719284
vt 0.267318 0.733133
vt 0.276835 0.716421
vt 0.279223 0.731443
vt 0.119700 0.896651
vt 0.125304 0.896929
vt 0.125281 0.901123
vt 0.119609 0.901032
vt 0.118026 0.901003
vt 0.103656 0.900803
vt 0.103695 0.896422
vt 0.118112 0.896618
vt 0.096394 0.900716
vt 0.096483 0.896528
vt 0.102110 0.896423
vt 0.102068 0.900802
vt 0.118914 0.896159
vt 0.102895 0.895947
vt 0.095619 0.903881
vt 0.095590 0.901143
vt 0.095703 0.896111
vt 0.125975 0.904310
vt 0.126082 0.901564
vt 0.126078 0.896525
vt 0.096038 0.903745
vt 0.102349 0.904081
vt 0.096020 0.901306
vt 0.102426 0.901424
vt 0.125641 0.901715
vt 0.119246 0.901653
vt 0.125565 0.904162
vt 0.119256 0.904318
vt 0.125663 0.896669
vt 0.119334 0.896353
vt 0.125660 0.901395
vt 0.119241 0.901314
vt 0.103294 0.901100
vt 0.118393 0.901305
vt 0.103321 0.896121
vt 0.118481 0.896322
vt 0.096114 0.896266
vt 0.096023 0.900987
vt 0.102470 0.896128
vt 0.102444 0.901086
vt 0.127906 0.800513
vt 0.135104 0.800598
vt 0.135074 0.803206
vt 0.127876 0.803121
vt 0.133387 0.937082
vt 0.132940 0.963189
vt 0.125740 0.963074
vt 0.126187 0.936977
vt 0.135745 0.745645
vt 0.135440 0.771728
vt 0.128242 0.771644
vt 0.128548 0.745560
vt 0.133538 0.928472
vt 0.133512 0.930024
vt 0.126312 0.929936
vt 0.126339 0.928389
vt 0.135358 0.778755
vt 0.135340 0.780297
vt 0.128142 0.780212
vt 0.128160 0.778670
vt 0.135258 0.787323
vt 0.128060 0.787239
vt 0.134888 0.819639
vt 0.134485 0.854499
vt 0.127287 0.854406
vt 0.127688 0.819551
vt 0.128000 0.792391
vt 0.135198 0.792476
vt 0.135164 0.795383
vt 0.127967 0.795299
vt 0.133816 0.904752
vt 0.126569 0.904795
vt 0.126805 0.901609
vt 0.133880 0.901737
vt 0.133764 0.910012
vt 0.133653 0.921373
vt 0.126455 0.921342
vt 0.126572 0.910038
vt 0.103059 0.819257
vt 0.102637 0.854104
vt 0.095577 0.854026
vt 0.096003 0.819175
vt 0.096232 0.800140
vt 0.103286 0.800223
vt 0.103255 0.802830
vt 0.096201 0.802747
vt 0.096328 0.792019
vt 0.103382 0.792102
vt 0.103348 0.795009
vt 0.096294 0.794926
vt 0.103525 0.779923
vt 0.103443 0.786950
vt 0.096389 0.786867
vt 0.096472 0.779841
vt 0.103544 0.778381
vt 0.096490 0.778298
vt 0.103626 0.771355
vt 0.096573 0.771272
vt 0.103932 0.745272
vt 0.096879 0.745189
vt 0.101526 0.936598
vt 0.101088 0.962665
vt 0.094029 0.962541
vt 0.094465 0.936469
vt 0.101633 0.929585
vt 0.094570 0.929441
vt 0.101656 0.928047
vt 0.094593 0.927897
vt 0.101758 0.921049
vt 0.094694 0.920858
vt 0.101946 0.909928
vt 0.094879 0.909597
vt 0.101985 0.903774
vt 0.096389 0.903484
vt 0.096394 0.901579
vt 0.102062 0.901711
vt 0.120632 0.819466
vt 0.120227 0.854313
vt 0.120852 0.800430
vt 0.120822 0.803037
vt 0.120947 0.792308
vt 0.120913 0.795215
vt 0.121089 0.780130
vt 0.121007 0.787156
vt 0.121107 0.778587
vt 0.121189 0.771561
vt 0.121495 0.745478
vt 0.119124 0.936878
vt 0.118680 0.962962
vt 0.119242 0.929860
vt 0.119267 0.928322
vt 0.119374 0.921318
vt 0.119507 0.910186
vt 0.117795 0.901935
vt 0.117772 0.904005
vt 0.103819 0.903809
vt 0.103887 0.901741
vt 0.102211 0.895335
vt 0.095095 0.895635
vt 0.095090 0.892985
vt 0.102202 0.892772
vt 0.133917 0.896320
vt 0.126695 0.896066
vt 0.126790 0.893405
vt 0.133970 0.893662
vt 0.127762 0.813104
vt 0.127772 0.812175
vt 0.134971 0.812261
vt 0.134961 0.813190
vt 0.120717 0.812091
vt 0.120707 0.813020
vt 0.103136 0.812812
vt 0.103147 0.811882
vt 0.096081 0.812729
vt 0.096092 0.811800
vt 0.095325 0.872620
vt 0.095338 0.871689
vt 0.102406 0.871731
vt 0.102394 0.872657
vt 0.120033 0.871946
vt 0.120022 0.872872
vt 0.127091 0.873014
vt 0.127100 0.872082
vt 0.134303 0.872209
vt 0.134294 0.873145
vt 0.127846 0.805728
vt 0.135044 0.805813
vt 0.103224 0.805437
vt 0.120792 0.805644
vt 0.096170 0.805354
vt 0.095389 0.867974
vt 0.102456 0.868031
vt 0.102345 0.876354
vt 0.095274 0.876335
vt 0.120073 0.868246
vt 0.119979 0.876568
vt 0.127140 0.868364
vt 0.134342 0.868480
vt 0.095569 0.854620
vt 0.102629 0.854697
vt 0.120221 0.854906
vt 0.127281 0.855000
vt 0.134479 0.855095
vt 0.134044 0.890390
vt 0.126865 0.890156
vt 0.127050 0.876734
vt 0.134256 0.876891
vt 0.119769 0.889858
vt 0.102205 0.889617
vt 0.095109 0.889742
vt 0.119692 0.893008
vt 0.119616 0.895565
vt 0.119621 0.901942
vt 0.125280 0.901988
vt 0.125203 0.903899
vt 0.119610 0.904012
vt 0.087504 0.920700
vt 0.087702 0.909381
vt 0.087758 0.901121
vt 0.094867 0.901174
vt 0.095010 0.904346
vt 0.087770 0.904161
vt 0.087886 0.893037
vt 0.087863 0.895712
vt 0.087920 0.889763
vt 0.088071 0.876309
vt 0.088137 0.871637
vt 0.088123 0.872571
vt 0.088187 0.867914
vt 0.088371 0.854544
vt 0.088379 0.853949
vt 0.088802 0.819092
vt 0.088882 0.812646
vt 0.088893 0.811717
vt 0.088972 0.805271
vt 0.089034 0.800056
vt 0.089003 0.802663
vt 0.089131 0.791935
vt 0.089096 0.794842
vt 0.089192 0.786783
vt 0.089275 0.779756
vt 0.089293 0.778214
vt 0.089376 0.771188
vt 0.089682 0.745105
vt 0.086830 0.962413
vt 0.087265 0.936336
vt 0.087371 0.929301
vt 0.087394 0.927755
vt 0.131714 0.927299
vt 0.131742 0.925534
vt 0.128203 0.927262
vt 0.128267 0.925505
vt 0.128049 0.876184
vt 0.133268 0.876296
vt 0.128057 0.873591
vt 0.133295 0.873701
vt 0.247890 0.731731
vt 0.243986 0.732316
vt 0.241761 0.717862
vt 0.246194 0.716021
vt 0.242106 0.733625
vt 0.240026 0.719179
vt 0.253812 0.732221
vt 0.249792 0.732424
vt 0.248589 0.716101
vt 0.253012 0.717684
vt 0.094289 0.875761
vt 0.094324 0.873184
vt 0.089072 0.875740
vt 0.089108 0.873151
vt 0.092766 0.926730
vt 0.092792 0.924962
vt 0.089255 0.926659
vt 0.089282 0.924889
vt 0.276632 0.709804
vt 0.279833 0.711272
vt 0.278057 0.716093
vt 0.275541 0.715052
vt 0.259561 0.715511
vt 0.265113 0.711233
vt 0.267758 0.715383
vt 0.262699 0.719625
vt 0.268846 0.709769
vt 0.269704 0.714850
vt 0.134033 0.890997
vt 0.126853 0.890757
vt 0.119754 0.890443
vt 0.102205 0.890202
vt 0.095104 0.890343
vt 0.087912 0.890369
vt 0.119509 0.905109
vt 0.102074 0.904865
vt 0.103504 0.901427
vt 0.102866 0.901263
vt 0.118813 0.901480
vt 0.118170 0.901626
vt 0.102775 0.904274
vt 0.103435 0.904113
vt 0.118825 0.904499
vt 0.118167 0.904319
vt 0.248427 0.715135
vt 0.246397 0.715139
vt 0.244856 0.710211
vt 0.248933 0.709958
vt 0.254209 0.717507
vt 0.256258 0.712279
vt 0.240769 0.717427
vt 0.238827 0.719399
vt 0.235411 0.715934
vt 0.237870 0.713504
vt 0.270128 0.715679
vt 0.274768 0.715734
vt 0.277026 0.730708
vt 0.272900 0.730989
vt 0.267813 0.716398
vt 0.271259 0.732197
vt 0.264028 0.719284
vt 0.267318 0.733133
vt 0.276835 0.716421
vt 0.279223 0.731443
vt 0.119700 0.896651
vt 0.125304 0.896929
vt 0.125281 0.901123
vt 0.119609 0.901032
vt 0.118026 0.901003
vt 0.103656 0.900803
vt 0.103695 0.896422
vt 0.118112 0.896618
vt 0.096394 0.900716
vt 0.096483 0.896528
vt 0.102110 0.896423
vt 0.102068 0.900802
vt 0.118914 0.896159
vt 0.102895 0.895947
vt 0.095619 0.903881
vt 0.095590 0.901143
vt 0.095703 0.896111
vt 0.125975 0.904310
vt 0.126082 0.901564
vt 0.126078 0.896525
vt 0.096038 0.903745
vt 0.102349 0.904081
vt 0.096020 0.901306
vt 0.102426 0.901424
vt 0.125641 0.901715
vt 0.119246 0.901653
vt 0.125565 0.904162
vt 0.119256 0.904318
vt 0.125663 0.896669
vt 0.119334 0.896353
vt 0.125660 0.901395
vt 0.119241 0.901314
vt 0.103294 0.901100
vt 0.118393 0.901305
vt 0.103321 0.896121
vt 0.118481 0.896322
vt 0.096114 0.896266
vt 0.096023 0.900987
vt 0.102470 0.896128
vt 0.102444 0.901086
vt 0.235894 0.799304
vt 0.236105 0.801959
vt 0.243617 0.801277
vt 0.243558 0.798790
vt 0.244493 0.942823
vt 0.236896 0.941923
vt 0.237652 0.968490
vt 0.245000 0.969014
vt 0.274423 0.859370
vt 0.274589 0.835847
vt 0.269155 0.851842
vt 0.240794 0.738453
vt 0.233635 0.740238
vt 0.237551 0.768357
vt 0.245002 0.766980
vt 0.245035 0.934308
vt 0.237659 0.933362
vt 0.237351 0.934880
vt 0.244910 0.935910
vt 0.068453 0.901093
vt 0.070009 0.901097
vt 0.068716 0.880133
vt 0.067649 0.879882
vt 0.245164 0.775438
vt 0.237540 0.776162
vt 0.237436 0.777860
vt 0.245072 0.777253
vt 0.069008 0.880184
vt 0.066167 0.853238
vt 0.064634 0.853719
vt 0.069730 0.908375
vt 0.071301 0.908748
vt 0.236975 0.785490
vt 0.244603 0.785103
vt 0.066618 0.846794
vt 0.064998 0.846768
vt 0.243837 0.818307
vt 0.236891 0.819282
vt 0.238493 0.855860
vt 0.246857 0.855935
vt 0.249609 0.817746
vt 0.247143 0.817904
vt 0.250963 0.855493
vt 0.253970 0.854999
vt 0.236356 0.790904
vt 0.236626 0.793906
vt 0.244053 0.793514
vt 0.244083 0.790496
vt 0.257307 0.816965
vt 0.254559 0.817266
vt 0.259942 0.853978
vt 0.263263 0.853328
vt 0.245689 0.908627
vt 0.245560 0.905566
vt 0.237793 0.905190
vt 0.238055 0.908248
vt 0.245960 0.914215
vt 0.238414 0.913910
vt 0.238197 0.926040
vt 0.245952 0.926540
vt 0.220754 0.819967
vt 0.209993 0.819856
vt 0.208478 0.855798
vt 0.220299 0.855845
vt 0.208678 0.799653
vt 0.209030 0.802431
vt 0.219773 0.802599
vt 0.219415 0.799847
vt 0.208749 0.791106
vt 0.209215 0.794160
vt 0.220115 0.794374
vt 0.219613 0.791353
vt 0.220576 0.778675
vt 0.209522 0.778418
vt 0.209177 0.785702
vt 0.220146 0.785972
vt 0.220723 0.777082
vt 0.209697 0.776852
vt 0.220946 0.769806
vt 0.209965 0.769695
vt 0.218502 0.742494
vt 0.208582 0.742934
vt 0.220079 0.941361
vt 0.209156 0.942041
vt 0.212676 0.969927
vt 0.222438 0.968641
vt 0.220353 0.934134
vt 0.209184 0.934472
vt 0.220513 0.932564
vt 0.209281 0.932832
vt 0.220958 0.925413
vt 0.209624 0.925436
vt 0.221769 0.914001
vt 0.210564 0.913696
vt 0.213331 0.905024
vt 0.213373 0.907050
vt 0.221396 0.907265
vt 0.221465 0.904785
vt 0.204381 0.819555
vt 0.202237 0.855941
vt 0.203031 0.799433
vt 0.203367 0.802254
vt 0.203027 0.790804
vt 0.203404 0.793894
vt 0.203729 0.778021
vt 0.203403 0.785342
vt 0.203892 0.776461
vt 0.204179 0.769394
vt 0.203177 0.742782
vt 0.203449 0.942821
vt 0.207413 0.970968
vt 0.203418 0.935002
vt 0.203465 0.933292
vt 0.203628 0.925588
vt 0.204766 0.913715
vt 0.210926 0.908060
vt 0.210818 0.904670
vt 0.204936 0.905279
vt 0.205204 0.908263
vt 0.231411 0.819843
vt 0.232168 0.855886
vt 0.230474 0.802343
vt 0.230167 0.799621
vt 0.230940 0.794154
vt 0.230539 0.791135
vt 0.231623 0.778283
vt 0.231161 0.785733
vt 0.231755 0.776642
vt 0.231844 0.769102
vt 0.228347 0.741249
vt 0.231104 0.941548
vt 0.232279 0.968244
vt 0.231548 0.934430
vt 0.231792 0.932878
vt 0.232298 0.925671
vt 0.232702 0.913699
vt 0.229499 0.907238
vt 0.229605 0.905200
vt 0.210411 0.899139
vt 0.210053 0.896479
vt 0.204390 0.897168
vt 0.204800 0.899860
vt 0.211072 0.896326
vt 0.211432 0.899084
vt 0.221507 0.898400
vt 0.221284 0.895683
vt 0.231442 0.899022
vt 0.231444 0.896181
vt 0.245703 0.900051
vt 0.245707 0.897268
vt 0.238155 0.896838
vt 0.238156 0.899641
vt 0.244678 0.818005
vt 0.247950 0.855971
vt 0.236624 0.812416
vt 0.243861 0.811448
vt 0.243876 0.810479
vt 0.236574 0.811431
vt 0.220305 0.812214
vt 0.220390 0.813191
vt 0.231105 0.812900
vt 0.230991 0.811919
vt 0.209617 0.812103
vt 0.209613 0.813087
vt 0.204016 0.812789
vt 0.203975 0.811811
vt 0.203553 0.875777
vt 0.209463 0.875501
vt 0.209501 0.874506
vt 0.203676 0.874800
vt 0.220859 0.875251
vt 0.220776 0.874289
vt 0.232291 0.875189
vt 0.232162 0.874231
vt 0.238345 0.875410
vt 0.245844 0.875579
vt 0.245801 0.874558
vt 0.238151 0.874443
vt 0.243800 0.803858
vt 0.236346 0.804643
vt 0.244798 0.811464
vt 0.220038 0.805377
vt 0.230730 0.805086
vt 0.209420 0.805189
vt 0.203731 0.805022
vt 0.209419 0.870475
vt 0.203641 0.870887
vt 0.209776 0.879364
vt 0.203789 0.879660
vt 0.220585 0.870397
vt 0.221134 0.879088
vt 0.231924 0.870368
vt 0.232347 0.879143
vt 0.245463 0.870625
vt 0.237856 0.870551
vt 0.246789 0.874406
vt 0.246423 0.870773
vt 0.208600 0.856406
vt 0.202379 0.856534
vt 0.220377 0.856448
vt 0.232233 0.856483
vt 0.246751 0.856610
vt 0.238536 0.856455
vt 0.247722 0.856804
vt 0.245693 0.893881
vt 0.245873 0.879740
vt 0.238170 0.879161
vt 0.238095 0.893403
vt 0.231428 0.893283
vt 0.220960 0.893011
vt 0.210662 0.893484
vt 0.204102 0.893740
vt 0.232471 0.896359
vt 0.232467 0.899105
vt 0.232094 0.904769
vt 0.232019 0.908264
vt 0.197138 0.913566
vt 0.195768 0.925482
vt 0.197386 0.905724
vt 0.197449 0.908587
vt 0.196915 0.897940
vt 0.197174 0.900592
vt 0.196259 0.880392
vt 0.196593 0.894549
vt 0.196036 0.875330
vt 0.196066 0.876341
vt 0.196092 0.871338
vt 0.194251 0.856900
vt 0.197201 0.818912
vt 0.194086 0.856189
vt 0.196671 0.812331
vt 0.196582 0.811375
vt 0.196090 0.804743
vt 0.195606 0.799030
vt 0.195811 0.801948
vt 0.195580 0.790052
vt 0.195668 0.793264
vt 0.196201 0.777135
vt 0.195827 0.784427
vt 0.196296 0.775568
vt 0.196571 0.768649
vt 0.195803 0.742402
vt 0.196011 0.944246
vt 0.200269 0.972784
vt 0.195759 0.935740
vt 0.195822 0.933904
vt 0.243304 0.930937
vt 0.243137 0.932828
vt 0.239647 0.932393
vt 0.239803 0.930569
vt 0.242042 0.928868
vt 0.244734 0.879056
vt 0.239274 0.878667
vt 0.238622 0.877963
vt 0.239422 0.876078
vt 0.244757 0.876189
vt 0.227993 0.731083
vt 0.221378 0.716733
vt 0.217763 0.719891
vt 0.224479 0.732882
vt 0.216538 0.721692
vt 0.223114 0.734722
vt 0.233763 0.729662
vt 0.228372 0.716134
vt 0.223674 0.716044
vt 0.230017 0.731134
vt 0.202510 0.876464
vt 0.202708 0.879166
vt 0.202268 0.879710
vt 0.197371 0.879706
vt 0.197209 0.876865
vt 0.201626 0.930293
vt 0.201504 0.932217
vt 0.197998 0.932433
vt 0.197431 0.930028
vt 0.199933 0.929180
vt 0.202269 0.710742
vt 0.202414 0.716100
vt 0.205103 0.716536
vt 0.205724 0.711438
vt 0.186973 0.720250
vt 0.190980 0.723524
vt 0.194917 0.718221
vt 0.191384 0.714797
vt 0.196688 0.717252
vt 0.194679 0.712507
vt 0.245694 0.894506
vt 0.238143 0.894042
vt 0.232488 0.893793
vt 0.209616 0.894017
vt 0.204086 0.894388
vt 0.196645 0.895184
vt 0.262099 0.816495
vt 0.221239 0.908771
vt 0.211869 0.904502
vt 0.212729 0.904580
vt 0.221572 0.904111
vt 0.221604 0.903936
vt 0.221286 0.908127
vt 0.221305 0.907947
vt 0.212773 0.907499
vt 0.211948 0.907592
vt 0.230225 0.904778
vt 0.231067 0.904714
vt 0.230071 0.907713
vt 0.230914 0.907822
vt 0.223213 0.715180
vt 0.222041 0.710112
vt 0.218257 0.711652
vt 0.221289 0.715832
vt 0.229449 0.715585
vt 0.229723 0.709976
vt 0.216684 0.719795
vt 0.212685 0.717001
vt 0.211129 0.720087
vt 0.215472 0.722282
vt 0.197292 0.717961
vt 0.203539 0.732212
vt 0.207488 0.730981
vt 0.201818 0.716942
vt 0.195206 0.719197
vt 0.202224 0.733769
vt 0.192195 0.722883
vt 0.198609 0.735595
vt 0.209796 0.731187
vt 0.203987 0.717135
vt 0.057209 0.903113
vt 0.055959 0.880544
vt 0.062121 0.945912
vt 0.073680 0.944974
vt 0.071262 0.917510
vt 0.059825 0.918859
vt 0.053251 0.854487
vt 0.053769 0.837123
vt 0.065318 0.838223
vt 0.068545 0.811170
vt 0.057068 0.809846
vt 0.070017 0.910009
vt 0.058677 0.911814
vt 0.058405 0.910261
vt 0.053260 0.846533
vt 0.064959 0.845229
vt 0.053337 0.844837
vn 0.000000 0.000000 -1.000000
vn 0.000001 0.000000 -1.000000
vn 0.000001 0.000000 -1.000000
vn 0.000000 0.000000 -1.000000
vn 0.000000 0.852045 0.523468
vn 0.000000 0.852045 0.523468
vn 0.000000 0.852046 0.523468
vn 0.000000 0.852046 0.523468
vn 0.000000 0.852045 -0.523468
vn 0.000000 0.852045 -0.523468
vn 0.000000 0.852046 -0.523468
vn 0.000000 0.852046 -0.523468
vn 0.000000 -0.451498 0.892272
vn 0.000000 -0.451498 0.892272
vn 0.000000 -0.451498 0.892272
vn 0.000000 -0.451498 0.892272
vn 0.000000 -0.451498 -0.892272
vn 0.000000 -0.451498 -0.892272
vn 0.000000 -0.451498 -0.892272
vn 0.000000 -0.451498 -0.892272
vn 0.000000 0.852046 0.523468
vn 0.000000 0.852045 0.523468
vn 0.000000 -0.852045 0.523469
vn 0.000000 -0.852045 0.523469
vn 0.000000 -0.852045 0.523469
vn 0.000000 -0.852045 0.523469
vn 0.000000 0.852046 -0.523468
vn 0.000000 0.852045 -0.523468
vn 0.000000 -1.000000 0.000000
vn 0.000000 -1.000000 -0.000000
vn 0.000000 -1.000000 -0.000000
vn 0.000000 -1.000000 0.000000
vn 0.000000 0.000000 -1.000000
vn 0.000000 0.000000 -1.000000
vn 0.000001 0.000000 -1.000000
vn 0.000000 0.000000 -1.000000
vn 0.000000 0.000000 1.000000
vn 0.000000 0.000000 1.000000
vn 0.000000 0.000000 1.000000
vn 0.000000 0.000000 1.000000
vn 0.000000 -1.000000 0.000000
vn 0.000000 -1.000000 0.000000
vn 0.000000 -1.000000 0.000000
vn 0.000000 -1.000000 0.000000
vn -0.000000 -1.000000 0.000000
vn 0.000000 -1.000000 -0.000000
vn 0.000000 -1.000000 0.000000
vn 0.000000 -1.000000 0.000000
vn -0.000000 0.000000 -1.000000
vn 0.000000 0.000000 -1.000000
vn 0.000000 0.000000 -1.000000
vn -0.000000 0.000000 -1.000000
vn 0.000001 -0.000000 -1.000000
vn 0.000000 0.000000 -1.000000
vn 0.000000 0.000000 -1.000000
vn 0.000000 -0.000000 -1.000000
vn 0.000000 -0.852045 0.523468
vn 0.000000 -0.852045 0.523468
vn -0.000000 -0.852045 0.523469
vn -0.000000 -0.852045 0.523469
vn 0.000000 -0.451499 -0.892272
vn 0.000000 -0.451499 -0.892272
vn 0.000000 -0.451498 -0.892272
vn 0.000000 -0.451498 -0.892272
vn 0.000000 0.852045 -0.523468
vn 0.000000 0.852045 -0.523468
vn 0.000000 0.852045 -0.523468
vn 0.000000 0.852045 -0.523468
vn 0.000000 0.852046 -0.523468
vn 0.000000 0.852046 -0.523468
vn 0.000000 0.852045 0.523468
vn 0.000000 0.852046 0.523468
vn 0.000000 0.852046 0.523468
vn 0.000000 0.852045 0.523468
vn 0.000000 0.852045 0.523468
vn 0.000000 0.852045 0.523468
vn 0.000000 -0.451499 0.892272
vn 0.000000 -0.451499 0.892272
vn 0.000000 -0.451498 0.892272
vn 0.000000 -0.451498 0.892272
vn 0.000000 -0.852045 -0.523468
vn 0.000000 -0.852045 -0.523468
vn 0.000000 -0.852045 -0.523468
vn 0.000000 -0.852045 -0.523468
vn 0.000000 -1.000000 0.000000
vn 0.000000 -1.000000 0.000000
vn 0.000000 -1.000000 0.000000
vn 0.000000 -1.000000 0.000000
vn -0.000001 0.000000 1.000000
vn -0.000001 0.000000 1.000000
vn -0.000001 0.000000 1.000000
vn -0.000001 0.000000 1.000000
vn 0.000000 -1.000000 0.000000
vn 0.000000 -1.000000 -0.000000
vn -0.000000 0.000000 -1.000000
vn -0.000000 0.000000 -1.000000
vn 0.000000 0.000000 -1.000000
vn 0.000000 0.000000 -1.000000
vn 0.000000 -0.852045 0.523468
vn 0.000000 -0.852045 0.523468
vn 0.000000 -0.451499 -0.892272
vn 0.000000 -0.451499 -0.892272
vn 0.000000 0.852045 -0.523468
vn 0.000000 0.852045 -0.523468
vn 0.000000 0.852046 -0.523468
vn 0.000000 0.852045 0.523468
vn 0.000000 0.852046 0.523468
vn 0.000000 0.852045 0.523468
vn 0.000000 -0.451499 0.892272
vn 0.000000 -0.451499 0.892272
vn 0.000000 -0.852045 -0.523468
vn 0.000000 -0.852045 -0.523468
vn 0.000000 -1.000000 0.000000
vn 0.000000 -1.000000 0.000000
vn 0.000000 0.000000 1.000000
vn 0.000000 0.000000 1.000000
vn 0.000000 0.000000 1.000000
vn 0.000000 0.000000 1.000000
vn -0.000000 0.000000 1.000000
vn 0.000000 0.000000 1.000000
vn -0.000000 0.000000 1.000000
vn -0.000000 0.000000 1.000000
vn 0.000000 0.000000 1.000000
vn 0.000000 0.000000 1.000000
vn 0.000000 0.000000 1.000000
vn 0.000000 0.000000 1.000000
vn 0.000000 0.000000 -1.000000
vn 0.000000 0.000000 -1.000000
vn -0.000000 0.000000 -1.000000
vn -0.000000 0.000000 -1.000000
vn 0.000000 0.000000 -1.000000
vn 0.000000 0.000000 -1.000000
vn -0.000000 0.000000 -1.000000
vn -0.000000 0.000000 -1.000000
vn -0.000000 0.000000 -1.000000
vn -0.000000 0.000000 -1.000000
vn 0.000000 0.000000 1.000000
vn 0.000000 0.000000 1.000000
vn 0.000000 0.000000 1.000000
vn 0.000000 0.000000 1.000000
vn 0.000000 0.000000 1.000000
vn 0.000000 0.000000 1.000000
vn 0.000000 0.000000 1.000000
vn 0.000000 0.000000 1.000000
vn 0.000000 0.000000 1.000000
vn 0.000000 0.000000 1.000000
vn 0.000000 0.000000 1.000000
vn 0.000000 0.000000 1.000000
vn -0.000001 1.000000 -0.000001
vn -0.000001 1.000000 -0.000001
vn -0.000001 1.000000 -0.000001
vn -0.000001 1.000000 -0.000001
vn 0.000000 -1.000000 0.000001
vn 0.000000 -1.000000 0.000001
vn 0.000000 -1.000000 0.000001
vn -0.000000 -1.000000 0.000001
vn -0.000000 1.000000 -0.000001
vn 0.000000 1.000000 -0.000001
vn 0.000000 1.000000 -0.000001
vn -0.000000 1.000000 -0.000001
vn 0.000001 1.000000 -0.000001
vn 0.000001 1.000000 -0.000001
vn -0.000000 -1.000000 0.000001
vn 0.000000 -1.000000 0.000000
vn 0.000000 -1.000000 0.000000
vn 0.000000 -1.000000 0.000000
vn 0.000000 -1.000000 0.000000
vn 0.000000 1.000000 -0.000000
vn 0.000001 1.000000 -0.000000
vn 0.000001 1.000000 0.000000
vn 0.000000 1.000000 0.000000
vn 0.000000 -1.000000 0.000000
vn 0.000000 -1.000000 0.000000
vn 0.000000 1.000000 0.000000
vn -0.000000 1.000000 -0.000000
vn 0.000000 -1.000000 0.000000
vn 0.000000 -1.000000 0.000000
vn 0.000000 -1.000000 0.000000
vn 0.000000 -1.000000 0.000000
vn 0.000000 -1.000000 0.000000
vn 0.000000 -1.000000 0.000000
vn 0.000000 -1.000000 0.000000
vn 0.000000 -1.000000 0.000000
vn 0.000000 -1.000000 0.000000
vn 0.000000 1.000000 0.000000
vn 0.000000 1.000000 0.000000
vn 0.000000 1.000000 0.000000
vn 0.000000 1.000000 0.000000
vn -0.000000 1.000000 -0.000000
vn 0.000000 1.000000 -0.000000
vn 0.000001 1.000000 0.000000
vn 0.000000 0.000000 1.000000
vn 0.000000 0.000000 1.000000
vn 0.000000 1.000000 -0.000000
vn 0.000000 0.000000 1.000000
vn 0.000000 0.000000 1.000000
vn 0.000000 -0.852045 -0.523468
vn 0.000000 -0.852045 -0.523468
vn 0.000001 0.000000 1.000000
vn 0.000001 0.000000 1.000000
vn 0.000001 0.000000 1.000000
vn 0.000001 0.000000 1.000000
vn 0.000000 -1.000000 0.000000
vn 0.000000 -1.000000 0.000000
vn -0.000002 0.000002 1.000000
vn -0.000002 0.000002 1.000000
vn -0.000002 0.000000 1.000000
vn -0.000003 0.000001 1.000000
vn 0.000000 0.000000 1.000000
vn 0.000000 0.000000 1.000000
vn 0.000001 1.000000 0.000000
vn 0.000001 1.000000 -0.000000
vn 0.000000 0.000000 1.000000
vn 0.000000 0.000000 1.000000
vn 0.000000 -1.000000 0.000000
vn 0.000000 -1.000000 0.000000
vn 0.000000 -1.000000 0.000000
vn 0.000000 -1.000000 0.000000
vn 0.000000 -1.000000 0.000000
vn -0.000000 -1.000000 0.000001
vn 0.000000 0.000000 -1.000000
vn 0.000000 0.000000 -1.000000
vn 0.000001 1.000000 -0.000001
vn 0.000001 1.000000 -0.000001
vn -0.000001 0.000000 -1.000000
vn -0.000001 0.000000 -1.000000
vn 0.000003 -0.000001 -1.000000
vn -0.000000 -0.000001 -1.000000
vn -0.000001 -0.852045 0.523469
vn -0.000001 -0.852045 0.523469
vn 0.000000 -0.451498 -0.892272
vn 0.000000 -0.451498 -0.892272
vn 0.000000 0.852045 -0.523469
vn 0.000000 0.852045 -0.523468
vn 0.000000 0.852045 -0.523468
vn 0.000000 0.852045 0.523468
vn 0.000000 0.852045 0.523468
vn 0.000000 0.852045 0.523469
vn 0.000000 -0.451498 0.892272
vn 0.000000 -0.451498 0.892272
vn 0.000000 -0.852045 -0.523468
vn 0.000000 -0.852046 -0.523467
vn 0.000000 -0.852046 -0.523468
vn 0.000000 -0.852045 -0.523468
vn 0.000000 -0.852045 -0.523469
vn 0.000000 -0.852045 -0.523469
vn 0.000000 1.000000 0.000000
vn 0.000000 1.000000 0.000000
vn 0.000000 1.000000 -0.000000
vn 0.000000 1.000000 -0.000000
vn 0.000000 1.000000 -0.000000
vn 0.003097 0.000371 0.999995
vn 0.003097 0.000371 0.999995
vn 0.003097 0.000371 0.999995
vn 0.003097 0.000371 0.999995
vn -0.999968 0.000856 -0.008002
vn -0.999968 0.000856 -0.008002
vn -0.999968 0.000856 -0.008002
vn -0.999968 0.000856 -0.008002
vn -0.000001 0.000000 -1.000000
vn -0.000001 0.000000 -1.000000
vn -0.000001 0.000000 -1.000000
vn -0.000001 0.000000 -1.000000
vn 1.000000 -0.000000 0.000000
vn 1.000000 -0.000000 0.000000
vn 1.000000 -0.000000 0.000000
vn 1.000000 -0.000000 0.000000
vn 0.000001 1.000000 -0.000000
vn 0.000001 1.000000 0.000000
vn 0.000001 1.000000 -0.000000
vn 0.000001 1.000000 0.000000
vn 0.000001 1.000000 0.000000
vn 0.000001 -0.852046 -0.523467
vn 0.000000 -0.852046 -0.523468
vn -0.000001 -0.852046 -0.523468
vn -0.000001 -0.852045 -0.523468
vn -0.000000 -0.852046 -0.523468
vn -0.000001 -0.852045 -0.523468
vn 1.000000 -0.000001 0.000000
vn 1.000000 -0.000001 0.000000
vn 1.000000 -0.000001 0.000000
vn 1.000000 -0.000001 0.000000
vn 0.000001 -0.000002 -1.000000
vn 0.000001 -0.000002 -1.000000
vn 0.000001 -0.000002 -1.000000
vn 0.000001 -0.000002 -1.000000
vn -1.000000 -0.000000 0.000000
vn -1.000000 -0.000000 0.000000
vn -1.000000 -0.000000 0.000000
vn -1.000000 -0.000000 0.000000
vn -0.000001 -0.003914 0.999992
vn -0.000001 -0.003914 0.999992
vn -0.000001 -0.003914 0.999992
vn -0.000001 -0.003914 0.999992
vn 0.000000 1.000000 0.000000
vn 0.000000 1.000000 0.000000
vn 0.000000 1.000000 0.000000
vn 0.000001 1.000000 0.000000
vn 0.000001 1.000000 0.000000
vn 0.000001 1.000000 0.000000
vn 0.000002 0.000000 -1.000000
vn 0.000004 0.000000 -1.000000
vn 0.000000 0.000000 -1.000000
vn 0.000000 0.000000 -1.000000
vn 0.000000 0.000000 -1.000000
vn 0.000000 0.000000 -1.000000
vn 0.000000 0.000000 1.000000
vn 0.000000 0.000000 1.000000
vn 0.000000 0.000000 1.000000
vn 0.000000 0.000000 1.000000
vn 0.000000 0.000000 1.000000
vn 0.000000 0.000000 1.000000
vn -0.000002 0.000000 1.000000
vn -0.000004 0.000000 1.000000
vn 0.000000 0.000000 1.000000
vn 0.000000 0.000000 1.000000
vn -0.000000 0.000000 1.000000
vn -0.000000 0.000000 1.000000
vn 0.000000 0.000000 1.000000
vn 0.000000 0.000000 1.000000
vn 0.000000 0.000000 1.000000
vn -0.000000 0.000000 1.000000
vn 0.000000 -0.873829 0.486234
vn 0.000000 -0.873829 0.486234
vn 0.000000 -0.873829 0.486234
vn 0.000000 -0.873829 0.486234
vn 0.876701 0.000000 0.481035
vn 0.876702 0.000000 0.481035
vn 0.876702 0.000000 0.481035
vn 0.876701 0.000000 0.481035
vn 0.000000 0.873829 0.486234
vn 0.000000 0.873829 0.486234
vn 0.000000 0.873829 0.486234
vn 0.000000 0.873829 0.486234
vn -0.876695 0.000000 0.481046
vn -0.876696 0.000000 0.481046
vn -0.876696 0.000000 0.481046
vn -0.876696 0.000000 0.481046
vn 0.000000 0.924939 0.380115
vn 0.000000 0.924939 0.380116
vn 0.000000 0.924939 0.380116
vn 0.000000 0.924939 0.380116
vn 1.000000 -0.000000 0.000000
vn 1.000000 -0.000000 0.000000
vn 1.000000 -0.000000 0.000000
vn 1.000000 -0.000000 0.000000
vn 0.000000 -0.000002 -1.000000
vn 0.000000 -0.000002 -1.000000
vn 0.000000 -0.000002 -1.000000
vn 0.000000 -0.000002 -1.000000
vn -0.999992 0.000284 -0.003982
vn -0.999992 0.000284 -0.003982
vn -0.999992 0.000284 -0.003982
vn -0.999992 0.000284 -0.003982
vn 0.007218 -0.001682 0.999973
vn 0.007218 -0.001682 0.999973
vn 0.007218 -0.001682 0.999973
vn 0.007218 -0.001682 0.999973
vn -0.000002 -0.000000 1.000000
vn -0.000002 -0.000000 1.000000
vn -0.000002 -0.000000 1.000000
vn -0.000002 -0.000000 1.000000
vn -1.000000 0.000000 0.000000
vn -1.000000 0.000000 0.000000
vn -1.000000 0.000000 0.000000
vn -1.000000 0.000000 0.000000
vn 0.000000 -0.000000 -1.000000
vn 0.000000 -0.000000 -1.000000
vn 0.000000 -0.000000 -1.000000
vn 0.000000 -0.000000 -1.000000
vn 1.000000 -0.000000 0.000000
vn 1.000000 -0.000000 0.000000
vn 1.000000 -0.000000 0.000000
vn 1.000000 -0.000000 0.000000
vn -0.224972 0.935325 0.273047
vn 0.230749 0.934127 0.272327
vn 0.228972 0.934051 0.274081
vn -0.227149 0.935416 0.270925
vn -0.229227 0.934620 -0.271921
vn -0.228871 0.934606 -0.272267
vn 0.227803 0.934764 -0.272620
vn 0.227817 0.934765 -0.272607
vn -0.229244 0.934272 0.273098
vn 0.229244 0.934273 0.273095
vn 0.229214 0.934272 0.273125
vn -0.229214 0.934271 0.273127
vn -0.229339 0.934663 -0.271679
vn -0.229367 0.934664 -0.271651
vn 0.229339 0.934664 -0.271676
vn 0.229368 0.934665 -0.271648
vn 0.000000 0.000000 1.000000
vn 0.000000 0.000000 1.000000
vn 0.000000 0.000000 1.000000
vn 0.000000 0.000000 1.000000
vn 0.000000 0.000000 1.000000
vn 0.000000 0.000000 1.000000
vn 0.000000 -0.000000 1.000000
vn 0.000000 -0.000000 1.000000
vn 0.000000 -0.000000 1.000000
vn 0.000000 -0.000000 1.000000
vn -0.000000 0.000000 1.000000
vn -0.000000 0.000000 1.000000
vn -0.000000 0.000000 1.000000
vn -0.000000 0.000000 1.000000
vn 0.000000 0.000000 1.000000
vn 0.000000 0.000000 1.000000
vn 0.000001 0.000000 -1.000000
vn 0.000000 0.000000 -1.000000
vn 0.000000 0.000000 -1.000000
vn 0.000000 0.000000 -1.000000
vn -0.000000 0.000000 -1.000000
vn -0.000001 0.000000 -1.000000
vn 0.000000 0.000000 1.000000
vn -0.000000 0.000000 1.000000
vn -0.000000 0.000000 1.000000
vn 0.000000 0.000000 1.000000
vn 0.000000 0.000000 1.000000
vn 0.000000 0.000000 1.000000
vn 0.000000 -0.924941 0.380112
vn 0.000000 -0.924941 0.380112
vn 0.000000 -0.924940 0.380112
vn 0.000000 -0.924940 0.380112
vn 0.000000 0.000000 1.000000
vn 0.000000 0.000000 1.000000
vn 0.000000 0.000000 1.000000
vn 0.000000 0.000000 1.000000
vn 0.000000 0.000000 1.000000
vn 0.000000 0.000000 1.000000
vn 0.000000 0.000000 1.000000
vn 0.000000 0.000000 1.000000
vn -0.000000 1.000000 0.000000
vn -0.000000 1.000000 0.000000
vn -0.000000 1.000000 0.000000
vn -0.000000 1.000000 0.000000
vn -0.000000 0.924939 0.380117
vn -0.000000 0.924939 0.380117
vn -0.000000 0.924939 0.380117
vn -0.000000 0.924939 0.380117
vn -0.924939 0.000000 0.380116
vn -0.924939 0.000000 0.380115
vn -0.924939 0.000000 0.380115
vn -0.924939 0.000000 0.380116
vn -0.924939 0.000000 0.380115
vn -0.924939 0.000000 0.380115
vn -0.000000 -0.924939 0.380115
vn -0.000000 -0.924939 0.380115
vn -0.000000 -0.924939 0.380115
vn -0.000000 -0.924939 0.380115
vn 0.924939 0.000000 0.380116
vn 0.924939 0.000000 0.380116
vn 0.924939 0.000000 0.380116
vn 0.924939 0.000000 0.380116
vn 0.000000 0.924939 0.380115
vn 0.000000 0.924939 0.380115
vn 0.000000 0.924939 0.380115
vn 0.000000 0.924939 0.380115
vn 0.000000 -0.924940 0.380114
vn 0.000000 -0.924940 0.380114
vn 0.000000 -0.924940 0.380114
vn 0.000000 -0.924940 0.380114
vn 0.924939 0.000000 0.380116
vn 0.924939 0.000000 0.380116
vn 0.000000 0.000000 1.000000
vn 0.000000 0.000000 1.000000
vn -0.000000 0.000000 1.000000
vn 0.000001 0.000000 1.000000
vn 0.000000 0.000000 1.000000
vn -0.000000 0.000000 1.000000
vn -0.000001 0.000000 1.000000
vn 0.000000 0.000000 1.000000
vn 0.000001 0.000000 1.000000
vn 0.000000 0.000000 1.000000
vn 0.000000 0.000000 1.000000
vn 0.000001 0.000000 1.000000
vn -0.000001 0.000000 1.000000
vn -0.000001 0.000000 1.000000
vn -0.000001 0.000000 1.000000
vn -0.000001 0.000000 1.000000
vn -0.000002 0.000000 1.000000
vn -0.000001 0.000000 1.000000
vn -0.000001 0.000000 1.000000
vn -0.000001 0.000000 1.000000
vn -0.000000 0.000000 1.000000
vn -0.000001 0.000000 1.000000
vn -0.000001 0.000000 1.000000
vn 0.000001 0.000000 1.000000
vn 0.000001 0.000000 1.000000
vn 0.000001 0.000000 1.000000
vn 0.000001 0.000000 1.000000
vn 0.000001 0.000000 1.000000
vn -0.000000 -0.890196 0.455577
vn -0.000000 -0.890196 0.455577
vn -0.000000 -0.890196 0.455577
vn -0.000000 -0.890196 0.455577
vn 0.890195 0.000000 0.455581
vn 0.890195 0.000000 0.455581
vn 0.890195 0.000000 0.455581
vn 0.890195 0.000000 0.455581
vn -0.005120 0.890180 0.455581
vn -0.005120 0.890179 0.455581
vn -0.005120 0.890180 0.455581
vn -0.005120 0.890180 0.455581
vn -0.890195 0.000000 0.455579
vn -0.890195 0.000000 0.455579
vn -0.890195 0.000000 0.455579
vn -0.890195 0.000000 0.455579
vn 0.005120 0.890180 0.455580
vn 0.005120 0.890180 0.455580
vn 0.005120 0.890180 0.455580
vn 0.005120 0.890180 0.455580
vn -0.890195 0.000000 0.455580
vn -0.890195 0.000000 0.455580
vn -0.890195 0.000000 0.455580
vn -0.890195 0.000000 0.455580
vn 0.000000 -0.890194 0.455581
vn 0.000000 -0.890194 0.455581
vn 0.000000 -0.890194 0.455581
vn 0.000000 -0.890194 0.455581
vn 0.890195 0.000000 0.455579
vn 0.890195 0.000000 0.455579
vn 0.890195 0.000000 0.455579
vn 0.890195 0.000000 0.455579
vn 0.000000 0.890196 0.455578
vn 0.000000 0.890196 0.455578
vn 0.000000 0.890196 0.455578
vn 0.000000 0.890196 0.455578
vn -0.890195 0.000000 0.455581
vn -0.890195 0.000000 0.455581
vn -0.890195 0.000000 0.455581
vn -0.890195 0.000000 0.455581
vn -0.005120 -0.890180 0.455581
vn -0.005120 -0.890180 0.455581
vn -0.005120 -0.890180 0.455581
vn -0.005120 -0.890180 0.455581
vn 0.890197 -0.000001 0.455575
vn 0.890197 -0.000001 0.455575
vn 0.890197 -0.000001 0.455575
vn 0.890197 -0.000001 0.455575
vn 0.000000 -0.890196 0.455578
vn 0.000000 -0.890196 0.455578
vn 0.000000 -0.890196 0.455578
vn 0.000000 -0.890196 0.455578
vn 0.890198 0.000001 0.455574
vn 0.890198 0.000001 0.455574
vn 0.890198 0.000001 0.455574
vn 0.890198 0.000001 0.455574
vn 0.000000 0.890198 0.455574
vn 0.000000 0.890198 0.455574
vn 0.000000 0.890198 0.455574
vn 0.000000 0.890198 0.455574
vn -0.890198 0.000001 0.455574
vn -0.890198 0.000001 0.455574
vn -0.890198 0.000001 0.455574
vn -0.890198 0.000001 0.455574
vn 0.890195 0.000000 0.455580
vn 0.890195 0.000000 0.455579
vn 0.890195 0.000000 0.455579
vn 0.890195 0.000000 0.455579
vn 0.000000 0.890197 0.455576
vn 0.000000 0.890197 0.455576
vn 0.000000 0.890197 0.455576
vn 0.000000 0.890197 0.455576
vn -0.890198 -0.000001 0.455575
vn -0.890198 -0.000001 0.455575
vn -0.890198 -0.000001 0.455575
vn -0.890198 -0.000001 0.455575
vn 0.005120 -0.890181 0.455578
vn 0.005120 -0.890181 0.455578
vn 0.005120 -0.890181 0.455578
vn 0.005120 -0.890181 0.455578
vn 0.000000 0.000000 -1.000000
vn 0.000001 0.000000 -1.000000
vn 0.000001 0.000000 -1.000000
vn 0.000000 0.000000 -1.000000
vn 0.000000 0.852046 0.523468
vn 0.000000 0.852046 0.523468
vn 0.000000 0.852046 0.523468
vn 0.000000 0.852046 0.523468
vn 1.000000 0.000003 0.000000
vn 1.000000 0.000001 0.000000
vn 1.000000 0.000001 0.000000
vn 0.000000 0.852046 -0.523468
vn 0.000000 0.852046 -0.523468
vn 0.000000 0.852045 -0.523468
vn 0.000000 0.852046 -0.523468
vn 0.000000 -0.451498 0.892272
vn 0.000000 -0.451498 0.892272
vn 0.000000 -0.451498 0.892272
vn 0.000000 -0.451498 0.892272
vn 1.000000 0.000000 0.000000
vn 1.000000 0.000000 0.000000
vn 1.000000 0.000000 0.000000
vn 1.000000 0.000000 0.000000
vn 0.000000 -0.451498 -0.892272
vn 0.000000 -0.451498 -0.892272
vn 0.000000 -0.451498 -0.892272
vn 0.000000 -0.451498 -0.892272
vn 1.000000 -0.000000 0.000000
vn 1.000000 -0.000000 0.000000
vn 1.000000 0.000000 0.000000
vn 1.000000 0.000000 0.000000
vn 0.000000 0.852045 0.523468
vn 0.000000 0.852045 0.523468
vn 0.000000 -0.852045 0.523468
vn 0.000000 -0.852045 0.523468
vn 0.000000 -0.852045 0.523468
vn 0.000000 -0.852045 0.523468
vn 0.000000 0.852045 -0.523468
vn 0.000000 0.852045 -0.523468
vn 1.000000 0.000000 0.000000
vn 1.000000 0.000000 0.000000
vn 0.000000 -1.000000 0.000000
vn 0.000000 -1.000000 -0.000000
vn 0.000000 -1.000000 -0.000000
vn 0.000000 -1.000000 0.000000
vn 1.000000 0.000000 0.000000
vn 1.000000 0.000000 0.000000
vn 1.000000 0.000000 0.000000
vn 1.000000 0.000000 0.000000
vn 0.000000 0.000000 -1.000000
vn 0.000000 0.000000 -1.000000
vn 0.000001 0.000000 -1.000000
vn 0.000000 0.000000 -1.000000
vn 1.000000 0.000000 0.000000
vn 1.000000 0.000000 0.000000
vn 1.000000 0.000000 0.000000
vn 1.000000 0.000000 0.000000
vn 0.000000 0.000000 1.000000
vn 0.000000 0.000000 1.000000
vn 0.000000 0.000000 1.000000
vn 0.000000 0.000000 1.000000
vn 0.000000 -1.000000 0.000000
vn 0.000000 -1.000000 0.000000
vn 0.000000 -1.000000 0.000000
vn 0.000000 -1.000000 0.000000
vn -0.000000 -1.000000 0.000000
vn 0.000000 -1.000000 -0.000000
vn 0.000000 -1.000000 -0.000000
vn -0.000000 -1.000000 0.000000
vn 0.000000 0.000000 -1.000000
vn 0.000000 0.000000 -1.000000
vn 0.000000 0.000000 -1.000000
vn 0.000000 0.000000 -1.000000
vn 0.000000 0.000000 -1.000000
vn 0.000000 0.000000 -1.000000
vn 0.000000 0.000000 -1.000000
vn 0.000000 0.000000 -1.000000
vn 0.000000 -0.852045 0.523469
vn 0.000000 -0.852045 0.523469
vn 0.000000 -0.852045 0.523469
vn 0.000000 -0.852045 0.523469
vn 0.000000 -0.451498 -0.892272
vn 0.000000 -0.451498 -0.892272
vn 0.000000 -0.451498 -0.892272
vn 0.000000 -0.451498 -0.892272
vn 0.000000 0.852045 -0.523468
vn 0.000000 0.852045 -0.523468
vn 0.000000 0.852045 -0.523468
vn 0.000000 0.852045 -0.523468
vn 0.000000 0.852046 -0.523468
vn 0.000000 0.852045 -0.523468
vn 0.000000 0.852045 0.523468
vn 0.000000 0.852046 0.523468
vn 0.000000 0.852045 0.523468
vn 0.000000 0.852045 0.523468
vn 0.000000 0.852045 0.523468
vn 0.000000 0.852045 0.523468
vn 0.000000 -0.451498 0.892272
vn 0.000000 -0.451498 0.892272
vn 0.000000 -0.451498 0.892272
vn 0.000000 -0.451498 0.892272
vn 0.000000 -0.852045 -0.523469
vn 0.000000 -0.852045 -0.523469
vn 0.000000 -0.852045 -0.523469
vn 0.000000 -0.852045 -0.523469
vn 0.000000 -1.000000 0.000000
vn 0.000000 -1.000000 0.000000
vn 0.000000 -1.000000 0.000000
vn 0.000000 -1.000000 0.000000
vn 0.000000 0.000000 1.000000
vn 0.000000 0.000000 1.000000
vn 0.000000 0.000000 1.000000
vn 0.000000 0.000000 1.000000
vn 0.000000 -1.000000 -0.000000
vn -0.000000 -1.000000 0.000000
vn -0.000000 0.000000 -1.000000
vn -0.000000 0.000000 -1.000000
vn 0.000000 0.000000 -1.000000
vn -0.000000 0.000000 -1.000000
vn 0.000000 -0.852045 0.523468
vn 0.000000 -0.852045 0.523468
vn 0.000000 -0.451498 -0.892272
vn 0.000000 -0.451498 -0.892272
vn 0.000000 0.852045 -0.523469
vn 0.000000 0.852045 -0.523468
vn 0.000000 0.852046 -0.523468
vn 0.000000 0.852046 0.523468
vn 0.000000 0.852045 0.523468
vn 0.000000 0.852045 0.523469
vn 0.000000 -0.451498 0.892272
vn 0.000000 -0.451498 0.892272
vn 0.000000 -0.852045 -0.523468
vn 0.000000 -0.852045 -0.523468
vn 0.000000 -1.000000 0.000000
vn 0.000000 -1.000000 0.000000
vn 0.000000 0.000000 1.000000
vn 0.000000 0.000000 1.000000
vn 0.000000 0.000000 1.000000
vn 0.000000 0.000000 1.000000
vn 0.000000 -1.000000 0.000000
vn 0.000000 -1.000000 -0.000000
vn -0.000000 0.000000 -1.000000
vn -0.000000 0.000000 -1.000000
vn 0.000000 0.000000 -1.000000
vn 0.000000 0.000000 -1.000000
vn 0.000000 -0.852045 0.523468
vn 0.000000 -0.852045 0.523468
vn 0.000000 -0.451498 -0.892272
vn 0.000000 -0.451498 -0.892272
vn 0.000000 0.852045 -0.523468
vn 0.000000 0.852045 -0.523468
vn 0.000000 0.852045 -0.523468
vn 0.000000 0.852045 0.523468
vn 0.000000 0.852045 0.523468
vn 0.000000 0.852045 0.523468
vn 0.000000 -0.451498 0.892272
vn 0.000000 -0.451498 0.892272
vn 0.000000 -0.852045 -0.523468
vn 0.000000 -0.852045 -0.523468
vn 0.000000 -1.000000 0.000000
vn 0.000000 -1.000000 0.000000
vn 0.000000 0.000000 1.000000
vn 0.000000 0.000000 1.000000
vn -0.000000 0.000000 1.000000
vn -0.000000 0.000000 1.000000
vn -0.000000 0.000000 1.000000
vn -0.000000 0.000000 1.000000
vn 0.000000 0.000001 1.000000
vn 0.000000 0.000001 1.000000
vn 0.000000 0.000000 1.000000
vn 0.000000 0.000000 1.000000
vn 0.000000 0.000001 1.000000
vn 0.000000 0.000001 1.000000
vn 0.000000 0.000000 1.000000
vn 0.000000 0.000000 1.000000
vn 0.000000 0.000000 1.000000
vn 0.000000 0.000000 1.000000
vn 0.000000 0.000000 1.000000
vn 0.000000 0.000000 1.000000
vn 1.000000 0.000000 0.000000
vn 1.000000 0.000000 0.000000
vn 1.000000 0.000000 0.000000
vn 1.000000 0.000000 0.000000
vn 0.000000 0.000000 -1.000000
vn 0.000000 0.000000 -1.000000
vn -0.000000 0.000000 -1.000000
vn -0.000000 0.000000 -1.000000
vn 0.000000 0.000000 -1.000000
vn 0.000000 0.000000 -1.000000
vn 0.000000 0.000000 -1.000000
vn 0.000000 0.000000 -1.000000
vn -0.000000 0.000000 -1.000000
vn -0.000000 0.000000 -1.000000
vn -0.000000 0.000000 -1.000000
vn -0.000000 0.000000 -1.000000
vn 0.000000 0.000000 1.000000
vn 0.000000 0.000000 1.000000
vn -0.000001 0.000000 1.000000
vn -0.000001 0.000000 1.000000
vn 0.000000 0.000000 1.000000
vn 0.000000 0.000000 1.000000
vn 0.000000 0.000000 1.000000
vn 0.000000 0.000000 1.000000
vn 0.000000 0.000000 1.000000
vn 0.000000 0.000000 1.000000
vn 0.000000 0.000000 1.000000
vn 0.000000 0.000000 1.000000
vn 0.000000 0.000000 1.000000
vn 0.000000 0.000000 1.000000
vn 0.000000 0.000000 1.000000
vn 0.000000 0.000000 1.000000
vn -0.000001 1.000000 -0.000001
vn -0.000001 1.000000 -0.000001
vn -0.000001 1.000000 -0.000001
vn -0.000001 1.000000 -0.000001
vn 1.000000 0.000000 0.000000
vn 1.000000 0.000000 0.000000
vn 0.000000 -1.000000 0.000001
vn 0.000000 -1.000000 0.000001
vn 0.000000 1.000000 -0.000001
vn -0.000000 1.000000 -0.000001
vn -0.000000 1.000000 -0.000001
vn 0.000000 1.000000 -0.000001
vn -0.000000 -1.000000 0.000001
vn 0.000000 -1.000000 0.000001
vn 0.000000 1.000000 -0.000001
vn 0.000000 1.000000 -0.000001
vn -0.000000 -1.000000 0.000001
vn 0.000001 1.000000 -0.000001
vn 0.000001 1.000000 -0.000001
vn -0.000000 -1.000000 0.000001
vn 0.000000 -1.000000 0.000000
vn 0.000000 -1.000000 0.000000
vn 0.000000 -1.000000 0.000000
vn 0.000000 -1.000000 0.000000
vn 0.000000 1.000000 -0.000000
vn 0.000001 1.000000 0.000000
vn 0.000001 1.000000 0.000000
vn 0.000000 1.000000 0.000000
vn 0.000000 -1.000000 0.000000
vn 0.000000 -1.000000 0.000000
vn -0.000000 1.000000 -0.000000
vn 0.000000 1.000000 0.000000
vn 0.000000 -1.000000 0.000000
vn 0.000000 -1.000000 0.000000
vn 0.000000 1.000000 -0.000000
vn 0.000000 1.000000 0.000000
vn 0.000000 -1.000000 0.000000
vn 0.000000 -1.000000 0.000000
vn 0.000000 -1.000000 0.000000
vn 0.000000 -1.000000 0.000000
vn 1.000000 0.000000 0.000000
vn 1.000000 0.000000 0.000000
vn 1.000000 0.000000 0.000000
vn 1.000000 0.000000 0.000000
vn 0.000000 -1.000000 0.000000
vn 0.000000 -1.000000 0.000000
vn 0.000000 -1.000000 0.000000
vn 0.000000 -1.000000 0.000000
vn 0.000000 -1.000000 0.000000
vn 0.000000 -1.000000 0.000000
vn 1.000000 0.000000 0.000000
vn 1.000000 0.000000 0.000000
vn 0.000000 1.000000 0.000000
vn 0.000000 1.000000 -0.000000
vn 0.000000 1.000000 0.000000
vn 0.000000 1.000000 0.000000
vn 0.000000 1.000000 -0.000000
vn -0.000000 1.000000 -0.000000
vn 0.000000 1.000000 -0.000000
vn 0.000001 1.000000 -0.000000
vn 0.000000 0.000000 1.000000
vn 0.000000 0.000000 1.000000
vn 0.000000 1.000000 -0.000000
vn 0.000001 0.000000 1.000000
vn 0.000001 0.000000 1.000000
vn 0.000000 -0.852045 -0.523468
vn 0.000000 -0.852045 -0.523469
vn 0.000000 0.000000 1.000000
vn 0.000000 0.000000 1.000000
vn 0.000000 -1.000000 0.000000
vn 0.000000 -1.000000 0.000000
vn 0.000000 0.000000 1.000000
vn 0.000000 0.000000 1.000000
vn 0.000000 0.000000 1.000000
vn 0.000000 0.000000 1.000000
vn 0.000001 1.000000 0.000000
vn 0.000001 1.000000 0.000000
vn 0.000001 0.000000 1.000000
vn 0.000001 0.000000 1.000000
vn 0.000000 -1.000000 0.000000
vn 0.000000 -1.000000 0.000000
vn 0.000000 -1.000000 0.000000
vn 0.000000 -1.000000 -0.000000
vn -0.000000 -1.000000 0.000000
vn -0.000000 -1.000000 0.000001
vn 0.000000 0.000000 -1.000000
vn 0.000000 0.000000 -1.000000
vn 0.000001 1.000000 -0.000001
vn 0.000001 1.000000 -0.000001
vn -0.000001 0.000000 -1.000000
vn -0.000001 0.000000 -1.000000
vn 0.000000 0.000000 -1.000000
vn -0.000001 0.000000 -1.000000
vn 0.000000 -0.852045 0.523468
vn 0.000000 -0.852045 0.523468
vn 0.000000 -0.451498 -0.892272
vn 0.000000 -0.451498 -0.892272
vn 0.000000 0.852045 -0.523469
vn 0.000000 0.852046 -0.523468
vn 0.000000 0.852046 -0.523467
vn 0.000000 0.852046 0.523467
vn 0.000000 0.852046 0.523468
vn 0.000000 0.852045 0.523469
vn 0.000000 -0.451498 0.892272
vn 0.000000 -0.451498 0.892272
vn 0.000000 -0.852046 -0.523468
vn 0.000000 -0.852045 -0.523469
vn 0.000000 -0.852045 -0.523470
vn 0.000000 -0.852046 -0.523468
vn 0.000000 -0.852044 -0.523470
vn 0.000000 -0.852045 -0.523468
vn 0.000000 1.000000 0.000000
vn 0.000000 1.000000 0.000000
vn 0.000000 1.000000 -0.000000
vn 0.000000 1.000000 -0.000000
vn 0.000000 1.000000 -0.000000
vn 0.003097 0.000371 0.999995
vn 0.003097 0.000371 0.999995
vn 0.003097 0.000371 0.999995
vn 0.003097 0.000371 0.999995
vn -0.999968 0.000856 -0.008007
vn -0.999968 0.000856 -0.008007
vn -0.999968 0.000856 -0.008007
vn -0.999968 0.000856 -0.008007
vn -0.000001 0.000000 -1.000000
vn -0.000001 0.000000 -1.000000
vn -0.000001 0.000000 -1.000000
vn -0.000001 0.000000 -1.000000
vn 1.000000 0.000000 -0.000003
vn 1.000000 0.000000 -0.000003
vn 1.000000 0.000000 -0.000003
vn 1.000000 0.000000 -0.000003
vn 0.000001 1.000000 0.000000
vn 0.000001 1.000000 0.000000
vn 0.000001 1.000000 0.000000
vn 0.000001 1.000000 0.000000
vn 0.000001 1.000000 0.000000
vn 0.000001 -0.852044 -0.523471
vn 0.000000 -0.852044 -0.523471
vn -0.000001 -0.852047 -0.523466
vn -0.000001 -0.852047 -0.523466
vn -0.000000 -0.852045 -0.523468
vn -0.000001 -0.852046 -0.523467
vn 1.000000 0.000000 0.000000
vn 1.000000 0.000000 0.000000
vn 1.000000 0.000000 0.000000
vn 1.000000 0.000000 0.000000
vn 0.000001 -0.000002 -1.000000
vn 0.000001 -0.000002 -1.000000
vn 0.000001 -0.000002 -1.000000
vn 0.000001 -0.000002 -1.000000
vn -1.000000 -0.000000 0.000000
vn -1.000000 -0.000000 0.000000
vn -1.000000 -0.000000 0.000000
vn -1.000000 -0.000000 0.000000
vn -0.000001 -0.003914 0.999992
vn -0.000001 -0.003914 0.999992
vn -0.000001 -0.003914 0.999992
vn -0.000001 -0.003914 0.999992
vn -0.791511 -0.000000 0.611155
vn -0.791511 -0.000000 0.611155
vn -0.791512 0.000000 0.611154
vn -0.791512 0.000000 0.611154
vn 0.791512 0.000000 0.611154
vn 0.791512 0.000000 0.611154
vn 0.791511 -0.000000 0.611156
vn 0.791510 -0.000000 0.611156
vn 0.000000 1.000000 0.000000
vn 0.000000 1.000000 -0.000000
vn 0.000000 1.000000 -0.000000
vn 0.000001 1.000000 -0.000000
vn 0.000001 1.000000 -0.000000
vn 0.000001 1.000000 0.000000
vn 0.000000 0.000000 -1.000000
vn 0.000000 0.000000 -1.000000
vn 0.000000 0.000000 -1.000000
vn 0.000000 0.000000 -1.000000
vn 0.000000 0.000000 -1.000000
vn 0.000000 0.000000 -1.000000
vn 0.000000 0.000000 -1.000000
vn 1.000000 0.000000 0.000000
vn 0.000000 0.000000 1.000000
vn 0.000000 0.000000 1.000000
vn 0.000000 0.000000 1.000000
vn 0.000000 0.000000 1.000000
vn 0.000000 0.000000 1.000000
vn 0.000000 0.000000 1.000000
vn 0.000000 0.000000 1.000000
vn 0.000000 0.000000 1.000000
vn -0.000001 0.000000 1.000000
vn 0.000000 0.000000 1.000000
vn 0.000000 0.000000 1.000000
vn -0.000001 0.000000 1.000000
vn 0.000000 0.000000 1.000000
vn -0.000001 0.000000 1.000000
vn -0.000001 0.000000 1.000000
vn 0.000000 0.000000 1.000000
vn 0.000001 0.000000 1.000000
vn 0.000001 0.000000 1.000000
vn 0.000001 0.000000 1.000000
vn 0.000001 0.000000 1.000000
vn 0.000000 0.955685 0.294392
vn 0.000000 0.955685 0.294392
vn 0.000000 0.955685 0.294392
vn 0.000000 0.955685 0.294392
vn 0.000000 0.990747 0.135720
vn 0.000000 0.990747 0.135720
vn 0.000000 0.990747 0.135720
vn 0.000000 0.990747 0.135720
vn 0.000000 -0.955685 0.294393
vn 0.000000 -0.955685 0.294392
vn 0.000000 -0.955685 0.294392
vn 0.000000 -0.955685 0.294393
vn -0.791509 0.000000 0.611157
vn -0.791509 0.000000 0.611157
vn -0.791510 0.000000 0.611157
vn -0.791510 0.000000 0.611157
vn 0.944837 0.000000 0.327542
vn 0.944837 0.000000 0.327542
vn 0.944837 0.000000 0.327542
vn 0.944837 0.000000 0.327542
vn 0.000000 0.955685 0.294392
vn 0.000000 0.955685 0.294392
vn 0.791509 0.000000 0.611157
vn 0.791509 0.000000 0.611157
vn 0.791510 0.000000 0.611157
vn 0.791510 0.000000 0.611157
vn -0.944837 0.000000 0.327542
vn -0.944837 0.000000 0.327542
vn -0.944837 0.000000 0.327542
vn -0.944837 0.000000 0.327542
vn 0.000000 0.990747 0.135721
vn 0.000000 0.990747 0.135721
vn 0.000000 -0.955685 0.294392
vn 0.000000 -0.955685 0.294392
vn 1.000000 -0.000001 0.000000
vn 1.000000 -0.000001 0.000000
vn 1.000000 -0.000001 0.000000
vn 1.000000 -0.000001 0.000000
vn 0.000000 -0.000002 -1.000000
vn 0.000000 -0.000002 -1.000000
vn 0.000000 -0.000002 -1.000000
vn 0.000000 -0.000002 -1.000000
vn -0.999992 0.000284 -0.003980
vn -0.999992 0.000284 -0.003980
vn -0.999992 0.000284 -0.003980
vn -0.999992 0.000284 -0.003980
vn 0.007218 -0.001682 0.999973
vn 0.007218 -0.001682 0.999973
vn 0.007218 -0.001682 0.999973
vn 0.007218 -0.001682 0.999973
vn -0.000002 -0.000000 1.000000
vn -0.000002 -0.000000 1.000000
vn -0.000002 -0.000000 1.000000
vn -0.000002 -0.000000 1.000000
vn -1.000000 0.000000 0.000000
vn -1.000000 0.000000 0.000000
vn -1.000000 0.000000 0.000000
vn -1.000000 0.000000 0.000000
vn 0.000000 -0.000000 -1.000000
vn 0.000000 -0.000000 -1.000000
vn 0.000000 -0.000000 -1.000000
vn 0.000000 -0.000000 -1.000000
vn 1.000000 -0.000000 0.000000
vn 1.000000 -0.000000 0.000000
vn 1.000000 -0.000000 0.000000
vn 1.000000 -0.000000 0.000000
vn -0.224970 0.935326 0.273047
vn 0.230746 0.934127 0.272329
vn 0.228973 0.934051 0.274079
vn -0.227148 0.935416 0.270924
vn -0.229229 0.934620 -0.271919
vn -0.228870 0.934606 -0.272269
vn 0.227804 0.934764 -0.272621
vn 0.227817 0.934764 -0.272608
vn -0.229242 0.934273 0.273097
vn 0.229244 0.934273 0.273097
vn 0.229214 0.934271 0.273127
vn -0.229212 0.934272 0.273126
vn -0.229337 0.934663 -0.271678
vn -0.229366 0.934665 -0.271650
vn 0.229339 0.934663 -0.271678
vn 0.229368 0.934664 -0.271650
vn 0.000000 0.000000 1.000000
vn 0.000000 0.000000 1.000000
vn 0.000000 0.000000 1.000000
vn 0.791510 -0.000001 0.611156
vn 0.791510 -0.000001 0.611156
vn 0.000000 0.000001 1.000000
vn 0.000000 0.000001 1.000000
vn 0.000000 0.000001 1.000000
vn 0.000000 0.000001 1.000000
vn -0.791510 0.000000 0.611156
vn -0.791510 0.000000 0.611156
vn -0.000000 0.000000 1.000000
vn -0.000000 0.000000 1.000000
vn 0.000000 0.000000 1.000000
vn 0.000001 0.000000 -1.000000
vn 0.000000 0.000000 -1.000000
vn 0.000000 0.000000 -1.000000
vn 0.000000 0.000000 -1.000000
vn 0.000000 0.000000 -1.000000
vn -0.000000 0.000000 -1.000000
vn -0.000001 0.000000 -1.000000
vn 0.000000 0.000000 1.000000
vn -0.000000 0.000000 1.000000
vn -0.000000 0.000000 1.000000
vn -0.791513 0.000001 0.611153
vn -0.791513 0.000001 0.611153
vn 0.000000 0.000001 1.000000
vn 0.000000 0.000001 1.000000
vn 0.000000 0.000001 1.000000
vn 0.000000 0.000001 1.000000
vn 0.791512 0.000000 0.611153
vn 0.791512 0.000000 0.611153
vn 0.000000 0.000000 1.000000
vn 0.000000 0.000000 1.000000
vn 0.000000 0.000000 1.000000
vn 0.000000 -0.852046 -0.523468
vn 0.000000 -0.852046 -0.523468
vn 0.000000 -0.852046 -0.523468
vn 0.000000 0.852045 0.523468
vn 0.000000 0.852046 0.523468
vn 0.000000 -0.852046 0.523468
vn 0.000000 -0.852046 0.523468
vn 0.000000 -0.852046 0.523468
vn 0.000000 0.852046 -0.523468
vn 0.000000 0.852045 -0.523468
vn 0.000000 0.852045 0.523468
vn 0.000000 -0.451498 0.892272
vn 0.000000 -0.451498 0.892272
vn 0.000000 -0.852045 -0.523469
vn 0.000000 -0.852045 0.523469
vn 0.000000 -0.451498 -0.892272
vn 0.000000 -0.451498 -0.892272
vn 0.000000 0.852045 -0.523468
vn 0.000000 0.000000 -1.000000
vn 0.000001 0.000000 -1.000000
vn 0.000001 0.000000 -1.000000
vn 0.000000 0.000000 -1.000000
vn 0.000000 0.852046 0.523468
vn 0.000000 0.852046 0.523467
vn 0.000000 0.852046 0.523468
vn 0.000000 0.852046 0.523468
vn 0.000000 0.852046 -0.523467
vn 0.000000 0.852046 -0.523468
vn 0.000000 0.852046 -0.523468
vn 0.000000 0.852046 -0.523468
vn 0.000000 -0.451498 0.892272
vn 0.000000 -0.451498 0.892272
vn 0.000000 -0.451498 0.892272
vn 0.000000 -0.451498 0.892272
vn 0.000000 -0.451498 -0.892272
vn 0.000000 -0.451498 -0.892272
vn 0.000000 -0.451498 -0.892272
vn 0.000000 -0.451498 -0.892272
vn 0.000000 0.852045 0.523468
vn 0.000000 0.852045 0.523468
vn 0.000000 -0.852045 0.523469
vn 0.000000 -0.852045 0.523469
vn 0.000000 -0.852045 0.523469
vn 0.000000 -0.852045 0.523469
vn 0.000000 0.852045 -0.523468
vn 0.000000 0.852045 -0.523468
vn 0.000000 -1.000000 0.000000
vn 0.000000 -1.000000 -0.000000
vn 0.000000 -1.000000 -0.000000
vn 0.000000 -1.000000 0.000000
vn 0.000000 0.000000 -1.000000
vn 0.000000 0.000000 -1.000000
vn 0.000001 0.000000 -1.000000
vn 0.000000 0.000000 -1.000000
vn 0.000000 0.000000 1.000000
vn 0.000000 0.000000 1.000000
vn 0.000000 0.000000 1.000000
vn 0.000000 0.000000 1.000000
vn 0.000000 -1.000000 0.000000
vn 0.000000 -1.000000 0.000000
vn 0.000000 -1.000000 0.000000
vn 0.000000 -1.000000 0.000000
vn -0.000000 -1.000000 0.000000
vn 0.000000 -1.000000 -0.000000
vn 0.000000 -1.000000 -0.000000
vn -0.000000 -1.000000 0.000000
vn 0.000000 0.000000 -1.000000
vn 0.000000 0.000000 -1.000000
vn 0.000000 0.000000 -1.000000
vn 0.000000 0.000000 -1.000000
vn 0.000000 0.000000 -1.000000
vn 0.000000 0.000000 -1.000000
vn 0.000000 0.000000 -1.000000
vn 0.000000 0.000000 -1.000000
vn 0.000000 -0.852045 0.523469
vn 0.000000 -0.852045 0.523469
vn 0.000000 -0.852045 0.523469
vn 0.000000 -0.852045 0.523469
vn 0.000000 -0.451498 -0.892272
vn 0.000000 -0.451498 -0.892272
vn 0.000000 -0.451498 -0.892272
vn 0.000000 -0.451498 -0.892272
vn 0.000000 0.852045 -0.523468
vn 0.000000 0.852045 -0.523468
vn 0.000000 0.852045 -0.523468
vn 0.000000 0.852046 -0.523468
vn 0.000000 0.852046 -0.523468
vn 0.000000 0.852046 -0.523468
vn 0.000000 0.852045 0.523468
vn 0.000000 0.852046 0.523468
vn 0.000000 0.852046 0.523468
vn 0.000000 0.852046 0.523468
vn 0.000000 0.852045 0.523468
vn 0.000000 0.852045 0.523468
vn 0.000000 -0.451498 0.892272
vn 0.000000 -0.451498 0.892272
vn 0.000000 -0.451498 0.892272
vn 0.000000 -0.451498 0.892272
vn 0.000000 -0.852045 -0.523469
vn 0.000000 -0.852045 -0.523469
vn 0.000000 -0.852045 -0.523469
vn 0.000000 -0.852045 -0.523469
vn 0.000000 -1.000000 0.000000
vn 0.000000 -1.000000 0.000000
vn 0.000000 -1.000000 0.000000
vn 0.000000 -1.000000 0.000000
vn 0.000000 0.000000 1.000000
vn 0.000000 0.000000 1.000000
vn 0.000000 0.000000 1.000000
vn 0.000000 0.000000 1.000000
vn 0.000000 -1.000000 -0.000000
vn -0.000000 -1.000000 0.000000
vn -0.000000 0.000000 -1.000000
vn -0.000000 0.000000 -1.000000
vn 0.000000 0.000000 -1.000000
vn -0.000000 0.000000 -1.000000
vn 0.000000 -0.852045 0.523468
vn 0.000000 -0.852045 0.523468
vn 0.000000 -0.451498 -0.892272
vn 0.000000 -0.451498 -0.892272
vn 0.000000 0.852045 -0.523468
vn 0.000000 0.852045 -0.523468
vn 0.000000 0.852046 -0.523468
vn 0.000000 0.852046 0.523468
vn 0.000000 0.852045 0.523468
vn 0.000000 0.852045 0.523468
vn 0.000000 -0.451498 0.892272
vn 0.000000 -0.451498 0.892272
vn 0.000000 -0.852045 -0.523468
vn 0.000000 -0.852045 -0.523468
vn 0.000000 -1.000000 0.000000
vn 0.000000 -1.000000 0.000000
vn 0.000000 0.000000 1.000000
vn 0.000000 0.000000 1.000000
vn 0.000000 0.000000 1.000000
vn 0.000000 0.000000 1.000000
vn 0.000000 -1.000000 0.000000
vn 0.000000 -1.000000 -0.000000
vn -0.000000 0.000000 -1.000000
vn -0.000000 0.000000 -1.000000
vn 0.000000 0.000000 -1.000000
vn 0.000000 0.000000 -1.000000
vn 0.000000 -0.852045 0.523468
vn 0.000000 -0.852045 0.523468
vn 0.000000 -0.451498 -0.892272
vn 0.000000 -0.451498 -0.892272
vn 0.000000 0.852045 -0.523468
vn 0.000000 0.852045 -0.523468
vn 0.000000 0.852045 -0.523468
vn 0.000000 0.852045 0.523468
vn 0.000000 0.852045 0.523468
vn 0.000000 0.852045 0.523468
vn 0.000000 -0.451498 0.892272
vn 0.000000 -0.451498 0.892272
vn 0.000000 -0.852045 -0.523468
vn 0.000000 -0.852045 -0.523468
vn 0.000000 -1.000000 0.000000
vn 0.000000 -1.000000 0.000000
vn 0.000000 0.000000 1.000000
vn 0.000000 0.000000 1.000000
vn -0.000000 0.000000 1.000000
vn -0.000000 0.000000 1.000000
vn -0.000000 0.000000 1.000000
vn -0.000000 0.000000 1.000000
vn 0.000000 0.000001 1.000000
vn 0.000000 0.000001 1.000000
vn 0.000000 0.000000 1.000000
vn 0.000000 0.000000 1.000000
vn 0.000000 0.000001 1.000000
vn 0.000000 0.000001 1.000000
vn 0.000000 0.000000 1.000000
vn 0.000000 0.000000 1.000000
vn 0.000000 0.000000 1.000000
vn 0.000000 0.000000 1.000000
vn 0.000000 0.000000 1.000000
vn 0.000000 0.000000 1.000000
vn 0.000000 0.000000 -1.000000
vn 0.000000 0.000000 -1.000000
vn -0.000000 0.000000 -1.000000
vn -0.000000 0.000000 -1.000000
vn 0.000000 0.000000 -1.000000
vn 0.000000 0.000000 -1.000000
vn 0.000000 0.000000 -1.000000
vn 0.000000 0.000000 -1.000000
vn -0.000000 0.000000 -1.000000
vn -0.000000 0.000000 -1.000000
vn -0.000000 0.000000 -1.000000
vn -0.000000 0.000000 -1.000000
vn -0.000000 0.000000 1.000000
vn -0.000000 0.000000 1.000000
vn -0.000001 0.000000 1.000000
vn -0.000001 0.000000 1.000000
vn 0.000000 0.000000 1.000000
vn 0.000000 0.000000 1.000000
vn 0.000000 0.000000 1.000000
vn 0.000000 0.000000 1.000000
vn 0.000000 0.000000 1.000000
vn 0.000000 0.000000 1.000000
vn 0.000000 0.000000 1.000000
vn 0.000000 0.000000 1.000000
vn 0.000000 0.000000 1.000000
vn 0.000000 0.000000 1.000000
vn 0.000000 0.000000 1.000000
vn 0.000000 0.000000 1.000000
vn -0.000001 1.000000 -0.000001
vn -0.000001 1.000000 -0.000001
vn -0.000001 1.000000 -0.000001
vn -0.000001 1.000000 -0.000001
vn 0.000000 -1.000000 0.000001
vn 0.000000 -1.000000 0.000001
vn 0.000000 1.000000 -0.000001
vn -0.000000 1.000000 -0.000001
vn -0.000000 1.000000 -0.000001
vn 0.000000 1.000000 -0.000001
vn -0.000000 -1.000000 0.000001
vn 0.000000 -1.000000 0.000001
vn 0.000000 1.000000 -0.000001
vn 0.000000 1.000000 -0.000001
vn -0.000000 -1.000000 0.000001
vn 0.000001 1.000000 -0.000001
vn 0.000001 1.000000 -0.000001
vn -0.000000 -1.000000 0.000001
vn 0.000000 -1.000000 0.000000
vn 0.000000 -1.000000 0.000000
vn 0.000000 -1.000000 0.000000
vn 0.000000 -1.000000 0.000000
vn 0.000000 1.000000 0.000000
vn 0.000001 1.000000 -0.000000
vn 0.000001 1.000000 -0.000000
vn 0.000000 1.000000 0.000000
vn 0.000000 -1.000000 0.000000
vn 0.000000 -1.000000 0.000000
vn -0.000000 1.000000 0.000000
vn 0.000000 1.000000 0.000000
vn 0.000000 -1.000000 0.000000
vn 0.000000 -1.000000 0.000000
vn 0.000000 1.000000 0.000000
vn 0.000000 1.000000 0.000000
vn 0.000000 -1.000000 0.000000
vn 0.000000 -1.000000 0.000000
vn 0.000000 -1.000000 0.000000
vn 0.000000 -1.000000 0.000000
vn 0.000000 -1.000000 0.000000
vn 0.000000 -1.000000 0.000000
vn 0.000000 -1.000000 0.000000
vn 0.000000 -1.000000 0.000000
vn 0.000000 -1.000000 0.000000
vn 0.000000 -1.000000 0.000000
vn 0.000000 1.000000 0.000000
vn 0.000000 1.000000 0.000000
vn 0.000000 1.000000 -0.000000
vn 0.000000 1.000000 -0.000000
vn 0.000000 1.000000 0.000000
vn -0.000000 1.000000 0.000000
vn 0.000000 1.000000 -0.000000
vn 0.000001 1.000000 -0.000000
vn 0.000000 0.000000 1.000000
vn 0.000000 0.000000 1.000000
vn 0.000000 1.000000 0.000000
vn 0.000000 0.000000 1.000000
vn 0.000000 0.000000 1.000000
vn 0.000000 -0.852045 -0.523468
vn 0.000000 -0.852045 -0.523469
vn 0.000000 0.000000 1.000000
vn 0.000000 0.000000 1.000000
vn 0.000000 -1.000000 0.000000
vn 0.000000 -1.000000 0.000000
vn 0.000000 0.000000 1.000000
vn 0.000000 0.000000 1.000000
vn -0.000000 0.000000 1.000000
vn 0.000000 0.000000 1.000000
vn 0.000001 1.000000 0.000000
vn 0.000001 1.000000 -0.000000
vn 0.000000 0.000000 1.000000
vn 0.000000 0.000000 1.000000
vn 0.000000 -1.000000 0.000000
vn 0.000000 -1.000000 0.000000
vn 0.000000 -1.000000 0.000000
vn 0.000000 -1.000000 -0.000000
vn -0.000000 -1.000000 0.000000
vn -0.000000 -1.000000 0.000001
vn 0.000000 0.000000 -1.000000
vn 0.000000 0.000000 -1.000000
vn 0.000001 1.000000 -0.000001
vn 0.000001 1.000000 -0.000001
vn -0.000001 0.000000 -1.000000
vn -0.000001 0.000000 -1.000000
vn 0.000000 0.000000 -1.000000
vn -0.000001 0.000000 -1.000000
vn 0.000000 -0.852045 0.523468
vn 0.000000 -0.852045 0.523468
vn 0.000000 -0.451498 -0.892272
vn 0.000000 -0.451498 -0.892272
vn 0.000000 0.852045 -0.523468
vn 0.000000 0.852045 -0.523468
vn 0.000000 0.852046 -0.523468
vn 0.000000 0.852046 0.523468
vn 0.000000 0.852045 0.523468
vn 0.000000 0.852045 0.523468
vn 0.000000 -0.451498 0.892272
vn 0.000000 -0.451498 0.892272
vn 0.000000 -0.852045 -0.523468
vn 0.000000 -0.852045 -0.523469
vn 0.000000 -0.852045 -0.523469
vn 0.000000 -0.852045 -0.523469
vn 0.000000 -0.852045 -0.523468
vn 0.000000 -0.852045 -0.523468
vn 0.000000 1.000000 -0.000000
vn 0.000000 1.000000 -0.000000
vn 0.000000 1.000000 0.000000
vn 0.000000 1.000000 0.000000
vn 0.000000 1.000000 0.000000
vn 0.003097 0.000371 0.999995
vn 0.003097 0.000371 0.999995
vn 0.003097 0.000371 0.999995
vn 0.003097 0.000371 0.999995
vn -0.999968 0.000856 -0.008002
vn -0.999968 0.000856 -0.008002
vn -0.999968 0.000856 -0.008002
vn -0.999968 0.000856 -0.008002
vn -0.000001 0.000000 -1.000000
vn -0.000001 0.000000 -1.000000
vn -0.000001 0.000000 -1.000000
vn -0.000001 0.000000 -1.000000
vn 1.000000 -0.000000 0.000000
vn 1.000000 -0.000000 0.000000
vn 1.000000 -0.000000 0.000000
vn 1.000000 -0.000000 0.000000
vn 0.000001 1.000000 -0.000000
vn 0.000001 1.000000 -0.000000
vn 0.000001 1.000000 -0.000000
vn 0.000001 1.000000 -0.000000
vn 0.000001 1.000000 -0.000000
vn 0.000001 -0.852046 -0.523467
vn 0.000000 -0.852045 -0.523468
vn -0.000001 -0.852046 -0.523467
vn -0.000001 -0.852046 -0.523467
vn -0.000000 -0.852045 -0.523468
vn -0.000001 -0.852045 -0.523468
vn 1.000000 0.000000 0.000000
vn 1.000000 0.000000 0.000000
vn 1.000000 0.000000 0.000000
vn 1.000000 0.000000 0.000000
vn -0.000001 -0.000002 -1.000000
vn -0.000001 -0.000002 -1.000000
vn -0.000001 -0.000002 -1.000000
vn -0.000001 -0.000002 -1.000000
vn -1.000000 0.000000 0.000000
vn -1.000000 0.000000 0.000000
vn -1.000000 0.000000 0.000000
vn -1.000000 0.000000 0.000000
vn 0.000001 -0.003914 0.999992
vn 0.000001 -0.003914 0.999992
vn 0.000001 -0.003914 0.999992
vn 0.000001 -0.003914 0.999992
vn -0.791512 0.000000 0.611154
vn -0.791512 0.000000 0.611154
vn -0.791512 0.000000 0.611154
vn -0.791512 0.000000 0.611154
vn 0.791512 0.000000 0.611154
vn 0.791512 0.000000 0.611154
vn 0.791512 0.000000 0.611154
vn 0.791512 0.000000 0.611154
vn 0.000000 1.000000 0.000000
vn 0.000000 1.000000 0.000000
vn 0.000000 1.000000 0.000000
vn 0.000001 1.000000 -0.000000
vn 0.000001 1.000000 -0.000000
vn 0.000001 1.000000 0.000000
vn 0.000000 0.000000 -1.000000
vn 0.000000 0.000000 -1.000000
vn 0.000000 0.000000 -1.000000
vn 0.000000 0.000000 -1.000000
vn 0.000000 0.000000 -1.000000
vn 0.000000 0.000000 -1.000000
vn 0.000000 0.000000 -1.000000
vn 0.000000 0.000000 1.000000
vn 0.000000 0.000000 1.000000
vn 0.000000 0.000000 1.000000
vn 0.000000 0.000000 1.000000
vn 0.000000 0.000000 1.000000
vn 0.000000 0.000000 1.000000
vn 0.000000 0.000000 1.000000
vn 0.000000 0.000000 1.000000
vn -0.000001 0.000000 1.000000
vn 0.000000 0.000000 1.000000
vn 0.000000 0.000000 1.000000
vn -0.000001 0.000000 1.000000
vn 0.000000 0.000000 1.000000
vn -0.000001 0.000000 1.000000
vn -0.000001 0.000000 1.000000
vn 0.000000 0.000000 1.000000
vn 0.000001 0.000000 1.000000
vn 0.000001 0.000000 1.000000
vn 0.000001 0.000000 1.000000
vn 0.000001 0.000000 1.000000
vn 0.000000 0.955685 0.294392
vn 0.000000 0.955685 0.294393
vn 0.000000 0.955685 0.294393
vn 0.000000 0.955685 0.294392
vn 0.000000 0.990747 0.135720
vn 0.000000 0.990747 0.135720
vn 0.000000 0.990747 0.135720
vn 0.000000 0.990747 0.135720
vn 0.000000 -0.955685 0.294392
vn 0.000000 -0.955685 0.294392
vn 0.000000 -0.955685 0.294392
vn 0.000000 -0.955685 0.294392
vn -0.791512 0.000000 0.611153
vn -0.791512 0.000000 0.611153
vn -0.791513 0.000000 0.611153
vn -0.791513 0.000000 0.611153
vn 0.944834 0.000000 0.327549
vn 0.944834 0.000000 0.327549
vn 0.944834 0.000000 0.327549
vn 0.944834 0.000000 0.327549
vn 0.000000 0.955685 0.294392
vn 0.000000 0.955685 0.294392
vn 0.791512 0.000000 0.611153
vn 0.791512 0.000000 0.611153
vn 0.791513 0.000000 0.611153
vn 0.791513 0.000000 0.611153
vn -0.944834 0.000000 0.327549
vn -0.944834 0.000000 0.327549
vn -0.944834 0.000000 0.327549
vn -0.944834 0.000000 0.327549
vn 0.000000 0.990747 0.135720
vn 0.000000 0.990747 0.135720
vn 0.000000 -0.955685 0.294393
vn 0.000000 -0.955685 0.294393
vn 1.000000 0.000000 0.000000
vn 1.000000 0.000000 0.000000
vn 1.000000 0.000000 0.000000
vn 1.000000 0.000000 0.000000
vn 0.000000 -0.000002 -1.000000
vn 0.000000 -0.000002 -1.000000
vn 0.000000 -0.000002 -1.000000
vn 0.000000 -0.000002 -1.000000
vn -0.999992 0.000284 -0.003982
vn -0.999992 0.000284 -0.003982
vn -0.999992 0.000284 -0.003982
vn -0.999992 0.000284 -0.003982
vn 0.007218 -0.001682 0.999973
vn 0.007218 -0.001682 0.999973
vn 0.007218 -0.001682 0.999973
vn 0.007218 -0.001682 0.999973
vn 0.000000 -0.000000 1.000000
vn 0.000000 -0.000000 1.000000
vn 0.000000 -0.000000 1.000000
vn 0.000000 -0.000000 1.000000
vn -1.000000 0.000000 0.000003
vn -1.000000 0.000000 0.000003
vn -1.000000 0.000000 0.000003
vn -1.000000 0.000000 0.000003
vn 0.000000 -0.000000 -1.000000
vn 0.000000 -0.000000 -1.000000
vn 0.000000 -0.000000 -1.000000
vn 0.000000 -0.000000 -1.000000
vn 1.000000 -0.000000 0.000000
vn 1.000000 -0.000000 0.000000
vn 1.000000 -0.000000 0.000000
vn 1.000000 -0.000000 0.000000
vn -0.224972 0.935325 0.273048
vn 0.230747 0.934128 0.272326
vn 0.228970 0.934052 0.274080
vn -0.227148 0.935416 0.270926
vn -0.229227 0.934620 -0.271921
vn -0.228871 0.934606 -0.272268
vn 0.227802 0.934765 -0.272619
vn 0.227816 0.934765 -0.272606
vn -0.229245 0.934273 0.273096
vn 0.229243 0.934273 0.273098
vn 0.229213 0.934271 0.273127
vn -0.229213 0.934271 0.273127
vn -0.229338 0.934663 -0.271677
vn -0.229367 0.934664 -0.271649
vn 0.229338 0.934663 -0.271678
vn 0.229367 0.934664 -0.271649
vn 0.000000 0.000000 1.000000
vn 0.000000 0.000000 1.000000
vn 0.000000 0.000000 1.000000
vn 0.791512 -0.000000 0.611154
vn 0.791512 -0.000000 0.611154
vn 0.000000 0.000001 1.000000
vn 0.000000 0.000001 1.000000
vn 0.000000 0.000001 1.000000
vn 0.000000 0.000001 1.000000
vn -0.791512 0.000000 0.611154
vn -0.791512 0.000000 0.611154
vn -0.000000 0.000000 1.000000
vn -0.000000 0.000000 1.000000
vn 0.000000 0.000000 1.000000
vn 0.000001 0.000000 -1.000000
vn 0.000000 0.000000 -1.000000
vn 0.000000 0.000000 -1.000000
vn 0.000000 0.000000 -1.000000
vn 0.000000 0.000000 -1.000000
vn -0.000000 0.000000 -1.000000
vn -0.000001 0.000000 -1.000000
vn -0.000000 0.000000 1.000000
vn -0.000000 0.000000 1.000000
vn 0.000000 0.000000 1.000000
vn -0.791513 0.000000 0.611153
vn -0.791513 0.000000 0.611153
vn 0.000000 0.000001 1.000000
vn 0.000000 0.000001 1.000000
vn 0.000000 0.000001 1.000000
vn 0.000000 0.000001 1.000000
vn 0.791513 0.000001 0.611153
vn 0.791513 0.000001 0.611153
vn 0.000000 0.000000 1.000000
vn 0.000000 0.000000 1.000000
vn 0.000000 0.000000 1.000000
vn 0.000000 0.000000 -1.000000
vn 0.000001 0.000000 -1.000000
vn 0.000001 0.000000 -1.000000
vn 0.000000 0.000000 -1.000000
vn 0.000000 0.852045 0.523468
vn 0.000000 0.852046 0.523468
vn 0.000000 0.852046 0.523468
vn 0.000000 0.852045 0.523468
vn 0.000000 0.852046 -0.523468
vn 0.000000 0.852045 -0.523468
vn 0.000000 0.852045 -0.523468
vn 0.000000 0.852046 -0.523468
vn 0.000000 -0.451498 0.892272
vn 0.000000 -0.451498 0.892272
vn 0.000000 -0.451498 0.892272
vn 0.000000 -0.451498 0.892272
vn 0.000000 -0.451498 -0.892272
vn 0.000000 -0.451498 -0.892272
vn 0.000000 -0.451498 -0.892272
vn 0.000000 -0.451498 -0.892272
vn 0.000000 0.852045 0.523468
vn 0.000000 0.852045 0.523468
vn 0.000000 -0.852045 0.523469
vn 0.000000 -0.852045 0.523469
vn 0.000000 -0.852045 0.523469
vn 0.000000 -0.852045 0.523469
vn 0.000000 0.852045 -0.523468
vn 0.000000 0.852045 -0.523468
vn 0.000000 -1.000000 0.000000
vn 0.000000 -1.000000 -0.000000
vn 0.000000 -1.000000 -0.000000
vn 0.000000 -1.000000 0.000000
vn 0.000000 0.000000 -1.000000
vn 0.000000 0.000000 -1.000000
vn 0.000001 0.000000 -1.000000
vn 0.000000 0.000000 -1.000000
vn 0.000000 0.000000 1.000000
vn 0.000000 0.000000 1.000000
vn 0.000000 0.000000 1.000000
vn 0.000000 0.000000 1.000000
vn 0.000000 -1.000000 0.000000
vn 0.000000 -1.000000 0.000000
vn 0.000000 -1.000000 0.000000
vn 0.000000 -1.000000 0.000000
vn -0.000000 -1.000000 0.000000
vn 0.000000 -1.000000 -0.000000
vn 0.000000 -1.000000 0.000000
vn 0.000000 -1.000000 0.000000
vn -0.000000 0.000000 -1.000000
vn 0.000000 0.000000 -1.000000
vn 0.000000 0.000000 -1.000000
vn -0.000000 0.000000 -1.000000
vn 0.000001 -0.000000 -1.000000
vn 0.000000 0.000000 -1.000000
vn 0.000000 0.000000 -1.000000
vn 0.000000 -0.000000 -1.000000
vn 0.000000 -0.852045 0.523468
vn 0.000000 -0.852045 0.523468
vn -0.000000 -0.852045 0.523469
vn -0.000000 -0.852045 0.523469
vn 0.000000 -0.451498 -0.892272
vn 0.000000 -0.451498 -0.892272
vn 0.000000 -0.451498 -0.892272
vn 0.000000 -0.451498 -0.892272
vn 0.000000 0.852045 -0.523468
vn 0.000000 0.852045 -0.523469
vn 0.000000 0.852045 -0.523468
vn 0.000000 0.852045 -0.523468
vn 0.000000 0.852046 -0.523468
vn 0.000000 0.852046 -0.523468
vn 0.000000 0.852045 0.523468
vn 0.000000 0.852046 0.523468
vn 0.000000 0.852046 0.523468
vn 0.000000 0.852045 0.523468
vn 0.000000 0.852045 0.523469
vn 0.000000 0.852045 0.523468
vn 0.000000 -0.451498 0.892272
vn 0.000000 -0.451498 0.892272
vn 0.000000 -0.451498 0.892272
vn 0.000000 -0.451498 0.892272
vn 0.000000 -0.852045 -0.523468
vn 0.000000 -0.852045 -0.523468
vn 0.000000 -0.852045 -0.523468
vn 0.000000 -0.852045 -0.523468
vn 0.000000 -1.000000 0.000000
vn 0.000000 -1.000000 0.000000
vn 0.000000 -1.000000 0.000000
vn 0.000000 -1.000000 0.000000
vn -0.000001 0.000000 1.000000
vn -0.000001 0.000000 1.000000
vn -0.000001 0.000000 1.000000
vn -0.000001 0.000000 1.000000
vn 0.000000 -1.000000 0.000000
vn 0.000000 -1.000000 -0.000000
vn -0.000000 0.000000 -1.000000
vn -0.000000 0.000000 -1.000000
vn 0.000000 0.000000 -1.000000
vn 0.000000 0.000000 -1.000000
vn 0.000000 -0.852045 0.523468
vn 0.000000 -0.852045 0.523468
vn 0.000000 -0.451498 -0.892272
vn 0.000000 -0.451498 -0.892272
vn 0.000000 0.852045 -0.523468
vn 0.000000 0.852045 -0.523468
vn 0.000000 0.852046 -0.523468
vn 0.000000 0.852045 0.523468
vn 0.000000 0.852046 0.523468
vn 0.000000 0.852045 0.523468
vn 0.000000 -0.451498 0.892272
vn 0.000000 -0.451498 0.892272
vn 0.000000 -0.852045 -0.523468
vn 0.000000 -0.852045 -0.523468
vn 0.000000 -1.000000 0.000000
vn 0.000000 -1.000000 0.000000
vn 0.000000 0.000000 1.000000
vn 0.000000 0.000000 1.000000
vn 0.000000 0.000000 1.000000
vn 0.000000 0.000000 1.000000
vn -0.000000 0.000000 1.000000
vn 0.000000 0.000000 1.000000
vn -0.000000 0.000000 1.000000
vn -0.000000 0.000000 1.000000
vn 0.000000 0.000000 1.000000
vn 0.000000 0.000000 1.000000
vn 0.000000 0.000000 1.000000
vn 0.000000 0.000000 1.000000
vn 0.000000 0.000000 -1.000000
vn 0.000000 0.000000 -1.000000
vn -0.000000 0.000000 -1.000000
vn -0.000000 0.000000 -1.000000
vn 0.000000 0.000000 -1.000000
vn 0.000000 0.000000 -1.000000
vn -0.000000 0.000000 -1.000000
vn -0.000000 0.000000 -1.000000
vn -0.000000 0.000000 -1.000000
vn -0.000000 0.000000 -1.000000
vn -0.000000 0.000000 1.000000
vn -0.000000 0.000000 1.000000
vn -0.000001 0.000000 1.000000
vn -0.000001 0.000000 1.000000
vn 0.000000 0.000000 1.000000
vn 0.000000 0.000000 1.000000
vn 0.000000 0.000000 1.000000
vn 0.000000 0.000000 1.000000
vn 0.000000 0.000000 1.000000
vn 0.000000 0.000000 1.000000
vn 0.000000 0.000000 1.000000
vn 0.000000 0.000000 1.000000
vn -0.000001 1.000000 -0.000001
vn -0.000001 1.000000 -0.000001
vn -0.000001 1.000000 -0.000001
vn -0.000001 1.000000 -0.000001
vn 0.000000 -1.000000 0.000001
vn 0.000000 -1.000000 0.000001
vn 0.000000 -1.000000 0.000001
vn -0.000000 -1.000000 0.000001
vn -0.000000 1.000000 -0.000001
vn 0.000000 1.000000 -0.000001
vn 0.000000 1.000000 -0.000001
vn -0.000000 1.000000 -0.000001
vn 0.000001 1.000000 -0.000001
vn 0.000001 1.000000 -0.000001
vn -0.000000 -1.000000 0.000001
vn 0.000000 -1.000000 0.000000
vn 0.000000 -1.000000 0.000000
vn 0.000000 -1.000000 0.000000
vn 0.000000 -1.000000 0.000000
vn 0.000000 1.000000 -0.000000
vn 0.000001 1.000000 -0.000000
vn 0.000001 1.000000 -0.000000
vn 0.000000 1.000000 0.000000
vn 0.000000 -1.000000 0.000000
vn 0.000000 -1.000000 0.000000
vn 0.000000 1.000000 0.000000
vn -0.000000 1.000000 0.000000
vn 0.000000 -1.000000 0.000000
vn 0.000000 -1.000000 0.000000
vn 0.000000 -1.000000 0.000000
vn 0.000000 -1.000000 0.000000
vn 0.000000 -1.000000 0.000000
vn 0.000000 -1.000000 0.000000
vn 0.000000 -1.000000 0.000000
vn 0.000000 -1.000000 0.000000
vn 0.000000 -1.000000 0.000000
vn 0.000000 1.000000 0.000000
vn 0.000000 1.000000 0.000000
vn 0.000000 1.000000 -0.000000
vn 0.000000 1.000000 -0.000000
vn -0.000000 1.000000 0.000000
vn 0.000000 1.000000 -0.000000
vn 0.000001 1.000000 -0.000000
vn 0.000000 0.000000 1.000000
vn 0.000000 0.000000 1.000000
vn 0.000000 1.000000 0.000000
vn 0.000000 0.000000 1.000000
vn 0.000000 0.000000 1.000000
vn 0.000000 -0.852045 -0.523468
vn 0.000000 -0.852045 -0.523469
vn 0.000001 0.000000 1.000000
vn 0.000001 0.000000 1.000000
vn 0.000001 0.000000 1.000000
vn 0.000001 0.000000 1.000000
vn 0.000000 -1.000000 0.000000
vn 0.000000 -1.000000 0.000000
vn -0.000002 0.000002 1.000000
vn -0.000002 0.000002 1.000000
vn -0.000002 0.000000 1.000000
vn -0.000003 0.000001 1.000000
vn -0.000000 0.000000 1.000000
vn 0.000000 0.000000 1.000000
vn 0.000001 1.000000 0.000000
vn 0.000001 1.000000 -0.000000
vn 0.000000 0.000000 1.000000
vn 0.000000 0.000000 1.000000
vn 0.000000 -1.000000 0.000000
vn 0.000000 -1.000000 0.000000
vn 0.000000 -1.000000 0.000000
vn 0.000000 -1.000000 0.000000
vn 0.000000 -1.000000 0.000000
vn -0.000000 -1.000000 0.000001
vn 0.000000 0.000000 -1.000000
vn 0.000000 0.000000 -1.000000
vn 0.000001 1.000000 -0.000001
vn 0.000001 1.000000 -0.000001
vn -0.000001 0.000000 -1.000000
vn -0.000001 0.000000 -1.000000
vn 0.000003 -0.000001 -1.000000
vn -0.000000 -0.000001 -1.000000
vn -0.000001 -0.852045 0.523469
vn -0.000001 -0.852045 0.523469
vn 0.000000 -0.451498 -0.892272
vn 0.000000 -0.451498 -0.892272
vn 0.000000 0.852045 -0.523468
vn 0.000000 0.852045 -0.523468
vn 0.000000 0.852046 -0.523468
vn 0.000000 0.852046 0.523468
vn 0.000000 0.852045 0.523468
vn 0.000000 0.852045 0.523468
vn 0.000000 -0.451498 0.892272
vn 0.000000 -0.451498 0.892272
vn 0.000000 -0.852045 -0.523468
vn 0.000000 -0.852045 -0.523468
vn 0.000000 -0.852045 -0.523468
vn 0.000000 -0.852045 -0.523468
vn 0.000000 -0.852045 -0.523469
vn 0.000000 -0.852045 -0.523469
vn 0.000000 1.000000 -0.000000
vn 0.000000 1.000000 -0.000000
vn 0.000000 1.000000 0.000000
vn 0.000000 1.000000 0.000000
vn 0.000000 1.000000 0.000000
vn 0.003097 0.000371 0.999995
vn 0.003097 0.000371 0.999995
vn 0.003097 0.000371 0.999995
vn 0.003097 0.000371 0.999995
vn -0.999968 0.000856 -0.008002
vn -0.999968 0.000856 -0.008002
vn -0.999968 0.000856 -0.008002
vn -0.999968 0.000856 -0.008002
vn -0.000001 0.000000 -1.000000
vn -0.000001 0.000000 -1.000000
vn -0.000001 0.000000 -1.000000
vn -0.000001 0.000000 -1.000000
vn 1.000000 -0.000000 0.000000
vn 1.000000 -0.000000 0.000000
vn 1.000000 -0.000000 0.000000
vn 1.000000 -0.000000 0.000000
vn 0.000001 1.000000 -0.000000
vn 0.000001 1.000000 -0.000000
vn 0.000001 1.000000 -0.000000
vn 0.000001 1.000000 -0.000000
vn 0.000001 1.000000 -0.000000
vn 0.000001 -0.852046 -0.523468
vn 0.000000 -0.852045 -0.523468
vn -0.000001 -0.852046 -0.523468
vn -0.000001 -0.852045 -0.523468
vn -0.000000 -0.852045 -0.523468
vn -0.000001 -0.852045 -0.523469
vn 1.000000 -0.000000 0.000000
vn 1.000000 -0.000000 0.000000
vn 1.000000 -0.000000 0.000000
vn 1.000000 -0.000000 0.000000
vn -0.000001 -0.000002 -1.000000
vn -0.000001 -0.000002 -1.000000
vn -0.000001 -0.000002 -1.000000
vn -0.000001 -0.000002 -1.000000
vn -1.000000 -0.000000 0.000000
vn -1.000000 -0.000000 0.000000
vn -1.000000 -0.000000 0.000000
vn -1.000000 -0.000000 0.000000
vn 0.000001 -0.003914 0.999992
vn 0.000001 -0.003914 0.999992
vn 0.000001 -0.003914 0.999992
vn 0.000001 -0.003914 0.999992
vn 0.000000 1.000000 0.000000
vn 0.000000 1.000000 0.000000
vn 0.000000 1.000000 0.000000
vn 0.000001 1.000000 0.000000
vn 0.000001 1.000000 0.000000
vn 0.000001 1.000000 0.000000
vn 0.000002 0.000000 -1.000000
vn 0.000004 0.000000 -1.000000
vn 0.000000 0.000000 -1.000000
vn 0.000000 0.000000 -1.000000
vn 0.000000 0.000000 -1.000000
vn 0.000000 0.000000 -1.000000
vn 0.000000 0.000000 1.000000
vn 0.000000 0.000000 1.000000
vn 0.000000 0.000000 1.000000
vn 0.000000 0.000000 1.000000
vn 0.000000 0.000000 1.000000
vn 0.000000 0.000000 1.000000
vn -0.000002 0.000000 1.000000
vn -0.000004 0.000000 1.000000
vn 0.000000 0.000000 1.000000
vn 0.000001 0.000000 1.000000
vn 0.000000 0.000000 1.000000
vn -0.000000 0.000000 1.000000
vn 0.000000 -0.000000 1.000000
vn 0.000000 0.000000 1.000000
vn 0.000000 0.000000 1.000000
vn -0.000000 0.000000 1.000000
vn 0.000000 -0.873832 0.486228
vn 0.000000 -0.873832 0.486228
vn 0.000000 -0.873832 0.486228
vn 0.000000 -0.873832 0.486228
vn 0.876702 0.000000 0.481035
vn 0.876701 0.000000 0.481035
vn 0.876702 0.000000 0.481035
vn 0.876701 0.000000 0.481035
vn 0.000000 0.873830 0.486231
vn 0.000000 0.873830 0.486231
vn 0.000000 0.873830 0.486231
vn 0.000000 0.873830 0.486231
vn -0.876696 0.000000 0.481046
vn -0.876696 0.000000 0.481046
vn -0.876696 0.000000 0.481046
vn -0.876696 0.000000 0.481046
vn 0.000000 0.924939 0.380115
vn 0.000000 0.924939 0.380115
vn 0.000000 0.924939 0.380115
vn 0.000000 0.924939 0.380115
vn 1.000000 0.000000 0.000000
vn 1.000000 0.000000 0.000000
vn 1.000000 0.000000 0.000000
vn 1.000000 0.000000 0.000000
vn 0.000000 -0.000002 -1.000000
vn 0.000000 -0.000002 -1.000000
vn 0.000000 -0.000002 -1.000000
vn 0.000000 -0.000002 -1.000000
vn -0.999992 0.000284 -0.003981
vn -0.999992 0.000284 -0.003981
vn -0.999992 0.000284 -0.003981
vn -0.999992 0.000284 -0.003981
vn 0.007218 -0.001682 0.999973
vn 0.007218 -0.001682 0.999973
vn 0.007218 -0.001682 0.999973
vn 0.007218 -0.001682 0.999973
vn 0.000000 -0.000000 1.000000
vn 0.000000 -0.000000 1.000000
vn 0.000000 -0.000000 1.000000
vn 0.000000 -0.000000 1.000000
vn -1.000000 -0.000000 0.000000
vn -1.000000 -0.000000 0.000000
vn -1.000000 -0.000000 0.000000
vn -1.000000 -0.000000 0.000000
vn 0.000000 -0.000000 -1.000000
vn 0.000000 -0.000000 -1.000000
vn 0.000000 -0.000000 -1.000000
vn 0.000000 -0.000000 -1.000000
vn 1.000000 -0.000000 0.000000
vn 1.000000 -0.000000 0.000000
vn 1.000000 -0.000000 0.000000
vn 1.000000 -0.000000 0.000000
vn -0.224971 0.935325 0.273050
vn 0.230749 0.934127 0.272326
vn 0.228972 0.934051 0.274081
vn -0.227149 0.935416 0.270926
vn -0.229227 0.934619 -0.271922
vn -0.228871 0.934606 -0.272269
vn 0.227803 0.934764 -0.272620
vn 0.227817 0.934765 -0.272606
vn -0.229244 0.934273 0.273097
vn 0.229244 0.934273 0.273097
vn 0.229214 0.934271 0.273127
vn -0.229214 0.934271 0.273126
vn -0.229339 0.934663 -0.271677
vn -0.229368 0.934664 -0.271649
vn 0.229339 0.934663 -0.271677
vn 0.229368 0.934664 -0.271649
vn 0.000000 0.000000 1.000000
vn 0.000000 0.000000 1.000000
vn 0.000000 0.000000 1.000000
vn 0.000000 0.000000 1.000000
vn 0.000000 0.000000 1.000000
vn 0.000000 0.000000 1.000000
vn 0.000000 -0.000000 1.000000
vn 0.000000 -0.000000 1.000000
vn 0.000000 -0.000000 1.000000
vn 0.000000 -0.000000 1.000000
vn 0.000000 0.000000 1.000000
vn 0.000000 0.000000 1.000000
vn 0.000000 0.000000 1.000000
vn 0.000000 0.000000 1.000000
vn 0.000000 0.000000 1.000000
vn 0.000000 0.000000 1.000000
vn 0.000001 0.000000 -1.000000
vn 0.000000 0.000000 -1.000000
vn 0.000000 0.000000 -1.000000
vn 0.000000 0.000000 -1.000000
vn -0.000000 0.000000 -1.000000
vn -0.000000 0.000000 -1.000000
vn -0.000000 0.000000 1.000000
vn -0.000000 0.000000 1.000000
vn 0.000000 0.000000 1.000000
vn 0.000000 0.000000 1.000000
vn 0.000000 0.000000 1.000000
vn 0.000000 0.000000 1.000000
vn 0.000000 -0.924941 0.380112
vn 0.000000 -0.924941 0.380112
vn 0.000000 -0.924941 0.380112
vn 0.000000 -0.924941 0.380112
vn 0.000000 0.000000 1.000000
vn 0.000000 0.000000 1.000000
vn 0.000000 0.000000 1.000000
vn 0.000000 0.000000 1.000000
vn 0.000000 0.000000 1.000000
vn 0.000000 0.000000 1.000000
vn 0.000000 0.000000 1.000000
vn 0.000000 0.000000 1.000000
vn -0.000000 1.000000 0.000000
vn -0.000000 1.000000 0.000000
vn -0.000000 1.000000 0.000000
vn -0.000000 1.000000 0.000000
vn -0.000000 0.924940 0.380114
vn -0.000000 0.924940 0.380114
vn -0.000000 0.924940 0.380114
vn -0.000000 0.924940 0.380114
vn -0.924939 0.000000 0.380116
vn -0.924939 0.000000 0.380115
vn -0.924939 0.000000 0.380115
vn -0.924939 0.000000 0.380116
vn -0.924939 0.000000 0.380115
vn -0.924939 0.000000 0.380115
vn -0.000000 -0.924940 0.380114
vn -0.000000 -0.924940 0.380114
vn -0.000000 -0.924940 0.380114
vn -0.000000 -0.924940 0.380114
vn 0.924939 0.000000 0.380116
vn 0.924939 0.000000 0.380116
vn 0.924939 0.000000 0.380116
vn 0.924939 0.000000 0.380116
vn 0.000000 0.924940 0.380113
vn 0.000000 0.924940 0.380113
vn 0.000000 0.924940 0.380113
vn 0.000000 0.924940 0.380113
vn 0.000000 -0.924940 0.380113
vn 0.000000 -0.924940 0.380113
vn 0.000000 -0.924940 0.380113
vn 0.000000 -0.924940 0.380113
vn 0.924939 0.000000 0.380116
vn 0.924939 0.000000 0.380116
vn 0.000000 -0.000000 1.000000
vn 0.000000 -0.000000 1.000000
vn -0.000000 -0.000000 1.000000
vn 0.000001 -0.000000 1.000000
vn 0.000000 0.000000 1.000000
vn -0.000000 0.000000 1.000000
vn 0.000001 0.000000 1.000000
vn 0.000000 0.000000 1.000000
vn 0.000001 0.000000 1.000000
vn 0.000000 0.000000 1.000000
vn 0.000000 0.000000 1.000000
vn 0.000001 0.000000 1.000000
vn 0.000000 0.000000 1.000000
vn 0.000001 0.000000 1.000000
vn 0.000001 0.000000 1.000000
vn 0.000002 0.000000 1.000000
vn 0.000001 0.000000 1.000000
vn 0.000001 0.000000 1.000000
vn 0.000001 0.000000 1.000000
vn -0.000001 0.000000 1.000000
vn 0.000001 0.000000 1.000000
vn 0.000001 0.000000 1.000000
vn -0.000001 0.000000 1.000000
vn 0.000001 0.000000 1.000000
vn 0.000001 0.000000 1.000000
vn 0.000001 -0.000000 1.000000
vn 0.000001 0.000000 1.000000
vn 0.000001 0.000000 1.000000
vn -0.000000 -0.890196 0.455577
vn -0.000000 -0.890196 0.455577
vn -0.000000 -0.890196 0.455577
vn -0.000000 -0.890196 0.455577
vn 0.890195 0.000000 0.455581
vn 0.890195 0.000000 0.455581
vn 0.890195 0.000000 0.455581
vn 0.890195 0.000000 0.455581
vn -0.005120 0.890181 0.455579
vn -0.005120 0.890181 0.455579
vn -0.005120 0.890181 0.455579
vn -0.005120 0.890181 0.455579
vn -0.890195 0.000000 0.455579
vn -0.890195 0.000000 0.455579
vn -0.890195 0.000000 0.455579
vn -0.890195 0.000000 0.455579
vn 0.005120 0.890180 0.455580
vn 0.005120 0.890180 0.455580
vn 0.005120 0.890180 0.455580
vn 0.005120 0.890180 0.455580
vn -0.890195 0.000000 0.455580
vn -0.890195 0.000000 0.455580
vn -0.890195 0.000000 0.455580
vn -0.890195 0.000000 0.455580
vn 0.000000 -0.890197 0.455576
vn 0.000000 -0.890197 0.455576
vn 0.000000 -0.890197 0.455576
vn 0.000000 -0.890197 0.455576
vn 0.890195 0.000000 0.455579
vn 0.890195 0.000000 0.455579
vn 0.890195 0.000000 0.455579
vn 0.890195 0.000000 0.455579
vn 0.000000 0.890196 0.455577
vn 0.000000 0.890196 0.455577
vn 0.000000 0.890196 0.455577
vn 0.000000 0.890196 0.455577
vn -0.890195 0.000000 0.455579
vn -0.890195 0.000000 0.455580
vn -0.890195 0.000000 0.455580
vn -0.890195 0.000000 0.455580
vn -0.005120 -0.890180 0.455580
vn -0.005120 -0.890180 0.455580
vn -0.005120 -0.890180 0.455580
vn -0.005120 -0.890180 0.455580
vn 0.890198 0.000000 0.455574
vn 0.890198 0.000000 0.455574
vn 0.890198 0.000000 0.455574
vn 0.890198 0.000000 0.455574
vn 0.000000 -0.890196 0.455578
vn 0.000000 -0.890196 0.455578
vn 0.000000 -0.890196 0.455578
vn 0.000000 -0.890196 0.455578
vn 0.890197 0.000000 0.455575
vn 0.890197 0.000000 0.455575
vn 0.890197 0.000000 0.455575
vn 0.890197 0.000000 0.455575
vn 0.000000 0.890199 0.455572
vn 0.000000 0.890199 0.455572
vn 0.000000 0.890199 0.455572
vn 0.000000 0.890199 0.455572
vn -0.890197 0.000000 0.455575
vn -0.890197 0.000000 0.455575
vn -0.890197 0.000000 0.455575
vn -0.890197 0.000000 0.455575
vn 0.890195 0.000000 0.455581
vn 0.890195 0.000000 0.455581
vn 0.890195 0.000000 0.455581
vn 0.890194 0.000000 0.455581
vn 0.000000 0.890197 0.455576
vn 0.000000 0.890197 0.455576
vn 0.000000 0.890197 0.455576
vn 0.000000 0.890197 0.455576
vn -0.890198 0.000000 0.455575
vn -0.890198 0.000000 0.455575
vn -0.890198 0.000000 0.455575
vn -0.890198 0.000000 0.455575
vn 0.005120 -0.890180 0.455580
vn 0.005120 -0.890180 0.455580
vn 0.005120 -0.890180 0.455580
vn 0.005120 -0.890180 0.455580
vn 0.000000 0.000000 -1.000000
vn 0.000001 0.000000 -1.000000
vn 0.000001 0.000000 -1.000000
vn 0.000000 0.000000 -1.000000
vn 0.000000 0.852045 0.523468
vn 0.000000 0.852045 0.523468
vn 0.000000 0.852046 0.523468
vn 0.000000 0.852045 0.523468
vn 0.000000 0.852045 -0.523468
vn 0.000000 0.852045 -0.523468
vn 0.000000 0.852045 -0.523468
vn 0.000000 0.852046 -0.523468
vn 0.000000 -0.451499 0.892272
vn 0.000000 -0.451499 0.892272
vn 0.000000 -0.451499 0.892272
vn 0.000000 -0.451499 0.892272
vn 0.000000 -0.451499 -0.892272
vn 0.000000 -0.451499 -0.892272
vn 0.000000 -0.451499 -0.892272
vn 0.000000 -0.451499 -0.892272
vn 0.000000 0.852045 0.523468
vn 0.000000 0.852045 0.523468
vn 0.000000 -0.852045 0.523468
vn 0.000000 -0.852045 0.523468
vn 0.000000 -0.852045 0.523469
vn 0.000000 -0.852045 0.523469
vn 0.000000 0.852045 -0.523468
vn 0.000000 0.852045 -0.523468
vn 0.000000 -1.000000 0.000000
vn 0.000000 -1.000000 -0.000000
vn 0.000000 -1.000000 -0.000000
vn 0.000000 -1.000000 0.000000
vn 0.000000 0.000000 -1.000000
vn 0.000000 0.000000 -1.000000
vn 0.000001 0.000000 -1.000000
vn 0.000000 0.000000 -1.000000
vn 0.000000 0.000000 1.000000
vn 0.000000 0.000000 1.000000
vn 0.000000 0.000000 1.000000
vn 0.000000 0.000000 1.000000
vn 0.000000 -1.000000 0.000000
vn 0.000000 -1.000000 0.000000
vn 0.000000 -1.000000 0.000000
vn 0.000000 -1.000000 0.000000
vn -0.000000 -1.000000 0.000000
vn 0.000000 -1.000000 -0.000000
vn 0.000000 -1.000000 -0.000000
vn -0.000000 -1.000000 0.000000
vn 0.000000 0.000000 -1.000000
vn 0.000000 0.000000 -1.000000
vn 0.000000 0.000000 -1.000000
vn 0.000000 0.000000 -1.000000
vn 0.000000 0.000000 -1.000000
vn 0.000000 0.000000 -1.000000
vn 0.000000 0.000000 -1.000000
vn 0.000000 0.000000 -1.000000
vn 0.000000 -0.852045 0.523468
vn 0.000000 -0.852045 0.523468
vn 0.000000 -0.852045 0.523469
vn 0.000000 -0.852045 0.523469
vn 0.000000 -0.451499 -0.892272
vn 0.000000 -0.451499 -0.892272
vn 0.000000 -0.451499 -0.892272
vn 0.000000 -0.451499 -0.892272
vn 0.000000 0.852046 -0.523468
vn 0.000000 0.852045 -0.523468
vn 0.000000 0.852045 -0.523468
vn 0.000000 0.852045 -0.523468
vn 0.000000 0.852046 -0.523468
vn 0.000000 0.852045 -0.523468
vn 0.000000 0.852046 0.523468
vn 0.000000 0.852046 0.523468
vn 0.000000 0.852045 0.523468
vn 0.000000 0.852045 0.523468
vn 0.000000 0.852045 0.523468
vn 0.000000 0.852045 0.523468
vn 0.000000 -0.451499 0.892272
vn 0.000000 -0.451499 0.892272
vn 0.000000 -0.451499 0.892272
vn 0.000000 -0.451499 0.892272
vn 0.000000 -0.852045 -0.523468
vn 0.000000 -0.852045 -0.523468
vn 0.000000 -0.852045 -0.523469
vn 0.000000 -0.852045 -0.523469
vn 0.000000 -1.000000 0.000000
vn 0.000000 -1.000000 0.000000
vn 0.000000 -1.000000 0.000000
vn 0.000000 -1.000000 0.000000
vn 0.000000 0.000000 1.000000
vn 0.000000 0.000000 1.000000
vn 0.000000 0.000000 1.000000
vn 0.000000 0.000000 1.000000
vn 0.000000 -1.000000 -0.000000
vn -0.000000 -1.000000 0.000000
vn -0.000000 0.000000 -1.000000
vn -0.000000 0.000000 -1.000000
vn 0.000000 0.000000 -1.000000
vn -0.000000 0.000000 -1.000000
vn 0.000000 -0.852045 0.523468
vn 0.000000 -0.852045 0.523468
vn 0.000000 -0.451499 -0.892272
vn 0.000000 -0.451499 -0.892272
vn 0.000000 0.852045 -0.523468
vn 0.000000 0.852045 -0.523468
vn 0.000000 0.852046 -0.523468
vn 0.000000 0.852046 0.523468
vn 0.000000 0.852045 0.523468
vn 0.000000 0.852045 0.523468
vn 0.000000 -0.451499 0.892272
vn 0.000000 -0.451499 0.892272
vn 0.000000 -0.852045 -0.523468
vn 0.000000 -0.852045 -0.523468
vn 0.000000 -1.000000 0.000000
vn 0.000000 -1.000000 0.000000
vn 0.000000 0.000000 1.000000
vn 0.000000 0.000000 1.000000
vn 0.000000 0.000000 1.000000
vn 0.000000 0.000000 1.000000
vn 0.000000 -1.000000 0.000000
vn 0.000000 -1.000000 -0.000000
vn -0.000000 0.000000 -1.000000
vn -0.000000 0.000000 -1.000000
vn 0.000000 0.000000 -1.000000
vn 0.000000 0.000000 -1.000000
vn 0.000000 -0.852045 0.523468
vn 0.000000 -0.852045 0.523468
vn 0.000000 -0.451499 -0.892272
vn 0.000000 -0.451499 -0.892272
vn 0.000000 0.852046 -0.523468
vn 0.000000 0.852045 -0.523469
vn 0.000000 0.852046 -0.523468
vn 0.000000 0.852046 0.523468
vn 0.000000 0.852046 0.523468
vn 0.000000 0.852045 0.523469
vn 0.000000 -0.451499 0.892272
vn 0.000000 -0.451499 0.892272
vn 0.000000 -0.852045 -0.523468
vn 0.000000 -0.852045 -0.523468
vn 0.000000 -1.000000 0.000000
vn 0.000000 -1.000000 0.000000
vn 0.000000 0.000000 1.000000
vn 0.000000 0.000000 1.000000
vn -0.000000 0.000000 1.000000
vn -0.000000 0.000000 1.000000
vn -0.000000 0.000000 1.000000
vn -0.000000 0.000000 1.000000
vn 0.000000 0.000001 1.000000
vn 0.000000 0.000001 1.000000
vn 0.000000 0.000000 1.000000
vn 0.000000 0.000000 1.000000
vn 0.000000 0.000001 1.000000
vn 0.000000 0.000001 1.000000
vn 0.000000 0.000000 1.000000
vn 0.000000 0.000000 1.000000
vn 0.000000 0.000000 1.000000
vn 0.000000 0.000000 1.000000
vn 0.000000 0.000000 1.000000
vn 0.000000 0.000000 1.000000
vn 0.000000 0.000000 -1.000000
vn 0.000000 0.000000 -1.000000
vn -0.000000 0.000000 -1.000000
vn -0.000000 0.000000 -1.000000
vn 0.000000 0.000000 -1.000000
vn 0.000000 0.000000 -1.000000
vn 0.000000 0.000000 -1.000000
vn 0.000000 0.000000 -1.000000
vn -0.000000 0.000000 -1.000000
vn -0.000000 0.000000 -1.000000
vn -0.000000 0.000000 -1.000000
vn -0.000000 0.000000 -1.000000
vn -0.000000 0.000000 1.000000
vn -0.000000 0.000000 1.000000
vn -0.000001 0.000000 1.000000
vn -0.000001 0.000000 1.000000
vn 0.000000 0.000000 1.000000
vn 0.000000 0.000000 1.000000
vn 0.000000 0.000000 1.000000
vn 0.000000 0.000000 1.000000
vn 0.000000 0.000000 1.000000
vn 0.000000 0.000000 1.000000
vn 0.000000 0.000000 1.000000
vn 0.000000 0.000000 1.000000
vn 0.000000 0.000000 1.000000
vn 0.000000 0.000000 1.000000
vn 0.000000 0.000000 1.000000
vn 0.000000 0.000000 1.000000
vn -0.000001 1.000000 -0.000001
vn -0.000001 1.000000 -0.000001
vn -0.000001 1.000000 -0.000001
vn -0.000001 1.000000 -0.000001
vn 0.000000 -1.000000 0.000001
vn 0.000000 -1.000000 0.000001
vn 0.000000 1.000000 -0.000001
vn -0.000000 1.000000 -0.000001
vn -0.000000 1.000000 -0.000001
vn 0.000000 1.000000 -0.000001
vn -0.000000 -1.000000 0.000001
vn 0.000000 -1.000000 0.000001
vn 0.000000 1.000000 -0.000001
vn 0.000000 1.000000 -0.000001
vn -0.000000 -1.000000 0.000001
vn 0.000001 1.000000 -0.000001
vn 0.000001 1.000000 -0.000001
vn -0.000000 -1.000000 0.000001
vn 0.000000 -1.000000 0.000000
vn 0.000000 -1.000000 0.000000
vn 0.000000 -1.000000 0.000000
vn 0.000000 -1.000000 0.000000
vn 0.000000 1.000000 -0.000000
vn 0.000001 1.000000 0.000000
vn 0.000001 1.000000 -0.000000
vn 0.000000 1.000000 0.000000
vn 0.000000 -1.000000 0.000000
vn 0.000000 -1.000000 0.000000
vn -0.000000 1.000000 -0.000000
vn 0.000000 1.000000 0.000000
vn 0.000000 -1.000000 0.000000
vn 0.000000 -1.000000 0.000000
vn 0.000000 1.000000 -0.000000
vn 0.000000 1.000000 0.000000
vn 0.000000 -1.000000 0.000000
vn 0.000000 -1.000000 0.000000
vn 0.000000 -1.000000 0.000000
vn 0.000000 -1.000000 0.000000
vn 0.000000 -1.000000 0.000000
vn 0.000000 -1.000000 0.000000
vn 0.000000 -1.000000 0.000000
vn 0.000000 -1.000000 0.000000
vn 0.000000 -1.000000 0.000000
vn 0.000000 -1.000000 0.000000
vn 0.000000 1.000000 0.000000
vn 0.000000 1.000000 0.000000
vn 0.000000 1.000000 0.000000
vn 0.000000 1.000000 0.000000
vn 0.000000 1.000000 -0.000000
vn -0.000000 1.000000 -0.000000
vn 0.000000 1.000000 -0.000000
vn 0.000001 1.000000 0.000000
vn 0.000000 0.000000 1.000000
vn 0.000000 0.000000 1.000000
vn 0.000000 1.000000 0.000000
vn 0.000000 0.000000 1.000000
vn 0.000000 0.000000 1.000000
vn 0.000000 -0.852045 -0.523468
vn 0.000000 -0.852045 -0.523469
vn 0.000000 0.000000 1.000000
vn 0.000000 0.000000 1.000000
vn 0.000000 -1.000000 0.000000
vn 0.000000 -1.000000 0.000000
vn 0.000000 0.000000 1.000000
vn 0.000000 0.000000 1.000000
vn 0.000000 0.000000 1.000000
vn 0.000000 0.000000 1.000000
vn 0.000001 1.000000 0.000000
vn 0.000001 1.000000 0.000000
vn 0.000000 0.000000 1.000000
vn 0.000000 0.000000 1.000000
vn 0.000000 -1.000000 0.000000
vn 0.000000 -1.000000 0.000000
vn 0.000000 -1.000000 0.000000
vn 0.000000 -1.000000 -0.000000
vn -0.000000 -1.000000 0.000000
vn -0.000000 -1.000000 0.000001
vn 0.000000 0.000000 -1.000000
vn 0.000000 0.000000 -1.000000
vn 0.000001 1.000000 -0.000001
vn 0.000001 1.000000 -0.000001
vn -0.000001 0.000000 -1.000000
vn -0.000001 0.000000 -1.000000
vn 0.000000 0.000000 -1.000000
vn -0.000001 0.000000 -1.000000
vn 0.000000 -0.852045 0.523468
vn 0.000000 -0.852045 0.523468
vn 0.000000 -0.451499 -0.892272
vn 0.000000 -0.451499 -0.892272
vn 0.000000 0.852045 -0.523469
vn 0.000000 0.852046 -0.523468
vn 0.000000 0.852046 -0.523467
vn 0.000000 0.852046 0.523467
vn 0.000000 0.852046 0.523468
vn 0.000000 0.852045 0.523469
vn 0.000000 -0.451499 0.892272
vn 0.000000 -0.451499 0.892272
vn 0.000000 -0.852046 -0.523468
vn 0.000000 -0.852045 -0.523468
vn 0.000000 -0.852045 -0.523468
vn 0.000000 -0.852045 -0.523468
vn 0.000000 -0.852046 -0.523468
vn 0.000000 -0.852045 -0.523468
vn 0.000000 1.000000 0.000000
vn 0.000000 1.000000 0.000000
vn 0.000000 1.000000 0.000000
vn 0.000000 1.000000 0.000000
vn 0.000000 1.000000 0.000000
vn 0.003098 0.000371 0.999995
vn 0.003098 0.000371 0.999995
vn 0.003098 0.000371 0.999995
vn 0.003098 0.000371 0.999995
vn -0.999968 0.000856 -0.008007
vn -0.999968 0.000856 -0.008007
vn -0.999968 0.000856 -0.008007
vn -0.999968 0.000856 -0.008007
vn -0.000001 0.000000 -1.000000
vn -0.000001 0.000000 -1.000000
vn -0.000001 0.000000 -1.000000
vn -0.000001 0.000000 -1.000000
vn 1.000000 0.000000 0.000000
vn 1.000000 0.000000 0.000000
vn 1.000000 0.000000 0.000000
vn 1.000000 0.000000 0.000000
vn 0.000001 1.000000 0.000000
vn 0.000001 1.000000 -0.000000
vn 0.000001 1.000000 0.000000
vn 0.000001 1.000000 -0.000000
vn 0.000001 1.000000 -0.000000
vn 0.000001 -0.852046 -0.523466
vn 0.000000 -0.852046 -0.523467
vn -0.000001 -0.852045 -0.523468
vn -0.000001 -0.852045 -0.523468
vn -0.000000 -0.852045 -0.523468
vn -0.000001 -0.852045 -0.523469
vn 1.000000 0.000001 0.000000
vn 1.000000 0.000001 0.000000
vn 1.000000 0.000001 0.000000
vn 1.000000 0.000001 0.000000
vn 0.000000 -0.000002 -1.000000
vn 0.000000 -0.000002 -1.000000
vn 0.000000 -0.000002 -1.000000
vn 0.000000 -0.000002 -1.000000
vn -1.000000 0.000000 0.000000
vn -1.000000 0.000000 0.000000
vn -1.000000 0.000000 0.000000
vn -1.000000 0.000000 0.000000
vn 0.000000 -0.003914 0.999992
vn 0.000000 -0.003914 0.999992
vn 0.000000 -0.003914 0.999992
vn 0.000000 -0.003914 0.999992
vn -0.791511 0.000000 0.611155
vn -0.791511 0.000000 0.611155
vn -0.791512 0.000000 0.611154
vn -0.791512 0.000000 0.611154
vn 0.791512 0.000000 0.611154
vn 0.791512 0.000000 0.611154
vn 0.791511 -0.000000 0.611156
vn 0.791510 -0.000000 0.611156
vn 0.000000 1.000000 0.000000
vn 0.000000 1.000000 0.000000
vn 0.000000 1.000000 0.000000
vn 0.000001 1.000000 -0.000000
vn 0.000001 1.000000 -0.000000
vn 0.000001 1.000000 0.000000
vn 0.000000 0.000000 -1.000000
vn 0.000000 0.000000 -1.000000
vn 0.000000 0.000000 -1.000000
vn 0.000000 0.000000 -1.000000
vn 0.000000 0.000000 -1.000000
vn 0.000000 0.000000 -1.000000
vn 0.000000 0.000000 -1.000000
vn 0.000000 0.000000 1.000000
vn 0.000000 0.000000 1.000000
vn 0.000000 0.000000 1.000000
vn 0.000000 0.000000 1.000000
vn 0.000000 0.000000 1.000000
vn 0.000000 0.000000 1.000000
vn 0.000000 0.000000 1.000000
vn 0.000000 0.000000 1.000000
vn -0.000001 0.000000 1.000000
vn 0.000000 0.000000 1.000000
vn 0.000000 0.000000 1.000000
vn -0.000001 0.000000 1.000000
vn 0.000000 0.000000 1.000000
vn -0.000001 0.000000 1.000000
vn -0.000001 0.000000 1.000000
vn 0.000000 0.000000 1.000000
vn 0.000001 0.000000 1.000000
vn 0.000001 0.000000 1.000000
vn 0.000001 0.000000 1.000000
vn 0.000001 0.000000 1.000000
vn 0.000000 0.955685 0.294393
vn 0.000000 0.955685 0.294393
vn 0.000000 0.955685 0.294393
vn 0.000000 0.955685 0.294393
vn 0.000000 0.990747 0.135720
vn 0.000000 0.990747 0.135720
vn 0.000000 0.990747 0.135720
vn 0.000000 0.990747 0.135720
vn 0.000000 -0.955685 0.294392
vn 0.000000 -0.955685 0.294392
vn 0.000000 -0.955685 0.294392
vn 0.000000 -0.955685 0.294392
vn -0.791509 0.000000 0.611157
vn -0.791509 0.000000 0.611157
vn -0.791510 0.000000 0.611157
vn -0.791510 0.000000 0.611157
vn 0.944837 0.000000 0.327542
vn 0.944837 0.000000 0.327542
vn 0.944837 0.000000 0.327542
vn 0.944837 0.000000 0.327542
vn 0.000000 0.955685 0.294393
vn 0.000000 0.955685 0.294393
vn 0.791509 0.000000 0.611157
vn 0.791509 0.000000 0.611157
vn 0.791510 0.000000 0.611157
vn 0.791510 0.000000 0.611157
vn -0.944837 0.000000 0.327542
vn -0.944837 0.000000 0.327542
vn -0.944837 0.000000 0.327542
vn -0.944837 0.000000 0.327542
vn 0.000000 0.990747 0.135720
vn 0.000000 0.990747 0.135720
vn 0.000000 -0.955685 0.294393
vn 0.000000 -0.955685 0.294393
vn 1.000000 -0.000000 0.000000
vn 1.000000 -0.000000 0.000000
vn 1.000000 -0.000000 0.000000
vn 1.000000 -0.000000 0.000000
vn 0.000000 -0.000002 -1.000000
vn 0.000000 -0.000002 -1.000000
vn 0.000000 -0.000002 -1.000000
vn 0.000000 -0.000002 -1.000000
vn -0.999992 0.000284 -0.003980
vn -0.999992 0.000284 -0.003980
vn -0.999992 0.000284 -0.003980
vn -0.999992 0.000284 -0.003980
vn 0.007218 -0.001682 0.999973
vn 0.007218 -0.001682 0.999973
vn 0.007218 -0.001682 0.999973
vn 0.007218 -0.001682 0.999973
vn 0.000000 -0.000000 1.000000
vn 0.000000 -0.000000 1.000000
vn 0.000000 -0.000000 1.000000
vn 0.000000 -0.000000 1.000000
vn -1.000000 -0.000000 0.000000
vn -1.000000 -0.000000 0.000000
vn -1.000000 -0.000000 0.000000
vn -1.000000 -0.000000 0.000000
vn 0.000000 -0.000000 -1.000000
vn 0.000000 -0.000000 -1.000000
vn 0.000000 -0.000000 -1.000000
vn 0.000000 -0.000000 -1.000000
vn 1.000000 -0.000000 0.000000
vn 1.000000 -0.000000 0.000000
vn 1.000000 -0.000000 0.000000
vn 1.000000 -0.000000 0.000000
vn -0.224970 0.935326 0.273047
vn 0.230748 0.934128 0.272325
vn 0.228971 0.934052 0.274080
vn -0.227148 0.935417 0.270924
vn -0.229229 0.934620 -0.271918
vn -0.228869 0.934606 -0.272268
vn 0.227802 0.934765 -0.272620
vn 0.227816 0.934765 -0.272606
vn -0.229243 0.934273 0.273097
vn 0.229244 0.934272 0.273098
vn 0.229214 0.934271 0.273128
vn -0.229214 0.934271 0.273126
vn -0.229339 0.934663 -0.271677
vn -0.229367 0.934664 -0.271649
vn 0.229339 0.934663 -0.271678
vn 0.229368 0.934664 -0.271650
vn 0.000000 0.000000 1.000000
vn 0.000000 0.000000 1.000000
vn 0.000000 0.000000 1.000000
vn 0.791510 -0.000000 0.611156
vn 0.791510 -0.000000 0.611156
vn 0.000000 0.000001 1.000000
vn 0.000000 0.000001 1.000000
vn 0.000000 0.000001 1.000000
vn 0.000000 0.000001 1.000000
vn -0.791510 0.000000 0.611156
vn -0.791510 0.000000 0.611156
vn -0.000000 0.000000 1.000000
vn -0.000000 0.000000 1.000000
vn 0.000000 0.000000 1.000000
vn 0.000001 0.000000 -1.000000
vn 0.000000 0.000000 -1.000000
vn 0.000000 0.000000 -1.000000
vn 0.000000 0.000000 -1.000000
vn 0.000000 0.000000 -1.000000
vn -0.000000 0.000000 -1.000000
vn -0.000001 0.000000 -1.000000
vn 0.000000 0.000000 1.000000
vn -0.000000 0.000000 1.000000
vn -0.000000 0.000000 1.000000
vn -0.791513 0.000000 0.611153
vn -0.791513 0.000000 0.611153
vn 0.000000 0.000001 1.000000
vn 0.000000 0.000001 1.000000
vn 0.000000 0.000001 1.000000
vn 0.000000 0.000001 1.000000
vn 0.791512 0.000000 0.611153
vn 0.791512 0.000000 0.611153
vn 0.000000 0.000000 1.000000
vn 0.000000 0.000000 1.000000
vn 0.000000 0.000000 1.000000
vn 0.000000 0.000000 -1.000000
vn 0.000001 0.000000 -1.000000
vn 0.000001 0.000000 -1.000000
vn 0.000000 0.000000 -1.000000
vn 0.000000 0.852045 0.523468
vn 0.000000 0.852046 0.523468
vn 0.000000 0.852046 0.523468
vn 0.000000 0.852045 0.523468
vn 0.000000 0.852046 -0.523468
vn 0.000000 0.852045 -0.523468
vn 0.000000 0.852045 -0.523468
vn 0.000000 0.852046 -0.523468
vn 0.000000 -0.451498 0.892272
vn 0.000000 -0.451498 0.892272
vn 0.000000 -0.451498 0.892272
vn 0.000000 -0.451498 0.892272
vn 0.000000 -0.451498 -0.892272
vn 0.000000 -0.451498 -0.892272
vn 0.000000 -0.451498 -0.892272
vn 0.000000 -0.451498 -0.892272
vn 0.000000 0.852045 0.523468
vn 0.000000 0.852045 0.523468
vn 0.000000 -0.852045 0.523469
vn 0.000000 -0.852045 0.523469
vn 0.000000 -0.852045 0.523469
vn 0.000000 -0.852045 0.523469
vn 0.000000 0.852045 -0.523468
vn 0.000000 0.852045 -0.523468
vn 0.000000 -1.000000 0.000000
vn 0.000000 -1.000000 -0.000000
vn 0.000000 -1.000000 -0.000000
vn 0.000000 -1.000000 0.000000
vn 0.000000 0.000000 -1.000000
vn 0.000000 0.000000 -1.000000
vn 0.000001 0.000000 -1.000000
vn 0.000000 0.000000 -1.000000
vn 0.000000 0.000000 1.000000
vn 0.000000 0.000000 1.000000
vn 0.000000 0.000000 1.000000
vn 0.000000 0.000000 1.000000
vn 0.000000 -1.000000 0.000000
vn 0.000000 -1.000000 0.000000
vn 0.000000 -1.000000 0.000000
vn 0.000000 -1.000000 0.000000
vn -0.000000 -1.000000 0.000000
vn 0.000000 -1.000000 -0.000000
vn 0.000000 -1.000000 0.000000
vn 0.000000 -1.000000 0.000000
vn -0.000000 0.000000 -1.000000
vn 0.000000 0.000000 -1.000000
vn 0.000000 0.000000 -1.000000
vn -0.000000 0.000000 -1.000000
vn 0.000001 -0.000000 -1.000000
vn 0.000000 0.000000 -1.000000
vn 0.000000 0.000000 -1.000000
vn 0.000000 -0.000000 -1.000000
vn 0.000000 -0.852045 0.523468
vn 0.000000 -0.852045 0.523468
vn -0.000000 -0.852045 0.523469
vn -0.000000 -0.852045 0.523469
vn 0.000000 -0.451498 -0.892272
vn 0.000000 -0.451498 -0.892272
vn 0.000000 -0.451498 -0.892272
vn 0.000000 -0.451498 -0.892272
vn 0.000000 0.852045 -0.523468
vn 0.000000 0.852045 -0.523469
vn 0.000000 0.852045 -0.523468
vn 0.000000 0.852045 -0.523468
vn 0.000000 0.852046 -0.523468
vn 0.000000 0.852046 -0.523468
vn 0.000000 0.852045 0.523468
vn 0.000000 0.852046 0.523468
vn 0.000000 0.852046 0.523468
vn 0.000000 0.852045 0.523468
vn 0.000000 0.852045 0.523469
vn 0.000000 0.852045 0.523468
vn 0.000000 -0.451498 0.892272
vn 0.000000 -0.451498 0.892272
vn 0.000000 -0.451498 0.892272
vn 0.000000 -0.451498 0.892272
vn 0.000000 -0.852045 -0.523468
vn 0.000000 -0.852045 -0.523468
vn 0.000000 -0.852045 -0.523468
vn 0.000000 -0.852045 -0.523468
vn 0.000000 -1.000000 0.000000
vn 0.000000 -1.000000 0.000000
vn 0.000000 -1.000000 0.000000
vn 0.000000 -1.000000 0.000000
vn -0.000001 0.000000 1.000000
vn -0.000001 0.000000 1.000000
vn -0.000001 0.000000 1.000000
vn -0.000001 0.000000 1.000000
vn 0.000000 -1.000000 0.000000
vn 0.000000 -1.000000 -0.000000
vn -0.000000 0.000000 -1.000000
vn -0.000000 0.000000 -1.000000
vn 0.000000 0.000000 -1.000000
vn 0.000000 0.000000 -1.000000
vn 0.000000 -0.852045 0.523468
vn 0.000000 -0.852045 0.523468
vn 0.000000 -0.451498 -0.892272
vn 0.000000 -0.451498 -0.892272
vn 0.000000 0.852045 -0.523468
vn 0.000000 0.852045 -0.523469
vn 0.000000 0.852046 -0.523468
vn 0.000000 0.852045 0.523468
vn 0.000000 0.852046 0.523468
vn 0.000000 0.852045 0.523469
vn 0.000000 -0.451498 0.892272
vn 0.000000 -0.451498 0.892272
vn 0.000000 -0.852045 -0.523468
vn 0.000000 -0.852045 -0.523468
vn 0.000000 -1.000000 0.000000
vn 0.000000 -1.000000 0.000000
vn 0.000000 0.000000 1.000000
vn 0.000000 0.000000 1.000000
vn 0.000000 0.000000 1.000000
vn 0.000000 0.000000 1.000000
vn -0.000000 0.000000 1.000000
vn 0.000000 0.000000 1.000000
vn -0.000000 0.000000 1.000000
vn -0.000000 0.000000 1.000000
vn 0.000000 0.000000 1.000000
vn 0.000000 0.000000 1.000000
vn 0.000000 0.000000 1.000000
vn 0.000000 0.000000 1.000000
vn 0.000000 0.000000 -1.000000
vn 0.000000 0.000000 -1.000000
vn -0.000000 0.000000 -1.000000
vn -0.000000 0.000000 -1.000000
vn 0.000000 0.000000 -1.000000
vn 0.000000 0.000000 -1.000000
vn -0.000000 0.000000 -1.000000
vn -0.000000 0.000000 -1.000000
vn -0.000000 0.000000 -1.000000
vn -0.000000 0.000000 -1.000000
vn -0.000000 0.000000 1.000000
vn -0.000000 0.000000 1.000000
vn -0.000001 0.000000 1.000000
vn -0.000001 0.000000 1.000000
vn 0.000000 0.000000 1.000000
vn 0.000000 0.000000 1.000000
vn 0.000000 0.000000 1.000000
vn 0.000000 0.000000 1.000000
vn 0.000000 0.000000 1.000000
vn 0.000000 0.000000 1.000000
vn 0.000000 0.000000 1.000000
vn 0.000000 0.000000 1.000000
vn -0.000001 1.000000 -0.000001
vn -0.000001 1.000000 -0.000001
vn -0.000001 1.000000 -0.000001
vn -0.000001 1.000000 -0.000001
vn 0.000000 -1.000000 0.000001
vn 0.000000 -1.000000 0.000001
vn 0.000000 -1.000000 0.000001
vn -0.000000 -1.000000 0.000001
vn -0.000000 1.000000 -0.000001
vn 0.000000 1.000000 -0.000001
vn 0.000000 1.000000 -0.000001
vn -0.000000 1.000000 -0.000001
vn 0.000001 1.000000 -0.000001
vn 0.000001 1.000000 -0.000001
vn -0.000000 -1.000000 0.000001
vn 0.000000 -1.000000 0.000000
vn 0.000000 -1.000000 0.000000
vn 0.000000 -1.000000 0.000000
vn 0.000000 -1.000000 0.000000
vn 0.000000 1.000000 -0.000000
vn 0.000001 1.000000 -0.000000
vn 0.000001 1.000000 -0.000000
vn 0.000000 1.000000 0.000000
vn 0.000000 -1.000000 0.000000
vn 0.000000 -1.000000 0.000000
vn 0.000000 1.000000 0.000000
vn -0.000000 1.000000 0.000000
vn 0.000000 -1.000000 0.000000
vn 0.000000 -1.000000 0.000000
vn 0.000000 -1.000000 0.000000
vn 0.000000 -1.000000 0.000000
vn 0.000000 -1.000000 0.000000
vn 0.000000 -1.000000 0.000000
vn 0.000000 -1.000000 0.000000
vn 0.000000 -1.000000 0.000000
vn 0.000000 -1.000000 0.000000
vn 0.000000 1.000000 0.000000
vn 0.000000 1.000000 0.000000
vn 0.000000 1.000000 -0.000000
vn 0.000000 1.000000 -0.000000
vn -0.000000 1.000000 0.000000
vn 0.000000 1.000000 -0.000000
vn 0.000001 1.000000 -0.000000
vn 0.000000 0.000000 1.000000
vn 0.000000 0.000000 1.000000
vn 0.000000 1.000000 -0.000000
vn 0.000000 0.000000 1.000000
vn 0.000000 0.000000 1.000000
vn 0.000000 -0.852045 -0.523468
vn 0.000000 -0.852045 -0.523468
vn 0.000001 0.000000 1.000000
vn 0.000001 0.000000 1.000000
vn 0.000001 0.000000 1.000000
vn 0.000001 0.000000 1.000000
vn 0.000000 -1.000000 0.000000
vn 0.000000 -1.000000 0.000000
vn -0.000002 0.000002 1.000000
vn -0.000002 0.000002 1.000000
vn -0.000002 0.000000 1.000000
vn -0.000003 0.000001 1.000000
vn -0.000000 0.000000 1.000000
vn 0.000000 0.000000 1.000000
vn 0.000001 1.000000 0.000000
vn 0.000001 1.000000 -0.000000
vn 0.000000 0.000000 1.000000
vn 0.000000 0.000000 1.000000
vn 0.000000 -1.000000 0.000000
vn 0.000000 -1.000000 0.000000
vn 0.000000 -1.000000 0.000000
vn 0.000000 -1.000000 0.000000
vn 0.000000 -1.000000 0.000000
vn -0.000000 -1.000000 0.000001
vn 0.000000 0.000000 -1.000000
vn 0.000000 0.000000 -1.000000
vn 0.000001 1.000000 -0.000001
vn 0.000001 1.000000 -0.000001
vn -0.000001 0.000000 -1.000000
vn -0.000001 0.000000 -1.000000
vn 0.000003 -0.000001 -1.000000
vn -0.000000 -0.000001 -1.000000
vn -0.000001 -0.852045 0.523469
vn -0.000001 -0.852045 0.523469
vn 0.000000 -0.451498 -0.892272
vn 0.000000 -0.451498 -0.892272
vn 0.000000 0.852045 -0.523468
vn 0.000000 0.852045 -0.523468
vn 0.000000 0.852046 -0.523468
vn 0.000000 0.852046 0.523468
vn 0.000000 0.852045 0.523468
vn 0.000000 0.852045 0.523468
vn 0.000000 -0.451498 0.892272
vn 0.000000 -0.451498 0.892272
vn 0.000000 -0.852045 -0.523468
vn 0.000000 -0.852045 -0.523468
vn 0.000000 -0.852045 -0.523468
vn 0.000000 -0.852045 -0.523468
vn 0.000000 -0.852045 -0.523469
vn 0.000000 -0.852045 -0.523469
vn 0.000000 1.000000 -0.000000
vn 0.000000 1.000000 -0.000000
vn 0.000000 1.000000 -0.000000
vn 0.000000 1.000000 -0.000000
vn 0.000000 1.000000 -0.000000
vn 0.003097 0.000371 0.999995
vn 0.003097 0.000371 0.999995
vn 0.003097 0.000371 0.999995
vn 0.003097 0.000371 0.999995
vn -0.999968 0.000856 -0.008007
vn -0.999968 0.000856 -0.008007
vn -0.999968 0.000856 -0.008007
vn -0.999968 0.000856 -0.008007
vn -0.000001 0.000000 -1.000000
vn -0.000001 0.000000 -1.000000
vn -0.000001 0.000000 -1.000000
vn -0.000001 0.000000 -1.000000
vn 1.000000 -0.000000 0.000000
vn 1.000000 -0.000000 0.000000
vn 1.000000 -0.000000 0.000000
vn 1.000000 -0.000000 0.000000
vn 0.000001 1.000000 -0.000000
vn 0.000001 1.000000 -0.000000
vn 0.000001 1.000000 -0.000000
vn 0.000001 1.000000 -0.000000
vn 0.000001 1.000000 -0.000000
vn 0.000001 -0.852045 -0.523468
vn 0.000000 -0.852045 -0.523469
vn -0.000001 -0.852046 -0.523467
vn -0.000001 -0.852046 -0.523467
vn -0.000000 -0.852045 -0.523468
vn -0.000001 -0.852045 -0.523468
vn 1.000000 0.000000 0.000000
vn 1.000000 0.000000 0.000000
vn 1.000000 0.000000 0.000000
vn 1.000000 0.000000 0.000000
vn -0.000001 -0.000002 -1.000000
vn -0.000001 -0.000002 -1.000000
vn -0.000001 -0.000002 -1.000000
vn -0.000001 -0.000002 -1.000000
vn -1.000000 -0.000000 0.000000
vn -1.000000 -0.000000 0.000000
vn -1.000000 -0.000000 0.000000
vn -1.000000 -0.000000 0.000000
vn 0.000001 -0.003914 0.999992
vn 0.000001 -0.003914 0.999992
vn 0.000001 -0.003914 0.999992
vn 0.000001 -0.003914 0.999992
vn 0.000000 1.000000 0.000000
vn 0.000000 1.000000 0.000000
vn 0.000000 1.000000 0.000000
vn 0.000001 1.000000 0.000000
vn 0.000001 1.000000 0.000000
vn 0.000001 1.000000 0.000000
vn 0.000002 0.000000 -1.000000
vn 0.000004 0.000000 -1.000000
vn 0.000000 0.000000 -1.000000
vn 0.000000 0.000000 -1.000000
vn 0.000000 0.000000 -1.000000
vn 0.000000 0.000000 -1.000000
vn 0.000000 0.000000 1.000000
vn 0.000000 0.000000 1.000000
vn 0.000000 0.000000 1.000000
vn 0.000000 0.000000 1.000000
vn 0.000000 0.000000 1.000000
vn 0.000000 0.000000 1.000000
vn -0.000002 0.000000 1.000000
vn -0.000004 0.000000 1.000000
vn 0.000000 0.000000 1.000000
vn 0.000001 0.000000 1.000000
vn 0.000000 0.000000 1.000000
vn -0.000000 0.000000 1.000000
vn 0.000000 -0.000000 1.000000
vn 0.000000 0.000000 1.000000
vn 0.000000 0.000000 1.000000
vn -0.000000 0.000000 1.000000
vn 0.000000 -0.873832 0.486228
vn 0.000000 -0.873832 0.486228
vn 0.000000 -0.873832 0.486228
vn 0.000000 -0.873832 0.486228
vn 0.876702 0.000000 0.481035
vn 0.876701 0.000000 0.481035
vn 0.876702 0.000000 0.481035
vn 0.876701 0.000000 0.481035
vn 0.000000 0.873829 0.486234
vn 0.000000 0.873829 0.486234
vn 0.000000 0.873829 0.486234
vn 0.000000 0.873829 0.486234
vn -0.876690 0.000000 0.481056
vn -0.876690 0.000000 0.481056
vn -0.876690 0.000000 0.481056
vn -0.876690 0.000000 0.481056
vn 0.000000 0.924939 0.380115
vn 0.000000 0.924939 0.380115
vn 0.000000 0.924939 0.380115
vn 0.000000 0.924939 0.380115
vn 1.000000 0.000000 0.000000
vn 1.000000 0.000000 0.000000
vn 1.000000 0.000000 0.000000
vn 1.000000 0.000000 0.000000
vn 0.000000 -0.000002 -1.000000
vn 0.000000 -0.000002 -1.000000
vn 0.000000 -0.000002 -1.000000
vn 0.000000 -0.000002 -1.000000
vn -0.999992 0.000283 -0.003983
vn -0.999992 0.000283 -0.003983
vn -0.999992 0.000283 -0.003983
vn -0.999992 0.000283 -0.003983
vn 0.007218 -0.001682 0.999973
vn 0.007218 -0.001682 0.999973
vn 0.007218 -0.001682 0.999973
vn 0.007218 -0.001682 0.999973
vn 0.000000 -0.000000 1.000000
vn 0.000000 -0.000000 1.000000
vn 0.000000 -0.000000 1.000000
vn 0.000000 -0.000000 1.000000
vn -1.000000 -0.000000 0.000000
vn -1.000000 -0.000000 0.000000
vn -1.000000 -0.000000 0.000000
vn -1.000000 -0.000000 0.000000
vn 0.000000 -0.000000 -1.000000
vn 0.000000 -0.000000 -1.000000
vn 0.000000 -0.000000 -1.000000
vn 0.000000 -0.000000 -1.000000
vn 1.000000 0.000000 0.000000
vn 1.000000 0.000000 0.000000
vn 1.000000 0.000000 0.000000
vn 1.000000 0.000000 0.000000
vn -0.224970 0.935325 0.273049
vn 0.230748 0.934127 0.272327
vn 0.228971 0.934051 0.274081
vn -0.227149 0.935416 0.270926
vn -0.229227 0.934619 -0.271922
vn -0.228871 0.934606 -0.272269
vn 0.227803 0.934764 -0.272620
vn 0.227816 0.934765 -0.272607
vn -0.229244 0.934272 0.273098
vn 0.229244 0.934272 0.273098
vn 0.229214 0.934271 0.273127
vn -0.229214 0.934271 0.273127
vn -0.229339 0.934663 -0.271678
vn -0.229368 0.934664 -0.271650
vn 0.229339 0.934663 -0.271677
vn 0.229368 0.934664 -0.271649
vn 0.000000 0.000000 1.000000
vn 0.000000 0.000000 1.000000
vn 0.000000 0.000000 1.000000
vn 0.000000 0.000000 1.000000
vn 0.000000 0.000000 1.000000
vn 0.000000 0.000000 1.000000
vn 0.000000 -0.000000 1.000000
vn 0.000000 -0.000000 1.000000
vn 0.000000 -0.000000 1.000000
vn 0.000000 -0.000000 1.000000
vn 0.000000 0.000000 1.000000
vn 0.000000 0.000000 1.000000
vn 0.000000 0.000000 1.000000
vn 0.000000 0.000000 1.000000
vn 0.000000 0.000000 1.000000
vn 0.000000 0.000000 1.000000
vn 0.000001 0.000000 -1.000000
vn 0.000000 0.000000 -1.000000
vn 0.000000 0.000000 -1.000000
vn 0.000000 0.000000 -1.000000
vn -0.000000 0.000000 -1.000000
vn -0.000000 0.000000 -1.000000
vn -0.000000 0.000000 1.000000
vn -0.000000 0.000000 1.000000
vn 0.000000 0.000000 1.000000
vn 0.000000 0.000000 1.000000
vn 0.000000 0.000000 1.000000
vn 0.000000 0.000000 1.000000
vn 0.000000 -0.924941 0.380112
vn 0.000000 -0.924941 0.380112
vn 0.000000 -0.924941 0.380112
vn 0.000000 -0.924941 0.380112
vn 0.000000 0.000000 1.000000
vn 0.000000 0.000000 1.000000
vn 0.000000 0.000000 1.000000
vn 0.000000 0.000000 1.000000
vn 0.000000 0.000000 1.000000
vn 0.000000 0.000000 1.000000
vn 0.000000 0.000000 1.000000
vn 0.000000 0.000000 1.000000
vn -0.000000 1.000000 0.000000
vn -0.000000 1.000000 0.000000
vn -0.000000 1.000000 0.000000
vn -0.000000 1.000000 0.000000
vn -0.000000 0.924940 0.380114
vn -0.000000 0.924940 0.380114
vn -0.000000 0.924940 0.380114
vn -0.000000 0.924940 0.380114
vn -0.924939 0.000000 0.380116
vn -0.924939 0.000000 0.380115
vn -0.924939 0.000000 0.380115
vn -0.924939 0.000000 0.380116
vn -0.924939 0.000000 0.380115
vn -0.924939 0.000000 0.380115
vn -0.000000 -0.924940 0.380114
vn -0.000000 -0.924940 0.380114
vn -0.000000 -0.924940 0.380114
vn -0.000000 -0.924940 0.380114
vn 0.924939 0.000000 0.380116
vn 0.924939 0.000000 0.380116
vn 0.924939 0.000000 0.380116
vn 0.924939 0.000000 0.380116
vn 0.000000 0.924940 0.380113
vn 0.000000 0.924940 0.380113
vn 0.000000 0.924940 0.380113
vn 0.000000 0.924940 0.380113
vn 0.000000 -0.924940 0.380113
vn 0.000000 -0.924940 0.380113
vn 0.000000 -0.924940 0.380113
vn 0.000000 -0.924940 0.380113
vn 0.924939 0.000000 0.380116
vn 0.924939 0.000000 0.380116
vn 0.000000 -0.000000 1.000000
vn 0.000000 -0.000000 1.000000
vn -0.000000 -0.000000 1.000000
vn 0.000001 -0.000000 1.000000
vn 0.000000 0.000000 1.000000
vn -0.000000 0.000000 1.000000
vn 0.000001 0.000000 1.000000
vn 0.000000 0.000000 1.000000
vn 0.000001 0.000000 1.000000
vn 0.000000 0.000000 1.000000
vn 0.000000 0.000000 1.000000
vn 0.000001 0.000000 1.000000
vn 0.000000 0.000000 1.000000
vn 0.000001 0.000000 1.000000
vn 0.000001 0.000000 1.000000
vn 0.000002 0.000000 1.000000
vn 0.000001 0.000000 1.000000
vn 0.000001 0.000000 1.000000
vn 0.000001 0.000000 1.000000
vn -0.000001 0.000000 1.000000
vn 0.000001 0.000000 1.000000
vn 0.000001 0.000000 1.000000
vn -0.000001 0.000000 1.000000
vn 0.000001 0.000000 1.000000
vn 0.000001 0.000000 1.000000
vn 0.000001 -0.000000 1.000000
vn 0.000001 0.000000 1.000000
vn 0.000001 0.000000 1.000000
vn -0.000000 -0.890196 0.455577
vn -0.000000 -0.890196 0.455577
vn -0.000000 -0.890196 0.455577
vn -0.000000 -0.890196 0.455577
vn 0.890195 0.000000 0.455581
vn 0.890195 0.000000 0.455581
vn 0.890195 0.000000 0.455581
vn 0.890195 0.000000 0.455581
vn -0.005120 0.890181 0.455579
vn -0.005120 0.890181 0.455578
vn -0.005120 0.890181 0.455579
vn -0.005120 0.890181 0.455579
vn -0.890195 0.000000 0.455579
vn -0.890195 0.000000 0.455579
vn -0.890195 0.000000 0.455579
vn -0.890195 0.000000 0.455579
vn 0.005120 0.890180 0.455580
vn 0.005120 0.890180 0.455580
vn 0.005120 0.890180 0.455580
vn 0.005120 0.890180 0.455580
vn -0.890195 0.000000 0.455580
vn -0.890195 0.000000 0.455580
vn -0.890195 0.000000 0.455580
vn -0.890195 0.000000 0.455580
vn 0.000000 -0.890197 0.455576
vn 0.000000 -0.890197 0.455576
vn 0.000000 -0.890197 0.455576
vn 0.000000 -0.890197 0.455576
vn 0.890195 0.000000 0.455579
vn 0.890195 0.000000 0.455579
vn 0.890195 0.000000 0.455579
vn 0.890195 0.000000 0.455579
vn 0.000000 0.890196 0.455577
vn 0.000000 0.890196 0.455577
vn 0.000000 0.890196 0.455577
vn 0.000000 0.890196 0.455577
vn -0.890195 0.000000 0.455579
vn -0.890195 0.000000 0.455580
vn -0.890195 0.000000 0.455580
vn -0.890195 0.000000 0.455580
vn -0.005120 -0.890180 0.455580
vn -0.005120 -0.890180 0.455580
vn -0.005120 -0.890180 0.455580
vn -0.005120 -0.890180 0.455580
vn 0.890198 0.000000 0.455574
vn 0.890198 0.000000 0.455574
vn 0.890198 0.000000 0.455574
vn 0.890198 0.000000 0.455574
vn 0.000000 -0.890196 0.455578
vn 0.000000 -0.890196 0.455578
vn 0.000000 -0.890196 0.455578
vn 0.000000 -0.890196 0.455578
vn 0.890197 0.000000 0.455575
vn 0.890197 0.000000 0.455575
vn 0.890197 0.000000 0.455575
vn 0.890197 0.000000 0.455575
vn 0.000000 0.890199 0.455572
vn 0.000000 0.890199 0.455572
vn 0.000000 0.890199 0.455572
vn 0.000000 0.890199 0.455572
vn -0.890197 0.000000 0.455575
vn -0.890197 0.000000 0.455575
vn -0.890197 0.000000 0.455575
vn -0.890197 0.000000 0.455575
vn 0.890195 0.000000 0.455581
vn 0.890195 0.000000 0.455581
vn 0.890195 0.000000 0.455581
vn 0.890194 0.000000 0.455581
vn 0.000000 0.890197 0.455576
vn 0.000000 0.890197 0.455576
vn 0.000000 0.890197 0.455576
vn 0.000000 0.890197 0.455576
vn -0.890198 0.000000 0.455575
vn -0.890198 0.000000 0.455575
vn -0.890198 0.000000 0.455575
vn -0.890198 0.000000 0.455575
vn 0.005120 -0.890180 0.455580
vn 0.005120 -0.890180 0.455580
vn 0.005120 -0.890180 0.455580
vn 0.005120 -0.890180 0.455580
vn 0.000000 0.000000 -1.000000
vn 0.000001 0.000000 -1.000000
vn 0.000001 0.000000 -1.000000
vn 0.000000 0.000000 -1.000000
vn 0.000000 0.852045 0.523468
vn 0.000000 0.852045 0.523468
vn 0.000000 0.852045 0.523468
vn 0.000000 0.852045 0.523468
vn 0.000000 0.852045 -0.523468
vn 0.000000 0.852045 -0.523468
vn 0.000000 0.852045 -0.523468
vn 0.000000 0.852045 -0.523468
vn 0.000000 -0.451498 0.892272
vn 0.000000 -0.451498 0.892272
vn 0.000000 -0.451498 0.892272
vn 0.000000 -0.451498 0.892272
vn 0.000000 -0.451498 -0.892272
vn 0.000000 -0.451498 -0.892272
vn 0.000000 -0.451498 -0.892272
vn 0.000000 -0.451498 -0.892272
vn 0.000000 0.852045 0.523468
vn 0.000000 0.852045 0.523468
vn 0.000000 -0.852045 0.523468
vn 0.000000 -0.852045 0.523468
vn 0.000000 -0.852045 0.523468
vn 0.000000 -0.852045 0.523468
vn 0.000000 0.852045 -0.523468
vn 0.000000 0.852045 -0.523468
vn 0.000000 -1.000000 0.000000
vn 0.000000 -1.000000 -0.000000
vn 0.000000 -1.000000 -0.000000
vn 0.000000 -1.000000 0.000000
vn 0.000000 0.000000 -1.000000
vn 0.000000 0.000000 -1.000000
vn 0.000001 0.000000 -1.000000
vn 0.000000 0.000000 -1.000000
vn 0.000000 0.000000 1.000000
vn 0.000000 0.000000 1.000000
vn 0.000000 0.000000 1.000000
vn 0.000000 0.000000 1.000000
vn 0.000000 -1.000000 0.000000
vn 0.000000 -1.000000 0.000000
vn 0.000000 -1.000000 0.000000
vn 0.000000 -1.000000 0.000000
vn -0.000000 -1.000000 0.000000
vn 0.000000 -1.000000 -0.000000
vn 0.000000 -1.000000 0.000000
vn 0.000000 -1.000000 0.000000
vn -0.000000 0.000000 -1.000000
vn 0.000000 0.000000 -1.000000
vn 0.000000 0.000000 -1.000000
vn -0.000000 0.000000 -1.000000
vn 0.000001 -0.000000 -1.000000
vn 0.000000 0.000000 -1.000000
vn 0.000000 0.000000 -1.000000
vn -0.000000 -0.000000 -1.000000
vn 0.000000 -0.852045 0.523468
vn 0.000000 -0.852045 0.523468
vn -0.000000 -0.852045 0.523469
vn -0.000000 -0.852045 0.523469
vn 0.000000 -0.451498 -0.892272
vn 0.000000 -0.451498 -0.892272
vn 0.000000 -0.451498 -0.892272
vn 0.000000 -0.451498 -0.892272
vn 0.000000 0.852046 -0.523468
vn 0.000000 0.852045 -0.523469
vn 0.000000 0.852045 -0.523468
vn 0.000000 0.852045 -0.523468
vn 0.000000 0.852046 -0.523468
vn 0.000000 0.852045 -0.523468
vn 0.000000 0.852046 0.523468
vn 0.000000 0.852046 0.523468
vn 0.000000 0.852045 0.523468
vn 0.000000 0.852045 0.523468
vn 0.000000 0.852045 0.523469
vn 0.000000 0.852045 0.523468
vn 0.000000 -0.451498 0.892272
vn 0.000000 -0.451498 0.892272
vn 0.000000 -0.451498 0.892272
vn 0.000000 -0.451498 0.892272
vn 0.000000 -0.852045 -0.523468
vn 0.000000 -0.852045 -0.523468
vn 0.000000 -0.852045 -0.523469
vn 0.000000 -0.852045 -0.523469
vn 0.000000 -1.000000 0.000000
vn 0.000000 -1.000000 0.000000
vn 0.000000 -1.000000 0.000000
vn 0.000000 -1.000000 0.000000
vn -0.000001 0.000000 1.000000
vn -0.000001 0.000000 1.000000
vn -0.000001 0.000000 1.000000
vn -0.000001 0.000000 1.000000
vn 0.000000 -1.000000 0.000000
vn 0.000000 -1.000000 -0.000000
vn -0.000000 0.000000 -1.000000
vn -0.000000 0.000000 -1.000000
vn 0.000000 0.000000 -1.000000
vn 0.000000 0.000000 -1.000000
vn 0.000000 -0.852045 0.523468
vn 0.000000 -0.852045 0.523468
vn 0.000000 -0.451498 -0.892272
vn 0.000000 -0.451498 -0.892272
vn 0.000000 0.852045 -0.523468
vn 0.000000 0.852045 -0.523469
vn 0.000000 0.852046 -0.523468
vn 0.000000 0.852045 0.523468
vn 0.000000 0.852046 0.523468
vn 0.000000 0.852045 0.523469
vn 0.000000 -0.451498 0.892272
vn 0.000000 -0.451498 0.892272
vn 0.000000 -0.852045 -0.523468
vn 0.000000 -0.852045 -0.523468
vn 0.000000 -1.000000 0.000000
vn 0.000000 -1.000000 0.000000
vn 0.000000 0.000000 1.000000
vn 0.000000 0.000000 1.000000
vn 0.000000 0.000000 1.000000
vn 0.000000 0.000000 1.000000
vn -0.000000 0.000000 1.000000
vn -0.000000 0.000000 1.000000
vn -0.000000 0.000000 1.000000
vn -0.000000 0.000000 1.000000
vn 0.000000 0.000000 1.000000
vn 0.000000 0.000000 1.000000
vn 0.000000 0.000000 1.000000
vn 0.000000 0.000000 1.000000
vn 0.000000 0.000000 -1.000000
vn 0.000000 0.000000 -1.000000
vn -0.000000 0.000000 -1.000000
vn -0.000000 0.000000 -1.000000
vn 0.000000 0.000000 -1.000000
vn 0.000000 0.000000 -1.000000
vn -0.000000 0.000000 -1.000000
vn -0.000000 0.000000 -1.000000
vn -0.000000 0.000000 -1.000000
vn -0.000000 0.000000 -1.000000
vn -0.000000 0.000000 1.000000
vn -0.000000 0.000000 1.000000
vn -0.000001 0.000000 1.000000
vn -0.000001 0.000000 1.000000
vn 0.000000 0.000000 1.000000
vn 0.000000 0.000000 1.000000
vn 0.000000 0.000000 1.000000
vn 0.000000 0.000000 1.000000
vn 0.000000 0.000000 1.000000
vn 0.000000 0.000000 1.000000
vn 0.000000 0.000000 1.000000
vn 0.000000 0.000000 1.000000
vn -0.000001 1.000000 -0.000001
vn -0.000001 1.000000 -0.000001
vn -0.000001 1.000000 -0.000001
vn -0.000001 1.000000 -0.000001
vn 0.000000 -1.000000 0.000001
vn 0.000000 -1.000000 0.000001
vn 0.000000 -1.000000 0.000001
vn -0.000000 -1.000000 0.000001
vn -0.000000 1.000000 -0.000001
vn 0.000000 1.000000 -0.000001
vn 0.000000 1.000000 -0.000001
vn -0.000000 1.000000 -0.000001
vn 0.000001 1.000000 -0.000001
vn 0.000001 1.000000 -0.000001
vn -0.000000 -1.000000 0.000001
vn 0.000000 -1.000000 0.000000
vn 0.000000 -1.000000 0.000000
vn 0.000000 -1.000000 0.000000
vn 0.000000 -1.000000 0.000000
vn 0.000000 1.000000 -0.000000
vn 0.000001 1.000000 -0.000000
vn 0.000001 1.000000 0.000000
vn 0.000000 1.000000 0.000000
vn 0.000000 -1.000000 0.000000
vn 0.000000 -1.000000 0.000000
vn 0.000000 1.000000 0.000000
vn -0.000000 1.000000 -0.000000
vn 0.000000 -1.000000 0.000000
vn 0.000000 -1.000000 0.000000
vn 0.000000 -1.000000 0.000000
vn 0.000000 -1.000000 0.000000
vn 0.000000 -1.000000 0.000000
vn 0.000000 -1.000000 0.000000
vn 0.000000 -1.000000 0.000000
vn 0.000000 -1.000000 0.000000
vn 0.000000 -1.000000 0.000000
vn 0.000000 1.000000 0.000000
vn 0.000000 1.000000 0.000000
vn 0.000000 1.000000 0.000000
vn 0.000000 1.000000 0.000000
vn -0.000000 1.000000 -0.000000
vn 0.000000 1.000000 -0.000000
vn 0.000001 1.000000 0.000000
vn 0.000000 0.000000 1.000000
vn 0.000000 0.000000 1.000000
vn 0.000000 1.000000 0.000000
vn 0.000000 0.000000 1.000000
vn 0.000000 0.000000 1.000000
vn 0.000000 -0.852045 -0.523468
vn 0.000000 -0.852045 -0.523468
vn 0.000001 0.000000 1.000000
vn 0.000001 0.000000 1.000000
vn 0.000001 0.000000 1.000000
vn 0.000001 0.000000 1.000000
vn 0.000000 -1.000000 0.000000
vn 0.000000 -1.000000 0.000000
vn -0.000002 0.000002 1.000000
vn -0.000002 0.000002 1.000000
vn -0.000002 0.000000 1.000000
vn -0.000003 0.000001 1.000000
vn 0.000000 0.000000 1.000000
vn 0.000000 0.000000 1.000000
vn 0.000001 1.000000 0.000000
vn 0.000001 1.000000 -0.000000
vn 0.000000 0.000000 1.000000
vn 0.000000 0.000000 1.000000
vn 0.000000 -1.000000 0.000000
vn 0.000000 -1.000000 0.000000
vn 0.000000 -1.000000 0.000000
vn 0.000000 -1.000000 0.000000
vn 0.000000 -1.000000 0.000000
vn -0.000000 -1.000000 0.000001
vn 0.000000 0.000000 -1.000000
vn 0.000000 0.000000 -1.000000
vn 0.000001 1.000000 -0.000001
vn 0.000001 1.000000 -0.000001
vn -0.000001 0.000000 -1.000000
vn -0.000001 0.000000 -1.000000
vn 0.000003 -0.000001 -1.000000
vn -0.000000 -0.000001 -1.000000
vn -0.000001 -0.852045 0.523469
vn -0.000001 -0.852045 0.523469
vn 0.000000 -0.451499 -0.892272
vn 0.000000 -0.451499 -0.892272
vn 0.000000 0.852045 -0.523468
vn 0.000000 0.852045 -0.523468
vn 0.000000 0.852045 -0.523468
vn 0.000000 0.852045 0.523468
vn 0.000000 0.852045 0.523468
vn 0.000000 0.852045 0.523468
vn 0.000000 -0.451499 0.892272
vn 0.000000 -0.451499 0.892272
vn 0.000000 -0.852046 -0.523467
vn 0.000000 -0.852046 -0.523467
vn 0.000000 -0.852046 -0.523467
vn 0.000000 -0.852046 -0.523468
vn 0.000000 -0.852045 -0.523468
vn 0.000000 -0.852045 -0.523468
vn 0.000000 1.000000 0.000000
vn 0.000000 1.000000 0.000000
vn 0.000000 1.000000 0.000000
vn 0.000000 1.000000 0.000000
vn 0.000000 1.000000 0.000000
vn 0.003098 0.000371 0.999995
vn 0.003098 0.000371 0.999995
vn 0.003098 0.000371 0.999995
vn 0.003098 0.000371 0.999995
vn -0.999968 0.000856 -0.008007
vn -0.999968 0.000856 -0.008007
vn -0.999968 0.000856 -0.008007
vn -0.999968 0.000856 -0.008007
vn -0.000001 0.000000 -1.000000
vn -0.000001 0.000000 -1.000000
vn -0.000001 0.000000 -1.000000
vn -0.000001 0.000000 -1.000000
vn 1.000000 -0.000000 0.000000
vn 1.000000 -0.000000 0.000000
vn 1.000000 -0.000000 0.000000
vn 1.000000 -0.000000 0.000000
vn 0.000001 1.000000 -0.000000
vn 0.000001 1.000000 0.000000
vn 0.000001 1.000000 -0.000000
vn 0.000001 1.000000 0.000000
vn 0.000001 1.000000 0.000000
vn 0.000001 -0.852045 -0.523468
vn 0.000000 -0.852045 -0.523469
vn -0.000001 -0.852046 -0.523467
vn -0.000001 -0.852046 -0.523468
vn -0.000000 -0.852045 -0.523469
vn -0.000001 -0.852045 -0.523469
vn 1.000000 0.000001 0.000000
vn 1.000000 0.000001 0.000000
vn 1.000000 0.000001 0.000000
vn 1.000000 0.000001 0.000000
vn 0.000000 -0.000002 -1.000000
vn 0.000000 -0.000002 -1.000000
vn 0.000000 -0.000002 -1.000000
vn 0.000000 -0.000002 -1.000000
vn -1.000000 0.000000 0.000000
vn -1.000000 0.000000 0.000000
vn -1.000000 0.000000 0.000000
vn -1.000000 0.000000 0.000000
vn 0.000000 -0.003914 0.999992
vn 0.000000 -0.003914 0.999992
vn 0.000000 -0.003914 0.999992
vn 0.000000 -0.003914 0.999992
vn 0.000000 1.000000 0.000000
vn 0.000000 1.000000 0.000000
vn 0.000000 1.000000 0.000000
vn 0.000001 1.000000 0.000000
vn 0.000001 1.000000 0.000000
vn 0.000001 1.000000 0.000000
vn 0.000002 0.000000 -1.000000
vn 0.000004 0.000000 -1.000000
vn 0.000000 0.000000 -1.000000
vn 0.000000 0.000000 -1.000000
vn 0.000000 0.000000 -1.000000
vn 0.000000 0.000000 -1.000000
vn 0.000000 0.000000 1.000000
vn 0.000000 0.000000 1.000000
vn 0.000000 0.000000 1.000000
vn 0.000000 0.000000 1.000000
vn 0.000000 0.000000 1.000000
vn 0.000000 0.000000 1.000000
vn -0.000002 0.000000 1.000000
vn -0.000004 0.000000 1.000000
vn 0.000000 0.000000 1.000000
vn 0.000000 0.000000 1.000000
vn -0.000000 0.000000 1.000000
vn -0.000000 0.000000 1.000000
vn 0.000000 0.000000 1.000000
vn 0.000000 0.000000 1.000000
vn 0.000000 0.000000 1.000000
vn -0.000000 0.000000 1.000000
vn 0.000000 -0.873832 0.486228
vn 0.000000 -0.873832 0.486228
vn 0.000000 -0.873832 0.486228
vn 0.000000 -0.873832 0.486228
vn 0.876701 0.000000 0.481035
vn 0.876702 0.000000 0.481035
vn 0.876702 0.000000 0.481035
vn 0.876701 0.000000 0.481035
vn 0.000000 0.873827 0.486238
vn 0.000000 0.873827 0.486238
vn 0.000000 0.873827 0.486238
vn 0.000000 0.873827 0.486238
vn -0.876690 0.000000 0.481056
vn -0.876690 0.000000 0.481056
vn -0.876690 0.000000 0.481056
vn -0.876690 0.000000 0.481056
vn 0.000000 0.924939 0.380115
vn 0.000000 0.924939 0.380115
vn 0.000000 0.924939 0.380115
vn 0.000000 0.924939 0.380115
vn 1.000000 -0.000000 0.000000
vn 1.000000 -0.000000 0.000000
vn 1.000000 -0.000000 0.000000
vn 1.000000 -0.000000 0.000000
vn 0.000000 -0.000002 -1.000000
vn 0.000000 -0.000002 -1.000000
vn 0.000000 -0.000002 -1.000000
vn 0.000000 -0.000002 -1.000000
vn -0.999992 0.000283 -0.003983
vn -0.999992 0.000283 -0.003983
vn -0.999992 0.000283 -0.003983
vn -0.999992 0.000283 -0.003983
vn 0.007218 -0.001682 0.999973
vn 0.007218 -0.001682 0.999973
vn 0.007218 -0.001682 0.999973
vn 0.007218 -0.001682 0.999973
vn 0.000000 -0.000000 1.000000
vn 0.000000 -0.000000 1.000000
vn 0.000000 -0.000000 1.000000
vn 0.000000 -0.000000 1.000000
vn -1.000000 0.000000 0.000000
vn -1.000000 0.000000 0.000000
vn -1.000000 0.000000 0.000000
vn -1.000000 0.000000 0.000000
vn 0.000000 -0.000000 -1.000000
vn 0.000000 -0.000000 -1.000000
vn 0.000000 -0.000000 -1.000000
vn 0.000000 -0.000000 -1.000000
vn 1.000000 -0.000000 0.000000
vn 1.000000 -0.000000 0.000000
vn 1.000000 -0.000000 0.000000
vn 1.000000 -0.000000 0.000000
vn -0.224971 0.935325 0.273048
vn 0.230750 0.934128 0.272323
vn 0.228969 0.934052 0.274080
vn -0.227150 0.935416 0.270924
vn -0.229228 0.934619 -0.271921
vn -0.228872 0.934606 -0.272268
vn 0.227805 0.934765 -0.272616
vn 0.227815 0.934765 -0.272606
vn -0.229245 0.934272 0.273098
vn 0.229245 0.934272 0.273097
vn 0.229215 0.934271 0.273126
vn -0.229215 0.934271 0.273128
vn -0.229340 0.934663 -0.271678
vn -0.229369 0.934664 -0.271650
vn 0.229340 0.934663 -0.271677
vn 0.229369 0.934664 -0.271649
vn 0.000000 0.000000 1.000000
vn 0.000000 0.000000 1.000000
vn 0.000000 0.000000 1.000000
vn 0.000000 0.000000 1.000000
vn 0.000000 0.000000 1.000000
vn 0.000000 0.000000 1.000000
vn 0.000000 -0.000000 1.000000
vn 0.000000 -0.000000 1.000000
vn 0.000000 -0.000000 1.000000
vn 0.000000 -0.000000 1.000000
vn -0.000000 0.000000 1.000000
vn -0.000000 0.000000 1.000000
vn -0.000000 0.000000 1.000000
vn -0.000000 0.000000 1.000000
vn 0.000000 0.000000 1.000000
vn 0.000000 0.000000 1.000000
vn 0.000001 0.000000 -1.000000
vn 0.000000 0.000000 -1.000000
vn 0.000000 0.000000 -1.000000
vn 0.000000 0.000000 -1.000000
vn -0.000000 0.000000 -1.000000
vn -0.000001 0.000000 -1.000000
vn 0.000000 0.000000 1.000000
vn -0.000000 0.000000 1.000000
vn -0.000000 0.000000 1.000000
vn 0.000000 0.000000 1.000000
vn 0.000000 0.000000 1.000000
vn 0.000000 0.000000 1.000000
vn 0.000000 -0.924941 0.380112
vn 0.000000 -0.924941 0.380112
vn 0.000000 -0.924941 0.380112
vn 0.000000 -0.924941 0.380112
vn 0.000000 0.000000 1.000000
vn 0.000000 0.000000 1.000000
vn 0.000000 0.000000 1.000000
vn 0.000000 0.000000 1.000000
vn 0.000000 0.000000 1.000000
vn 0.000000 0.000000 1.000000
vn 0.000000 0.000000 1.000000
vn 0.000000 0.000000 1.000000
vn -0.000000 1.000000 0.000000
vn -0.000000 1.000000 0.000000
vn -0.000000 1.000000 0.000000
vn -0.000000 1.000000 0.000000
vn -0.000000 0.924939 0.380116
vn -0.000000 0.924939 0.380116
vn -0.000000 0.924939 0.380116
vn -0.000000 0.924939 0.380116
vn -0.924939 0.000000 0.380116
vn -0.924939 0.000000 0.380115
vn -0.924939 0.000000 0.380115
vn -0.924939 0.000000 0.380116
vn -0.924939 0.000000 0.380115
vn -0.924939 0.000000 0.380115
vn -0.000000 -0.924940 0.380114
vn -0.000000 -0.924939 0.380114
vn -0.000000 -0.924940 0.380114
vn -0.000000 -0.924940 0.380114
vn 0.924939 0.000000 0.380116
vn 0.924939 0.000000 0.380116
vn 0.924939 0.000000 0.380116
vn 0.924939 0.000000 0.380116
vn 0.000000 0.924938 0.380117
vn 0.000000 0.924938 0.380117
vn 0.000000 0.924938 0.380117
vn 0.000000 0.924938 0.380117
vn 0.000000 -0.924939 0.380115
vn 0.000000 -0.924939 0.380115
vn 0.000000 -0.924939 0.380115
vn 0.000000 -0.924939 0.380115
vn 0.924939 0.000000 0.380116
vn 0.924939 0.000000 0.380116
vn 0.000000 0.000000 1.000000
vn 0.000000 0.000000 1.000000
vn -0.000000 0.000000 1.000000
vn 0.000001 0.000000 1.000000
vn 0.000000 0.000000 1.000000
vn -0.000000 0.000000 1.000000
vn -0.000001 0.000000 1.000000
vn 0.000000 0.000000 1.000000
vn 0.000001 0.000000 1.000000
vn 0.000000 0.000000 1.000000
vn 0.000000 0.000000 1.000000
vn 0.000001 0.000000 1.000000
vn -0.000001 0.000000 1.000000
vn -0.000001 0.000000 1.000000
vn -0.000001 0.000000 1.000000
vn -0.000001 0.000000 1.000000
vn -0.000002 0.000000 1.000000
vn -0.000001 0.000000 1.000000
vn -0.000001 0.000000 1.000000
vn -0.000001 0.000000 1.000000
vn -0.000000 0.000000 1.000000
vn -0.000001 0.000000 1.000000
vn -0.000001 0.000000 1.000000
vn 0.000001 0.000000 1.000000
vn 0.000001 0.000000 1.000000
vn 0.000001 0.000000 1.000000
vn 0.000001 0.000000 1.000000
vn 0.000001 0.000000 1.000000
vn -0.000000 -0.890196 0.455577
vn -0.000000 -0.890196 0.455577
vn -0.000000 -0.890196 0.455577
vn -0.000000 -0.890196 0.455577
vn 0.890195 0.000000 0.455581
vn 0.890195 0.000000 0.455581
vn 0.890195 0.000000 0.455581
vn 0.890195 0.000000 0.455581
vn -0.005120 0.890179 0.455583
vn -0.005120 0.890179 0.455583
vn -0.005120 0.890179 0.455583
vn -0.005120 0.890179 0.455583
vn -0.890195 0.000000 0.455579
vn -0.890195 0.000000 0.455579
vn -0.890195 0.000000 0.455579
vn -0.890195 0.000000 0.455579
vn 0.005120 0.890182 0.455577
vn 0.005120 0.890182 0.455577
vn 0.005120 0.890182 0.455577
vn 0.005120 0.890182 0.455577
vn -0.890195 0.000000 0.455580
vn -0.890195 0.000000 0.455580
vn -0.890195 0.000000 0.455580
vn -0.890195 0.000000 0.455580
vn 0.000000 -0.890197 0.455576
vn 0.000000 -0.890197 0.455576
vn 0.000000 -0.890197 0.455576
vn 0.000000 -0.890197 0.455576
vn 0.890195 0.000000 0.455579
vn 0.890195 0.000000 0.455579
vn 0.890195 0.000000 0.455579
vn 0.890195 0.000000 0.455579
vn 0.000000 0.890197 0.455576
vn 0.000000 0.890197 0.455576
vn 0.000000 0.890197 0.455576
vn 0.000000 0.890197 0.455576
vn -0.890195 0.000000 0.455581
vn -0.890195 0.000000 0.455581
vn -0.890195 0.000000 0.455581
vn -0.890195 0.000000 0.455581
vn -0.005120 -0.890182 0.455576
vn -0.005120 -0.890182 0.455576
vn -0.005120 -0.890182 0.455576
vn -0.005120 -0.890182 0.455576
vn 0.890197 0.000000 0.455575
vn 0.890197 0.000000 0.455575
vn 0.890197 0.000000 0.455575
vn 0.890197 0.000000 0.455575
vn 0.000000 -0.890196 0.455578
vn 0.000000 -0.890196 0.455578
vn 0.000000 -0.890196 0.455578
vn 0.000000 -0.890196 0.455578
vn 0.890198 0.000000 0.455574
vn 0.890198 0.000000 0.455574
vn 0.890198 0.000000 0.455574
vn 0.890198 0.000000 0.455574
vn 0.000000 0.890198 0.455574
vn 0.000000 0.890198 0.455574
vn 0.000000 0.890198 0.455574
vn 0.000000 0.890198 0.455574
vn -0.890198 0.000000 0.455574
vn -0.890198 0.000000 0.455574
vn -0.890198 0.000000 0.455574
vn -0.890198 0.000000 0.455574
vn 0.890195 0.000000 0.455580
vn 0.890195 0.000000 0.455579
vn 0.890195 0.000000 0.455579
vn 0.890195 0.000000 0.455579
vn 0.000000 0.890198 0.455574
vn 0.000000 0.890198 0.455574
vn 0.000000 0.890198 0.455574
vn 0.000000 0.890198 0.455574
vn -0.890198 0.000000 0.455575
vn -0.890198 0.000000 0.455575
vn -0.890198 0.000000 0.455575
vn -0.890198 0.000000 0.455575
vn 0.005120 -0.890181 0.455578
vn 0.005120 -0.890181 0.455578
vn 0.005120 -0.890181 0.455578
vn 0.005120 -0.890181 0.455578
vn -0.000000 0.000000 -1.000000
vn -0.000000 0.000000 -1.000000
vn -0.000001 0.000000 -1.000000
vn -0.000001 0.000000 -1.000000
vn 0.000000 0.852045 0.523468
vn 0.000000 0.852046 0.523468
vn 0.000000 0.852046 0.523467
vn 0.000000 0.852045 0.523468
vn -1.000000 -0.000001 0.000000
vn -1.000000 -0.000000 0.000000
vn -1.000000 -0.000000 0.000000
vn 0.000000 0.852045 -0.523468
vn 0.000000 0.852046 -0.523467
vn 0.000000 0.852046 -0.523468
vn 0.000000 0.852045 -0.523468
vn 0.000000 -0.451497 0.892273
vn 0.000000 -0.451497 0.892272
vn 0.000000 -0.451497 0.892272
vn 0.000000 -0.451497 0.892273
vn -1.000000 -0.000000 0.000000
vn -1.000000 -0.000000 0.000000
vn -1.000000 0.000000 0.000000
vn -1.000000 0.000000 0.000000
vn 0.000000 -0.451497 -0.892273
vn 0.000000 -0.451497 -0.892272
vn 0.000000 -0.451497 -0.892272
vn 0.000000 -0.451497 -0.892273
vn -1.000000 -0.000000 0.000000
vn -1.000000 -0.000000 0.000000
vn -1.000000 -0.000000 0.000000
vn -1.000000 -0.000000 0.000000
vn 0.000000 0.852045 0.523468
vn 0.000000 0.852045 0.523468
vn 0.000000 -0.852045 0.523468
vn 0.000000 -0.852045 0.523469
vn 0.000000 -0.852045 0.523469
vn 0.000000 -0.852045 0.523468
vn 0.000000 0.852045 -0.523468
vn 0.000000 0.852045 -0.523468
vn -1.000000 -0.000000 0.000000
vn -1.000000 -0.000000 0.000000
vn -0.000000 -1.000000 0.000000
vn -0.000000 -1.000000 0.000000
vn 0.000000 -1.000000 -0.000000
vn 0.000000 -1.000000 -0.000000
vn -1.000000 0.000000 0.000000
vn -1.000000 0.000000 0.000000
vn -1.000000 0.000000 0.000000
vn -1.000000 0.000000 0.000000
vn 0.000000 0.000000 -1.000000
vn -0.000000 0.000000 -1.000000
vn -0.000001 0.000000 -1.000000
vn 0.000000 0.000000 -1.000000
vn -1.000000 0.000000 0.000000
vn -1.000000 0.000000 0.000000
vn -1.000000 0.000000 0.000000
vn -1.000000 0.000000 0.000000
vn 0.000000 0.000000 1.000000
vn 0.000000 0.000000 1.000000
vn 0.000000 0.000000 1.000000
vn 0.000000 0.000000 1.000000
vn 0.000000 -1.000000 0.000000
vn 0.000000 -1.000000 0.000000
vn 0.000000 -1.000000 0.000000
vn 0.000000 -1.000000 0.000000
vn -0.000000 -1.000000 0.000000
vn 0.000000 -1.000000 0.000000
vn 0.000000 -1.000000 -0.000000
vn 0.000000 -1.000000 -0.000000
vn -0.000000 0.000000 -1.000000
vn -0.000000 0.000000 -1.000000
vn 0.000000 0.000000 -1.000000
vn 0.000000 0.000000 -1.000000
vn 0.000000 0.000000 -1.000000
vn 0.000000 0.000000 -1.000000
vn 0.000000 0.000000 -1.000000
vn 0.000000 0.000000 -1.000000
vn 0.000000 -0.852045 0.523468
vn 0.000000 -0.852045 0.523468
vn 0.000000 -0.852045 0.523468
vn 0.000000 -0.852045 0.523468
vn 0.000000 -0.451497 -0.892273
vn 0.000000 -0.451497 -0.892272
vn 0.000000 -0.451497 -0.892272
vn 0.000000 -0.451497 -0.892273
vn 0.000000 0.852045 -0.523468
vn 0.000000 0.852046 -0.523468
vn 0.000000 0.852045 -0.523468
vn 0.000000 0.852045 -0.523469
vn 0.000000 0.852045 -0.523468
vn 0.000000 0.852046 -0.523468
vn 0.000000 0.852045 0.523468
vn 0.000000 0.852046 0.523468
vn 0.000000 0.852046 0.523468
vn 0.000000 0.852045 0.523468
vn 0.000000 0.852045 0.523469
vn 0.000000 0.852045 0.523468
vn 0.000000 -0.451497 0.892273
vn 0.000000 -0.451497 0.892272
vn 0.000000 -0.451497 0.892272
vn 0.000000 -0.451497 0.892273
vn 0.000000 -0.852045 -0.523468
vn 0.000000 -0.852045 -0.523468
vn 0.000000 -0.852045 -0.523468
vn 0.000000 -0.852045 -0.523468
vn 0.000000 -1.000000 0.000000
vn 0.000000 -1.000000 0.000000
vn 0.000000 -1.000000 0.000000
vn 0.000000 -1.000000 0.000000
vn 0.000000 0.000000 1.000000
vn 0.000000 0.000000 1.000000
vn 0.000000 0.000000 1.000000
vn 0.000000 0.000000 1.000000
vn 0.000000 -1.000000 0.000000
vn 0.000000 -1.000000 -0.000000
vn 0.000000 0.000000 -1.000000
vn 0.000000 0.000000 -1.000000
vn 0.000000 0.000000 -1.000000
vn 0.000000 0.000000 -1.000000
vn 0.000000 -0.852045 0.523469
vn 0.000000 -0.852045 0.523469
vn 0.000000 -0.451497 -0.892272
vn 0.000000 -0.451497 -0.892272
vn 0.000000 0.852046 -0.523468
vn 0.000000 0.852045 -0.523468
vn 0.000000 0.852046 -0.523467
vn 0.000000 0.852046 0.523468
vn 0.000000 0.852046 0.523467
vn 0.000000 0.852045 0.523468
vn 0.000000 -0.451497 0.892272
vn 0.000000 -0.451497 0.892272
vn -0.000000 -0.852045 -0.523468
vn -0.000000 -0.852045 -0.523468
vn 0.000000 -1.000000 0.000000
vn 0.000000 -1.000000 0.000000
vn 0.000000 0.000000 1.000000
vn 0.000000 0.000000 1.000000
vn 0.000000 0.000000 1.000000
vn 0.000000 0.000000 1.000000
vn -0.000000 -1.000000 0.000000
vn 0.000000 -1.000000 -0.000000
vn 0.000000 0.000000 -1.000000
vn 0.000000 0.000000 -1.000000
vn 0.000000 0.000000 -1.000000
vn 0.000000 0.000000 -1.000000
vn 0.000000 -0.852045 0.523468
vn 0.000000 -0.852045 0.523468
vn 0.000000 -0.451497 -0.892273
vn 0.000000 -0.451497 -0.892273
vn 0.000000 0.852046 -0.523468
vn 0.000000 0.852045 -0.523468
vn 0.000000 0.852046 -0.523468
vn 0.000000 0.852046 0.523468
vn 0.000000 0.852046 0.523468
vn 0.000000 0.852045 0.523468
vn 0.000000 -0.451497 0.892273
vn 0.000000 -0.451497 0.892273
vn 0.000000 -0.852045 -0.523468
vn 0.000000 -0.852045 -0.523468
vn 0.000000 -1.000000 0.000000
vn 0.000000 -1.000000 0.000000
vn 0.000000 0.000000 1.000000
vn 0.000000 0.000000 1.000000
vn 0.000000 0.000000 1.000000
vn 0.000000 0.000000 1.000000
vn 0.000000 0.000000 1.000000
vn 0.000000 0.000000 1.000000
vn -0.000000 0.000001 1.000000
vn 0.000000 0.000000 1.000000
vn 0.000000 0.000000 1.000000
vn -0.000000 0.000001 1.000000
vn 0.000000 0.000001 1.000000
vn 0.000000 0.000000 1.000000
vn 0.000000 0.000000 1.000000
vn 0.000000 0.000001 1.000000
vn 0.000000 0.000000 1.000000
vn 0.000000 0.000000 1.000000
vn 0.000000 0.000000 1.000000
vn 0.000000 0.000000 1.000000
vn -1.000000 0.000000 0.000000
vn -1.000000 0.000000 0.000000
vn -1.000000 0.000000 0.000000
vn -1.000000 0.000000 0.000000
vn -0.000000 0.000000 -1.000000
vn 0.000000 0.000000 -1.000000
vn 0.000000 0.000000 -1.000000
vn -0.000000 0.000000 -1.000000
vn 0.000000 0.000000 -1.000000
vn 0.000000 0.000000 -1.000000
vn -0.000000 0.000000 -1.000000
vn -0.000000 0.000000 -1.000000
vn 0.000000 0.000000 -1.000000
vn 0.000000 0.000000 -1.000000
vn 0.000000 0.000000 -1.000000
vn 0.000000 0.000000 -1.000000
vn 0.000000 0.000000 1.000000
vn 0.000001 0.000000 1.000000
vn 0.000001 0.000000 1.000000
vn 0.000000 0.000000 1.000000
vn 0.000000 0.000000 1.000000
vn 0.000000 0.000000 1.000000
vn 0.000000 0.000000 1.000000
vn 0.000000 0.000000 1.000000
vn 0.000000 0.000000 1.000000
vn 0.000000 0.000000 1.000000
vn 0.000000 0.000000 1.000000
vn 0.000000 0.000000 1.000000
vn 0.000000 0.000000 1.000000
vn 0.000000 0.000000 1.000000
vn 0.000000 0.000000 1.000000
vn 0.000000 0.000000 1.000000
vn 0.000001 1.000000 -0.000001
vn 0.000001 1.000000 -0.000001
vn 0.000001 1.000000 -0.000001
vn 0.000001 1.000000 -0.000001
vn -1.000000 0.000000 0.000000
vn -1.000000 0.000000 0.000000
vn -0.000000 -1.000000 0.000001
vn -0.000000 -1.000000 0.000001
vn 0.000000 1.000000 -0.000001
vn 0.000000 1.000000 -0.000001
vn 0.000000 1.000000 -0.000001
vn 0.000000 1.000000 -0.000001
vn -0.000000 -1.000000 0.000001
vn -0.000000 -1.000000 0.000001
vn -0.000000 1.000000 -0.000001
vn -0.000000 1.000000 -0.000001
vn 0.000000 -1.000000 0.000001
vn -0.000001 1.000000 -0.000001
vn -0.000001 1.000000 -0.000001
vn 0.000000 -1.000000 0.000001
vn 0.000000 -1.000000 0.000000
vn 0.000000 -1.000000 0.000000
vn 0.000000 -1.000000 0.000000
vn 0.000000 -1.000000 0.000000
vn -0.000000 1.000000 0.000000
vn -0.000000 1.000000 0.000000
vn -0.000001 1.000000 0.000000
vn -0.000001 1.000000 0.000000
vn 0.000000 -1.000000 0.000000
vn 0.000000 -1.000000 0.000000
vn 0.000000 1.000000 -0.000000
vn 0.000000 1.000000 0.000000
vn 0.000000 -1.000000 0.000000
vn 0.000000 -1.000000 0.000000
vn 0.000000 1.000000 0.000000
vn 0.000000 1.000000 0.000000
vn 0.000000 -1.000000 0.000000
vn 0.000000 -1.000000 0.000000
vn 0.000000 -1.000000 0.000000
vn 0.000000 -1.000000 0.000000
vn -1.000000 0.000000 0.000000
vn -1.000000 0.000000 0.000000
vn -1.000000 0.000000 0.000000
vn -1.000000 0.000000 0.000000
vn 0.000000 -1.000000 0.000000
vn 0.000000 -1.000000 0.000000
vn 0.000000 -1.000000 0.000000
vn 0.000000 -1.000000 0.000000
vn 0.000000 -1.000000 0.000000
vn 0.000000 -1.000000 0.000000
vn -1.000000 0.000000 0.000000
vn -1.000000 0.000000 0.000000
vn 0.000000 1.000000 0.000000
vn 0.000000 1.000000 0.000000
vn 0.000000 1.000000 0.000000
vn 0.000000 1.000000 0.000000
vn 0.000000 1.000000 0.000000
vn 0.000000 1.000000 -0.000000
vn -0.000000 1.000000 -0.000000
vn -0.000001 1.000000 0.000000
vn 0.000000 0.000000 1.000000
vn 0.000000 0.000000 1.000000
vn 0.000000 1.000000 0.000000
vn 0.000000 0.000000 1.000000
vn 0.000000 0.000000 1.000000
vn 0.000000 -0.852045 -0.523468
vn 0.000000 -0.852045 -0.523468
vn 0.000000 0.000000 1.000000
vn 0.000000 0.000000 1.000000
vn 0.000000 -1.000000 0.000000
vn 0.000000 -1.000000 0.000000
vn 0.000000 0.000000 1.000000
vn 0.000000 0.000000 1.000000
vn 0.000000 0.000000 1.000000
vn -0.000000 0.000000 1.000000
vn -0.000001 1.000000 0.000000
vn -0.000001 1.000000 0.000000
vn 0.000000 0.000000 1.000000
vn 0.000000 0.000000 1.000000
vn 0.000000 -1.000000 0.000000
vn 0.000000 -1.000000 0.000000
vn 0.000000 -1.000000 0.000000
vn 0.000000 -1.000000 0.000000
vn 0.000000 -1.000000 -0.000000
vn 0.000000 -1.000000 0.000001
vn -0.000000 0.000000 -1.000000
vn -0.000000 0.000000 -1.000000
vn -0.000001 1.000000 -0.000001
vn -0.000001 1.000000 -0.000001
vn 0.000001 0.000000 -1.000000
vn 0.000001 0.000000 -1.000000
vn 0.000000 0.000000 -1.000000
vn 0.000001 0.000000 -1.000000
vn 0.000000 -0.852045 0.523469
vn 0.000000 -0.852045 0.523469
vn 0.000000 -0.451497 -0.892273
vn 0.000000 -0.451497 -0.892273
vn 0.000000 0.852045 -0.523468
vn 0.000000 0.852045 -0.523468
vn 0.000000 0.852046 -0.523468
vn 0.000000 0.852045 0.523468
vn 0.000000 0.852046 0.523468
vn 0.000000 0.852045 0.523468
vn 0.000000 -0.451497 0.892273
vn 0.000000 -0.451497 0.892273
vn -0.000000 -0.852045 -0.523468
vn -0.000000 -0.852044 -0.523470
vn -0.000001 -0.852044 -0.523471
vn -0.000000 -0.852045 -0.523468
vn 0.000001 -0.852045 -0.523469
vn 0.000000 -0.852045 -0.523469
vn 0.000000 1.000000 0.000000
vn 0.000000 1.000000 0.000000
vn 0.000000 1.000000 0.000000
vn 0.000000 1.000000 0.000000
vn 0.000000 1.000000 0.000000
vn -0.003098 0.000371 0.999995
vn -0.003098 0.000371 0.999995
vn -0.003098 0.000371 0.999995
vn -0.003098 0.000371 0.999995
vn 0.999968 0.000855 -0.008013
vn 0.999968 0.000855 -0.008013
vn 0.999968 0.000855 -0.008013
vn 0.999968 0.000855 -0.008013
vn 0.000001 0.000000 -1.000000
vn 0.000001 0.000000 -1.000000
vn 0.000001 0.000000 -1.000000
vn 0.000001 0.000000 -1.000000
vn -1.000000 0.000001 -0.000006
vn -1.000000 0.000001 -0.000006
vn -1.000000 0.000001 -0.000006
vn -1.000000 0.000001 -0.000006
vn -0.000001 1.000000 0.000000
vn -0.000001 1.000000 0.000000
vn -0.000001 1.000000 0.000000
vn -0.000001 1.000000 0.000000
vn -0.000001 1.000000 0.000000
vn -0.000000 -0.852046 -0.523467
vn -0.000001 -0.852047 -0.523465
vn 0.000001 -0.852044 -0.523470
vn 0.000001 -0.852045 -0.523469
vn 0.000000 -0.852044 -0.523470
vn 0.000000 -0.852045 -0.523469
vn -1.000000 0.000000 0.000000
vn -1.000000 0.000000 0.000000
vn -1.000000 0.000000 0.000000
vn -1.000000 0.000000 0.000000
vn 0.000000 -0.000002 -1.000000
vn 0.000000 -0.000002 -1.000000
vn 0.000000 -0.000002 -1.000000
vn 0.000000 -0.000002 -1.000000
vn 1.000000 0.000000 0.000000
vn 1.000000 0.000000 0.000000
vn 1.000000 0.000000 0.000000
vn 1.000000 0.000000 0.000000
vn -0.000000 -0.003913 0.999992
vn -0.000000 -0.003913 0.999992
vn -0.000000 -0.003913 0.999992
vn -0.000000 -0.003913 0.999992
vn 0.791447 0.000000 0.611238
vn 0.791445 -0.000001 0.611241
vn 0.791445 -0.000001 0.611241
vn 0.791447 -0.000000 0.611238
vn -0.791441 0.000000 0.611245
vn -0.791440 0.000000 0.611247
vn -0.791440 0.000000 0.611247
vn -0.791441 0.000000 0.611245
vn 0.000000 1.000000 0.000000
vn 0.000000 1.000000 0.000000
vn 0.000000 1.000000 0.000000
vn -0.000001 1.000000 -0.000000
vn -0.000001 1.000000 -0.000000
vn -0.000001 1.000000 0.000000
vn 0.000000 0.000000 -1.000000
vn 0.000000 0.000000 -1.000000
vn 0.000000 0.000000 -1.000000
vn 0.000000 0.000000 -1.000000
vn 0.000000 0.000000 -1.000000
vn 0.000000 0.000000 -1.000000
vn 0.000000 0.000000 -1.000000
vn -1.000000 -0.000000 0.000000
vn 0.000000 0.000000 1.000000
vn 0.000000 0.000000 1.000000
vn 0.000000 0.000000 1.000000
vn 0.000000 0.000000 1.000000
vn 0.000000 0.000000 1.000000
vn 0.000000 0.000000 1.000000
vn 0.000000 0.000000 1.000000
vn 0.000000 0.000000 1.000000
vn 0.000001 0.000000 1.000000
vn 0.000001 0.000000 1.000000
vn 0.000000 0.000000 1.000000
vn 0.000000 0.000000 1.000000
vn 0.000000 0.000000 1.000000
vn 0.000000 0.000000 1.000000
vn 0.000001 0.000000 1.000000
vn 0.000001 0.000000 1.000000
vn -0.000001 0.000000 1.000000
vn -0.000001 0.000000 1.000000
vn -0.000001 0.000000 1.000000
vn -0.000001 0.000000 1.000000
vn 0.000000 0.955685 0.294391
vn 0.000000 0.955685 0.294391
vn 0.000000 0.955685 0.294391
vn 0.000000 0.955685 0.294391
vn 0.000000 0.990747 0.135721
vn 0.000000 0.990747 0.135721
vn 0.000000 0.990747 0.135721
vn 0.000000 0.990747 0.135721
vn 0.000000 -0.955685 0.294393
vn 0.000000 -0.955685 0.294393
vn 0.000000 -0.955685 0.294393
vn 0.000000 -0.955685 0.294393
vn 0.791439 0.000000 0.611248
vn 0.791439 0.000000 0.611248
vn 0.791439 0.000000 0.611248
vn 0.791439 0.000000 0.611248
vn -0.944812 0.000000 0.327613
vn -0.944812 0.000000 0.327613
vn -0.944812 0.000000 0.327613
vn -0.944812 0.000000 0.327613
vn 0.000000 0.955685 0.294391
vn 0.000000 0.955685 0.294391
vn -0.791439 0.000000 0.611248
vn -0.791439 0.000000 0.611248
vn -0.791439 0.000000 0.611248
vn -0.791439 0.000000 0.611248
vn 0.944812 0.000000 0.327613
vn 0.944812 0.000000 0.327613
vn 0.944812 0.000000 0.327613
vn 0.944812 0.000000 0.327613
vn 0.000000 0.990747 0.135721
vn 0.000000 0.990747 0.135721
vn 0.000000 -0.955685 0.294393
vn 0.000000 -0.955685 0.294393
vn -1.000000 0.000000 0.000000
vn -1.000000 0.000000 0.000000
vn -1.000000 0.000000 0.000000
vn -1.000000 0.000000 0.000000
vn 0.000000 -0.000002 -1.000000
vn 0.000000 -0.000002 -1.000000
vn 0.000000 -0.000002 -1.000000
vn 0.000000 -0.000002 -1.000000
vn 0.999992 0.000282 -0.003985
vn 0.999992 0.000282 -0.003985
vn 0.999992 0.000282 -0.003985
vn 0.999992 0.000282 -0.003985
vn -0.007216 -0.001682 0.999973
vn -0.007216 -0.001682 0.999973
vn -0.007216 -0.001682 0.999973
vn -0.007216 -0.001682 0.999973
vn 0.000000 -0.000000 1.000000
vn 0.000000 -0.000000 1.000000
vn 0.000000 -0.000000 1.000000
vn 0.000000 -0.000000 1.000000
vn 1.000000 0.000000 0.000000
vn 1.000000 0.000000 0.000000
vn 1.000000 0.000000 0.000000
vn 1.000000 0.000000 0.000000
vn 0.000000 0.000000 -1.000000
vn 0.000000 0.000000 -1.000000
vn 0.000000 0.000000 -1.000000
vn 0.000000 0.000000 -1.000000
vn -1.000000 0.000000 0.000000
vn -1.000000 0.000000 0.000000
vn -1.000000 0.000000 0.000000
vn -1.000000 0.000000 0.000000
vn 0.224951 0.935341 0.273011
vn 0.227082 0.935430 0.270933
vn -0.228923 0.934060 0.274093
vn -0.230727 0.934137 0.272312
vn 0.229206 0.934635 -0.271887
vn 0.228806 0.934619 -0.272277
vn -0.227789 0.934773 -0.272602
vn -0.227766 0.934772 -0.272624
vn 0.229224 0.934284 0.273075
vn 0.229158 0.934281 0.273140
vn -0.229153 0.934282 0.273139
vn -0.229227 0.934286 0.273067
vn 0.229319 0.934674 -0.271655
vn 0.229311 0.934674 -0.271663
vn -0.229322 0.934676 -0.271647
vn -0.229307 0.934675 -0.271662
vn 0.000000 0.000000 1.000000
vn 0.000000 0.000000 1.000000
vn 0.000000 0.000000 1.000000
vn -0.791440 0.000000 0.611247
vn -0.791440 0.000000 0.611247
vn 0.000000 0.000001 1.000000
vn 0.000000 0.000001 1.000000
vn 0.000000 0.000001 1.000000
vn 0.000000 0.000001 1.000000
vn 0.791446 0.000001 0.611239
vn 0.791446 0.000001 0.611239
vn 0.000000 0.000000 1.000000
vn 0.000000 0.000000 1.000000
vn -0.000000 0.000000 1.000000
vn -0.000000 0.000000 -1.000000
vn -0.000001 0.000000 -1.000000
vn 0.000000 0.000000 -1.000000
vn 0.000000 0.000000 -1.000000
vn -0.000000 0.000000 -1.000000
vn 0.000000 0.000000 -1.000000
vn 0.000001 0.000000 -1.000000
vn 0.000000 0.000000 1.000000
vn 0.000000 0.000000 1.000000
vn 0.000000 0.000000 1.000000
vn 0.791442 0.000000 0.611244
vn 0.791442 0.000000 0.611244
vn -0.000000 0.000001 1.000000
vn -0.000000 0.000001 1.000000
vn 0.000000 0.000001 1.000000
vn 0.000000 0.000001 1.000000
vn -0.791442 0.000000 0.611245
vn -0.791442 0.000000 0.611245
vn 0.000000 0.000000 1.000000
vn 0.000000 0.000000 1.000000
vn 0.000000 0.000000 1.000000
vn 0.000000 -0.852045 -0.523468
vn 0.000000 -0.852045 -0.523468
vn 0.000000 -0.852045 -0.523468
vn 0.000000 0.852045 0.523468
vn 0.000000 0.852045 0.523468
vn 0.000000 -0.852045 0.523468
vn 0.000000 -0.852045 0.523468
vn 0.000000 -0.852045 0.523468
vn 0.000000 0.852045 -0.523468
vn 0.000000 0.852045 -0.523468
vn 0.000000 0.852045 0.523468
vn 0.000000 -0.451497 0.892273
vn 0.000000 -0.451497 0.892273
vn 0.000000 -0.852045 -0.523468
vn 0.000000 -0.852045 0.523468
vn 0.000000 -0.451497 -0.892273
vn 0.000000 -0.451497 -0.892273
vn 0.000000 0.852045 -0.523468
s 1
g School_grp Asset_grp
usemtl lambert9SG
f 204/1/1 205/281/2 214/276/3 215/2/4
s 2
f 8/292/5 9/294/6 103/3/7 104/4/8
s 3
f 9/298/9 12/290/10 102/5/11 103/297/12
s 4
f 14/6/13 15/7/14 105/8/15 106/9/16
s 5
f 20/12/17 18/13/18 100/14/19 101/15/20
s 2
f 15/7/21 8/292/5 104/4/8 105/8/22
s 6
f 18/13/23 4/291/24 99/18/25 100/14/26
s 3
f 12/290/10 20/12/27 101/15/28 102/5/11
s 7
f 6/23/29 23/24/30 93/25/31 94/26/32
s 1
f 165/28/33 166/284/34 27/285/35 98/29/36
s 9
f 167/282/37 168/30/38 87/31/39 28/280/40
s 10
f 24/283/41 2/293/42 107/32/43 108/33/44
s 7
f 30/34/45 29/35/46 117/36/47 118/37/48
s 1
f 201/38/49 202/39/50 217/40/51 218/41/52
f 162/42/53 163/43/54 31/44/55 122/45/56
s 6
f 33/46/57 32/47/58 123/48/59 124/49/60
s 5
f 34/50/61 33/46/62 124/49/63 125/51/64
s 3
f 35/52/65 34/50/66 125/51/67 126/53/68
f 36/54/69 35/52/65 126/53/68 127/295/70
s 2
f 37/56/71 36/296/72 127/55/73 128/57/74
f 38/58/75 37/56/71 128/57/74 129/59/76
s 4
f 39/60/77 38/58/78 129/59/79 130/61/80
s 19
f 40/62/81 39/60/82 130/61/83 109/63/84
s 10
f 41/64/85 40/62/86 109/63/87 110/65/88
s off
f 251/66/89 252/67/90 253/68/91 254/69/92
s 7
f 43/70/93 42/71/94 29/35/46 30/34/45
s 1
f 202/39/50 203/72/95 216/73/96 217/40/51
f 163/43/54 164/74/97 44/75/98 31/44/55
s 6
f 46/76/99 45/77/100 32/47/58 33/46/57
s 5
f 47/78/101 46/76/102 33/46/62 34/50/61
s 3
f 48/79/103 47/78/104 34/50/66 35/52/65
f 49/299/105 48/79/103 35/52/65 36/54/69
s 2
f 50/81/106 49/80/107 36/296/72 37/56/71
f 51/82/108 50/81/106 37/56/71 38/58/75
s 4
f 52/83/109 51/82/110 38/58/78 39/60/77
s 19
f 53/84/111 52/83/112 39/60/82 40/62/81
s 10
f 54/85/113 53/84/114 40/62/86 41/64/85
s off
f 175/86/115 176/87/116 174/88/117 173/89/118
s 21
f 211/90/119 212/91/120 221/92/121 222/93/122
s 22
f 206/279/123 207/94/124 224/95/125 213/278/126
s 23
f 95/96/127 96/97/128 63/289/129 65/98/130
f 64/99/131 66/100/132 68/101/133 67/102/134
f 119/103/135 120/104/136 67/102/134 68/101/133
s 24
f 114/108/137 115/109/138 72/110/139 73/111/140
s off
f 73/111/141 72/110/142 75/112/143 76/113/144
s 25
f 90/114/145 91/115/146 77/116/147 78/117/148
s 26
f 96/97/149 97/118/150 56/277/151 63/289/152
s 7
f 6/23/29 94/26/32 95/96/153 65/98/154
f 66/100/155 43/70/93 30/34/45 68/101/156
s 26
f 64/99/157 67/102/158 58/119/159 57/120/160
f 120/104/161 121/121/162 58/119/159 67/102/158
s 7
f 30/34/45 118/37/48 119/103/163 68/101/156
f 115/109/164 116/124/165 80/125/166 72/110/167
s 29
f 85/126/168 113/127/169 114/108/170 73/111/171
s 7
f 75/112/172 72/110/167 80/125/166 81/132/173
s 29
f 73/111/171 76/113/174 84/133/175 85/126/168
s 7
f 91/115/176 92/134/177 82/135/178 77/116/179
f 116/124/165 152/136/180 153/137/181 80/125/166
f 81/132/173 80/125/166 153/137/181 154/138/182
f 92/134/177 155/139/183 156/140/184 82/135/178
s 29
f 157/286/185 158/141/186 89/142/187 83/287/188
f 85/126/168 84/133/175 149/143/189 147/144/190
f 147/144/190 159/145/191 113/127/169 85/126/168
s 22
f 223/147/192 224/95/125 207/94/124 208/148/193
s 29
f 89/142/187 158/141/186 149/143/189 84/133/175
f 90/114/194 89/142/187 84/133/175 76/113/174
s 25
f 75/112/195 91/115/146 90/114/145 76/113/196
s 7
f 81/132/173 92/134/177 91/115/176 75/112/172
f 154/138/182 155/139/183 92/134/177 81/132/173
f 94/26/32 93/25/31 42/71/94 43/70/93
f 95/96/153 94/26/32 43/70/93 66/100/155
s 23
f 64/99/131 96/97/128 95/96/127 66/100/132
s 26
f 57/120/160 97/118/150 96/97/149 64/99/157
s 1
f 203/72/95 204/1/1 215/2/4 216/73/96
f 164/74/97 165/28/33 98/29/36 44/75/98
s 6
f 100/14/26 99/18/25 45/77/100 46/76/99
s 5
f 101/15/20 100/14/19 46/76/102 47/78/101
s 3
f 102/5/11 101/15/28 47/78/104 48/79/103
f 103/297/12 102/5/11 48/79/103 49/299/105
s 2
f 104/4/8 103/3/7 49/80/107 50/81/106
f 105/8/22 104/4/8 50/81/106 51/82/108
s 4
f 106/9/16 105/8/15 51/82/110 52/83/109
s 19
f 107/32/197 106/9/198 52/83/112 53/84/111
s 10
f 108/33/44 107/32/43 53/84/114 54/85/113
s off
f 255/149/199 256/150/200 257/151/201 258/152/202
s 10
f 110/65/88 109/63/87 1/10/203 21/271/204
s 9
f 25/27/205 111/153/206 171/154/207 172/267/208
s 21
f 220/20/209 221/92/121 212/91/120 199/21/210
s 29
f 113/127/169 159/145/191 160/270/211 86/128/212
s 24
f 71/130/213 115/109/138 114/108/137 74/131/214
s 7
f 79/129/215 116/124/165 115/109/164 71/130/216
f 151/146/217 152/136/180 116/124/165 79/129/215
f 118/37/48 117/36/47 22/106/218 5/105/219
f 119/103/163 118/37/48 5/105/219 70/123/220
s 23
f 69/122/221 120/104/136 119/103/135 70/123/222
s 26
f 59/266/223 121/121/162 120/104/161 69/122/224
s 1
f 200/22/225 201/38/49 218/41/52 219/265/226
f 161/268/227 162/42/53 122/45/56 26/269/228
s 6
f 124/49/60 123/48/59 3/273/229 17/272/230
s 5
f 125/51/64 124/49/63 17/272/231 19/19/232
s 3
f 126/53/68 125/51/67 19/19/233 11/16/234
f 127/295/70 126/53/68 11/16/234 10/11/235
s 2
f 128/57/74 127/55/73 10/300/236 7/275/237
f 129/59/76 128/57/74 7/275/237 16/274/238
s 4
f 130/61/80 129/59/79 16/274/239 13/17/240
s 19
f 2/293/241 14/6/242 132/256/243 131/254/244
f 14/6/242 106/9/198 133/255/245 132/256/243
f 106/9/198 107/32/197 134/253/246 133/255/245
f 107/32/197 2/293/241 131/254/244 134/253/246
s 29
f 83/287/188 89/142/187 136/252/247 135/249/248
f 89/142/187 90/114/194 137/251/249 136/252/247
f 90/114/194 78/117/250 138/250/251 137/251/249
f 78/117/250 83/287/188 135/249/248 138/250/251
s off
f 132/155/252 133/157/253 191/163/254 192/164/255
f 133/157/256 134/257/257 193/258/258 191/163/259
f 134/158/260 131/156/261 194/166/262 193/165/263
f 131/156/264 132/155/265 192/164/266 194/166/267
s 29
f 114/108/170 113/127/169 139/248/268 140/246/269
f 113/127/169 86/128/212 141/247/270 139/248/268
f 86/128/212 74/131/271 142/245/272 141/247/270
f 74/131/271 114/108/170 140/246/269 142/245/272
s 19
f 109/63/84 130/61/83 143/244/273 144/242/274
f 130/61/83 13/17/275 145/243/276 143/244/273
f 13/17/275 1/10/277 146/241/278 145/243/276
f 1/10/277 109/63/84 144/242/274 146/241/278
s off
f 140/168/279 139/264/280 190/263/281 187/176/282
f 139/167/283 141/169/284 189/177/285 190/175/286
f 141/169/287 142/170/288 188/178/289 189/177/290
f 142/170/291 140/168/292 187/176/293 188/178/294
s 7
f 22/106/218 117/36/47 152/136/180 151/146/217
f 153/137/181 152/136/180 117/36/47 29/35/46
f 153/137/181 29/35/46 42/71/94 154/138/182
f 42/71/94 93/25/31 155/139/183 154/138/182
f 156/140/184 155/139/183 93/25/31 23/24/30
s 29
f 55/288/295 88/179/296 158/141/186 157/286/185
f 149/143/189 158/141/186 88/179/296 62/180/297
f 61/181/298 112/182/299 159/145/191 147/144/190
f 160/270/211 159/145/191 112/182/299 60/107/300
s 1
f 123/48/301 162/42/53 161/268/227 3/273/302
f 32/47/303 163/43/54 162/42/53 123/48/301
f 32/47/303 45/77/304 164/74/97 163/43/54
f 99/18/305 165/28/33 164/74/97 45/77/304
f 4/291/306 166/284/34 165/28/33 99/18/305
s 9
f 108/33/307 168/30/38 167/282/37 24/283/308
f 169/183/309 168/30/38 108/33/307 54/85/310
f 169/183/309 54/85/310 41/64/311 170/184/312
f 110/65/313 171/154/207 170/184/312 41/64/311
f 172/267/208 171/154/207 110/65/313 21/271/314
s 33
f 177/185/315 148/186/316 150/187/317 180/188/318
f 178/189/319 148/186/316 177/185/315 179/190/320
f 150/187/317 181/191/321 182/192/322 180/188/318
f 179/190/320 182/192/322 181/191/321 178/189/319
s off
f 179/190/323 174/88/324 176/87/325 182/192/326
f 173/89/327 174/88/328 179/190/329 177/185/330
f 177/185/331 180/188/332 175/86/333 173/89/334
f 176/87/335 175/86/336 180/188/337 182/192/338
f 178/189/339 181/191/340 169/183/341 170/184/342
f 184/193/343 183/194/344 138/162/345 135/160/346
f 185/259/347 184/193/348 135/160/349 136/260/350
f 186/196/351 185/195/352 136/159/353 137/161/354
f 183/194/355 186/196/356 137/161/357 138/162/358
f 196/197/359 195/198/360 143/171/361 145/173/362
f 197/199/363 196/197/364 145/173/365 146/174/366
f 198/261/367 197/199/368 146/174/369 144/262/370
f 195/198/371 198/200/372 144/172/373 143/171/374
s 34
f 186/196/375 183/194/376 192/164/377 191/163/378
f 185/195/379 186/196/375 191/163/378 193/258/380
f 184/193/381 185/259/379 193/165/380 194/166/382
f 183/194/376 184/193/381 194/166/382 192/164/377
s 35
f 188/178/383 187/176/384 195/198/385 196/197/386
f 189/177/387 188/178/383 196/197/386 197/199/388
f 190/175/389 189/177/387 197/199/388 198/261/390
f 187/176/384 190/263/389 198/200/390 195/198/385
s 1
f 122/45/56 201/38/49 200/22/225 26/269/228
f 31/44/55 202/39/50 201/38/49 122/45/56
f 31/44/55 44/75/98 203/72/95 202/39/50
f 98/29/36 204/1/1 203/72/95 44/75/98
f 27/285/35 205/281/2 204/1/1 98/29/36
s 22
f 87/31/391 207/94/124 206/279/123 28/280/392
s off
f 260/201/393 259/202/394 261/203/395 262/204/396
f 264/205/397 263/206/398 265/207/399 266/208/400
f 267/209/401 268/210/402 269/211/403 270/212/404
s 21
f 199/21/210 212/91/120 111/153/405 25/27/406
s 1
f 215/2/4 214/276/3 56/277/407 97/118/408
f 216/73/96 215/2/4 97/118/408 57/120/409
f 216/73/96 57/120/409 58/119/410 217/40/51
f 218/41/52 217/40/51 58/119/410 121/121/411
f 219/265/226 218/41/52 121/121/411 59/266/412
s 21
f 60/107/413 112/182/414 221/92/121 220/20/209
f 222/93/122 221/92/121 112/182/414 61/181/415
s 22
f 62/180/416 88/179/417 224/95/125 223/147/192
f 213/278/126 224/95/125 88/179/417 55/288/418
s off
f 208/148/419 209/213/420 210/214/421 211/90/422
f 211/90/423 222/93/424 223/147/425 208/148/426
f 222/93/427 61/181/428 62/180/429 223/147/430
f 61/181/431 147/144/432 149/143/433 62/180/434
f 170/184/435 171/154/436 225/215/437 178/189/438
s 36
f 171/154/439 111/153/440 226/216/441 225/215/442
f 111/153/440 212/91/443 227/217/444 226/216/441
s off
f 212/91/445 211/90/446 210/214/447 227/217/448
s 37
f 87/31/449 168/30/450 229/218/451 228/219/452
s off
f 168/30/453 169/183/454 181/191/455 229/218/456
f 208/148/457 207/94/458 230/220/459 209/213/460
s 37
f 207/94/461 87/31/449 228/219/452 230/220/462
s 33
f 178/189/319 225/215/463 232/221/464 231/222/465
f 225/215/463 226/216/466 233/223/467 232/221/464
f 226/216/466 148/186/316 234/224/468 233/223/467
f 148/186/316 178/189/319 231/222/465 234/224/468
f 150/187/317 228/219/469 236/225/470 235/226/471
f 228/219/469 229/218/472 237/227/473 236/225/470
f 229/218/472 181/191/321 238/228/474 237/227/473
f 181/191/321 150/187/317 235/226/471 238/228/474
f 209/213/475 230/220/476 239/229/477 240/230/478
f 230/220/476 228/219/469 241/231/479 239/229/477
f 228/219/469 150/187/317 242/232/480 241/231/479
f 150/187/317 209/213/475 240/230/478 242/232/480
f 150/187/317 148/186/316 243/233/481 244/234/482
f 148/186/316 210/214/483 245/235/484 243/233/481
f 210/214/483 209/213/475 246/236/485 245/235/484
f 209/213/475 150/187/317 244/234/482 246/236/485
f 226/216/466 227/217/486 248/237/487 247/238/488
f 227/217/486 210/214/483 249/239/489 248/237/487
f 210/214/483 148/186/316 250/240/490 249/239/489
f 148/186/316 226/216/466 247/238/488 250/240/490
s off
f 231/222/491 232/221/492 252/67/493 251/66/494
f 232/221/495 233/223/496 253/68/497 252/67/498
f 233/223/499 234/224/500 254/69/501 253/68/502
f 234/224/503 231/222/504 251/66/505 254/69/506
f 235/226/507 236/225/508 256/150/509 255/149/510
f 236/225/511 237/227/512 257/151/513 256/150/514
f 237/227/515 238/228/516 258/152/517 257/151/518
f 238/228/519 235/226/520 255/149/521 258/152/522
f 240/230/523 239/229/524 259/202/525 260/201/526
f 239/229/527 241/231/528 261/203/529 259/202/530
f 241/231/531 242/232/532 262/204/533 261/203/534
f 242/232/535 240/230/536 260/201/537 262/204/538
f 244/234/539 243/233/540 263/206/541 264/205/542
f 243/233/543 245/235/544 265/207/545 263/206/546
f 245/235/547 246/236/548 266/208/549 265/207/550
f 246/236/551 244/234/552 264/205/553 266/208/554
f 247/238/555 248/237/556 268/210/557 267/209/558
f 248/237/559 249/239/560 269/211/561 268/210/562
f 249/239/563 250/240/564 270/212/565 269/211/566
f 250/240/567 247/238/568 267/209/569 270/212/570
s 42
f 508/301/571 509/302/572 519/303/573 520/304/574
s 43
f 279/305/575 280/306/576 396/307/577 397/308/578
s 44
f 272/309/579 295/310/580 277/311/581
s 45
f 280/312/582 283/313/583 395/314/584 396/315/585
s 46
f 285/316/586 286/317/587 398/318/588 399/319/589
s 47
f 534/320/590 535/321/591 536/322/592 537/323/593
s 48
f 291/324/594 289/325/595 393/326/596 394/327/597
s 47
f 535/321/591 538/328/598 539/329/599 536/330/592
f 534/320/590 537/323/593 540/331/600 541/332/601
s 43
f 286/317/602 279/305/575 397/308/578 398/318/603
s 49
f 289/325/604 274/333/605 392/334/606 393/326/607
s 45
f 283/313/583 291/324/608 394/327/609 395/314/584
s 47
f 539/329/599 538/328/598 542/335/610 543/336/611
s 50
f 276/337/612 294/338/613 386/339/614 387/340/615
s 44
f 509/341/616 510/342/617 518/343/618 519/344/619
s 42
f 462/345/620 463/346/621 298/347/622 391/348/623
s 44
f 463/349/624 464/350/625 299/351/626 298/352/627
s 54
f 464/353/628 465/354/629 380/355/630 299/356/631
s 55
f 295/357/632 272/358/633 400/359/634 401/360/635
s 50
f 301/361/636 300/362/637 313/363/638 314/364/639
s 42
f 505/365/640 506/366/641 522/367/642 523/368/643
f 459/369/644 460/370/645 302/371/646 315/372/647
s 49
f 304/373/648 303/374/649 316/375/650 317/376/651
s 48
f 305/377/652 304/373/653 317/376/654 318/378/655
s 45
f 306/379/656 305/377/657 318/378/658 319/380/659
f 307/381/660 306/379/656 319/380/659 320/382/661
s 43
f 308/383/662 307/384/663 320/385/664 321/386/665
f 309/387/666 308/383/662 321/386/665 322/388/667
s 46
f 310/389/668 309/387/669 322/388/670 323/390/671
s 64
f 311/391/672 310/389/673 323/390/674 324/392/675
s 55
f 312/393/676 311/391/677 324/392/678 325/394/679
s 66
f 471/395/680 472/396/681 473/397/682 474/398/683
s 50
f 314/364/639 313/363/638 410/399/684 411/400/685
s 42
f 504/401/686 505/365/640 523/368/643 524/402/687
f 458/403/688 459/369/644 315/372/647 415/404/689
s 49
f 317/376/651 316/375/650 416/405/690 417/406/691
s 48
f 318/378/655 317/376/654 417/406/692 418/407/693
s 45
f 319/380/659 318/378/658 418/407/694 419/408/695
f 320/382/661 319/380/659 419/408/695 420/409/696
s 43
f 321/386/665 320/385/664 420/410/697 421/411/698
f 322/388/667 321/386/665 421/411/698 422/412/699
s 46
f 323/390/671 322/388/670 422/412/700 423/413/701
s 64
f 324/392/675 323/390/674 423/413/702 402/414/703
s 55
f 325/394/679 324/392/678 402/414/704 403/415/705
s 54
f 468/416/706 469/417/707 404/418/708 326/419/709
s 50
f 328/420/710 327/421/711 300/362/637 301/361/636
s 42
f 506/366/641 507/422/712 521/423/713 522/367/642
f 460/370/645 461/424/714 329/425/715 302/371/646
s 49
f 331/426/716 330/427/717 303/374/649 304/373/648
s 48
f 332/428/718 331/426/719 304/373/653 305/377/652
s 45
f 333/429/720 332/428/721 305/377/657 306/379/656
f 334/430/722 333/429/720 306/379/656 307/381/660
s 43
f 335/431/723 334/432/724 307/384/663 308/383/662
f 336/433/725 335/431/723 308/383/662 309/387/666
s 46
f 337/434/726 336/433/727 309/387/669 310/389/668
s 64
f 338/435/728 337/434/729 310/389/673 311/391/672
s 55
f 339/436/730 338/435/731 311/391/677 312/393/676
s 66
f 472/396/681 475/437/732 476/438/733 473/397/682
s 68
f 516/439/734 517/440/735 527/441/736 528/442/737
s 69
f 529/443/738 530/444/739 514/445/740 515/446/741
s 70
f 530/444/742 531/447/743 513/448/744 514/445/745
s 71
f 510/449/746 511/450/747 533/451/748 518/452/749
s 44
f 342/453/750 341/454/751 294/338/752 276/337/753
s 72
f 388/455/754 389/456/755 350/457/756 352/458/757
f 354/459/758 351/460/759 353/461/760 355/462/761
f 356/463/762 354/459/758 355/462/761 357/464/763
f 412/465/764 413/466/765 356/463/762 357/464/763
s 73
f 407/467/766 408/468/767 361/469/768 362/470/769
s off
f 361/469/770 364/471/771 365/472/772 362/470/773
f 364/471/774 366/473/775 367/474/776 365/472/777
s 74
f 383/475/778 384/476/779 368/477/780 369/478/781
s 75
f 389/456/782 390/479/783 342/480/784 350/457/785
s 44
f 342/453/750 276/337/753 352/458/786 350/481/787
s 50
f 276/337/612 387/340/615 388/455/788 352/458/789
s 75
f 344/482/790 343/483/791 351/460/792 354/459/793
s 50
f 328/420/710 301/361/636 355/462/794 353/461/795
s 75
f 345/484/796 344/482/790 354/459/793 356/463/797
s 50
f 301/361/636 314/364/639 357/464/798 355/462/794
s 75
f 413/466/799 414/485/800 345/484/796 356/463/797
s 50
f 314/364/639 411/400/685 412/465/801 357/464/798
f 408/468/802 409/486/803 371/487/804 361/469/805
s 77
f 378/488/806 406/489/807 407/467/808 362/470/809
s 50
f 371/487/804 372/490/810 364/471/811 361/469/805
s 77
f 377/491/812 378/488/806 362/470/809 365/472/813
s 50
f 372/490/810 373/492/814 366/473/815 364/471/811
s 77
f 376/493/816 377/491/812 365/472/813 367/474/817
s 50
f 384/476/818 385/494/819 374/495/820 368/477/821
s 44
f 374/495/822 375/496/823 369/497/824 368/477/825
s 50
f 409/486/803 447/498/826 448/499/827 371/487/804
f 448/499/827 449/500/828 372/490/810 371/487/804
f 449/500/828 450/501/829 373/492/814 372/490/810
f 385/494/819 451/502/830 452/503/831 374/495/820
s 44
f 452/503/832 453/504/833 375/496/823 374/495/822
s 77
f 453/505/834 454/506/835 382/507/836 375/508/837
f 444/509/838 441/510/839 377/491/812 376/493/816
f 441/510/839 440/511/840 378/488/806 377/491/812
f 440/511/840 455/512/841 406/489/807 378/488/806
s 71
f 532/513/842 533/451/748 511/450/747 512/514/843
s 77
f 382/507/836 454/506/835 444/509/838 376/493/816
f 383/475/844 382/507/836 376/493/816 367/474/817
s 74
f 366/473/845 384/476/779 383/475/778 367/474/846
s 50
f 373/492/814 385/494/819 384/476/818 366/473/815
f 450/501/829 451/502/830 385/494/819 373/492/814
f 387/340/615 386/339/614 327/421/711 328/420/710
f 388/455/788 387/340/615 328/420/710 353/461/795
s 72
f 351/460/759 389/456/755 388/455/754 353/461/760
s 75
f 343/483/791 390/479/783 389/456/782 351/460/792
s 42
f 507/422/712 508/301/571 520/304/574 521/423/713
f 461/424/714 462/345/620 391/348/623 329/425/715
s 49
f 393/326/607 392/334/606 330/427/717 331/426/716
s 48
f 394/327/597 393/326/596 331/426/719 332/428/718
s 45
f 395/314/584 394/327/609 332/428/721 333/429/720
f 396/315/585 395/314/584 333/429/720 334/430/722
s 43
f 397/308/578 396/307/577 334/432/724 335/431/723
f 398/318/603 397/308/578 335/431/723 336/433/725
s 46
f 399/319/589 398/318/588 336/433/727 337/434/726
s 64
f 400/359/847 399/319/848 337/434/729 338/435/728
s 55
f 401/360/635 400/359/634 338/435/731 339/436/730
s 54
f 340/515/849 380/355/630 465/354/629 466/516/850
s 55
f 403/415/705 402/414/704 271/517/851 292/518/852
s 54
f 296/519/853 404/418/708 469/417/707 470/520/854
s 68
f 526/521/855 527/441/736 517/440/735 502/522/856
s 77
f 406/489/807 455/512/841 456/523/857 379/524/858
s 73
f 360/525/859 408/468/767 407/467/766 363/526/860
s 50
f 370/527/861 409/486/803 408/468/802 360/525/862
f 446/528/863 447/498/826 409/486/803 370/527/861
f 411/400/685 410/399/684 293/529/864 275/530/865
f 412/465/801 411/400/685 275/530/865 359/531/866
s 72
f 358/532/867 413/466/765 412/465/764 359/531/868
s 75
f 346/533/869 414/485/800 413/466/799 358/532/870
s 42
f 503/534/871 504/401/686 524/402/687 525/535/872
f 457/536/873 458/403/688 415/404/689 297/537/874
s 49
f 417/406/691 416/405/690 273/538/875 288/539/876
s 48
f 418/407/693 417/406/692 288/539/877 290/540/878
s 45
f 419/408/695 418/407/694 290/540/879 282/541/880
f 420/409/696 419/408/695 282/541/880 281/542/881
s 43
f 421/411/698 420/410/697 281/543/882 278/544/883
f 422/412/699 421/411/698 278/544/883 287/545/884
s 46
f 423/413/701 422/412/700 287/545/885 284/546/886
s 64
f 272/358/887 285/316/888 425/547/889 424/548/890
f 285/316/888 399/319/848 426/549/891 425/547/889
f 399/319/848 400/359/847 427/550/892 426/549/891
f 400/359/847 272/358/887 424/548/890 427/551/892
s 77
f 375/508/837 382/507/836 429/552/893 428/553/894
f 382/507/836 383/475/844 430/554/895 429/555/893
f 383/475/844 369/478/896 431/556/897 430/554/895
f 369/478/896 375/508/837 428/553/894 431/556/897
s off
f 425/557/898 426/558/899 494/559/900 495/560/901
f 426/558/902 427/561/903 496/562/904 494/559/905
f 427/563/906 424/564/907 497/565/908 496/566/909
f 424/564/910 425/557/911 495/560/912 497/565/913
s 77
f 407/467/808 406/489/807 432/567/914 433/568/915
f 406/489/807 379/524/858 434/569/916 432/570/914
f 379/524/858 363/526/917 435/571/918 434/569/916
f 363/526/917 407/467/808 433/568/915 435/571/918
s 64
f 402/414/703 423/413/702 436/572/919 437/573/920
f 423/413/702 284/546/921 438/574/922 436/572/919
f 284/546/921 271/517/923 439/575/924 438/574/922
f 271/517/923 402/414/703 437/576/920 439/575/924
s off
f 433/577/925 432/578/926 493/579/927 490/580/928
f 432/581/929 434/582/930 492/583/931 493/584/932
f 434/582/933 435/585/934 491/586/935 492/583/936
f 435/585/937 433/577/938 490/580/939 491/586/940
s 81
f 515/446/941 516/439/942 528/442/943 529/443/944
s 82
f 531/447/945 532/513/946 512/514/947 513/448/948
s 50
f 293/529/864 410/399/684 447/498/826 446/528/863
f 448/499/827 447/498/826 410/399/684 313/363/638
f 313/363/638 300/362/637 449/500/828 448/499/827
f 300/362/637 327/421/711 450/501/829 449/500/828
f 327/421/711 386/339/614 451/502/830 450/501/829
f 452/503/831 451/502/830 386/339/614 294/338/613
s 44
f 294/338/752 341/454/751 453/504/833 452/503/832
s 77
f 341/587/949 381/588/950 454/506/835 453/505/834
f 444/509/838 454/506/835 381/588/950 349/589/951
f 348/590/952 405/591/953 455/512/841 440/511/840
f 456/523/857 455/512/841 405/591/953 347/592/954
s 42
f 416/405/955 458/403/688 457/536/873 273/538/956
f 316/375/957 459/369/644 458/403/688 416/405/955
f 303/374/958 460/370/645 459/369/644 316/375/957
f 330/427/959 461/424/714 460/370/645 303/374/958
f 392/334/960 462/345/620 461/424/714 330/427/959
f 274/333/961 463/346/621 462/345/620 392/334/960
s 44
f 295/310/580 464/350/625 463/349/624 274/593/962
s 54
f 401/360/963 465/354/629 464/353/628 295/357/964
f 466/516/850 465/354/629 401/360/963 339/436/965
f 467/594/966 466/516/850 339/436/965 312/393/967
f 468/416/706 467/594/966 312/393/967 325/394/968
f 403/415/969 469/417/707 468/416/706 325/394/968
f 470/520/854 469/417/707 403/415/969 292/518/970
s 83
f 443/595/971 442/596/972 477/597/973 478/598/974
f 479/599/975 480/600/976 481/601/977 482/602/978
f 480/600/976 443/595/971 478/598/974 481/601/977
f 442/596/972 445/603/979 483/604/980 477/597/973
f 445/603/979 484/605/981 485/606/982 483/604/980
f 484/605/981 479/599/975 482/602/978 485/606/982
s 84
f 472/396/983 471/395/984 478/598/985 477/597/986
s 85
f 467/594/987 468/416/988 480/600/989 479/599/990
s 86
f 474/398/991 473/397/992 482/602/993 481/601/994
s off
f 468/416/995 326/419/996 443/595/997 480/600/998
f 471/395/999 474/398/1000 481/601/1001 478/598/1002
s 84
f 475/437/1003 472/396/983 477/597/986 483/604/1004
s off
f 340/515/1005 466/516/1006 484/605/1007 445/603/1008
f 476/438/1009 475/437/1010 483/604/1011 485/606/1012
s 85
f 466/516/1013 467/594/987 479/599/990 484/605/1014
s 86
f 473/397/992 476/438/1015 485/606/1016 482/602/993
s off
f 487/607/1017 486/608/1018 431/609/1019 428/610/1020
f 488/611/1021 487/607/1022 428/610/1023 429/612/1024
f 489/613/1025 488/614/1026 429/615/1027 430/616/1028
f 486/608/1029 489/613/1030 430/616/1031 431/609/1032
f 499/617/1033 498/618/1034 436/619/1035 438/620/1036
f 500/621/1037 499/617/1038 438/620/1039 439/622/1040
f 501/623/1041 500/621/1042 439/622/1043 437/624/1044
f 498/618/1045 501/625/1046 437/626/1047 436/619/1048
s 87
f 489/613/1049 486/608/1050 495/560/1051 494/559/1052
f 488/614/1053 489/613/1049 494/559/1052 496/562/1054
f 487/607/1055 488/611/1053 496/566/1054 497/565/1056
f 486/608/1050 487/607/1055 497/565/1056 495/560/1051
s 88
f 491/586/1057 490/580/1058 498/618/1059 499/617/1060
f 492/583/1061 491/586/1057 499/617/1060 500/621/1062
f 493/584/1063 492/583/1061 500/621/1062 501/623/1064
f 490/580/1058 493/579/1063 501/625/1064 498/618/1059
s 42
f 415/404/689 504/401/686 503/534/871 297/537/874
f 315/372/647 505/365/640 504/401/686 415/404/689
f 302/371/646 506/366/641 505/365/640 315/372/647
f 329/425/715 507/422/712 506/366/641 302/371/646
f 391/348/623 508/301/571 507/422/712 329/425/715
f 298/347/622 509/302/572 508/301/571 391/348/623
s 44
f 298/352/627 299/351/626 510/342/617 509/341/616
s 71
f 380/355/1065 511/450/747 510/449/746 299/356/1066
f 512/514/843 511/450/747 380/355/1065 340/515/1067
s 82
f 513/448/948 512/514/947 340/515/1068 445/603/1069
s 70
f 514/445/745 513/448/744 445/603/1070 442/596/1071
s 69
f 515/446/741 514/445/740 442/596/1072 443/595/1073
s 81
f 326/419/1074 516/439/942 515/446/941 443/595/1075
s 68
f 404/418/1076 517/440/735 516/439/734 326/419/1077
f 502/522/856 517/440/735 404/418/1076 296/519/1078
s 44
f 519/344/619 518/343/618 341/454/751 342/453/750
s 42
f 520/304/574 519/303/573 342/480/1079 390/479/1080
f 521/423/713 520/304/574 390/479/1080 343/483/1081
f 522/367/642 521/423/713 343/483/1081 344/482/1082
f 523/368/643 522/367/642 344/482/1082 345/484/1083
f 524/402/687 523/368/643 345/484/1083 414/485/1084
f 525/535/872 524/402/687 414/485/1084 346/533/1085
s 68
f 347/592/1086 405/591/1087 527/441/736 526/521/855
f 528/442/737 527/441/736 405/591/1087 348/590/1088
s 81
f 529/443/944 528/442/943 348/590/1089 440/511/1090
s 69
f 440/511/1091 441/510/1092 530/444/739 529/443/738
s 70
f 441/510/1093 444/509/1094 531/447/743 530/444/742
s 82
f 349/589/1095 532/513/946 531/447/945 444/509/1096
s 71
f 349/589/1097 381/588/1098 533/451/748 532/513/842
f 518/452/749 533/451/748 381/588/1098 341/587/1099
s 44
f 277/311/581 295/310/580 274/593/962
s 64
f 272/627/887 277/628/1100 535/321/1101 534/320/1102
s 43
f 280/629/576 279/630/575 537/631/1103 536/632/1104
s 49
f 277/628/1105 274/633/605 538/328/1106 535/321/1107
s 45
f 283/634/583 280/635/582 536/636/1108 539/637/1109
s 43
f 279/630/575 286/638/602 540/639/1110 537/631/1103
s 46
f 286/638/587 285/640/586 541/332/1111 540/639/1112
s 64
f 285/640/888 272/627/887 534/320/1102 541/332/1113
s 49
f 274/633/605 289/641/604 542/335/1114 538/328/1106
s 48
f 289/641/595 291/642/594 543/643/1115 542/335/1116
s 45
f 291/642/608 283/634/583 539/637/1109 543/643/1117
s 89
f 780/644/1118 781/645/1119 791/646/1120 792/647/1121
s 90
f 551/648/1122 552/649/1123 668/650/1124 669/651/1125
s 91
f 552/652/1126 555/653/1127 667/654/1128 668/655/1129
s 92
f 557/656/1130 558/657/1131 670/658/1132 671/659/1133
s 93
f 563/660/1134 561/661/1135 665/662/1136 666/663/1137
s 90
f 558/657/1138 551/648/1122 669/651/1125 670/658/1139
s 94
f 561/661/1140 547/664/1141 664/665/1142 665/662/1143
s 91
f 555/653/1127 563/660/1144 666/663/1145 667/654/1128
s 95
f 549/666/1146 566/667/1147 658/668/1148 659/669/1149
s 89
f 734/670/1150 735/671/1151 570/672/1152 663/673/1153
s 97
f 736/674/1154 737/675/1155 652/676/1156 571/677/1157
s 98
f 567/678/1158 545/679/1159 672/680/1160 673/681/1161
s 95
f 573/682/1162 572/683/1163 585/684/1164 586/685/1165
s 89
f 777/686/1166 778/687/1167 794/688/1168 795/689/1169
f 731/690/1170 732/691/1171 574/692/1172 587/693/1173
s 94
f 576/694/1174 575/695/1175 588/696/1176 589/697/1177
s 93
f 577/698/1178 576/694/1179 589/697/1180 590/699/1181
s 91
f 578/700/1182 577/698/1183 590/699/1184 591/701/1185
f 579/702/1186 578/700/1182 591/701/1185 592/703/1187
s 90
f 580/704/1188 579/705/1189 592/706/1190 593/707/1191
f 581/708/1192 580/704/1188 593/707/1191 594/709/1193
s 92
f 582/710/1194 581/708/1195 594/709/1196 595/711/1197
s 107
f 583/712/1198 582/710/1199 595/711/1200 596/713/1201
s 98
f 584/714/1202 583/712/1203 596/713/1204 597/715/1205
s 109
f 743/716/1206 744/717/1207 745/718/1208 746/719/1209
s 95
f 586/685/1165 585/684/1164 682/720/1210 683/721/1211
s 89
f 776/722/1212 777/686/1166 795/689/1169 796/723/1213
f 730/724/1214 731/690/1170 587/693/1173 687/725/1215
s 94
f 589/697/1177 588/696/1176 688/726/1216 689/727/1217
s 93
f 590/699/1181 589/697/1180 689/727/1218 690/728/1219
s 91
f 591/701/1185 590/699/1184 690/728/1220 691/729/1221
f 592/703/1187 591/701/1185 691/729/1221 692/730/1222
s 90
f 593/707/1191 592/706/1190 692/731/1223 693/732/1224
f 594/709/1193 593/707/1191 693/732/1224 694/733/1225
s 92
f 595/711/1197 594/709/1196 694/733/1226 695/734/1227
s 107
f 596/713/1201 595/711/1200 695/734/1228 674/735/1229
s 98
f 597/715/1205 596/713/1204 674/735/1230 675/736/1231
s 97
f 740/737/1232 741/738/1233 676/739/1234 598/740/1235
s 95
f 600/741/1236 599/742/1237 572/683/1163 573/682/1162
s 89
f 778/687/1167 779/743/1238 793/744/1239 794/688/1168
f 732/691/1171 733/745/1240 601/746/1241 574/692/1172
s 94
f 603/747/1242 602/748/1243 575/695/1175 576/694/1174
s 93
f 604/749/1244 603/747/1245 576/694/1179 577/698/1178
s 91
f 605/750/1246 604/749/1247 577/698/1183 578/700/1182
f 606/751/1248 605/750/1246 578/700/1182 579/702/1186
s 90
f 607/752/1249 606/753/1250 579/705/1189 580/704/1188
f 608/754/1251 607/752/1249 580/704/1188 581/708/1192
s 92
f 609/755/1252 608/754/1253 581/708/1195 582/710/1194
s 107
f 610/756/1254 609/755/1255 582/710/1199 583/712/1198
s 98
f 611/757/1256 610/756/1257 583/712/1203 584/714/1202
s 109
f 744/717/1207 747/758/1258 748/759/1259 745/718/1208
s 111
f 788/760/1260 789/761/1261 799/762/1262 800/763/1263
s 112
f 801/764/1264 802/765/1265 786/766/1266 787/767/1267
s 113
f 802/765/1268 803/768/1269 785/769/1270 786/766/1271
s 114
f 782/770/1272 783/771/1273 805/772/1274 790/773/1275
s 115
f 660/774/1276 661/775/1277 622/776/1278 624/777/1279
f 626/778/1280 623/779/1281 625/780/1282 627/781/1283
f 628/782/1284 626/778/1280 627/781/1283 629/783/1285
f 684/784/1286 685/785/1287 628/782/1284 629/783/1285
s 116
f 679/786/1288 680/787/1289 633/788/1290 634/789/1291
s off
f 633/788/1292 636/790/1293 637/791/1294 634/789/1295
f 636/790/1296 638/792/1297 639/793/1298 637/791/1299
s 117
f 655/794/1300 656/795/1301 640/796/1302 641/797/1303
s 118
f 661/775/1304 662/798/1305 614/799/1306 622/776/1307
s 95
f 549/666/1146 659/669/1149 660/774/1308 624/777/1309
s 118
f 616/800/1310 615/801/1311 623/779/1312 626/778/1313
s 95
f 600/741/1236 573/682/1162 627/781/1314 625/780/1315
s 118
f 617/802/1316 616/800/1310 626/778/1313 628/782/1317
s 95
f 573/682/1162 586/685/1165 629/783/1318 627/781/1314
s 118
f 685/785/1319 686/803/1320 617/802/1316 628/782/1317
s 95
f 586/685/1165 683/721/1211 684/784/1321 629/783/1318
f 680/787/1322 681/804/1323 643/805/1324 633/788/1325
s 120
f 650/806/1326 678/807/1327 679/786/1328 634/789/1329
s 95
f 643/805/1324 644/808/1330 636/790/1331 633/788/1325
s 120
f 649/809/1332 650/806/1326 634/789/1329 637/791/1333
s 95
f 644/808/1330 645/810/1334 638/792/1335 636/790/1331
s 120
f 648/811/1336 649/809/1332 637/791/1333 639/793/1337
s 95
f 656/795/1338 657/812/1339 646/813/1340 640/796/1341
f 681/804/1323 719/814/1342 720/815/1343 643/805/1324
f 720/815/1343 721/816/1344 644/808/1330 643/805/1324
f 721/816/1344 722/817/1345 645/810/1334 644/808/1330
f 657/812/1339 723/818/1346 724/819/1347 646/813/1340
s 120
f 725/820/1348 726/821/1349 654/822/1350 647/823/1351
f 716/824/1352 713/825/1353 649/809/1332 648/811/1336
f 713/825/1353 712/826/1354 650/806/1326 649/809/1332
f 712/826/1354 727/827/1355 678/807/1327 650/806/1326
s 114
f 804/828/1356 805/772/1274 783/771/1273 784/829/1357
s 120
f 654/822/1350 726/821/1349 716/824/1352 648/811/1336
f 655/794/1358 654/822/1350 648/811/1336 639/793/1337
s 117
f 638/792/1359 656/795/1301 655/794/1300 639/793/1360
s 95
f 645/810/1334 657/812/1339 656/795/1338 638/792/1335
f 722/817/1345 723/818/1346 657/812/1339 645/810/1334
f 659/669/1149 658/668/1148 599/742/1237 600/741/1236
f 660/774/1308 659/669/1149 600/741/1236 625/780/1315
s 115
f 623/779/1281 661/775/1277 660/774/1276 625/780/1282
s 118
f 615/801/1311 662/798/1305 661/775/1304 623/779/1312
s 89
f 779/743/1238 780/644/1118 792/647/1121 793/744/1239
f 733/745/1240 734/670/1150 663/673/1153 601/746/1241
s 94
f 665/662/1143 664/665/1142 602/748/1243 603/747/1242
s 93
f 666/663/1137 665/662/1136 603/747/1245 604/749/1244
s 91
f 667/654/1128 666/663/1145 604/749/1247 605/750/1246
f 668/655/1129 667/654/1128 605/750/1246 606/751/1248
s 90
f 669/651/1125 668/650/1124 606/753/1250 607/752/1249
f 670/658/1139 669/651/1125 607/752/1249 608/754/1251
s 92
f 671/659/1133 670/658/1132 608/754/1253 609/755/1252
s 107
f 672/680/1361 671/659/1362 609/755/1255 610/756/1254
s 98
f 673/681/1161 672/680/1160 610/756/1257 611/757/1256
s 97
f 612/830/1363 652/676/1156 737/675/1155 738/831/1364
s 98
f 675/736/1231 674/735/1230 544/832/1365 564/833/1366
s 97
f 568/834/1367 676/739/1234 741/738/1233 742/835/1368
s 111
f 798/836/1369 799/762/1262 789/761/1261 774/837/1370
s 120
f 678/807/1327 727/827/1355 728/838/1371 651/839/1372
s 116
f 632/840/1373 680/787/1289 679/786/1288 635/841/1374
s 95
f 642/842/1375 681/804/1323 680/787/1322 632/840/1376
f 718/843/1377 719/814/1342 681/804/1323 642/842/1375
f 683/721/1211 682/720/1210 565/844/1378 548/845/1379
f 684/784/1321 683/721/1211 548/845/1379 631/846/1380
s 115
f 630/847/1381 685/785/1287 684/784/1286 631/846/1382
s 118
f 618/848/1383 686/803/1320 685/785/1319 630/847/1384
s 89
f 775/849/1385 776/722/1212 796/723/1213 797/850/1386
f 729/851/1387 730/724/1214 687/725/1215 569/852/1388
s 94
f 689/727/1217 688/726/1216 546/853/1389 560/854/1390
s 93
f 690/728/1219 689/727/1218 560/854/1391 562/855/1392
s 91
f 691/729/1221 690/728/1220 562/855/1393 554/856/1394
f 692/730/1222 691/729/1221 554/856/1394 553/857/1395
s 90
f 693/732/1224 692/731/1223 553/858/1396 550/859/1397
f 694/733/1225 693/732/1224 550/859/1397 559/860/1398
s 92
f 695/734/1227 694/733/1226 559/860/1399 556/861/1400
s 107
f 545/679/1401 557/656/1402 697/862/1403 696/863/1404
f 557/656/1402 671/659/1362 698/864/1405 697/862/1403
f 671/659/1362 672/680/1361 699/865/1406 698/864/1405
f 672/680/1361 545/679/1401 696/863/1404 699/866/1406
s 120
f 647/823/1351 654/822/1350 701/867/1407 700/868/1408
f 654/822/1350 655/794/1358 702/869/1409 701/870/1407
f 655/794/1358 641/797/1410 703/871/1411 702/869/1409
f 641/797/1410 647/823/1351 700/868/1408 703/871/1411
s off
f 697/872/1412 698/873/1413 766/874/1414 767/875/1415
f 698/873/1416 699/876/1417 768/877/1418 766/874/1419
f 699/878/1420 696/879/1421 769/880/1422 768/881/1423
f 696/879/1424 697/872/1425 767/875/1426 769/880/1427
s 120
f 679/786/1328 678/807/1327 704/882/1428 705/883/1429
f 678/807/1327 651/839/1372 706/884/1430 704/885/1428
f 651/839/1372 635/841/1431 707/886/1432 706/884/1430
f 635/841/1431 679/786/1328 705/883/1429 707/886/1432
s 107
f 674/735/1229 695/734/1228 708/887/1433 709/888/1434
f 695/734/1228 556/861/1435 710/889/1436 708/887/1433
f 556/861/1435 544/832/1437 711/890/1438 710/889/1436
f 544/832/1437 674/735/1229 709/891/1434 711/890/1438
s off
f 705/892/1439 704/893/1440 765/894/1441 762/895/1442
f 704/896/1443 706/897/1444 764/898/1445 765/899/1446
f 706/897/1447 707/900/1448 763/901/1449 764/898/1450
f 707/900/1451 705/892/1452 762/895/1453 763/901/1454
s 123
f 787/767/1455 788/760/1456 800/763/1457 801/764/1458
s 124
f 803/768/1459 804/828/1460 784/829/1461 785/769/1462
s 95
f 565/844/1378 682/720/1210 719/814/1342 718/843/1377
f 720/815/1343 719/814/1342 682/720/1210 585/684/1164
f 585/684/1164 572/683/1163 721/816/1344 720/815/1343
f 572/683/1163 599/742/1237 722/817/1345 721/816/1344
f 599/742/1237 658/668/1148 723/818/1346 722/817/1345
f 724/819/1347 723/818/1346 658/668/1148 566/667/1147
s 120
f 613/902/1463 653/903/1464 726/821/1349 725/820/1348
f 716/824/1352 726/821/1349 653/903/1464 621/904/1465
f 620/905/1466 677/906/1467 727/827/1355 712/826/1354
f 728/838/1371 727/827/1355 677/906/1467 619/907/1468
s 89
f 688/726/1469 730/724/1214 729/851/1387 546/853/1470
f 588/696/1471 731/690/1170 730/724/1214 688/726/1469
f 575/695/1472 732/691/1171 731/690/1170 588/696/1471
f 602/748/1473 733/745/1240 732/691/1171 575/695/1472
f 664/665/1474 734/670/1150 733/745/1240 602/748/1473
f 547/664/1475 735/671/1151 734/670/1150 664/665/1474
s 97
f 673/681/1476 737/675/1155 736/674/1154 567/678/1477
f 738/831/1364 737/675/1155 673/681/1476 611/757/1478
f 739/908/1479 738/831/1364 611/757/1478 584/714/1480
f 740/737/1232 739/908/1479 584/714/1480 597/715/1481
f 675/736/1482 741/738/1233 740/737/1232 597/715/1481
f 742/835/1368 741/738/1233 675/736/1482 564/833/1483
s 125
f 715/909/1484 714/910/1485 749/911/1486 750/912/1487
f 751/913/1488 752/914/1489 753/915/1490 754/916/1491
f 752/914/1489 715/909/1484 750/912/1487 753/915/1490
f 714/910/1485 717/917/1492 755/918/1493 749/911/1486
f 717/917/1492 756/919/1494 757/920/1495 755/918/1493
f 756/919/1494 751/913/1488 754/916/1491 757/920/1495
s 126
f 744/717/1496 743/716/1497 750/912/1498 749/911/1499
s 127
f 739/908/1500 740/737/1501 752/914/1502 751/913/1503
s 128
f 746/719/1504 745/718/1505 754/916/1506 753/915/1507
s off
f 740/737/1508 598/740/1509 715/909/1510 752/914/1511
f 743/716/1512 746/719/1513 753/915/1514 750/912/1515
s 126
f 747/758/1516 744/717/1496 749/911/1499 755/918/1517
s off
f 612/830/1518 738/831/1519 756/919/1520 717/917/1521
f 748/759/1522 747/758/1523 755/918/1524 757/920/1525
s 127
f 738/831/1526 739/908/1500 751/913/1503 756/919/1527
s 128
f 745/718/1505 748/759/1528 757/920/1529 754/916/1506
s off
f 759/921/1530 758/922/1531 703/923/1532 700/924/1533
f 760/925/1534 759/921/1535 700/924/1536 701/926/1537
f 761/927/1538 760/928/1539 701/929/1540 702/930/1541
f 758/922/1542 761/927/1543 702/930/1544 703/923/1545
f 771/931/1546 770/932/1547 708/933/1548 710/934/1549
f 772/935/1550 771/931/1551 710/934/1552 711/936/1553
f 773/937/1554 772/935/1555 711/936/1556 709/938/1557
f 770/932/1558 773/939/1559 709/940/1560 708/933/1561
s 129
f 761/927/1562 758/922/1563 767/875/1564 766/874/1565
f 760/928/1566 761/927/1562 766/874/1565 768/877/1567
f 759/921/1568 760/925/1566 768/881/1567 769/880/1569
f 758/922/1563 759/921/1568 769/880/1569 767/875/1564
s 130
f 763/901/1570 762/895/1571 770/932/1572 771/931/1573
f 764/898/1574 763/901/1570 771/931/1573 772/935/1575
f 765/899/1576 764/898/1574 772/935/1575 773/937/1577
f 762/895/1571 765/894/1576 773/939/1577 770/932/1572
s 89
f 687/725/1215 776/722/1212 775/849/1385 569/852/1388
f 587/693/1173 777/686/1166 776/722/1212 687/725/1215
f 574/692/1172 778/687/1167 777/686/1166 587/693/1173
f 601/746/1241 779/743/1238 778/687/1167 574/692/1172
f 663/673/1153 780/644/1118 779/743/1238 601/746/1241
f 570/672/1152 781/645/1119 780/644/1118 663/673/1153
s 114
f 652/676/1578 783/771/1273 782/770/1272 571/677/1579
f 784/829/1357 783/771/1273 652/676/1578 612/830/1580
s 124
f 785/769/1462 784/829/1461 612/830/1581 717/917/1582
s 113
f 786/766/1271 785/769/1270 717/917/1583 714/910/1584
s 112
f 787/767/1267 786/766/1266 714/910/1585 715/909/1586
s 123
f 598/740/1587 788/760/1456 787/767/1455 715/909/1588
s 111
f 676/739/1589 789/761/1261 788/760/1260 598/740/1590
f 774/837/1370 789/761/1261 676/739/1589 568/834/1591
s 89
f 792/647/1121 791/646/1120 614/799/1592 662/798/1593
f 793/744/1239 792/647/1121 662/798/1593 615/801/1594
f 794/688/1168 793/744/1239 615/801/1594 616/800/1595
f 795/689/1169 794/688/1168 616/800/1595 617/802/1596
f 796/723/1213 795/689/1169 617/802/1596 686/803/1597
f 797/850/1386 796/723/1213 686/803/1597 618/848/1598
s 111
f 619/907/1599 677/906/1600 799/762/1262 798/836/1369
f 800/763/1263 799/762/1262 677/906/1600 620/905/1601
s 123
f 801/764/1458 800/763/1457 620/905/1602 712/826/1603
s 112
f 712/826/1604 713/825/1605 802/765/1265 801/764/1264
s 113
f 713/825/1606 716/824/1607 803/768/1269 802/765/1268
s 124
f 621/904/1608 804/828/1460 803/768/1459 716/824/1609
s 114
f 621/904/1610 653/903/1611 805/772/1274 804/828/1356
f 790/773/1275 805/772/1274 653/903/1611 613/902/1612
s 131
f 1009/941/1613 1010/942/1614 1019/943/1615 1020/944/1616
s 132
f 813/945/1617 814/946/1618 908/947/1619 909/948/1620
s 133
f 814/949/1621 817/950/1622 907/951/1623 908/952/1624
s 134
f 819/953/1625 820/954/1626 910/955/1627 911/956/1628
s 135
f 825/957/1629 823/958/1630 905/959/1631 906/960/1632
s 132
f 820/954/1633 813/945/1617 909/948/1620 910/955/1634
s 136
f 823/958/1635 809/961/1636 904/962/1637 905/959/1638
s 133
f 817/950/1622 825/957/1639 906/960/1640 907/951/1623
s 137
f 811/963/1641 828/964/1642 898/965/1643 899/966/1644
s 131
f 970/967/1645 971/968/1646 832/969/1647 903/970/1648
s 139
f 972/971/1649 973/972/1650 892/973/1651 833/974/1652
s 140
f 829/975/1653 807/976/1654 912/977/1655 913/978/1656
s 137
f 835/979/1657 834/980/1658 922/981/1659 923/982/1660
s 131
f 1006/983/1661 1007/984/1662 1022/985/1663 1023/986/1664
f 967/987/1665 968/988/1666 836/989/1667 927/990/1668
s 136
f 838/991/1669 837/992/1670 928/993/1671 929/994/1672
s 135
f 839/995/1673 838/991/1674 929/994/1675 930/996/1676
s 133
f 840/997/1677 839/995/1678 930/996/1679 931/998/1680
f 841/999/1681 840/997/1677 931/998/1680 932/1000/1682
s 132
f 842/1001/1683 841/1002/1684 932/1003/1685 933/1004/1686
f 843/1005/1687 842/1001/1683 933/1004/1686 934/1006/1688
s 134
f 844/1007/1689 843/1005/1690 934/1006/1691 935/1008/1692
s 149
f 845/1009/1693 844/1007/1694 935/1008/1695 914/1010/1696
s 140
f 846/1011/1697 845/1009/1698 914/1010/1699 915/1012/1700
s off
f 1056/1013/1701 1057/1014/1702 1058/1015/1703 1059/1016/1704
s 137
f 848/1017/1705 847/1018/1706 834/980/1658 835/979/1657
s 131
f 1007/984/1662 1008/1019/1707 1021/1020/1708 1022/985/1663
f 968/988/1666 969/1021/1709 849/1022/1710 836/989/1667
s 136
f 851/1023/1711 850/1024/1712 837/992/1670 838/991/1669
s 135
f 852/1025/1713 851/1023/1714 838/991/1674 839/995/1673
s 133
f 853/1026/1715 852/1025/1716 839/995/1678 840/997/1677
f 854/1027/1717 853/1026/1715 840/997/1677 841/999/1681
s 132
f 855/1028/1718 854/1029/1719 841/1002/1684 842/1001/1683
f 856/1030/1720 855/1028/1718 842/1001/1683 843/1005/1687
s 134
f 857/1031/1721 856/1030/1722 843/1005/1690 844/1007/1689
s 149
f 858/1032/1723 857/1031/1724 844/1007/1694 845/1009/1693
s 140
f 859/1033/1725 858/1032/1726 845/1009/1698 846/1011/1697
s off
f 980/1034/1727 981/1035/1728 979/1036/1729 978/1037/1730
s 151
f 1016/1038/1731 1017/1039/1732 1026/1040/1733 1027/1041/1734
s 152
f 1011/1042/1735 1012/1043/1736 1029/1044/1737 1018/1045/1738
s 153
f 900/1046/1739 901/1047/1740 868/1048/1741 870/1049/1742
f 869/1050/1743 871/1051/1744 873/1052/1745 872/1053/1746
f 924/1054/1747 925/1055/1748 872/1053/1746 873/1052/1745
s 154
f 919/1056/1749 920/1057/1750 877/1058/1751 878/1059/1752
s off
f 878/1059/1753 877/1058/1754 880/1060/1755 881/1061/1756
s 155
f 895/1062/1757 896/1063/1758 882/1064/1759 883/1065/1760
s 156
f 901/1047/1761 902/1066/1762 861/1067/1763 868/1048/1764
s 137
f 811/963/1641 899/966/1644 900/1046/1765 870/1049/1766
f 871/1051/1767 848/1017/1705 835/979/1657 873/1052/1768
s 156
f 869/1050/1769 872/1053/1770 863/1068/1771 862/1069/1772
f 925/1055/1773 926/1070/1774 863/1068/1771 872/1053/1770
s 137
f 835/979/1657 923/982/1660 924/1054/1775 873/1052/1768
f 920/1057/1776 921/1071/1777 885/1072/1778 877/1058/1779
s 159
f 890/1073/1780 918/1074/1781 919/1056/1782 878/1059/1783
s 137
f 880/1060/1784 877/1058/1779 885/1072/1778 886/1075/1785
s 159
f 878/1059/1783 881/1061/1786 889/1076/1787 890/1073/1780
s 137
f 896/1063/1788 897/1077/1789 887/1078/1790 882/1064/1791
f 921/1071/1777 957/1079/1792 958/1080/1793 885/1072/1778
f 886/1075/1785 885/1072/1778 958/1080/1793 959/1081/1794
f 897/1077/1789 960/1082/1795 961/1083/1796 887/1078/1790
s 159
f 962/1084/1797 963/1085/1798 894/1086/1799 888/1087/1800
f 890/1073/1780 889/1076/1787 954/1088/1801 952/1089/1802
f 952/1089/1802 964/1090/1803 918/1074/1781 890/1073/1780
s 152
f 1028/1091/1804 1029/1044/1737 1012/1043/1736 1013/1092/1805
s 159
f 894/1086/1799 963/1085/1798 954/1088/1801 889/1076/1787
f 895/1062/1806 894/1086/1799 889/1076/1787 881/1061/1786
s 155
f 880/1060/1807 896/1063/1758 895/1062/1757 881/1061/1808
s 137
f 886/1075/1785 897/1077/1789 896/1063/1788 880/1060/1784
f 959/1081/1794 960/1082/1795 897/1077/1789 886/1075/1785
f 899/966/1644 898/965/1643 847/1018/1706 848/1017/1705
f 900/1046/1765 899/966/1644 848/1017/1705 871/1051/1767
s 153
f 869/1050/1743 901/1047/1740 900/1046/1739 871/1051/1744
s 156
f 862/1069/1772 902/1066/1762 901/1047/1761 869/1050/1769
s 131
f 1008/1019/1707 1009/941/1613 1020/944/1616 1021/1020/1708
f 969/1021/1709 970/967/1645 903/970/1648 849/1022/1710
s 136
f 905/959/1638 904/962/1637 850/1024/1712 851/1023/1711
s 135
f 906/960/1632 905/959/1631 851/1023/1714 852/1025/1713
s 133
f 907/951/1623 906/960/1640 852/1025/1716 853/1026/1715
f 908/952/1624 907/951/1623 853/1026/1715 854/1027/1717
s 132
f 909/948/1620 908/947/1619 854/1029/1719 855/1028/1718
f 910/955/1634 909/948/1620 855/1028/1718 856/1030/1720
s 134
f 911/956/1628 910/955/1627 856/1030/1722 857/1031/1721
s 149
f 912/977/1809 911/956/1810 857/1031/1724 858/1032/1723
s 140
f 913/978/1656 912/977/1655 858/1032/1726 859/1033/1725
s off
f 1060/1093/1811 1061/1094/1812 1062/1095/1813 1063/1096/1814
s 140
f 915/1012/1700 914/1010/1699 806/1097/1815 826/1098/1816
s 139
f 830/1099/1817 916/1100/1818 976/1101/1819 977/1102/1820
s 151
f 1025/1103/1821 1026/1040/1733 1017/1039/1732 1004/1104/1822
s 159
f 918/1074/1781 964/1090/1803 965/1105/1823 891/1106/1824
s 154
f 876/1107/1825 920/1057/1750 919/1056/1749 879/1108/1826
s 137
f 884/1109/1827 921/1071/1777 920/1057/1776 876/1107/1828
f 956/1110/1829 957/1079/1792 921/1071/1777 884/1109/1827
f 923/982/1660 922/981/1659 827/1111/1830 810/1112/1831
f 924/1054/1775 923/982/1660 810/1112/1831 875/1113/1832
s 153
f 874/1114/1833 925/1055/1748 924/1054/1747 875/1113/1834
s 156
f 864/1115/1835 926/1070/1774 925/1055/1773 874/1114/1836
s 131
f 1005/1116/1837 1006/983/1661 1023/986/1664 1024/1117/1838
f 966/1118/1839 967/987/1665 927/990/1668 831/1119/1840
s 136
f 929/994/1672 928/993/1671 808/1120/1841 822/1121/1842
s 135
f 930/996/1676 929/994/1675 822/1121/1843 824/1122/1844
s 133
f 931/998/1680 930/996/1679 824/1122/1845 816/1123/1846
f 932/1000/1682 931/998/1680 816/1123/1846 815/1124/1847
s 132
f 933/1004/1686 932/1003/1685 815/1125/1848 812/1126/1849
f 934/1006/1688 933/1004/1686 812/1126/1849 821/1127/1850
s 134
f 935/1008/1692 934/1006/1691 821/1127/1851 818/1128/1852
s 149
f 807/976/1853 819/953/1854 937/1129/1855 936/1130/1856
f 819/953/1854 911/956/1810 938/1131/1857 937/1129/1855
f 911/956/1810 912/977/1809 939/1132/1858 938/1131/1857
f 912/977/1809 807/976/1853 936/1130/1856 939/1132/1858
s 159
f 888/1087/1800 894/1086/1799 941/1133/1859 940/1134/1860
f 894/1086/1799 895/1062/1806 942/1135/1861 941/1133/1859
f 895/1062/1806 883/1065/1862 943/1136/1863 942/1135/1861
f 883/1065/1862 888/1087/1800 940/1134/1860 943/1136/1863
s off
f 937/1137/1864 938/1138/1865 996/1139/1866 997/1140/1867
f 938/1138/1868 939/1141/1869 998/1142/1870 996/1139/1871
f 939/1143/1872 936/1144/1873 999/1145/1874 998/1146/1875
f 936/1144/1876 937/1137/1877 997/1140/1878 999/1145/1879
s 159
f 919/1056/1782 918/1074/1781 944/1147/1880 945/1148/1881
f 918/1074/1781 891/1106/1824 946/1149/1882 944/1147/1880
f 891/1106/1824 879/1108/1883 947/1150/1884 946/1149/1882
f 879/1108/1883 919/1056/1782 945/1148/1881 947/1150/1884
s 149
f 914/1010/1696 935/1008/1695 948/1151/1885 949/1152/1886
f 935/1008/1695 818/1128/1887 950/1153/1888 948/1151/1885
f 818/1128/1887 806/1097/1889 951/1154/1890 950/1153/1888
f 806/1097/1889 914/1010/1696 949/1152/1886 951/1154/1890
s off
f 945/1155/1891 944/1156/1892 995/1157/1893 992/1158/1894
f 944/1159/1895 946/1160/1896 994/1161/1897 995/1162/1898
f 946/1160/1899 947/1163/1900 993/1164/1901 994/1161/1902
f 947/1163/1903 945/1155/1904 992/1158/1905 993/1164/1906
s 137
f 827/1111/1830 922/981/1659 957/1079/1792 956/1110/1829
f 958/1080/1793 957/1079/1792 922/981/1659 834/980/1658
f 958/1080/1793 834/980/1658 847/1018/1706 959/1081/1794
f 847/1018/1706 898/965/1643 960/1082/1795 959/1081/1794
f 961/1083/1796 960/1082/1795 898/965/1643 828/964/1642
s 159
f 860/1165/1907 893/1166/1908 963/1085/1798 962/1084/1797
f 954/1088/1801 963/1085/1798 893/1166/1908 867/1167/1909
f 866/1168/1910 917/1169/1911 964/1090/1803 952/1089/1802
f 965/1105/1823 964/1090/1803 917/1169/1911 865/1170/1912
s 131
f 928/993/1913 967/987/1665 966/1118/1839 808/1120/1914
f 837/992/1915 968/988/1666 967/987/1665 928/993/1913
f 837/992/1915 850/1024/1916 969/1021/1709 968/988/1666
f 904/962/1917 970/967/1645 969/1021/1709 850/1024/1916
f 809/961/1918 971/968/1646 970/967/1645 904/962/1917
s 139
f 913/978/1919 973/972/1650 972/971/1649 829/975/1920
f 974/1171/1921 973/972/1650 913/978/1919 859/1033/1922
f 974/1171/1921 859/1033/1922 846/1011/1923 975/1172/1924
f 915/1012/1925 976/1101/1819 975/1172/1924 846/1011/1923
f 977/1102/1820 976/1101/1819 915/1012/1925 826/1098/1926
s 163
f 982/1173/1927 953/1174/1928 955/1175/1929 985/1176/1930
f 983/1177/1931 953/1174/1928 982/1173/1927 984/1178/1932
f 955/1175/1929 986/1179/1933 987/1180/1934 985/1176/1930
f 984/1178/1932 987/1180/1934 986/1179/1933 983/1177/1931
s off
f 984/1178/1935 979/1036/1936 981/1035/1937 987/1180/1938
f 978/1037/1939 979/1036/1940 984/1178/1941 982/1173/1942
f 982/1173/1943 985/1176/1944 980/1034/1945 978/1037/1946
f 981/1035/1947 980/1034/1948 985/1176/1949 987/1180/1950
f 983/1177/1951 986/1179/1952 974/1171/1953 975/1172/1954
f 989/1181/1955 988/1182/1956 943/1183/1957 940/1184/1958
f 990/1185/1959 989/1181/1960 940/1184/1961 941/1186/1962
f 991/1187/1963 990/1188/1964 941/1189/1965 942/1190/1966
f 988/1182/1967 991/1187/1968 942/1190/1969 943/1183/1970
f 1001/1191/1971 1000/1192/1972 948/1193/1973 950/1194/1974
f 1002/1195/1975 1001/1191/1976 950/1194/1977 951/1196/1978
f 1003/1197/1979 1002/1195/1980 951/1196/1981 949/1198/1982
f 1000/1192/1983 1003/1199/1984 949/1200/1985 948/1193/1986
s 164
f 991/1187/1987 988/1182/1988 997/1140/1989 996/1139/1990
f 990/1188/1991 991/1187/1987 996/1139/1990 998/1142/1992
f 989/1181/1993 990/1185/1991 998/1146/1992 999/1145/1994
f 988/1182/1988 989/1181/1993 999/1145/1994 997/1140/1989
s 165
f 993/1164/1995 992/1158/1996 1000/1192/1997 1001/1191/1998
f 994/1161/1999 993/1164/1995 1001/1191/1998 1002/1195/2000
f 995/1162/2001 994/1161/1999 1002/1195/2000 1003/1197/2002
f 992/1158/1996 995/1157/2001 1003/1199/2002 1000/1192/1997
s 131
f 927/990/1668 1006/983/1661 1005/1116/1837 831/1119/1840
f 836/989/1667 1007/984/1662 1006/983/1661 927/990/1668
f 836/989/1667 849/1022/1710 1008/1019/1707 1007/984/1662
f 903/970/1648 1009/941/1613 1008/1019/1707 849/1022/1710
f 832/969/1647 1010/942/1614 1009/941/1613 903/970/1648
s 152
f 892/973/2003 1012/1043/1736 1011/1042/1735 833/974/2004
s off
f 1065/1201/2005 1064/1202/2006 1066/1203/2007 1067/1204/2008
f 1069/1205/2009 1068/1206/2010 1070/1207/2011 1071/1208/2012
f 1072/1209/2013 1073/1210/2014 1074/1211/2015 1075/1212/2016
s 151
f 1004/1104/1822 1017/1039/1732 916/1100/2017 830/1099/2018
s 131
f 1020/944/1616 1019/943/1615 861/1067/2019 902/1066/2020
f 1021/1020/1708 1020/944/1616 902/1066/2020 862/1069/2021
f 1021/1020/1708 862/1069/2021 863/1068/2022 1022/985/1663
f 1023/986/1664 1022/985/1663 863/1068/2022 926/1070/2023
f 1024/1117/1838 1023/986/1664 926/1070/2023 864/1115/2024
s 151
f 865/1170/2025 917/1169/2026 1026/1040/1733 1025/1103/1821
f 1027/1041/1734 1026/1040/1733 917/1169/2026 866/1168/2027
s 152
f 867/1167/2028 893/1166/2029 1029/1044/1737 1028/1091/1804
f 1018/1045/1738 1029/1044/1737 893/1166/2029 860/1165/2030
s off
f 1013/1092/2031 1014/1213/2032 1015/1214/2033 1016/1038/2034
f 1016/1038/2035 1027/1041/2036 1028/1091/2037 1013/1092/2038
f 1027/1041/2039 866/1168/2040 867/1167/2041 1028/1091/2042
f 866/1168/2043 952/1089/2044 954/1088/2045 867/1167/2046
f 975/1172/2047 976/1101/2048 1030/1215/2049 983/1177/2050
s 166
f 976/1101/2051 916/1100/2052 1031/1216/2053 1030/1215/2054
f 916/1100/2052 1017/1039/2055 1032/1217/2056 1031/1216/2053
s off
f 1017/1039/2057 1016/1038/2058 1015/1214/2059 1032/1217/2060
s 167
f 892/973/2061 973/972/2062 1034/1218/2063 1033/1219/2064
s off
f 973/972/2065 974/1171/2066 986/1179/2067 1034/1218/2068
f 1013/1092/2069 1012/1043/2070 1035/1220/2071 1014/1213/2072
s 167
f 1012/1043/2073 892/973/2061 1033/1219/2064 1035/1220/2074
s 163
f 983/1177/1931 1030/1215/2075 1037/1221/2076 1036/1222/2077
f 1030/1215/2075 1031/1216/2078 1038/1223/2079 1037/1221/2076
f 1031/1216/2078 953/1174/1928 1039/1224/2080 1038/1223/2079
f 953/1174/1928 983/1177/1931 1036/1222/2077 1039/1224/2080
f 955/1175/1929 1033/1219/2081 1041/1225/2082 1040/1226/2083
f 1033/1219/2081 1034/1218/2084 1042/1227/2085 1041/1225/2082
f 1034/1218/2084 986/1179/1933 1043/1228/2086 1042/1227/2085
f 986/1179/1933 955/1175/1929 1040/1226/2083 1043/1228/2086
f 1014/1213/2087 1035/1220/2088 1044/1229/2089 1045/1230/2090
f 1035/1220/2088 1033/1219/2081 1046/1231/2091 1044/1229/2089
f 1033/1219/2081 955/1175/1929 1047/1232/2092 1046/1231/2091
f 955/1175/1929 1014/1213/2087 1045/1230/2090 1047/1232/2092
f 955/1175/1929 953/1174/1928 1048/1233/2093 1049/1234/2094
f 953/1174/1928 1015/1214/2095 1050/1235/2096 1048/1233/2093
f 1015/1214/2095 1014/1213/2087 1051/1236/2097 1050/1235/2096
f 1014/1213/2087 955/1175/1929 1049/1234/2094 1051/1236/2097
f 1031/1216/2078 1032/1217/2098 1053/1237/2099 1052/1238/2100
f 1032/1217/2098 1015/1214/2095 1054/1239/2101 1053/1237/2099
f 1015/1214/2095 953/1174/1928 1055/1240/2102 1054/1239/2101
f 953/1174/1928 1031/1216/2078 1052/1238/2100 1055/1240/2102
s off
f 1036/1222/2103 1037/1221/2104 1057/1014/2105 1056/1013/2106
f 1037/1221/2107 1038/1223/2108 1058/1015/2109 1057/1014/2110
f 1038/1223/2111 1039/1224/2112 1059/1016/2113 1058/1015/2114
f 1039/1224/2115 1036/1222/2116 1056/1013/2117 1059/1016/2118
f 1040/1226/2119 1041/1225/2120 1061/1094/2121 1060/1093/2122
f 1041/1225/2123 1042/1227/2124 1062/1095/2125 1061/1094/2126
f 1042/1227/2127 1043/1228/2128 1063/1096/2129 1062/1095/2130
f 1043/1228/2131 1040/1226/2132 1060/1093/2133 1063/1096/2134
f 1045/1230/2135 1044/1229/2136 1064/1202/2137 1065/1201/2138
f 1044/1229/2139 1046/1231/2140 1066/1203/2141 1064/1202/2142
f 1046/1231/2143 1047/1232/2144 1067/1204/2145 1066/1203/2146
f 1047/1232/2147 1045/1230/2148 1065/1201/2149 1067/1204/2150
f 1049/1234/2151 1048/1233/2152 1068/1206/2153 1069/1205/2154
f 1048/1233/2155 1050/1235/2156 1070/1207/2157 1068/1206/2158
f 1050/1235/2159 1051/1236/2160 1071/1208/2161 1070/1207/2162
f 1051/1236/2163 1049/1234/2164 1069/1205/2165 1071/1208/2166
f 1052/1238/2167 1053/1237/2168 1073/1210/2169 1072/1209/2170
f 1053/1237/2171 1054/1239/2172 1074/1211/2173 1073/1210/2174
f 1054/1239/2175 1055/1240/2176 1075/1212/2177 1074/1211/2178
f 1055/1240/2179 1052/1238/2180 1072/1209/2181 1075/1212/2182
s 172
f 1312/1241/2183 1313/1242/2184 1323/1243/2185 1324/1244/2186
s 173
f 1083/1245/2187 1084/1246/2188 1200/1247/2189 1201/1248/2190
s 174
f 1084/1249/2191 1087/1250/2192 1199/1251/2193 1200/1252/2194
s 175
f 1089/1253/2195 1090/1254/2196 1202/1255/2197 1203/1256/2198
s 176
f 1095/1257/2199 1093/1258/2200 1197/1259/2201 1198/1260/2202
s 173
f 1090/1254/2203 1083/1245/2187 1201/1248/2190 1202/1255/2204
s 177
f 1093/1258/2205 1079/1261/2206 1196/1262/2207 1197/1259/2208
s 174
f 1087/1250/2192 1095/1257/2209 1198/1260/2210 1199/1251/2193
s 178
f 1081/1263/2211 1098/1264/2212 1190/1265/2213 1191/1266/2214
s 172
f 1266/1267/2215 1267/1268/2216 1102/1269/2217 1195/1270/2218
s 180
f 1268/1271/2219 1269/1272/2220 1184/1273/2221 1103/1274/2222
s 181
f 1099/1275/2223 1077/1276/2224 1204/1277/2225 1205/1278/2226
s 178
f 1105/1279/2227 1104/1280/2228 1117/1281/2229 1118/1282/2230
s 172
f 1309/1283/2231 1310/1284/2232 1326/1285/2233 1327/1286/2234
f 1263/1287/2235 1264/1288/2236 1106/1289/2237 1119/1290/2238
s 177
f 1108/1291/2239 1107/1292/2240 1120/1293/2241 1121/1294/2242
s 176
f 1109/1295/2243 1108/1291/2244 1121/1294/2245 1122/1296/2246
s 174
f 1110/1297/2247 1109/1295/2248 1122/1296/2249 1123/1298/2250
f 1111/1299/2251 1110/1297/2247 1123/1298/2250 1124/1300/2252
s 173
f 1112/1301/2253 1111/1302/2254 1124/1303/2255 1125/1304/2256
f 1113/1305/2257 1112/1301/2253 1125/1304/2256 1126/1306/2258
s 175
f 1114/1307/2259 1113/1305/2260 1126/1306/2261 1127/1308/2262
s 190
f 1115/1309/2263 1114/1307/2264 1127/1308/2265 1128/1310/2266
s 181
f 1116/1311/2267 1115/1309/2268 1128/1310/2269 1129/1312/2270
s 192
f 1275/1313/2271 1276/1314/2272 1277/1315/2273 1278/1316/2274
s 178
f 1118/1282/2230 1117/1281/2229 1214/1317/2275 1215/1318/2276
s 172
f 1308/1319/2277 1309/1283/2231 1327/1286/2234 1328/1320/2278
f 1262/1321/2279 1263/1287/2235 1119/1290/2238 1219/1322/2280
s 177
f 1121/1294/2242 1120/1293/2241 1220/1323/2281 1221/1324/2282
s 176
f 1122/1296/2246 1121/1294/2245 1221/1324/2283 1222/1325/2284
s 174
f 1123/1298/2250 1122/1296/2249 1222/1325/2285 1223/1326/2286
f 1124/1300/2252 1123/1298/2250 1223/1326/2286 1224/1327/2287
s 173
f 1125/1304/2256 1124/1303/2255 1224/1328/2288 1225/1329/2289
f 1126/1306/2258 1125/1304/2256 1225/1329/2289 1226/1330/2290
s 175
f 1127/1308/2262 1126/1306/2261 1226/1330/2291 1227/1331/2292
s 190
f 1128/1310/2266 1127/1308/2265 1227/1331/2293 1206/1332/2294
s 181
f 1129/1312/2270 1128/1310/2269 1206/1332/2295 1207/1333/2296
s 180
f 1272/1334/2297 1273/1335/2298 1208/1336/2299 1130/1337/2300
s 178
f 1132/1338/2301 1131/1339/2302 1104/1280/2228 1105/1279/2227
s 172
f 1310/1284/2232 1311/1340/2303 1325/1341/2304 1326/1285/2233
f 1264/1288/2236 1265/1342/2305 1133/1343/2306 1106/1289/2237
s 177
f 1135/1344/2307 1134/1345/2308 1107/1292/2240 1108/1291/2239
s 176
f 1136/1346/2309 1135/1344/2310 1108/1291/2244 1109/1295/2243
s 174
f 1137/1347/2311 1136/1346/2312 1109/1295/2248 1110/1297/2247
f 1138/1348/2313 1137/1347/2311 1110/1297/2247 1111/1299/2251
s 173
f 1139/1349/2314 1138/1350/2315 1111/1302/2254 1112/1301/2253
f 1140/1351/2316 1139/1349/2314 1112/1301/2253 1113/1305/2257
s 175
f 1141/1352/2317 1140/1351/2318 1113/1305/2260 1114/1307/2259
s 190
f 1142/1353/2319 1141/1352/2320 1114/1307/2264 1115/1309/2263
s 181
f 1143/1354/2321 1142/1353/2322 1115/1309/2268 1116/1311/2267
s 192
f 1276/1314/2272 1279/1355/2323 1280/1356/2324 1277/1315/2273
s 194
f 1320/1357/2325 1321/1358/2326 1331/1359/2327 1332/1360/2328
s 195
f 1333/1361/2329 1334/1362/2330 1318/1363/2331 1319/1364/2332
s 196
f 1334/1362/2333 1335/1365/2334 1317/1366/2335 1318/1363/2336
s 197
f 1314/1367/2337 1315/1368/2338 1337/1369/2339 1322/1370/2340
s 198
f 1192/1371/2341 1193/1372/2342 1154/1373/2343 1156/1374/2344
f 1158/1375/2345 1155/1376/2346 1157/1377/2347 1159/1378/2348
f 1160/1379/2349 1158/1375/2345 1159/1378/2348 1161/1380/2350
f 1216/1381/2351 1217/1382/2352 1160/1379/2349 1161/1380/2350
s 199
f 1211/1383/2353 1212/1384/2354 1165/1385/2355 1166/1386/2356
s off
f 1165/1385/2357 1168/1387/2358 1169/1388/2359 1166/1386/2360
f 1168/1387/2361 1170/1389/2362 1171/1390/2363 1169/1388/2364
s 200
f 1187/1391/2365 1188/1392/2366 1172/1393/2367 1173/1394/2368
s 201
f 1193/1372/2369 1194/1395/2370 1146/1396/2371 1154/1373/2372
s 178
f 1081/1263/2211 1191/1266/2214 1192/1371/2373 1156/1374/2374
s 201
f 1148/1397/2375 1147/1398/2376 1155/1376/2377 1158/1375/2378
s 178
f 1132/1338/2301 1105/1279/2227 1159/1378/2379 1157/1377/2380
s 201
f 1149/1399/2381 1148/1397/2375 1158/1375/2378 1160/1379/2382
s 178
f 1105/1279/2227 1118/1282/2230 1161/1380/2383 1159/1378/2379
s 201
f 1217/1382/2384 1218/1400/2385 1149/1399/2381 1160/1379/2382
s 178
f 1118/1282/2230 1215/1318/2276 1216/1381/2386 1161/1380/2383
f 1212/1384/2387 1213/1401/2388 1175/1402/2389 1165/1385/2390
s 203
f 1182/1403/2391 1210/1404/2392 1211/1383/2393 1166/1386/2394
s 178
f 1175/1402/2389 1176/1405/2395 1168/1387/2396 1165/1385/2390
s 203
f 1181/1406/2397 1182/1403/2391 1166/1386/2394 1169/1388/2398
s 178
f 1176/1405/2395 1177/1407/2399 1170/1389/2400 1168/1387/2396
s 203
f 1180/1408/2401 1181/1406/2397 1169/1388/2398 1171/1390/2402
s 178
f 1188/1392/2403 1189/1409/2404 1178/1410/2405 1172/1393/2406
f 1213/1401/2388 1251/1411/2407 1252/1412/2408 1175/1402/2389
f 1252/1412/2408 1253/1413/2409 1176/1405/2395 1175/1402/2389
f 1253/1413/2409 1254/1414/2410 1177/1407/2399 1176/1405/2395
f 1189/1409/2404 1255/1415/2411 1256/1416/2412 1178/1410/2405
s 203
f 1257/1417/2413 1258/1418/2414 1186/1419/2415 1179/1420/2416
f 1248/1421/2417 1245/1422/2418 1181/1406/2397 1180/1408/2401
f 1245/1422/2418 1244/1423/2419 1182/1403/2391 1181/1406/2397
f 1244/1423/2419 1259/1424/2420 1210/1404/2392 1182/1403/2391
s 197
f 1336/1425/2421 1337/1369/2339 1315/1368/2338 1316/1426/2422
s 203
f 1186/1419/2415 1258/1418/2414 1248/1421/2417 1180/1408/2401
f 1187/1391/2423 1186/1419/2415 1180/1408/2401 1171/1390/2402
s 200
f 1170/1389/2424 1188/1392/2366 1187/1391/2365 1171/1390/2425
s 178
f 1177/1407/2399 1189/1409/2404 1188/1392/2403 1170/1389/2400
f 1254/1414/2410 1255/1415/2411 1189/1409/2404 1177/1407/2399
f 1191/1266/2214 1190/1265/2213 1131/1339/2302 1132/1338/2301
f 1192/1371/2373 1191/1266/2214 1132/1338/2301 1157/1377/2380
s 198
f 1155/1376/2346 1193/1372/2342 1192/1371/2341 1157/1377/2347
s 201
f 1147/1398/2376 1194/1395/2370 1193/1372/2369 1155/1376/2377
s 172
f 1311/1340/2303 1312/1241/2183 1324/1244/2186 1325/1341/2304
f 1265/1342/2305 1266/1267/2215 1195/1270/2218 1133/1343/2306
s 177
f 1197/1259/2208 1196/1262/2207 1134/1345/2308 1135/1344/2307
s 176
f 1198/1260/2202 1197/1259/2201 1135/1344/2310 1136/1346/2309
s 174
f 1199/1251/2193 1198/1260/2210 1136/1346/2312 1137/1347/2311
f 1200/1252/2194 1199/1251/2193 1137/1347/2311 1138/1348/2313
s 173
f 1201/1248/2190 1200/1247/2189 1138/1350/2315 1139/1349/2314
f 1202/1255/2204 1201/1248/2190 1139/1349/2314 1140/1351/2316
s 175
f 1203/1256/2198 1202/1255/2197 1140/1351/2318 1141/1352/2317
s 190
f 1204/1277/2426 1203/1256/2427 1141/1352/2320 1142/1353/2319
s 181
f 1205/1278/2226 1204/1277/2225 1142/1353/2322 1143/1354/2321
s 180
f 1144/1427/2428 1184/1273/2221 1269/1272/2220 1270/1428/2429
s 181
f 1207/1333/2296 1206/1332/2295 1076/1429/2430 1096/1430/2431
s 180
f 1100/1431/2432 1208/1336/2299 1273/1335/2298 1274/1432/2433
s 194
f 1330/1433/2434 1331/1359/2327 1321/1358/2326 1306/1434/2435
s 203
f 1210/1404/2392 1259/1424/2420 1260/1435/2436 1183/1436/2437
s 199
f 1164/1437/2438 1212/1384/2354 1211/1383/2353 1167/1438/2439
s 178
f 1174/1439/2440 1213/1401/2388 1212/1384/2387 1164/1437/2441
f 1250/1440/2442 1251/1411/2407 1213/1401/2388 1174/1439/2440
f 1215/1318/2276 1214/1317/2275 1097/1441/2443 1080/1442/2444
f 1216/1381/2386 1215/1318/2276 1080/1442/2444 1163/1443/2445
s 198
f 1162/1444/2446 1217/1382/2352 1216/1381/2351 1163/1443/2447
s 201
f 1150/1445/2448 1218/1400/2385 1217/1382/2384 1162/1444/2449
s 172
f 1307/1446/2450 1308/1319/2277 1328/1320/2278 1329/1447/2451
f 1261/1448/2452 1262/1321/2279 1219/1322/2280 1101/1449/2453
s 177
f 1221/1324/2282 1220/1323/2281 1078/1450/2454 1092/1451/2455
s 176
f 1222/1325/2284 1221/1324/2283 1092/1451/2456 1094/1452/2457
s 174
f 1223/1326/2286 1222/1325/2285 1094/1452/2458 1086/1453/2459
f 1224/1327/2287 1223/1326/2286 1086/1453/2459 1085/1454/2460
s 173
f 1225/1329/2289 1224/1328/2288 1085/1455/2461 1082/1456/2462
f 1226/1330/2290 1225/1329/2289 1082/1456/2462 1091/1457/2463
s 175
f 1227/1331/2292 1226/1330/2291 1091/1457/2464 1088/1458/2465
s 190
f 1077/1276/2466 1089/1253/2467 1229/1459/2468 1228/1460/2469
f 1089/1253/2467 1203/1256/2427 1230/1461/2470 1229/1459/2468
f 1203/1256/2427 1204/1277/2426 1231/1462/2471 1230/1461/2470
f 1204/1277/2426 1077/1276/2466 1228/1460/2469 1231/1463/2471
s 203
f 1179/1420/2416 1186/1419/2415 1233/1464/2472 1232/1465/2473
f 1186/1419/2415 1187/1391/2423 1234/1466/2474 1233/1467/2472
f 1187/1391/2423 1173/1394/2475 1235/1468/2476 1234/1466/2474
f 1173/1394/2475 1179/1420/2416 1232/1465/2473 1235/1468/2476
s off
f 1229/1469/2477 1230/1470/2478 1298/1471/2479 1299/1472/2480
f 1230/1470/2481 1231/1473/2482 1300/1474/2483 1298/1471/2484
f 1231/1475/2485 1228/1476/2486 1301/1477/2487 1300/1478/2488
f 1228/1476/2489 1229/1469/2490 1299/1472/2491 1301/1477/2492
s 203
f 1211/1383/2393 1210/1404/2392 1236/1479/2493 1237/1480/2494
f 1210/1404/2392 1183/1436/2437 1238/1481/2495 1236/1482/2493
f 1183/1436/2437 1167/1438/2496 1239/1483/2497 1238/1481/2495
f 1167/1438/2496 1211/1383/2393 1237/1480/2494 1239/1483/2497
s 190
f 1206/1332/2294 1227/1331/2293 1240/1484/2498 1241/1485/2499
f 1227/1331/2293 1088/1458/2500 1242/1486/2501 1240/1484/2498
f 1088/1458/2500 1076/1429/2502 1243/1487/2503 1242/1486/2501
f 1076/1429/2502 1206/1332/2294 1241/1488/2499 1243/1487/2503
s off
f 1237/1489/2504 1236/1490/2505 1297/1491/2506 1294/1492/2507
f 1236/1493/2508 1238/1494/2509 1296/1495/2510 1297/1496/2511
f 1238/1494/2512 1239/1497/2513 1295/1498/2514 1296/1495/2515
f 1239/1497/2516 1237/1489/2517 1294/1492/2518 1295/1498/2519
s 206
f 1319/1364/2520 1320/1357/2521 1332/1360/2522 1333/1361/2523
s 207
f 1335/1365/2524 1336/1425/2525 1316/1426/2526 1317/1366/2527
s 178
f 1097/1441/2443 1214/1317/2275 1251/1411/2407 1250/1440/2442
f 1252/1412/2408 1251/1411/2407 1214/1317/2275 1117/1281/2229
f 1117/1281/2229 1104/1280/2228 1253/1413/2409 1252/1412/2408
f 1104/1280/2228 1131/1339/2302 1254/1414/2410 1253/1413/2409
f 1131/1339/2302 1190/1265/2213 1255/1415/2411 1254/1414/2410
f 1256/1416/2412 1255/1415/2411 1190/1265/2213 1098/1264/2212
s 203
f 1145/1499/2528 1185/1500/2529 1258/1418/2414 1257/1417/2413
f 1248/1421/2417 1258/1418/2414 1185/1500/2529 1153/1501/2530
f 1152/1502/2531 1209/1503/2532 1259/1424/2420 1244/1423/2419
f 1260/1435/2436 1259/1424/2420 1209/1503/2532 1151/1504/2533
s 172
f 1220/1323/2534 1262/1321/2279 1261/1448/2452 1078/1450/2535
f 1120/1293/2536 1263/1287/2235 1262/1321/2279 1220/1323/2534
f 1107/1292/2537 1264/1288/2236 1263/1287/2235 1120/1293/2536
f 1134/1345/2538 1265/1342/2305 1264/1288/2236 1107/1292/2537
f 1196/1262/2539 1266/1267/2215 1265/1342/2305 1134/1345/2538
f 1079/1261/2540 1267/1268/2216 1266/1267/2215 1196/1262/2539
s 180
f 1205/1278/2541 1269/1272/2220 1268/1271/2219 1099/1275/2542
f 1270/1428/2429 1269/1272/2220 1205/1278/2541 1143/1354/2543
f 1271/1505/2544 1270/1428/2429 1143/1354/2543 1116/1311/2545
f 1272/1334/2297 1271/1505/2544 1116/1311/2545 1129/1312/2546
f 1207/1333/2547 1273/1335/2298 1272/1334/2297 1129/1312/2546
f 1274/1432/2433 1273/1335/2298 1207/1333/2547 1096/1430/2548
s 208
f 1247/1506/2549 1246/1507/2550 1281/1508/2551 1282/1509/2552
f 1283/1510/2553 1284/1511/2554 1285/1512/2555 1286/1513/2556
f 1284/1511/2554 1247/1506/2549 1282/1509/2552 1285/1512/2555
f 1246/1507/2550 1249/1514/2557 1287/1515/2558 1281/1508/2551
f 1249/1514/2557 1288/1516/2559 1289/1517/2560 1287/1515/2558
f 1288/1516/2559 1283/1510/2553 1286/1513/2556 1289/1517/2560
s 209
f 1276/1314/2561 1275/1313/2562 1282/1509/2563 1281/1508/2564
s 210
f 1271/1505/2565 1272/1334/2566 1284/1511/2567 1283/1510/2568
s 211
f 1278/1316/2569 1277/1315/2570 1286/1513/2571 1285/1512/2572
s off
f 1272/1334/2573 1130/1337/2574 1247/1506/2575 1284/1511/2576
f 1275/1313/2577 1278/1316/2578 1285/1512/2579 1282/1509/2580
s 209
f 1279/1355/2581 1276/1314/2561 1281/1508/2564 1287/1515/2582
s off
f 1144/1427/2583 1270/1428/2584 1288/1516/2585 1249/1514/2586
f 1280/1356/2587 1279/1355/2588 1287/1515/2589 1289/1517/2590
s 210
f 1270/1428/2591 1271/1505/2565 1283/1510/2568 1288/1516/2592
s 211
f 1277/1315/2570 1280/1356/2593 1289/1517/2594 1286/1513/2571
s off
f 1291/1518/2595 1290/1519/2596 1235/1520/2597 1232/1521/2598
f 1292/1522/2599 1291/1518/2600 1232/1521/2601 1233/1523/2602
f 1293/1524/2603 1292/1525/2604 1233/1526/2605 1234/1527/2606
f 1290/1519/2607 1293/1524/2608 1234/1527/2609 1235/1520/2610
f 1303/1528/2611 1302/1529/2612 1240/1530/2613 1242/1531/2614
f 1304/1532/2615 1303/1528/2616 1242/1531/2617 1243/1533/2618
f 1305/1534/2619 1304/1532/2620 1243/1533/2621 1241/1535/2622
f 1302/1529/2623 1305/1536/2624 1241/1537/2625 1240/1530/2626
s 212
f 1293/1524/2627 1290/1519/2628 1299/1472/2629 1298/1471/2630
f 1292/1525/2631 1293/1524/2627 1298/1471/2630 1300/1474/2632
f 1291/1518/2633 1292/1522/2631 1300/1478/2632 1301/1477/2634
f 1290/1519/2628 1291/1518/2633 1301/1477/2634 1299/1472/2629
s 213
f 1295/1498/2635 1294/1492/2636 1302/1529/2637 1303/1528/2638
f 1296/1495/2639 1295/1498/2635 1303/1528/2638 1304/1532/2640
f 1297/1496/2641 1296/1495/2639 1304/1532/2640 1305/1534/2642
f 1294/1492/2636 1297/1491/2641 1305/1536/2642 1302/1529/2637
s 172
f 1219/1322/2280 1308/1319/2277 1307/1446/2450 1101/1449/2453
f 1119/1290/2238 1309/1283/2231 1308/1319/2277 1219/1322/2280
f 1106/1289/2237 1310/1284/2232 1309/1283/2231 1119/1290/2238
f 1133/1343/2306 1311/1340/2303 1310/1284/2232 1106/1289/2237
f 1195/1270/2218 1312/1241/2183 1311/1340/2303 1133/1343/2306
f 1102/1269/2217 1313/1242/2184 1312/1241/2183 1195/1270/2218
s 197
f 1184/1273/2643 1315/1368/2338 1314/1367/2337 1103/1274/2644
f 1316/1426/2422 1315/1368/2338 1184/1273/2643 1144/1427/2645
s 207
f 1317/1366/2527 1316/1426/2526 1144/1427/2646 1249/1514/2647
s 196
f 1318/1363/2336 1317/1366/2335 1249/1514/2648 1246/1507/2649
s 195
f 1319/1364/2332 1318/1363/2331 1246/1507/2650 1247/1506/2651
s 206
f 1130/1337/2652 1320/1357/2521 1319/1364/2520 1247/1506/2653
s 194
f 1208/1336/2654 1321/1358/2326 1320/1357/2325 1130/1337/2655
f 1306/1434/2435 1321/1358/2326 1208/1336/2654 1100/1431/2656
s 172
f 1324/1244/2186 1323/1243/2185 1146/1396/2657 1194/1395/2658
f 1325/1341/2304 1324/1244/2186 1194/1395/2658 1147/1398/2659
f 1326/1285/2233 1325/1341/2304 1147/1398/2659 1148/1397/2660
f 1327/1286/2234 1326/1285/2233 1148/1397/2660 1149/1399/2661
f 1328/1320/2278 1327/1286/2234 1149/1399/2661 1218/1400/2662
f 1329/1447/2451 1328/1320/2278 1218/1400/2662 1150/1445/2663
s 194
f 1151/1504/2664 1209/1503/2665 1331/1359/2327 1330/1433/2434
f 1332/1360/2328 1331/1359/2327 1209/1503/2665 1152/1502/2666
s 206
f 1333/1361/2523 1332/1360/2522 1152/1502/2667 1244/1423/2668
s 195
f 1244/1423/2669 1245/1422/2670 1334/1362/2330 1333/1361/2329
s 196
f 1245/1422/2671 1248/1421/2672 1335/1365/2334 1334/1362/2333
s 207
f 1153/1501/2673 1336/1425/2525 1335/1365/2524 1248/1421/2674
s 197
f 1153/1501/2675 1185/1500/2676 1337/1369/2339 1336/1425/2421
f 1322/1370/2340 1337/1369/2339 1185/1500/2676 1145/1499/2677
s 214
f 1541/1538/2678 1542/1539/2679 1551/1540/2680 1552/1541/2681
s 215
f 1345/1542/2682 1346/1543/2683 1440/1544/2684 1441/1545/2685
s 216
f 1346/1546/2686 1349/1547/2687 1439/1548/2688 1440/1549/2689
s 217
f 1351/1550/2690 1352/1551/2691 1442/1552/2692 1443/1553/2693
s 218
f 1357/1554/2694 1355/1555/2695 1437/1556/2696 1438/1557/2697
s 215
f 1352/1551/2698 1345/1542/2682 1441/1545/2685 1442/1552/2699
s 219
f 1355/1555/2700 1341/1558/2701 1436/1559/2702 1437/1556/2703
s 216
f 1349/1547/2687 1357/1554/2704 1438/1557/2705 1439/1548/2688
s 220
f 1343/1560/2706 1360/1561/2707 1430/1562/2708 1431/1563/2709
s 214
f 1502/1564/2710 1503/1565/2711 1364/1566/2712 1435/1567/2713
s 222
f 1504/1568/2714 1505/1569/2715 1424/1570/2716 1365/1571/2717
s 223
f 1361/1572/2718 1339/1573/2719 1444/1574/2720 1445/1575/2721
s 220
f 1367/1576/2722 1366/1577/2723 1454/1578/2724 1455/1579/2725
s 214
f 1538/1580/2726 1539/1581/2727 1554/1582/2728 1555/1583/2729
f 1499/1584/2730 1500/1585/2731 1368/1586/2732 1459/1587/2733
s 219
f 1370/1588/2734 1369/1589/2735 1460/1590/2736 1461/1591/2737
s 218
f 1371/1592/2738 1370/1588/2739 1461/1591/2740 1462/1593/2741
s 216
f 1372/1594/2742 1371/1592/2743 1462/1593/2744 1463/1595/2745
f 1373/1596/2746 1372/1594/2742 1463/1595/2745 1464/1597/2747
s 215
f 1374/1598/2748 1373/1599/2749 1464/1600/2750 1465/1601/2751
f 1375/1602/2752 1374/1598/2748 1465/1601/2751 1466/1603/2753
s 217
f 1376/1604/2754 1375/1602/2755 1466/1603/2756 1467/1605/2757
s 232
f 1377/1606/2758 1376/1604/2759 1467/1605/2760 1446/1607/2761
s 223
f 1378/1608/2762 1377/1606/2763 1446/1607/2764 1447/1609/2765
s off
f 1588/1610/2766 1589/1611/2767 1590/1612/2768 1591/1613/2769
s 220
f 1380/1614/2770 1379/1615/2771 1366/1577/2723 1367/1576/2722
s 214
f 1539/1581/2727 1540/1616/2772 1553/1617/2773 1554/1582/2728
f 1500/1585/2731 1501/1618/2774 1381/1619/2775 1368/1586/2732
s 219
f 1383/1620/2776 1382/1621/2777 1369/1589/2735 1370/1588/2734
s 218
f 1384/1622/2778 1383/1620/2779 1370/1588/2739 1371/1592/2738
s 216
f 1385/1623/2780 1384/1622/2781 1371/1592/2743 1372/1594/2742
f 1386/1624/2782 1385/1623/2780 1372/1594/2742 1373/1596/2746
s 215
f 1387/1625/2783 1386/1626/2784 1373/1599/2749 1374/1598/2748
f 1388/1627/2785 1387/1625/2783 1374/1598/2748 1375/1602/2752
s 217
f 1389/1628/2786 1388/1627/2787 1375/1602/2755 1376/1604/2754
s 232
f 1390/1629/2788 1389/1628/2789 1376/1604/2759 1377/1606/2758
s 223
f 1391/1630/2790 1390/1629/2791 1377/1606/2763 1378/1608/2762
s off
f 1512/1631/2792 1513/1632/2793 1511/1633/2794 1510/1634/2795
s 234
f 1548/1635/2796 1549/1636/2797 1558/1637/2798 1559/1638/2799
s 235
f 1543/1639/2800 1544/1640/2801 1561/1641/2802 1550/1642/2803
s 236
f 1432/1643/2804 1433/1644/2805 1400/1645/2806 1402/1646/2807
f 1401/1647/2808 1403/1648/2809 1405/1649/2810 1404/1650/2811
f 1456/1651/2812 1457/1652/2813 1404/1650/2811 1405/1649/2810
s 237
f 1451/1653/2814 1452/1654/2815 1409/1655/2816 1410/1656/2817
s off
f 1410/1656/2818 1409/1655/2819 1412/1657/2820 1413/1658/2821
s 238
f 1427/1659/2822 1428/1660/2823 1414/1661/2824 1415/1662/2825
s 239
f 1433/1644/2826 1434/1663/2827 1393/1664/2828 1400/1645/2829
s 220
f 1343/1560/2706 1431/1563/2709 1432/1643/2830 1402/1646/2831
f 1403/1648/2832 1380/1614/2770 1367/1576/2722 1405/1649/2833
s 239
f 1401/1647/2834 1404/1650/2835 1395/1665/2836 1394/1666/2837
f 1457/1652/2838 1458/1667/2839 1395/1665/2836 1404/1650/2835
s 220
f 1367/1576/2722 1455/1579/2725 1456/1651/2840 1405/1649/2833
f 1452/1654/2841 1453/1668/2842 1417/1669/2843 1409/1655/2844
s 242
f 1422/1670/2845 1450/1671/2846 1451/1653/2847 1410/1656/2848
s 220
f 1412/1657/2849 1409/1655/2844 1417/1669/2843 1418/1672/2850
s 242
f 1410/1656/2848 1413/1658/2851 1421/1673/2852 1422/1670/2845
s 220
f 1428/1660/2853 1429/1674/2854 1419/1675/2855 1414/1661/2856
f 1453/1668/2842 1489/1676/2857 1490/1677/2858 1417/1669/2843
f 1418/1672/2850 1417/1669/2843 1490/1677/2858 1491/1678/2859
f 1429/1674/2854 1492/1679/2860 1493/1680/2861 1419/1675/2855
s 242
f 1494/1681/2862 1495/1682/2863 1426/1683/2864 1420/1684/2865
f 1422/1670/2845 1421/1673/2852 1486/1685/2866 1484/1686/2867
f 1484/1686/2867 1496/1687/2868 1450/1671/2846 1422/1670/2845
s 235
f 1560/1688/2869 1561/1641/2802 1544/1640/2801 1545/1689/2870
s 242
f 1426/1683/2864 1495/1682/2863 1486/1685/2866 1421/1673/2852
f 1427/1659/2871 1426/1683/2864 1421/1673/2852 1413/1658/2851
s 238
f 1412/1657/2872 1428/1660/2823 1427/1659/2822 1413/1658/2873
s 220
f 1418/1672/2850 1429/1674/2854 1428/1660/2853 1412/1657/2849
f 1491/1678/2859 1492/1679/2860 1429/1674/2854 1418/1672/2850
f 1431/1563/2709 1430/1562/2708 1379/1615/2771 1380/1614/2770
f 1432/1643/2830 1431/1563/2709 1380/1614/2770 1403/1648/2832
s 236
f 1401/1647/2808 1433/1644/2805 1432/1643/2804 1403/1648/2809
s 239
f 1394/1666/2837 1434/1663/2827 1433/1644/2826 1401/1647/2834
s 214
f 1540/1616/2772 1541/1538/2678 1552/1541/2681 1553/1617/2773
f 1501/1618/2774 1502/1564/2710 1435/1567/2713 1381/1619/2775
s 219
f 1437/1556/2703 1436/1559/2702 1382/1621/2777 1383/1620/2776
s 218
f 1438/1557/2697 1437/1556/2696 1383/1620/2779 1384/1622/2778
s 216
f 1439/1548/2688 1438/1557/2705 1384/1622/2781 1385/1623/2780
f 1440/1549/2689 1439/1548/2688 1385/1623/2780 1386/1624/2782
s 215
f 1441/1545/2685 1440/1544/2684 1386/1626/2784 1387/1625/2783
f 1442/1552/2699 1441/1545/2685 1387/1625/2783 1388/1627/2785
s 217
f 1443/1553/2693 1442/1552/2692 1388/1627/2787 1389/1628/2786
s 232
f 1444/1574/2874 1443/1553/2875 1389/1628/2789 1390/1629/2788
s 223
f 1445/1575/2721 1444/1574/2720 1390/1629/2791 1391/1630/2790
s off
f 1592/1690/2876 1593/1691/2877 1594/1692/2878 1595/1693/2879
s 223
f 1447/1609/2765 1446/1607/2764 1338/1694/2880 1358/1695/2881
s 222
f 1362/1696/2882 1448/1697/2883 1508/1698/2884 1509/1699/2885
s 234
f 1557/1700/2886 1558/1637/2798 1549/1636/2797 1536/1701/2887
s 242
f 1450/1671/2846 1496/1687/2868 1497/1702/2888 1423/1703/2889
s 237
f 1408/1704/2890 1452/1654/2815 1451/1653/2814 1411/1705/2891
s 220
f 1416/1706/2892 1453/1668/2842 1452/1654/2841 1408/1704/2893
f 1488/1707/2894 1489/1676/2857 1453/1668/2842 1416/1706/2892
f 1455/1579/2725 1454/1578/2724 1359/1708/2895 1342/1709/2896
f 1456/1651/2840 1455/1579/2725 1342/1709/2896 1407/1710/2897
s 236
f 1406/1711/2898 1457/1652/2813 1456/1651/2812 1407/1710/2899
s 239
f 1396/1712/2900 1458/1667/2839 1457/1652/2838 1406/1711/2901
s 214
f 1537/1713/2902 1538/1580/2726 1555/1583/2729 1556/1714/2903
f 1498/1715/2904 1499/1584/2730 1459/1587/2733 1363/1716/2905
s 219
f 1461/1591/2737 1460/1590/2736 1340/1717/2906 1354/1718/2907
s 218
f 1462/1593/2741 1461/1591/2740 1354/1718/2908 1356/1719/2909
s 216
f 1463/1595/2745 1462/1593/2744 1356/1719/2910 1348/1720/2911
f 1464/1597/2747 1463/1595/2745 1348/1720/2911 1347/1721/2912
s 215
f 1465/1601/2751 1464/1600/2750 1347/1722/2913 1344/1723/2914
f 1466/1603/2753 1465/1601/2751 1344/1723/2914 1353/1724/2915
s 217
f 1467/1605/2757 1466/1603/2756 1353/1724/2916 1350/1725/2917
s 232
f 1339/1573/2918 1351/1550/2919 1469/1726/2920 1468/1727/2921
f 1351/1550/2919 1443/1553/2875 1470/1728/2922 1469/1726/2920
f 1443/1553/2875 1444/1574/2874 1471/1729/2923 1470/1728/2922
f 1444/1574/2874 1339/1573/2918 1468/1727/2921 1471/1729/2923
s 242
f 1420/1684/2865 1426/1683/2864 1473/1730/2924 1472/1731/2925
f 1426/1683/2864 1427/1659/2871 1474/1732/2926 1473/1730/2924
f 1427/1659/2871 1415/1662/2927 1475/1733/2928 1474/1732/2926
f 1415/1662/2927 1420/1684/2865 1472/1731/2925 1475/1733/2928
s off
f 1469/1734/2929 1470/1735/2930 1528/1736/2931 1529/1737/2932
f 1470/1735/2933 1471/1738/2934 1530/1739/2935 1528/1736/2936
f 1471/1740/2937 1468/1741/2938 1531/1742/2939 1530/1743/2940
f 1468/1741/2941 1469/1734/2942 1529/1737/2943 1531/1742/2944
s 242
f 1451/1653/2847 1450/1671/2846 1476/1744/2945 1477/1745/2946
f 1450/1671/2846 1423/1703/2889 1478/1746/2947 1476/1744/2945
f 1423/1703/2889 1411/1705/2948 1479/1747/2949 1478/1746/2947
f 1411/1705/2948 1451/1653/2847 1477/1745/2946 1479/1747/2949
s 232
f 1446/1607/2761 1467/1605/2760 1480/1748/2950 1481/1749/2951
f 1467/1605/2760 1350/1725/2952 1482/1750/2953 1480/1748/2950
f 1350/1725/2952 1338/1694/2954 1483/1751/2955 1482/1750/2953
f 1338/1694/2954 1446/1607/2761 1481/1749/2951 1483/1751/2955
s off
f 1477/1752/2956 1476/1753/2957 1527/1754/2958 1524/1755/2959
f 1476/1756/2960 1478/1757/2961 1526/1758/2962 1527/1759/2963
f 1478/1757/2964 1479/1760/2965 1525/1761/2966 1526/1758/2967
f 1479/1760/2968 1477/1752/2969 1524/1755/2970 1525/1761/2971
s 220
f 1359/1708/2895 1454/1578/2724 1489/1676/2857 1488/1707/2894
f 1490/1677/2858 1489/1676/2857 1454/1578/2724 1366/1577/2723
f 1490/1677/2858 1366/1577/2723 1379/1615/2771 1491/1678/2859
f 1379/1615/2771 1430/1562/2708 1492/1679/2860 1491/1678/2859
f 1493/1680/2861 1492/1679/2860 1430/1562/2708 1360/1561/2707
s 242
f 1392/1762/2972 1425/1763/2973 1495/1682/2863 1494/1681/2862
f 1486/1685/2866 1495/1682/2863 1425/1763/2973 1399/1764/2974
f 1398/1765/2975 1449/1766/2976 1496/1687/2868 1484/1686/2867
f 1497/1702/2888 1496/1687/2868 1449/1766/2976 1397/1767/2977
s 214
f 1460/1590/2978 1499/1584/2730 1498/1715/2904 1340/1717/2979
f 1369/1589/2980 1500/1585/2731 1499/1584/2730 1460/1590/2978
f 1369/1589/2980 1382/1621/2981 1501/1618/2774 1500/1585/2731
f 1436/1559/2982 1502/1564/2710 1501/1618/2774 1382/1621/2981
f 1341/1558/2983 1503/1565/2711 1502/1564/2710 1436/1559/2982
s 222
f 1445/1575/2984 1505/1569/2715 1504/1568/2714 1361/1572/2985
f 1506/1768/2986 1505/1569/2715 1445/1575/2984 1391/1630/2987
f 1506/1768/2986 1391/1630/2987 1378/1608/2988 1507/1769/2989
f 1447/1609/2990 1508/1698/2884 1507/1769/2989 1378/1608/2988
f 1509/1699/2885 1508/1698/2884 1447/1609/2990 1358/1695/2991
s 246
f 1514/1770/2992 1485/1771/2993 1487/1772/2994 1517/1773/2995
f 1515/1774/2996 1485/1771/2993 1514/1770/2992 1516/1775/2997
f 1487/1772/2994 1518/1776/2998 1519/1777/2999 1517/1773/2995
f 1516/1775/2997 1519/1777/2999 1518/1776/2998 1515/1774/2996
s off
f 1516/1775/3000 1511/1633/3001 1513/1632/3002 1519/1777/3003
f 1510/1634/3004 1511/1633/3005 1516/1775/3006 1514/1770/3007
f 1514/1770/3008 1517/1773/3009 1512/1631/3010 1510/1634/3011
f 1513/1632/3012 1512/1631/3013 1517/1773/3014 1519/1777/3015
f 1515/1774/3016 1518/1776/3017 1506/1768/3018 1507/1769/3019
f 1521/1778/3020 1520/1779/3021 1475/1780/3022 1472/1781/3023
f 1522/1782/3024 1521/1778/3025 1472/1781/3026 1473/1783/3027
f 1523/1784/3028 1522/1785/3029 1473/1786/3030 1474/1787/3031
f 1520/1779/3032 1523/1784/3033 1474/1787/3034 1475/1780/3035
f 1533/1788/3036 1532/1789/3037 1480/1790/3038 1482/1791/3039
f 1534/1792/3040 1533/1788/3041 1482/1791/3042 1483/1793/3043
f 1535/1794/3044 1534/1792/3045 1483/1793/3046 1481/1795/3047
f 1532/1789/3048 1535/1796/3049 1481/1797/3050 1480/1790/3051
s 247
f 1523/1784/3052 1520/1779/3053 1529/1737/3054 1528/1736/3055
f 1522/1785/3056 1523/1784/3052 1528/1736/3055 1530/1739/3057
f 1521/1778/3058 1522/1782/3056 1530/1743/3057 1531/1742/3059
f 1520/1779/3053 1521/1778/3058 1531/1742/3059 1529/1737/3054
s 248
f 1525/1761/3060 1524/1755/3061 1532/1789/3062 1533/1788/3063
f 1526/1758/3064 1525/1761/3060 1533/1788/3063 1534/1792/3065
f 1527/1759/3066 1526/1758/3064 1534/1792/3065 1535/1794/3067
f 1524/1755/3061 1527/1754/3066 1535/1796/3067 1532/1789/3062
s 214
f 1459/1587/2733 1538/1580/2726 1537/1713/2902 1363/1716/2905
f 1368/1586/2732 1539/1581/2727 1538/1580/2726 1459/1587/2733
f 1368/1586/2732 1381/1619/2775 1540/1616/2772 1539/1581/2727
f 1435/1567/2713 1541/1538/2678 1540/1616/2772 1381/1619/2775
f 1364/1566/2712 1542/1539/2679 1541/1538/2678 1435/1567/2713
s 235
f 1424/1570/3068 1544/1640/2801 1543/1639/2800 1365/1571/3069
s off
f 1597/1798/3070 1596/1799/3071 1598/1800/3072 1599/1801/3073
f 1601/1802/3074 1600/1803/3075 1602/1804/3076 1603/1805/3077
f 1604/1806/3078 1605/1807/3079 1606/1808/3080 1607/1809/3081
s 234
f 1536/1701/2887 1549/1636/2797 1448/1697/3082 1362/1696/3083
s 214
f 1552/1541/2681 1551/1540/2680 1393/1664/3084 1434/1663/3085
f 1553/1617/2773 1552/1541/2681 1434/1663/3085 1394/1666/3086
f 1553/1617/2773 1394/1666/3086 1395/1665/3087 1554/1582/2728
f 1555/1583/2729 1554/1582/2728 1395/1665/3087 1458/1667/3088
f 1556/1714/2903 1555/1583/2729 1458/1667/3088 1396/1712/3089
s 234
f 1397/1767/3090 1449/1766/3091 1558/1637/2798 1557/1700/2886
f 1559/1638/2799 1558/1637/2798 1449/1766/3091 1398/1765/3092
s 235
f 1399/1764/3093 1425/1763/3094 1561/1641/2802 1560/1688/2869
f 1550/1642/2803 1561/1641/2802 1425/1763/3094 1392/1762/3095
s off
f 1545/1689/3096 1546/1810/3097 1547/1811/3098 1548/1635/3099
f 1548/1635/3100 1559/1638/3101 1560/1688/3102 1545/1689/3103
f 1559/1638/3104 1398/1765/3105 1399/1764/3106 1560/1688/3107
f 1398/1765/3108 1484/1686/3109 1486/1685/3110 1399/1764/3111
f 1507/1769/3112 1508/1698/3113 1562/1812/3114 1515/1774/3115
s 249
f 1508/1698/3116 1448/1697/3117 1563/1813/3118 1562/1812/3119
f 1448/1697/3117 1549/1636/3120 1564/1814/3121 1563/1813/3118
s off
f 1549/1636/3122 1548/1635/3123 1547/1811/3124 1564/1814/3125
s 250
f 1424/1570/3126 1505/1569/3127 1566/1815/3128 1565/1816/3129
s off
f 1505/1569/3130 1506/1768/3131 1518/1776/3132 1566/1815/3133
f 1545/1689/3134 1544/1640/3135 1567/1817/3136 1546/1810/3137
s 250
f 1544/1640/3138 1424/1570/3126 1565/1816/3129 1567/1817/3139
s 246
f 1515/1774/2996 1562/1812/3140 1569/1818/3141 1568/1819/3142
f 1562/1812/3140 1563/1813/3143 1570/1820/3144 1569/1818/3141
f 1563/1813/3143 1485/1771/2993 1571/1821/3145 1570/1820/3144
f 1485/1771/2993 1515/1774/2996 1568/1819/3142 1571/1821/3145
f 1487/1772/2994 1565/1816/3146 1573/1822/3147 1572/1823/3148
f 1565/1816/3146 1566/1815/3149 1574/1824/3150 1573/1822/3147
f 1566/1815/3149 1518/1776/2998 1575/1825/3151 1574/1824/3150
f 1518/1776/2998 1487/1772/2994 1572/1823/3148 1575/1825/3151
f 1546/1810/3152 1567/1817/3153 1576/1826/3154 1577/1827/3155
f 1567/1817/3153 1565/1816/3146 1578/1828/3156 1576/1826/3154
f 1565/1816/3146 1487/1772/2994 1579/1829/3157 1578/1828/3156
f 1487/1772/2994 1546/1810/3152 1577/1827/3155 1579/1829/3157
f 1487/1772/2994 1485/1771/2993 1580/1830/3158 1581/1831/3159
f 1485/1771/2993 1547/1811/3160 1582/1832/3161 1580/1830/3158
f 1547/1811/3160 1546/1810/3152 1583/1833/3162 1582/1832/3161
f 1546/1810/3152 1487/1772/2994 1581/1831/3159 1583/1833/3162
f 1563/1813/3143 1564/1814/3163 1585/1834/3164 1584/1835/3165
f 1564/1814/3163 1547/1811/3160 1586/1836/3166 1585/1834/3164
f 1547/1811/3160 1485/1771/2993 1587/1837/3167 1586/1836/3166
f 1485/1771/2993 1563/1813/3143 1584/1835/3165 1587/1837/3167
s off
f 1568/1819/3168 1569/1818/3169 1589/1611/3170 1588/1610/3171
f 1569/1818/3172 1570/1820/3173 1590/1612/3174 1589/1611/3175
f 1570/1820/3176 1571/1821/3177 1591/1613/3178 1590/1612/3179
f 1571/1821/3180 1568/1819/3181 1588/1610/3182 1591/1613/3183
f 1572/1823/3184 1573/1822/3185 1593/1691/3186 1592/1690/3187
f 1573/1822/3188 1574/1824/3189 1594/1692/3190 1593/1691/3191
f 1574/1824/3192 1575/1825/3193 1595/1693/3194 1594/1692/3195
f 1575/1825/3196 1572/1823/3197 1592/1690/3198 1595/1693/3199
f 1577/1827/3200 1576/1826/3201 1596/1799/3202 1597/1798/3203
f 1576/1826/3204 1578/1828/3205 1598/1800/3206 1596/1799/3207
f 1578/1828/3208 1579/1829/3209 1599/1801/3210 1598/1800/3211
f 1579/1829/3212 1577/1827/3213 1597/1798/3214 1599/1801/3215
f 1581/1831/3216 1580/1830/3217 1600/1803/3218 1601/1802/3219
f 1580/1830/3220 1582/1832/3221 1602/1804/3222 1600/1803/3223
f 1582/1832/3224 1583/1833/3225 1603/1805/3226 1602/1804/3227
f 1583/1833/3228 1581/1831/3229 1601/1802/3230 1603/1805/3231
f 1584/1835/3232 1585/1834/3233 1605/1807/3234 1604/1806/3235
f 1585/1834/3236 1586/1836/3237 1606/1808/3238 1605/1807/3239
f 1586/1836/3240 1587/1837/3241 1607/1809/3242 1606/1808/3243
f 1587/1837/3244 1584/1835/3245 1604/1806/3246 1607/1809/3247
s 255
f 1811/1838/3248 1812/1839/3249 1821/1840/3250 1822/1841/3251
s 256
f 1615/1842/3252 1616/1843/3253 1710/1844/3254 1711/1845/3255
s 257
f 1616/1846/3256 1619/1847/3257 1709/1848/3258 1710/1849/3259
s 258
f 1621/1850/3260 1622/1851/3261 1712/1852/3262 1713/1853/3263
s 259
f 1627/1854/3264 1625/1855/3265 1707/1856/3266 1708/1857/3267
s 256
f 1622/1851/3268 1615/1842/3252 1711/1845/3255 1712/1852/3269
s 260
f 1625/1855/3270 1611/1858/3271 1706/1859/3272 1707/1856/3273
s 257
f 1619/1847/3257 1627/1854/3274 1708/1857/3275 1709/1848/3258
s 261
f 1613/1860/3276 1630/1861/3277 1700/1862/3278 1701/1863/3279
s 255
f 1772/1864/3280 1773/1865/3281 1634/1866/3282 1705/1867/3283
s 263
f 1774/1868/3284 1775/1869/3285 1694/1870/3286 1635/1871/3287
s 264
f 1631/1872/3288 1609/1873/3289 1714/1874/3290 1715/1875/3291
s 261
f 1637/1876/3292 1636/1877/3293 1724/1878/3294 1725/1879/3295
s 255
f 1808/1880/3296 1809/1881/3297 1824/1882/3298 1825/1883/3299
f 1769/1884/3300 1770/1885/3301 1638/1886/3302 1729/1887/3303
s 260
f 1640/1888/3304 1639/1889/3305 1730/1890/3306 1731/1891/3307
s 259
f 1641/1892/3308 1640/1888/3309 1731/1891/3310 1732/1893/3311
s 257
f 1642/1894/3312 1641/1892/3313 1732/1893/3314 1733/1895/3315
f 1643/1896/3316 1642/1894/3312 1733/1895/3315 1734/1897/3317
s 256
f 1644/1898/3318 1643/1899/3319 1734/1900/3320 1735/1901/3321
f 1645/1902/3322 1644/1898/3318 1735/1901/3321 1736/1903/3323
s 258
f 1646/1904/3324 1645/1902/3325 1736/1903/3326 1737/1905/3327
s 273
f 1647/1906/3328 1646/1904/3329 1737/1905/3330 1716/1907/3331
s 264
f 1648/1908/3332 1647/1906/3333 1716/1907/3334 1717/1909/3335
s off
f 1858/1910/3336 1859/1911/3337 1860/1912/3338 1861/1913/3339
s 261
f 1650/1914/3340 1649/1915/3341 1636/1877/3293 1637/1876/3292
s 255
f 1809/1881/3297 1810/1916/3342 1823/1917/3343 1824/1882/3298
f 1770/1885/3301 1771/1918/3344 1651/1919/3345 1638/1886/3302
s 260
f 1653/1920/3346 1652/1921/3347 1639/1889/3305 1640/1888/3304
s 259
f 1654/1922/3348 1653/1920/3349 1640/1888/3309 1641/1892/3308
s 257
f 1655/1923/3350 1654/1922/3351 1641/1892/3313 1642/1894/3312
f 1656/1924/3352 1655/1923/3350 1642/1894/3312 1643/1896/3316
s 256
f 1657/1925/3353 1656/1926/3354 1643/1899/3319 1644/1898/3318
f 1658/1927/3355 1657/1925/3353 1644/1898/3318 1645/1902/3322
s 258
f 1659/1928/3356 1658/1927/3357 1645/1902/3325 1646/1904/3324
s 273
f 1660/1929/3358 1659/1928/3359 1646/1904/3329 1647/1906/3328
s 264
f 1661/1930/3360 1660/1929/3361 1647/1906/3333 1648/1908/3332
s off
f 1782/1931/3362 1783/1932/3363 1781/1933/3364 1780/1934/3365
s 275
f 1818/1935/3366 1819/1936/3367 1828/1937/3368 1829/1938/3369
s 276
f 1813/1939/3370 1814/1940/3371 1831/1941/3372 1820/1942/3373
s 277
f 1702/1943/3374 1703/1944/3375 1670/1945/3376 1672/1946/3377
f 1671/1947/3378 1673/1948/3379 1675/1949/3380 1674/1950/3381
f 1726/1951/3382 1727/1952/3383 1674/1950/3381 1675/1949/3380
s 278
f 1721/1953/3384 1722/1954/3385 1679/1955/3386 1680/1956/3387
s off
f 1680/1956/3388 1679/1955/3389 1682/1957/3390 1683/1958/3391
s 279
f 1697/1959/3392 1698/1960/3393 1684/1961/3394 1685/1962/3395
s 280
f 1703/1944/3396 1704/1963/3397 1663/1964/3398 1670/1945/3399
s 261
f 1613/1860/3276 1701/1863/3279 1702/1943/3400 1672/1946/3401
f 1673/1948/3402 1650/1914/3340 1637/1876/3292 1675/1949/3403
s 280
f 1671/1947/3404 1674/1950/3405 1665/1965/3406 1664/1966/3407
f 1727/1952/3408 1728/1967/3409 1665/1965/3406 1674/1950/3405
s 261
f 1637/1876/3292 1725/1879/3295 1726/1951/3410 1675/1949/3403
f 1722/1954/3411 1723/1968/3412 1687/1969/3413 1679/1955/3414
s 283
f 1692/1970/3415 1720/1971/3416 1721/1953/3417 1680/1956/3418
s 261
f 1682/1957/3419 1679/1955/3414 1687/1969/3413 1688/1972/3420
s 283
f 1680/1956/3418 1683/1958/3421 1691/1973/3422 1692/1970/3415
s 261
f 1698/1960/3423 1699/1974/3424 1689/1975/3425 1684/1961/3426
f 1723/1968/3412 1759/1976/3427 1760/1977/3428 1687/1969/3413
f 1688/1972/3420 1687/1969/3413 1760/1977/3428 1761/1978/3429
f 1699/1974/3424 1762/1979/3430 1763/1980/3431 1689/1975/3425
s 283
f 1764/1981/3432 1765/1982/3433 1696/1983/3434 1690/1984/3435
f 1692/1970/3415 1691/1973/3422 1756/1985/3436 1754/1986/3437
f 1754/1986/3437 1766/1987/3438 1720/1971/3416 1692/1970/3415
s 276
f 1830/1988/3439 1831/1941/3372 1814/1940/3371 1815/1989/3440
s 283
f 1696/1983/3434 1765/1982/3433 1756/1985/3436 1691/1973/3422
f 1697/1959/3441 1696/1983/3434 1691/1973/3422 1683/1958/3421
s 279
f 1682/1957/3442 1698/1960/3393 1697/1959/3392 1683/1958/3443
s 261
f 1688/1972/3420 1699/1974/3424 1698/1960/3423 1682/1957/3419
f 1761/1978/3429 1762/1979/3430 1699/1974/3424 1688/1972/3420
f 1701/1863/3279 1700/1862/3278 1649/1915/3341 1650/1914/3340
f 1702/1943/3400 1701/1863/3279 1650/1914/3340 1673/1948/3402
s 277
f 1671/1947/3378 1703/1944/3375 1702/1943/3374 1673/1948/3379
s 280
f 1664/1966/3407 1704/1963/3397 1703/1944/3396 1671/1947/3404
s 255
f 1810/1916/3342 1811/1838/3248 1822/1841/3251 1823/1917/3343
f 1771/1918/3344 1772/1864/3280 1705/1867/3283 1651/1919/3345
s 260
f 1707/1856/3273 1706/1859/3272 1652/1921/3347 1653/1920/3346
s 259
f 1708/1857/3267 1707/1856/3266 1653/1920/3349 1654/1922/3348
s 257
f 1709/1848/3258 1708/1857/3275 1654/1922/3351 1655/1923/3350
f 1710/1849/3259 1709/1848/3258 1655/1923/3350 1656/1924/3352
s 256
f 1711/1845/3255 1710/1844/3254 1656/1926/3354 1657/1925/3353
f 1712/1852/3269 1711/1845/3255 1657/1925/3353 1658/1927/3355
s 258
f 1713/1853/3263 1712/1852/3262 1658/1927/3357 1659/1928/3356
s 273
f 1714/1874/3444 1713/1853/3445 1659/1928/3359 1660/1929/3358
s 264
f 1715/1875/3291 1714/1874/3290 1660/1929/3361 1661/1930/3360
s off
f 1862/1990/3446 1863/1991/3447 1864/1992/3448 1865/1993/3449
s 264
f 1717/1909/3335 1716/1907/3334 1608/1994/3450 1628/1995/3451
s 263
f 1632/1996/3452 1718/1997/3453 1778/1998/3454 1779/1999/3455
s 275
f 1827/2000/3456 1828/1937/3368 1819/1936/3367 1806/2001/3457
s 283
f 1720/1971/3416 1766/1987/3438 1767/2002/3458 1693/2003/3459
s 278
f 1678/2004/3460 1722/1954/3385 1721/1953/3384 1681/2005/3461
s 261
f 1686/2006/3462 1723/1968/3412 1722/1954/3411 1678/2004/3463
f 1758/2007/3464 1759/1976/3427 1723/1968/3412 1686/2006/3462
f 1725/1879/3295 1724/1878/3294 1629/2008/3465 1612/2009/3466
f 1726/1951/3410 1725/1879/3295 1612/2009/3466 1677/2010/3467
s 277
f 1676/2011/3468 1727/1952/3383 1726/1951/3382 1677/2010/3469
s 280
f 1666/2012/3470 1728/1967/3409 1727/1952/3408 1676/2011/3471
s 255
f 1807/2013/3472 1808/1880/3296 1825/1883/3299 1826/2014/3473
f 1768/2015/3474 1769/1884/3300 1729/1887/3303 1633/2016/3475
s 260
f 1731/1891/3307 1730/1890/3306 1610/2017/3476 1624/2018/3477
s 259
f 1732/1893/3311 1731/1891/3310 1624/2018/3478 1626/2019/3479
s 257
f 1733/1895/3315 1732/1893/3314 1626/2019/3480 1618/2020/3481
f 1734/1897/3317 1733/1895/3315 1618/2020/3481 1617/2021/3482
s 256
f 1735/1901/3321 1734/1900/3320 1617/2022/3483 1614/2023/3484
f 1736/1903/3323 1735/1901/3321 1614/2023/3484 1623/2024/3485
s 258
f 1737/1905/3327 1736/1903/3326 1623/2024/3486 1620/2025/3487
s 273
f 1609/1873/3488 1621/1850/3489 1739/2026/3490 1738/2027/3491
f 1621/1850/3489 1713/1853/3445 1740/2028/3492 1739/2026/3490
f 1713/1853/3445 1714/1874/3444 1741/2029/3493 1740/2028/3492
f 1714/1874/3444 1609/1873/3488 1738/2027/3491 1741/2029/3493
s 283
f 1690/1984/3435 1696/1983/3434 1743/2030/3494 1742/2031/3495
f 1696/1983/3434 1697/1959/3441 1744/2032/3496 1743/2030/3494
f 1697/1959/3441 1685/1962/3497 1745/2033/3498 1744/2032/3496
f 1685/1962/3497 1690/1984/3435 1742/2031/3495 1745/2033/3498
s off
f 1739/2034/3499 1740/2035/3500 1798/2036/3501 1799/2037/3502
f 1740/2035/3503 1741/2038/3504 1800/2039/3505 1798/2036/3506
f 1741/2040/3507 1738/2041/3508 1801/2042/3509 1800/2043/3510
f 1738/2041/3511 1739/2034/3512 1799/2037/3513 1801/2042/3514
s 283
f 1721/1953/3417 1720/1971/3416 1746/2044/3515 1747/2045/3516
f 1720/1971/3416 1693/2003/3459 1748/2046/3517 1746/2044/3515
f 1693/2003/3459 1681/2005/3518 1749/2047/3519 1748/2046/3517
f 1681/2005/3518 1721/1953/3417 1747/2045/3516 1749/2047/3519
s 273
f 1716/1907/3331 1737/1905/3330 1750/2048/3520 1751/2049/3521
f 1737/1905/3330 1620/2025/3522 1752/2050/3523 1750/2048/3520
f 1620/2025/3522 1608/1994/3524 1753/2051/3525 1752/2050/3523
f 1608/1994/3524 1716/1907/3331 1751/2049/3521 1753/2051/3525
s off
f 1747/2052/3526 1746/2053/3527 1797/2054/3528 1794/2055/3529
f 1746/2056/3530 1748/2057/3531 1796/2058/3532 1797/2059/3533
f 1748/2057/3534 1749/2060/3535 1795/2061/3536 1796/2058/3537
f 1749/2060/3538 1747/2052/3539 1794/2055/3540 1795/2061/3541
s 261
f 1629/2008/3465 1724/1878/3294 1759/1976/3427 1758/2007/3464
f 1760/1977/3428 1759/1976/3427 1724/1878/3294 1636/1877/3293
f 1760/1977/3428 1636/1877/3293 1649/1915/3341 1761/1978/3429
f 1649/1915/3341 1700/1862/3278 1762/1979/3430 1761/1978/3429
f 1763/1980/3431 1762/1979/3430 1700/1862/3278 1630/1861/3277
s 283
f 1662/2062/3542 1695/2063/3543 1765/1982/3433 1764/1981/3432
f 1756/1985/3436 1765/1982/3433 1695/2063/3543 1669/2064/3544
f 1668/2065/3545 1719/2066/3546 1766/1987/3438 1754/1986/3437
f 1767/2002/3458 1766/1987/3438 1719/2066/3546 1667/2067/3547
s 255
f 1730/1890/3548 1769/1884/3300 1768/2015/3474 1610/2017/3549
f 1639/1889/3550 1770/1885/3301 1769/1884/3300 1730/1890/3548
f 1639/1889/3550 1652/1921/3551 1771/1918/3344 1770/1885/3301
f 1706/1859/3552 1772/1864/3280 1771/1918/3344 1652/1921/3551
f 1611/1858/3553 1773/1865/3281 1772/1864/3280 1706/1859/3552
s 263
f 1715/1875/3554 1775/1869/3285 1774/1868/3284 1631/1872/3555
f 1776/2068/3556 1775/1869/3285 1715/1875/3554 1661/1930/3557
f 1776/2068/3556 1661/1930/3557 1648/1908/3558 1777/2069/3559
f 1717/1909/3560 1778/1998/3454 1777/2069/3559 1648/1908/3558
f 1779/1999/3455 1778/1998/3454 1717/1909/3560 1628/1995/3561
s 287
f 1784/2070/3562 1755/2071/3563 1757/2072/3564 1787/2073/3565
f 1785/2074/3566 1755/2071/3563 1784/2070/3562 1786/2075/3567
f 1757/2072/3564 1788/2076/3568 1789/2077/3569 1787/2073/3565
f 1786/2075/3567 1789/2077/3569 1788/2076/3568 1785/2074/3566
s off
f 1786/2075/3570 1781/1933/3571 1783/1932/3572 1789/2077/3573
f 1780/1934/3574 1781/1933/3575 1786/2075/3576 1784/2070/3577
f 1784/2070/3578 1787/2073/3579 1782/1931/3580 1780/1934/3581
f 1783/1932/3582 1782/1931/3583 1787/2073/3584 1789/2077/3585
f 1785/2074/3586 1788/2076/3587 1776/2068/3588 1777/2069/3589
f 1791/2078/3590 1790/2079/3591 1745/2080/3592 1742/2081/3593
f 1792/2082/3594 1791/2078/3595 1742/2081/3596 1743/2083/3597
f 1793/2084/3598 1792/2085/3599 1743/2086/3600 1744/2087/3601
f 1790/2079/3602 1793/2084/3603 1744/2087/3604 1745/2080/3605
f 1803/2088/3606 1802/2089/3607 1750/2090/3608 1752/2091/3609
f 1804/2092/3610 1803/2088/3611 1752/2091/3612 1753/2093/3613
f 1805/2094/3614 1804/2092/3615 1753/2093/3616 1751/2095/3617
f 1802/2089/3618 1805/2096/3619 1751/2097/3620 1750/2090/3621
s 288
f 1793/2084/3622 1790/2079/3623 1799/2037/3624 1798/2036/3625
f 1792/2085/3626 1793/2084/3622 1798/2036/3625 1800/2039/3627
f 1791/2078/3628 1792/2082/3626 1800/2043/3627 1801/2042/3629
f 1790/2079/3623 1791/2078/3628 1801/2042/3629 1799/2037/3624
s 289
f 1795/2061/3630 1794/2055/3631 1802/2089/3632 1803/2088/3633
f 1796/2058/3634 1795/2061/3630 1803/2088/3633 1804/2092/3635
f 1797/2059/3636 1796/2058/3634 1804/2092/3635 1805/2094/3637
f 1794/2055/3631 1797/2054/3636 1805/2096/3637 1802/2089/3632
s 255
f 1729/1887/3303 1808/1880/3296 1807/2013/3472 1633/2016/3475
f 1638/1886/3302 1809/1881/3297 1808/1880/3296 1729/1887/3303
f 1638/1886/3302 1651/1919/3345 1810/1916/3342 1809/1881/3297
f 1705/1867/3283 1811/1838/3248 1810/1916/3342 1651/1919/3345
f 1634/1866/3282 1812/1839/3249 1811/1838/3248 1705/1867/3283
s 276
f 1694/1870/3638 1814/1940/3371 1813/1939/3370 1635/1871/3639
s off
f 1867/2098/3640 1866/2099/3641 1868/2100/3642 1869/2101/3643
f 1871/2102/3644 1870/2103/3645 1872/2104/3646 1873/2105/3647
f 1874/2106/3648 1875/2107/3649 1876/2108/3650 1877/2109/3651
s 275
f 1806/2001/3457 1819/1936/3367 1718/1997/3652 1632/1996/3653
s 255
f 1822/1841/3251 1821/1840/3250 1663/1964/3654 1704/1963/3655
f 1823/1917/3343 1822/1841/3251 1704/1963/3655 1664/1966/3656
f 1823/1917/3343 1664/1966/3656 1665/1965/3657 1824/1882/3298
f 1825/1883/3299 1824/1882/3298 1665/1965/3657 1728/1967/3658
f 1826/2014/3473 1825/1883/3299 1728/1967/3658 1666/2012/3659
s 275
f 1667/2067/3660 1719/2066/3661 1828/1937/3368 1827/2000/3456
f 1829/1938/3369 1828/1937/3368 1719/2066/3661 1668/2065/3662
s 276
f 1669/2064/3663 1695/2063/3664 1831/1941/3372 1830/1988/3439
f 1820/1942/3373 1831/1941/3372 1695/2063/3664 1662/2062/3665
s off
f 1815/1989/3666 1816/2110/3667 1817/2111/3668 1818/1935/3669
f 1818/1935/3670 1829/1938/3671 1830/1988/3672 1815/1989/3673
f 1829/1938/3674 1668/2065/3675 1669/2064/3676 1830/1988/3677
f 1668/2065/3678 1754/1986/3679 1756/1985/3680 1669/2064/3681
f 1777/2069/3682 1778/1998/3683 1832/2112/3684 1785/2074/3685
s 290
f 1778/1998/3686 1718/1997/3687 1833/2113/3688 1832/2112/3689
f 1718/1997/3687 1819/1936/3690 1834/2114/3691 1833/2113/3688
s off
f 1819/1936/3692 1818/1935/3693 1817/2111/3694 1834/2114/3695
s 291
f 1694/1870/3696 1775/1869/3697 1836/2115/3698 1835/2116/3699
s off
f 1775/1869/3700 1776/2068/3701 1788/2076/3702 1836/2115/3703
f 1815/1989/3704 1814/1940/3705 1837/2117/3706 1816/2110/3707
s 291
f 1814/1940/3708 1694/1870/3696 1835/2116/3699 1837/2117/3709
s 287
f 1785/2074/3566 1832/2112/3710 1839/2118/3711 1838/2119/3712
f 1832/2112/3710 1833/2113/3713 1840/2120/3714 1839/2118/3711
f 1833/2113/3713 1755/2071/3563 1841/2121/3715 1840/2120/3714
f 1755/2071/3563 1785/2074/3566 1838/2119/3712 1841/2121/3715
f 1757/2072/3564 1835/2116/3716 1843/2122/3717 1842/2123/3718
f 1835/2116/3716 1836/2115/3719 1844/2124/3720 1843/2122/3717
f 1836/2115/3719 1788/2076/3568 1845/2125/3721 1844/2124/3720
f 1788/2076/3568 1757/2072/3564 1842/2123/3718 1845/2125/3721
f 1816/2110/3722 1837/2117/3723 1846/2126/3724 1847/2127/3725
f 1837/2117/3723 1835/2116/3716 1848/2128/3726 1846/2126/3724
f 1835/2116/3716 1757/2072/3564 1849/2129/3727 1848/2128/3726
f 1757/2072/3564 1816/2110/3722 1847/2127/3725 1849/2129/3727
f 1757/2072/3564 1755/2071/3563 1850/2130/3728 1851/2131/3729
f 1755/2071/3563 1817/2111/3730 1852/2132/3731 1850/2130/3728
f 1817/2111/3730 1816/2110/3722 1853/2133/3732 1852/2132/3731
f 1816/2110/3722 1757/2072/3564 1851/2131/3729 1853/2133/3732
f 1833/2113/3713 1834/2114/3733 1855/2134/3734 1854/2135/3735
f 1834/2114/3733 1817/2111/3730 1856/2136/3736 1855/2134/3734
f 1817/2111/3730 1755/2071/3563 1857/2137/3737 1856/2136/3736
f 1755/2071/3563 1833/2113/3713 1854/2135/3735 1857/2137/3737
s off
f 1838/2119/3738 1839/2118/3739 1859/1911/3740 1858/1910/3741
f 1839/2118/3742 1840/2120/3743 1860/1912/3744 1859/1911/3745
f 1840/2120/3746 1841/2121/3747 1861/1913/3748 1860/1912/3749
f 1841/2121/3750 1838/2119/3751 1858/1910/3752 1861/1913/3753
f 1842/2123/3754 1843/2122/3755 1863/1991/3756 1862/1990/3757
f 1843/2122/3758 1844/2124/3759 1864/1992/3760 1863/1991/3761
f 1844/2124/3762 1845/2125/3763 1865/1993/3764 1864/1992/3765
f 1845/2125/3766 1842/2123/3767 1862/1990/3768 1865/1993/3769
f 1847/2127/3770 1846/2126/3771 1866/2099/3772 1867/2098/3773
f 1846/2126/3774 1848/2128/3775 1868/2100/3776 1866/2099/3777
f 1848/2128/3778 1849/2129/3779 1869/2101/3780 1868/2100/3781
f 1849/2129/3782 1847/2127/3783 1867/2098/3784 1869/2101/3785
f 1851/2131/3786 1850/2130/3787 1870/2103/3788 1871/2102/3789
f 1850/2130/3790 1852/2132/3791 1872/2104/3792 1870/2103/3793
f 1852/2132/3794 1853/2133/3795 1873/2105/3796 1872/2104/3797
f 1853/2133/3798 1851/2131/3799 1871/2102/3800 1873/2105/3801
f 1854/2135/3802 1855/2134/3803 1875/2107/3804 1874/2106/3805
f 1855/2134/3806 1856/2136/3807 1876/2108/3808 1875/2107/3809
f 1856/2136/3810 1857/2137/3811 1877/2109/3812 1876/2108/3813
f 1857/2137/3814 1854/2135/3815 1874/2106/3816 1877/2109/3817
s 296
f 2115/2138/3818 2127/2139/3819 2126/2140/3820 2116/2141/3821
s 297
f 1886/2142/3822 2004/2143/3823 2003/2144/3824 1887/2145/3825
s 298
f 1879/2146/3826 1884/2147/3827 1902/2148/3828
s 299
f 1887/2149/3829 2003/2150/3830 2002/2151/3831 1890/2152/3832
s 300
f 1892/2153/3833 2006/2154/3834 2005/2155/3835 1893/2156/3836
s 301
f 2141/2157/3837 2144/2158/3838 2143/2159/3839 2142/2160/3840
s 302
f 1898/2161/3841 2001/2162/3842 2000/2163/3843 1896/2164/3844
s 301
f 2142/2160/3840 2143/2165/3839 2146/2166/3845 2145/2167/3846
f 2141/2157/3837 2148/2168/3847 2147/2169/3848 2144/2158/3838
s 297
f 1893/2156/3849 2005/2155/3850 2004/2143/3823 1886/2142/3822
s 303
f 1896/2164/3851 2000/2163/3852 1999/2170/3853 1881/2171/3854
s 299
f 1890/2152/3832 2002/2151/3831 2001/2162/3855 1898/2161/3856
s 301
f 2146/2166/3845 2150/2172/3857 2149/2173/3858 2145/2167/3846
s 304
f 1883/2174/3859 1994/2175/3860 1993/2176/3861 1901/2177/3862
s 298
f 2116/2178/3863 2126/2179/3864 2125/2180/3865 2117/2181/3866
s 296
f 2069/2182/3867 1998/2183/3868 1905/2184/3869 2070/2185/3870
s 298
f 2070/2186/3871 1905/2187/3872 1906/2188/3873 2071/2189/3874
s 307
f 2071/2190/3875 1906/2191/3876 1987/2192/3877 2072/2193/3878
s 308
f 1902/2194/3879 2008/2195/3880 2007/2196/3881 1879/2197/3882
s 304
f 1908/2198/3883 1921/2199/3884 1920/2200/3885 1907/2201/3886
s 296
f 2112/2202/3887 2130/2203/3888 2129/2204/3889 2113/2205/3890
f 2066/2206/3891 1922/2207/3892 1909/2208/3893 2067/2209/3894
s 303
f 1911/2210/3895 1924/2211/3896 1923/2212/3897 1910/2213/3898
s 302
f 1912/2214/3899 1925/2215/3900 1924/2211/3901 1911/2210/3902
s 299
f 1913/2216/3903 1926/2217/3904 1925/2215/3905 1912/2214/3906
f 1914/2218/3907 1927/2219/3908 1926/2217/3904 1913/2216/3903
s 297
f 1915/2220/3909 1928/2221/3910 1927/2222/3911 1914/2223/3912
f 1916/2224/3913 1929/2225/3914 1928/2221/3910 1915/2220/3909
s 300
f 1917/2226/3915 1930/2227/3916 1929/2225/3917 1916/2224/3918
s 317
f 1918/2228/3919 1931/2229/3920 1930/2227/3921 1917/2226/3922
s 308
f 1919/2230/3923 1932/2231/3924 1931/2229/3925 1918/2228/3926
s 319
f 2078/2232/3927 2081/2233/3928 2080/2234/3929 2079/2235/3930
s 304
f 1921/2199/3884 2018/2236/3931 2017/2237/3932 1920/2200/3885
s 296
f 2111/2238/3933 2131/2239/3934 2130/2203/3888 2112/2202/3887
f 2065/2240/3935 2022/2241/3936 1922/2207/3892 2066/2206/3891
s 303
f 1924/2211/3896 2024/2242/3937 2023/2243/3938 1923/2212/3897
s 302
f 1925/2215/3900 2025/2244/3939 2024/2242/3940 1924/2211/3901
s 299
f 1926/2217/3904 2026/2245/3941 2025/2244/3942 1925/2215/3905
f 1927/2219/3908 2027/2246/3943 2026/2245/3941 1926/2217/3904
s 297
f 1928/2221/3910 2028/2247/3944 2027/2248/3945 1927/2222/3911
f 1929/2225/3914 2029/2249/3946 2028/2247/3944 1928/2221/3910
s 300
f 1930/2227/3916 2030/2250/3947 2029/2249/3948 1929/2225/3917
s 317
f 1931/2229/3920 2009/2251/3949 2030/2250/3950 1930/2227/3921
s 308
f 1932/2231/3924 2010/2252/3951 2009/2251/3952 1931/2229/3925
s 307
f 2075/2253/3953 1933/2254/3954 2011/2255/3955 2076/2256/3956
s 304
f 1935/2257/3957 1908/2198/3883 1907/2201/3886 1934/2258/3958
s 296
f 2113/2205/3890 2129/2204/3889 2128/2259/3959 2114/2260/3960
f 2067/2209/3894 1909/2208/3893 1936/2261/3961 2068/2262/3962
s 303
f 1938/2263/3963 1911/2210/3895 1910/2213/3898 1937/2264/3964
s 302
f 1939/2265/3965 1912/2214/3899 1911/2210/3902 1938/2263/3966
s 299
f 1940/2266/3967 1913/2216/3903 1912/2214/3906 1939/2265/3968
f 1941/2267/3969 1914/2218/3907 1913/2216/3903 1940/2266/3967
s 297
f 1942/2268/3970 1915/2220/3909 1914/2223/3912 1941/2269/3971
f 1943/2270/3972 1916/2224/3913 1915/2220/3909 1942/2268/3970
s 300
f 1944/2271/3973 1917/2226/3915 1916/2224/3918 1943/2270/3974
s 317
f 1945/2272/3975 1918/2228/3919 1917/2226/3922 1944/2271/3976
s 308
f 1946/2273/3977 1919/2230/3923 1918/2228/3926 1945/2272/3978
s 319
f 2079/2235/3930 2080/2234/3929 2083/2274/3979 2082/2275/3980
s 321
f 2123/2276/3981 2135/2277/3982 2134/2278/3983 2124/2279/3984
s 322
f 2136/2280/3985 2122/2281/3986 2121/2282/3987 2137/2283/3988
s 323
f 2137/2283/3989 2121/2282/3990 2120/2284/3991 2138/2285/3992
s 324
f 2117/2286/3993 2125/2287/3994 2140/2288/3995 2118/2289/3996
s 298
f 1949/2290/3997 1883/2174/3998 1901/2177/3999 1948/2291/4000
s 326
f 1995/2292/4001 1959/2293/4002 1957/2294/4003 1996/2295/4004
f 1961/2296/4005 1962/2297/4006 1960/2298/4007 1958/2299/4008
f 1963/2300/4009 1964/2301/4010 1962/2297/4006 1961/2296/4005
f 2019/2302/4011 1964/2301/4010 1963/2300/4009 2020/2303/4012
s 328
f 2014/2304/4013 1969/2305/4014 1968/2306/4015 2015/2307/4016
s off
f 1968/2306/4017 1969/2305/4018 1972/2308/4019 1971/2309/4020
f 1971/2309/4021 1972/2308/4022 1974/2310/4023 1973/2311/4024
s 329
f 1990/2312/4025 1976/2313/4026 1975/2314/4027 1991/2315/4028
s 330
f 1996/2295/4029 1957/2294/4030 1949/2316/4031 1997/2317/4032
s 298
f 1949/2290/3997 1957/2318/4033 1959/2293/4034 1883/2174/3998
s 304
f 1883/2174/3859 1959/2293/4035 1995/2292/4036 1994/2175/3860
s 330
f 1951/2319/4037 1961/2296/4038 1958/2299/4039 1950/2320/4040
s 304
f 1935/2257/3957 1960/2298/4041 1962/2297/4042 1908/2198/3883
s 330
f 1952/2321/4043 1963/2300/4044 1961/2296/4038 1951/2319/4037
s 304
f 1908/2198/3883 1962/2297/4042 1964/2301/4045 1921/2199/3884
s 330
f 2020/2303/4046 1963/2300/4044 1952/2321/4043 2021/2322/4047
s 304
f 1921/2199/3884 1964/2301/4045 2019/2302/4048 2018/2236/3931
f 2015/2307/4049 1968/2306/4050 1978/2323/4051 2016/2324/4052
s 333
f 1985/2325/4053 1969/2305/4054 2014/2304/4055 2013/2326/4056
s 304
f 1978/2323/4051 1968/2306/4050 1971/2309/4057 1979/2327/4058
s 333
f 1984/2328/4059 1972/2308/4060 1969/2305/4054 1985/2325/4053
s 304
f 1979/2327/4058 1971/2309/4057 1973/2311/4061 1980/2329/4062
s 333
f 1983/2330/4063 1974/2310/4064 1972/2308/4060 1984/2328/4059
s 304
f 1991/2315/4065 1975/2314/4066 1981/2331/4067 1992/2332/4068
s 298
f 1981/2331/4069 1975/2314/4070 1976/2333/4071 1982/2334/4072
s 304
f 2016/2324/4052 1978/2323/4051 2055/2335/4073 2054/2336/4074
f 2055/2335/4073 1978/2323/4051 1979/2327/4058 2056/2337/4075
f 2056/2337/4075 1979/2327/4058 1980/2329/4062 2057/2338/4076
f 1992/2332/4068 1981/2331/4067 2059/2339/4077 2058/2340/4078
s 298
f 2059/2339/4079 1981/2331/4069 1982/2334/4072 2060/2341/4080
s 333
f 2060/2342/4081 1982/2343/4082 1989/2344/4083 2061/2345/4084
f 2051/2346/4085 1983/2330/4063 1984/2328/4059 2048/2347/4086
f 2048/2347/4086 1984/2328/4059 1985/2325/4053 2047/2348/4087
f 2047/2348/4087 1985/2325/4053 2013/2326/4056 2062/2349/4088
s 324
f 2139/2350/4089 2119/2351/4090 2118/2289/3996 2140/2288/3995
s 333
f 1989/2344/4083 1983/2330/4063 2051/2346/4085 2061/2345/4084
f 1990/2312/4091 1974/2310/4064 1983/2330/4063 1989/2344/4083
s 329
f 1973/2311/4092 1974/2310/4093 1990/2312/4025 1991/2315/4028
s 304
f 1980/2329/4062 1973/2311/4061 1991/2315/4065 1992/2332/4068
f 2057/2338/4076 1980/2329/4062 1992/2332/4068 2058/2340/4078
f 1994/2175/3860 1935/2257/3957 1934/2258/3958 1993/2176/3861
f 1995/2292/4036 1960/2298/4041 1935/2257/3957 1994/2175/3860
s 326
f 1958/2299/4008 1960/2298/4007 1995/2292/4001 1996/2295/4004
s 330
f 1950/2320/4040 1958/2299/4039 1996/2295/4029 1997/2317/4032
s 296
f 2114/2260/3960 2128/2259/3959 2127/2139/3819 2115/2138/3818
f 2068/2262/3962 1936/2261/3961 1998/2183/3868 2069/2182/3867
s 303
f 2000/2163/3852 1938/2263/3963 1937/2264/3964 1999/2170/3853
s 302
f 2001/2162/3842 1939/2265/3965 1938/2263/3966 2000/2163/3843
s 299
f 2002/2151/3831 1940/2266/3967 1939/2265/3968 2001/2162/3855
f 2003/2150/3830 1941/2267/3969 1940/2266/3967 2002/2151/3831
s 297
f 2004/2143/3823 1942/2268/3970 1941/2269/3971 2003/2144/3824
f 2005/2155/3850 1943/2270/3972 1942/2268/3970 2004/2143/3823
s 300
f 2006/2154/3834 1944/2271/3973 1943/2270/3974 2005/2155/3835
s 317
f 2007/2196/4094 1945/2272/3975 1944/2271/3976 2006/2154/4095
s 308
f 2008/2195/3880 1946/2273/3977 1945/2272/3978 2007/2196/3881
s 307
f 1947/2352/4096 2073/2353/4097 2072/2193/3878 1987/2192/3877
s 308
f 2010/2252/3951 1899/2354/4098 1878/2355/4099 2009/2251/3952
s 307
f 1903/2356/4100 2077/2357/4101 2076/2256/3956 2011/2255/3955
s 321
f 2133/2358/4102 2109/2359/4103 2124/2279/3984 2134/2278/3983
s 333
f 2013/2326/4056 1986/2360/4104 2063/2361/4105 2062/2349/4088
s 328
f 1967/2362/4106 1970/2363/4107 2014/2304/4013 2015/2307/4016
s 304
f 1977/2364/4108 1967/2362/4109 2015/2307/4049 2016/2324/4052
f 2053/2365/4110 1977/2364/4108 2016/2324/4052 2054/2336/4074
f 2018/2236/3931 1882/2366/4111 1900/2367/4112 2017/2237/3932
f 2019/2302/4048 1966/2368/4113 1882/2366/4111 2018/2236/3931
s 326
f 1965/2369/4114 1966/2368/4115 2019/2302/4011 2020/2303/4012
s 330
f 1953/2370/4116 1965/2369/4117 2020/2303/4046 2021/2322/4047
s 296
f 2110/2371/4118 2132/2372/4119 2131/2239/3934 2111/2238/3933
f 2064/2373/4120 1904/2374/4121 2022/2241/3936 2065/2240/3935
s 303
f 2024/2242/3937 1895/2375/4122 1880/2376/4123 2023/2243/3938
s 302
f 2025/2244/3939 1897/2377/4124 1895/2375/4125 2024/2242/3940
s 299
f 2026/2245/3941 1889/2378/4126 1897/2377/4127 2025/2244/3942
f 2027/2246/3943 1888/2379/4128 1889/2378/4126 2026/2245/3941
s 297
f 2028/2247/3944 1885/2380/4129 1888/2381/4130 2027/2248/3945
f 2029/2249/3946 1894/2382/4131 1885/2380/4129 2028/2247/3944
s 300
f 2030/2250/3947 1891/2383/4132 1894/2382/4133 2029/2249/3948
s 317
f 1879/2197/4134 2031/2384/4135 2032/2385/4136 1892/2153/4137
f 1892/2153/4137 2032/2385/4136 2033/2386/4138 2006/2154/4095
f 2006/2154/4095 2033/2386/4138 2034/2387/4139 2007/2196/4094
f 2007/2196/4094 2034/2388/4139 2031/2384/4135 1879/2197/4134
s 333
f 1982/2343/4082 2035/2389/4140 2036/2390/4141 1989/2344/4083
f 1989/2344/4083 2036/2391/4141 2037/2392/4142 1990/2312/4091
f 1990/2312/4091 2037/2392/4142 2038/2393/4143 1976/2313/4144
f 1976/2313/4144 2038/2393/4143 2035/2389/4140 1982/2343/4082
s off
f 2032/2394/4145 2102/2395/4146 2101/2396/4147 2033/2397/4148
f 2033/2397/4149 2101/2396/4150 2103/2398/4151 2034/2399/4152
f 2034/2400/4153 2103/2401/4154 2104/2402/4155 2031/2403/4156
f 2031/2403/4157 2104/2402/4158 2102/2395/4159 2032/2394/4160
s 333
f 2014/2304/4055 2040/2404/4161 2039/2405/4162 2013/2326/4056
f 2013/2326/4056 2039/2406/4162 2041/2407/4163 1986/2360/4104
f 1986/2360/4104 2041/2407/4163 2042/2408/4164 1970/2363/4165
f 1970/2363/4165 2042/2408/4164 2040/2404/4161 2014/2304/4055
s 317
f 2009/2251/3949 2044/2409/4166 2043/2410/4167 2030/2250/3950
f 2030/2250/3950 2043/2410/4167 2045/2411/4168 1891/2383/4169
f 1891/2383/4169 2045/2411/4168 2046/2412/4170 1878/2355/4171
f 1878/2355/4171 2046/2412/4170 2044/2413/4166 2009/2251/3949
s off
f 2040/2414/4172 2097/2415/4173 2100/2416/4174 2039/2417/4175
f 2039/2418/4176 2100/2419/4177 2099/2420/4178 2041/2421/4179
f 2041/2421/4180 2099/2420/4181 2098/2422/4182 2042/2423/4183
f 2042/2423/4184 2098/2422/4185 2097/2415/4186 2040/2414/4187
s 338
f 2122/2281/4188 2136/2280/4189 2135/2277/4190 2123/2276/4191
s 339
f 2138/2285/4192 2120/2284/4193 2119/2351/4194 2139/2350/4195
s 304
f 1900/2367/4112 2053/2365/4110 2054/2336/4074 2017/2237/3932
f 2055/2335/4073 1920/2200/3885 2017/2237/3932 2054/2336/4074
f 1920/2200/3885 2055/2335/4073 2056/2337/4075 1907/2201/3886
f 1907/2201/3886 2056/2337/4075 2057/2338/4076 1934/2258/3958
f 1934/2258/3958 2057/2338/4076 2058/2340/4078 1993/2176/3861
f 2059/2339/4077 1901/2177/3862 1993/2176/3861 2058/2340/4078
s 298
f 1901/2177/3999 2059/2339/4079 2060/2341/4080 1948/2291/4000
s 333
f 1948/2424/4196 2060/2342/4081 2061/2345/4084 1988/2425/4197
f 2051/2346/4085 1956/2426/4198 1988/2425/4197 2061/2345/4084
f 1955/2427/4199 2047/2348/4087 2062/2349/4088 2012/2428/4200
f 2063/2361/4105 1954/2429/4201 2012/2428/4200 2062/2349/4088
s 296
f 2023/2243/4202 1880/2376/4203 2064/2373/4120 2065/2240/3935
f 1923/2212/4204 2023/2243/4202 2065/2240/3935 2066/2206/3891
f 1910/2213/4205 1923/2212/4204 2066/2206/3891 2067/2209/3894
f 1937/2264/4206 1910/2213/4205 2067/2209/3894 2068/2262/3962
f 1999/2170/4207 1937/2264/4206 2068/2262/3962 2069/2182/3867
f 1881/2171/4208 1999/2170/4207 2069/2182/3867 2070/2185/3870
s 298
f 1902/2148/3828 1881/2430/4209 2070/2186/3871 2071/2189/3874
s 307
f 2008/2195/4210 1902/2194/4211 2071/2190/3875 2072/2193/3878
f 2073/2353/4097 1946/2273/4212 2008/2195/4210 2072/2193/3878
f 2074/2431/4213 1919/2230/4214 1946/2273/4212 2073/2353/4097
f 2075/2253/3953 1932/2231/4215 1919/2230/4214 2074/2431/4213
f 2010/2252/4216 1932/2231/4215 2075/2253/3953 2076/2256/3956
f 2077/2357/4101 1899/2354/4217 2010/2252/4216 2076/2256/3956
s 340
f 2050/2432/4218 2085/2433/4219 2084/2434/4220 2049/2435/4221
f 2086/2436/4222 2089/2437/4223 2088/2438/4224 2087/2439/4225
f 2087/2439/4225 2088/2438/4224 2085/2433/4219 2050/2432/4218
f 2049/2435/4221 2084/2434/4220 2090/2440/4226 2052/2441/4227
f 2052/2441/4227 2090/2440/4226 2092/2442/4228 2091/2443/4229
f 2091/2443/4229 2092/2442/4228 2089/2437/4223 2086/2436/4222
s 342
f 2079/2235/4230 2084/2434/4231 2085/2433/4232 2078/2232/4233
s 343
f 2074/2431/4234 2086/2436/4235 2087/2439/4236 2075/2253/4237
s 344
f 2081/2233/4238 2088/2438/4239 2089/2437/4240 2080/2234/4241
s off
f 2075/2253/4242 2087/2439/4243 2050/2432/4244 1933/2254/4245
f 2078/2232/4246 2085/2433/4247 2088/2438/4248 2081/2233/4249
s 342
f 2082/2275/4250 2090/2440/4251 2084/2434/4231 2079/2235/4230
s off
f 1947/2352/4252 2052/2441/4253 2091/2443/4254 2073/2353/4255
f 2083/2274/4256 2092/2442/4257 2090/2440/4258 2082/2275/4259
s 343
f 2073/2353/4260 2091/2443/4261 2086/2436/4235 2074/2431/4234
s 344
f 2080/2234/4241 2089/2437/4240 2092/2442/4262 2083/2274/4263
s off
f 2094/2444/4264 2035/2445/4265 2038/2446/4266 2093/2447/4267
f 2095/2448/4268 2036/2449/4269 2035/2445/4270 2094/2444/4271
f 2096/2450/4272 2037/2451/4273 2036/2452/4274 2095/2453/4275
f 2093/2447/4276 2038/2446/4277 2037/2451/4278 2096/2450/4279
f 2106/2454/4280 2045/2455/4281 2043/2456/4282 2105/2457/4283
f 2107/2458/4284 2046/2459/4285 2045/2455/4286 2106/2454/4287
f 2108/2460/4288 2044/2461/4289 2046/2459/4290 2107/2458/4291
f 2105/2457/4292 2043/2456/4293 2044/2462/4294 2108/2463/4295
s 345
f 2096/2450/4296 2101/2396/4297 2102/2395/4298 2093/2447/4299
f 2095/2453/4300 2103/2398/4301 2101/2396/4297 2096/2450/4296
f 2094/2444/4302 2104/2402/4303 2103/2401/4301 2095/2448/4300
f 2093/2447/4299 2102/2395/4298 2104/2402/4303 2094/2444/4302
s 346
f 2098/2422/4304 2106/2454/4305 2105/2457/4306 2097/2415/4307
f 2099/2420/4308 2107/2458/4309 2106/2454/4305 2098/2422/4304
f 2100/2419/4310 2108/2460/4311 2107/2458/4309 2099/2420/4308
f 2097/2415/4307 2105/2457/4306 2108/2463/4311 2100/2416/4310
s 296
f 2022/2241/3936 1904/2374/4121 2110/2371/4118 2111/2238/3933
f 1922/2207/3892 2022/2241/3936 2111/2238/3933 2112/2202/3887
f 1909/2208/3893 1922/2207/3892 2112/2202/3887 2113/2205/3890
f 1936/2261/3961 1909/2208/3893 2113/2205/3890 2114/2260/3960
f 1998/2183/3868 1936/2261/3961 2114/2260/3960 2115/2138/3818
f 1905/2184/3869 1998/2183/3868 2115/2138/3818 2116/2141/3821
s 298
f 1905/2187/3872 2116/2178/3863 2117/2181/3866 1906/2188/3873
s 324
f 1987/2192/4312 1906/2191/4313 2117/2286/3993 2118/2289/3996
f 2119/2351/4090 1947/2352/4314 1987/2192/4312 2118/2289/3996
s 339
f 2120/2284/4193 2052/2441/4315 1947/2352/4316 2119/2351/4194
s 323
f 2121/2282/3990 2049/2435/4317 2052/2441/4318 2120/2284/3991
s 322
f 2122/2281/3986 2050/2432/4319 2049/2435/4320 2121/2282/3987
s 338
f 1933/2254/4321 2050/2432/4322 2122/2281/4188 2123/2276/4191
s 321
f 2011/2255/4323 1933/2254/4324 2123/2276/3981 2124/2279/3984
f 2109/2359/4103 1903/2356/4325 2011/2255/4323 2124/2279/3984
s 298
f 2126/2179/3864 1949/2290/3997 1948/2291/4000 2125/2180/3865
s 296
f 2127/2139/3819 1997/2317/4326 1949/2316/4327 2126/2140/3820
f 2128/2259/3959 1950/2320/4328 1997/2317/4326 2127/2139/3819
f 2129/2204/3889 1951/2319/4329 1950/2320/4328 2128/2259/3959
f 2130/2203/3888 1952/2321/4330 1951/2319/4329 2129/2204/3889
f 2131/2239/3934 2021/2322/4331 1952/2321/4330 2130/2203/3888
f 2132/2372/4119 1953/2370/4332 2021/2322/4331 2131/2239/3934
s 321
f 1954/2429/4333 2133/2358/4102 2134/2278/3983 2012/2428/4334
f 2135/2277/3982 1955/2427/4335 2012/2428/4334 2134/2278/3983
s 338
f 2136/2280/4189 2047/2348/4336 1955/2427/4337 2135/2277/4190
s 322
f 2047/2348/4338 2136/2280/3985 2137/2283/3988 2048/2347/4339
s 323
f 2048/2347/4340 2137/2283/3989 2138/2285/3992 2051/2346/4341
s 339
f 1956/2426/4342 2051/2346/4343 2138/2285/4192 2139/2350/4195
s 324
f 1956/2426/4344 2139/2350/4089 2140/2288/3995 1988/2425/4345
f 2125/2287/3994 1948/2424/4346 1988/2425/4345 2140/2288/3995
s 298
f 1884/2147/3827 1881/2430/4209 1902/2148/3828
s 317
f 1879/2464/4134 2141/2157/4347 2142/2160/4348 1884/2465/4349
s 297
f 1887/2466/3825 2143/2467/4350 2144/2468/4351 1886/2469/3822
s 303
f 1884/2465/4352 2142/2160/4353 2145/2167/4354 1881/2470/3854
s 299
f 1890/2471/3832 2146/2472/4355 2143/2473/4356 1887/2474/3829
s 297
f 1886/2469/3822 2144/2468/4351 2147/2475/4357 1893/2476/3849
s 300
f 1893/2476/3836 2147/2475/4358 2148/2168/4359 1892/2477/3833
s 317
f 1892/2477/4137 2148/2168/4360 2141/2157/4347 1879/2464/4134
s 303
f 1881/2470/3854 2145/2167/4354 2149/2173/4361 1896/2478/3851
s 302
f 1896/2478/3844 2149/2173/4362 2150/2479/4363 1898/2480/3841
s 299
f 1898/2480/3856 2150/2479/4364 2146/2472/4355 1890/2471/3832
